pumpkin/seq-01/frame-000000.color.png -0.6042189598083496 -0.45719441771507263 -0.13891927897930145 0.9858779311180115 -0.12074095755815506 0.11543726176023483 -0.01186428964138031
pumpkin/seq-01/frame-000001.color.png -0.5966016054153442 -0.459116131067276 -0.13901649415493011 0.9855895042419434 -0.1226586401462555 0.11606963723897934 -0.009801404550671577
pumpkin/seq-01/frame-000002.color.png -0.6001855731010437 -0.4630873501300812 -0.13782694935798645 0.9860147833824158 -0.1169852763414383 0.11833156645298004 -0.009328089654445648
pumpkin/seq-01/frame-000003.color.png -0.6048973202705383 -0.4635237455368042 -0.1403733193874359 0.9877967834472656 -0.11057673394680023 0.10935939848423004 -0.008425425738096237
pumpkin/seq-01/frame-000004.color.png -0.5878573656082153 -0.45899689197540283 -0.14680293202400208 0.9865484833717346 -0.11787613481283188 0.11293821036815643 -0.008493700996041298
pumpkin/seq-01/frame-000005.color.png -0.6072836518287659 -0.4591285288333893 -0.14042139053344727 0.9861814379692078 -0.11772622913122177 0.1161244735121727 -0.010094736702740192
pumpkin/seq-01/frame-000006.color.png -0.6048651933670044 -0.46164730191230774 -0.13945484161376953 0.9872162938117981 -0.11639296263456345 0.10843344777822495 -0.009954011999070644
pumpkin/seq-01/frame-000007.color.png -0.5773740410804749 -0.45882365107536316 -0.14159607887268066 0.9873124361038208 -0.11774426698684692 0.10588949173688889 -0.011754030361771584
pumpkin/seq-01/frame-000008.color.png -0.5916820168495178 -0.4631344974040985 -0.12407789379358292 0.9866538643836975 -0.11904510855674744 0.11068807542324066 -0.009516126476228237
pumpkin/seq-01/frame-000009.color.png -0.5817015171051025 -0.46552860736846924 -0.13902726769447327 0.9871495962142944 -0.11810138076543808 0.10708335787057877 -0.011004260741174221
pumpkin/seq-01/frame-000010.color.png -0.5654217600822449 -0.4613577425479889 -0.14402997493743896 0.9855952262878418 -0.12141843140125275 0.11709027737379074 -0.012231579050421715
pumpkin/seq-01/frame-000011.color.png -0.5567737817764282 -0.4630366265773773 -0.14762118458747864 0.9851204752922058 -0.12576958537101746 0.11645128577947617 -0.012607784010469913
pumpkin/seq-01/frame-000012.color.png -0.581264317035675 -0.4529867470264435 -0.14418068528175354 0.9846325516700745 -0.12684330344200134 0.11970818787813187 -0.008920656517148018
pumpkin/seq-01/frame-000013.color.png -0.5591453909873962 -0.4634285569190979 -0.16178292036056519 0.9844414591789246 -0.12682966887950897 0.12109176069498062 -0.01122900377959013
pumpkin/seq-01/frame-000014.color.png -0.5712092518806458 -0.4662792384624481 -0.15338775515556335 0.9856550693511963 -0.12619060277938843 0.11187338829040527 -0.0066726128570735455
pumpkin/seq-01/frame-000015.color.png -0.5825483202934265 -0.4634198844432831 -0.162428617477417 0.9858080148696899 -0.1237533688545227 0.11331489682197571 -0.00523070665076375
pumpkin/seq-01/frame-000016.color.png -0.5480571985244751 -0.45753416419029236 -0.17390885949134827 0.9855989217758179 -0.12091397494077682 0.11819839477539062 -0.0019828088115900755
pumpkin/seq-01/frame-000017.color.png -0.5633053183555603 -0.47231248021125793 -0.17636922001838684 0.9849179983139038 -0.11825023591518402 0.12626232206821442 -0.0033397995866835117
pumpkin/seq-01/frame-000018.color.png -0.552216112613678 -0.48130375146865845 -0.17755010724067688 0.9875717163085938 -0.11028869450092316 0.11192937195301056 -0.0031999037601053715
pumpkin/seq-01/frame-000019.color.png -0.5904037356376648 -0.48592567443847656 -0.16955319046974182 0.9861004948616028 -0.11187637597322464 0.12276745587587357 -0.004205239471048117
pumpkin/seq-01/frame-000020.color.png -0.5819600820541382 -0.4812169373035431 -0.1831897795200348 0.9882022738456726 -0.1029951348900795 0.11328817903995514 -0.0037531957495957613
pumpkin/seq-01/frame-000021.color.png -0.5602641701698303 -0.4848419427871704 -0.19292080402374268 0.9881483912467957 -0.09750191122293472 0.11847108602523804 0.0045666079968214035
pumpkin/seq-01/frame-000022.color.png -0.5828497409820557 -0.4911482334136963 -0.19743311405181885 0.9882832765579224 -0.09521584957838058 0.1192888543009758 0.0005890541360713542
pumpkin/seq-01/frame-000023.color.png -0.5680471062660217 -0.49908876419067383 -0.22178301215171814 0.9885499477386475 -0.09346093237400055 0.11845642328262329 0.0014353814767673612
pumpkin/seq-01/frame-000024.color.png -0.5641107559204102 -0.4978167414665222 -0.22367089986801147 0.9880315065383911 -0.09566349536180496 0.12090545147657394 0.004916983190923929
pumpkin/seq-01/frame-000025.color.png -0.5571839809417725 -0.4867359399795532 -0.240535169839859 0.9880257844924927 -0.09167378395795822 0.12384436279535294 0.007983761839568615
pumpkin/seq-01/frame-000026.color.png -0.5425752401351929 -0.4699839949607849 -0.23697760701179504 0.9887903928756714 -0.08388113230466843 0.12312176078557968 0.009930669330060482
pumpkin/seq-01/frame-000027.color.png -0.5777085423469543 -0.47070151567459106 -0.2515747547149658 0.9901403784751892 -0.07046347856521606 0.12067900598049164 0.009681597352027893
pumpkin/seq-01/frame-000028.color.png -0.5943781137466431 -0.46057748794555664 -0.23625069856643677 0.9906337261199951 -0.0637991651892662 0.11997004598379135 0.013482830487191677
pumpkin/seq-01/frame-000029.color.png -0.6153597831726074 -0.4563862383365631 -0.22866618633270264 0.9908260107040405 -0.05725444108247757 0.12172482907772064 0.01299411803483963
pumpkin/seq-01/frame-000030.color.png -0.6223833560943604 -0.4674440622329712 -0.2188151776790619 0.992258608341217 -0.047220855951309204 0.114266037940979 0.011676915921270847
pumpkin/seq-01/frame-000031.color.png -0.6240828037261963 -0.46365684270858765 -0.22471153736114502 0.9930057525634766 -0.04924972355365753 0.10702139139175415 0.0077638463117182255
pumpkin/seq-01/frame-000032.color.png -0.5824741721153259 -0.46982812881469727 -0.22215691208839417 0.9934762120246887 -0.050657112151384354 0.10187656432390213 0.007741348352283239
pumpkin/seq-01/frame-000033.color.png -0.564251720905304 -0.47951120138168335 -0.22160840034484863 0.9924066662788391 -0.05429957062005997 0.10977641493082047 0.011386889033019543
pumpkin/seq-01/frame-000034.color.png -0.5990604162216187 -0.47002100944519043 -0.22703638672828674 0.9929307699203491 -0.046840135008096695 0.10848093032836914 0.011242836713790894
pumpkin/seq-01/frame-000035.color.png -0.6283151507377625 -0.4427693784236908 -0.21450963616371155 0.9935252070426941 -0.03908923640847206 0.10609292984008789 0.011136289685964584
pumpkin/seq-01/frame-000036.color.png -0.6195957064628601 -0.46640390157699585 -0.22371238470077515 0.9938449859619141 -0.035667337477207184 0.10441337525844574 0.009894447401165962
pumpkin/seq-01/frame-000037.color.png -0.6331365704536438 -0.4638255834579468 -0.220091313123703 0.9933000206947327 -0.029281988739967346 0.11141928285360336 0.00913291610777378
pumpkin/seq-01/frame-000038.color.png -0.6011648178100586 -0.47284480929374695 -0.2155766487121582 0.9942357540130615 -0.028957663103938103 0.1024727001786232 0.012492301873862743
pumpkin/seq-01/frame-000039.color.png -0.5906583666801453 -0.48334431648254395 -0.19603872299194336 0.9943390488624573 -0.025426557287573814 0.1025904044508934 0.01089140959084034
pumpkin/seq-01/frame-000040.color.png -0.6046044230461121 -0.4845527112483978 -0.17627623677253723 0.9936884045600891 -0.028319241479039192 0.10803066939115524 0.0105191795155406
pumpkin/seq-01/frame-000041.color.png -0.5958384275436401 -0.46247249841690063 -0.18499857187271118 0.993651270866394 -0.017244286835193634 0.11096072942018509 0.0068966601975262165
pumpkin/seq-01/frame-000042.color.png -0.6206244826316833 -0.44463545083999634 -0.18906715512275696 0.9942166209220886 -0.010304342955350876 0.10642681270837784 0.010023201815783978
pumpkin/seq-01/frame-000043.color.png -0.6449078321456909 -0.4564782977104187 -0.17996537685394287 0.9936803579330444 -0.003920010291039944 0.11173414438962936 0.009972072206437588
pumpkin/seq-01/frame-000044.color.png -0.6560454368591309 -0.4410768449306488 -0.18165525794029236 0.9929290413856506 -0.0009645226527936757 0.118444062769413 0.00786383543163538
pumpkin/seq-01/frame-000045.color.png -0.6605597734451294 -0.4423030912876129 -0.18304595351219177 0.9925737977027893 0.004208057187497616 0.12133802473545074 0.007526780012995005
pumpkin/seq-01/frame-000046.color.png -0.6803759336471558 -0.446816623210907 -0.1476750671863556 0.9919795393943787 0.0016351744998246431 0.12611553072929382 0.008294250816106796
pumpkin/seq-01/frame-000047.color.png -0.6866920590400696 -0.4559212625026703 -0.149186909198761 0.9915000796318054 0.00434552226215601 0.1298082321882248 0.007654188666492701
pumpkin/seq-01/frame-000048.color.png -0.6819621324539185 -0.47308605909347534 -0.15503114461898804 0.991798996925354 0.008927296847105026 0.12731343507766724 0.00681024044752121
pumpkin/seq-01/frame-000049.color.png -0.6732560396194458 -0.4716283082962036 -0.1279916763305664 0.9919067025184631 0.007885238155722618 0.12640902400016785 0.008928070776164532
pumpkin/seq-01/frame-000050.color.png -0.6587831377983093 -0.5098872780799866 -0.1386009156703949 0.9913170337677002 0.013940093107521534 0.13030868768692017 0.010771425440907478
pumpkin/seq-01/frame-000051.color.png -0.6825793385505676 -0.5038415789604187 -0.1283111274242401 0.9909905791282654 0.01879861019551754 0.13254375755786896 0.004049249924719334
pumpkin/seq-01/frame-000052.color.png -0.6780181527137756 -0.5045739412307739 -0.11701375246047974 0.9906596541404724 0.012588822282850742 0.13575342297554016 0.0024391382467001677
pumpkin/seq-01/frame-000053.color.png -0.6255024075508118 -0.5098947286605835 -0.10816442221403122 0.9910075068473816 0.010715111158788204 0.13337543606758118 -0.0005243098130449653
pumpkin/seq-01/frame-000054.color.png -0.6575501561164856 -0.5181827545166016 -0.09344275295734406 0.9906095266342163 0.018304092809557915 0.13549073040485382 7.326321338041453e-06
pumpkin/seq-01/frame-000055.color.png -0.6582669615745544 -0.5303457379341125 -0.08256208151578903 0.9891219735145569 0.024396928027272224 0.14505240321159363 -0.0015439175767824054
pumpkin/seq-01/frame-000056.color.png -0.6434870362281799 -0.5650137662887573 -0.091293565928936 0.9892445206642151 0.029633792117238045 0.1431334912776947 -0.005478328093886375
pumpkin/seq-01/frame-000057.color.png -0.6243798732757568 -0.5463339686393738 -0.06732393801212311 0.9896921515464783 0.04099774360656738 0.13691598176956177 -0.009090756066143513
pumpkin/seq-01/frame-000058.color.png -0.6258090138435364 -0.5516090393066406 -0.06476430594921112 0.9883477687835693 0.04565276950597763 0.1447487622499466 -0.01150909811258316
pumpkin/seq-01/frame-000059.color.png -0.6351448893547058 -0.5492273569107056 -0.0767107903957367 0.9872933626174927 0.0465780645608902 0.1513296514749527 -0.013483364135026932
pumpkin/seq-01/frame-000060.color.png -0.6170384883880615 -0.5661991834640503 -0.07263895869255066 0.9887663125991821 0.045333586633205414 0.1414695829153061 -0.016505831852555275
pumpkin/seq-01/frame-000061.color.png -0.6213550567626953 -0.5867477655410767 -0.03432853892445564 0.9875299334526062 0.04459768533706665 0.1503058522939682 -0.014280291274189949
pumpkin/seq-01/frame-000062.color.png -0.6471278071403503 -0.6073448657989502 -0.057834967970848083 0.9880277514457703 0.05073903128504753 0.1445256620645523 -0.01841428317129612
pumpkin/seq-01/frame-000063.color.png -0.6217309832572937 -0.6095094680786133 -0.04134880006313324 0.9874110817909241 0.05358108878135681 0.14729855954647064 -0.021247856318950653
pumpkin/seq-01/frame-000064.color.png -0.6130985021591187 -0.6057032942771912 -0.05848300829529762 0.9854158759117126 0.05771311745047569 0.1575695276260376 -0.028224904090166092
pumpkin/seq-01/frame-000065.color.png -0.5995219349861145 -0.6176334023475647 -0.03952504321932793 0.986258864402771 0.05216531828045845 0.15430419147014618 -0.027611395344138145
pumpkin/seq-01/frame-000066.color.png -0.5939112305641174 -0.6012317538261414 -0.04956217482686043 0.9830960035324097 0.05817853659391403 0.17066343128681183 -0.03180695325136185
pumpkin/seq-01/frame-000067.color.png -0.5908717513084412 -0.6054878830909729 -0.03753535449504852 0.9795372486114502 0.06364376097917557 0.18842922151088715 -0.03083335980772972
pumpkin/seq-01/frame-000068.color.png -0.5908687710762024 -0.6168423295021057 -0.026068605482578278 0.9821882247924805 0.06145132705569267 0.17448918521404266 -0.03291917219758034
pumpkin/seq-01/frame-000069.color.png -0.5614588856697083 -0.622036874294281 -0.0062589384615421295 0.9829233884811401 0.06604024767875671 0.16777920722961426 -0.036748263984918594
pumpkin/seq-01/frame-000070.color.png -0.5684653520584106 -0.6269994974136353 -0.02421296015381813 0.9832671880722046 0.0659322738647461 0.16587528586387634 -0.03638576343655586
pumpkin/seq-01/frame-000071.color.png -0.5453096032142639 -0.6458326578140259 -0.031051751226186752 0.9788227081298828 0.07018634676933289 0.18856315314769745 -0.03773270919919014
pumpkin/seq-01/frame-000072.color.png -0.5509306788444519 -0.6361332535743713 -0.01470436155796051 0.9783514738082886 0.07522672414779663 0.1895475834608078 -0.03522884100675583
pumpkin/seq-01/frame-000073.color.png -0.5544818043708801 -0.6496541500091553 0.009234674274921417 0.9792113900184631 0.0722758024930954 0.18461471796035767 -0.04287806153297424
pumpkin/seq-01/frame-000074.color.png -0.5637556910514832 -0.6414680480957031 -0.0152662955224514 0.9796362519264221 0.07355054467916489 0.1812683343887329 -0.04522345960140228
pumpkin/seq-01/frame-000075.color.png -0.554928719997406 -0.649471640586853 -0.013150336220860481 0.9762892723083496 0.07675233483314514 0.19765953719615936 -0.04357921704649925
pumpkin/seq-01/frame-000076.color.png -0.5609177947044373 -0.6613247990608215 -0.008016703650355339 0.973850429058075 0.07958290725946426 0.2079717516899109 -0.04505183547735214
pumpkin/seq-01/frame-000077.color.png -0.5540440678596497 -0.6477326154708862 -0.002970438450574875 0.974009096622467 0.0822867602109909 0.20643803477287292 -0.04380190744996071
pumpkin/seq-01/frame-000078.color.png -0.5465376377105713 -0.6726619005203247 -0.0010888352990150452 0.9686101675033569 0.08907133340835571 0.227421373128891 -0.046261437237262726
pumpkin/seq-01/frame-000079.color.png -0.5354111194610596 -0.667876660823822 -0.009100552648305893 0.9704299569129944 0.08988334238529205 0.21910282969474792 -0.046695150434970856
pumpkin/seq-01/frame-000080.color.png -0.5364270806312561 -0.6732143759727478 0.029792778193950653 0.9710817933082581 0.09145180881023407 0.21445414423942566 -0.05144011974334717
pumpkin/seq-01/frame-000081.color.png -0.5504990220069885 -0.656126856803894 0.03989148139953613 0.9714087843894958 0.0897645354270935 0.21507827937602997 -0.04526042193174362
pumpkin/seq-01/frame-000082.color.png -0.5536542534828186 -0.6656261086463928 0.048035044223070145 0.9720478653907776 0.09438593685626984 0.20958726108074188 -0.04782755300402641
pumpkin/seq-01/frame-000083.color.png -0.5506356358528137 -0.667178750038147 0.06586664170026779 0.9703181982040405 0.09482249617576599 0.21897515654563904 -0.03925814852118492
pumpkin/seq-01/frame-000084.color.png -0.5737425684928894 -0.6816002130508423 0.06011565774679184 0.9696840047836304 0.09618533402681351 0.22100825607776642 -0.04020394757390022
pumpkin/seq-01/frame-000085.color.png -0.5726165771484375 -0.6630784273147583 0.07910237461328506 0.9670397639274597 0.10664748400449753 0.22592423856258392 -0.04917757958173752
pumpkin/seq-01/frame-000086.color.png -0.5744279026985168 -0.6802681684494019 0.0719790905714035 0.9626457691192627 0.10617266595363617 0.24463078379631042 -0.04686512425541878
pumpkin/seq-01/frame-000087.color.png -0.6029025912284851 -0.6929526925086975 0.05300749093294144 0.963007390499115 0.10934970527887344 0.2419148087501526 -0.04622682183980942
pumpkin/seq-01/frame-000088.color.png -0.5991814136505127 -0.7011770009994507 0.05269265174865723 0.9633596539497375 0.1038728803396225 0.24261851608753204 -0.04780031740665436
pumpkin/seq-01/frame-000089.color.png -0.6435875296592712 -0.6949736475944519 0.06929238885641098 0.9689481854438782 0.10872601717710495 0.21812838315963745 -0.04169083759188652
pumpkin/seq-01/frame-000090.color.png -0.6415930390357971 -0.6944495439529419 0.06415300816297531 0.9694857001304626 0.10419560968875885 0.21808704733848572 -0.04097004234790802
pumpkin/seq-01/frame-000091.color.png -0.6248360872268677 -0.7091448307037354 0.0862371101975441 0.9702666997909546 0.10569795966148376 0.21329954266548157 -0.043748997151851654
pumpkin/seq-01/frame-000092.color.png -0.6429595947265625 -0.707361102104187 0.0737767443060875 0.9668852090835571 0.10548616200685501 0.22879154980182648 -0.04074500501155853
pumpkin/seq-01/frame-000093.color.png -0.6285576224327087 -0.7094752192497253 0.09052633494138718 0.9660691022872925 0.10410657525062561 0.2317722737789154 -0.046412866562604904
pumpkin/seq-01/frame-000094.color.png -0.6299762725830078 -0.7301967144012451 0.11661747843027115 0.9685346484184265 0.09777750074863434 0.2240343987941742 -0.046786025166511536
pumpkin/seq-01/frame-000095.color.png -0.5992187857627869 -0.7230790853500366 0.11570655554533005 0.9688953757286072 0.09865189343690872 0.2221585214138031 -0.04642198234796524
pumpkin/seq-01/frame-000096.color.png -0.6329725384712219 -0.708828330039978 0.15874981880187988 0.9663378596305847 0.10103736072778702 0.23229920864105225 -0.044939883053302765
pumpkin/seq-01/frame-000097.color.png -0.6156389117240906 -0.7194363474845886 0.18955552577972412 0.9689931273460388 0.10353070497512817 0.22021810710430145 -0.04287196323275566
pumpkin/seq-01/frame-000098.color.png -0.6197304725646973 -0.7241014242172241 0.19333693385124207 0.9682648777961731 0.10340384393930435 0.2232147753238678 -0.044113874435424805
pumpkin/seq-01/frame-000099.color.png -0.6292315721511841 -0.7110278010368347 0.17520105838775635 0.9677935242652893 0.10234499722719193 0.22621317207813263 -0.041577503085136414
pumpkin/seq-01/frame-000100.color.png -0.6036842465400696 -0.7288150787353516 0.19404271245002747 0.9658446907997131 0.1028725728392601 0.2345535308122635 -0.039317019283771515
pumpkin/seq-01/frame-000101.color.png -0.6010921597480774 -0.727867603302002 0.21792179346084595 0.96638023853302 0.09814241528511047 0.23462393879890442 -0.03779973089694977
pumpkin/seq-01/frame-000102.color.png -0.6176984906196594 -0.7313030362129211 0.22450488805770874 0.9649792313575745 0.09836636483669281 0.24073238670825958 -0.034451957792043686
pumpkin/seq-01/frame-000103.color.png -0.599059522151947 -0.7240148186683655 0.24275434017181396 0.9647471308708191 0.09999797493219376 0.24126079678535461 -0.032504625618457794
pumpkin/seq-01/frame-000104.color.png -0.6216086745262146 -0.7265849113464355 0.27667224407196045 0.9655221104621887 0.10016851127147675 0.23826734721660614 -0.031016793102025986
pumpkin/seq-01/frame-000105.color.png -0.5911024212837219 -0.733230710029602 0.2583197355270386 0.9628413915634155 0.09557752311229706 0.2490685135126114 -0.04202759265899658
pumpkin/seq-01/frame-000106.color.png -0.5393412113189697 -0.7376989722251892 0.27185800671577454 0.963691771030426 0.10064913332462311 0.24353578686714172 -0.04310930147767067
pumpkin/seq-01/frame-000107.color.png -0.5304887294769287 -0.7513585686683655 0.3091880679130554 0.9697709083557129 0.10861559957265854 0.2145143747329712 -0.04159940779209137
pumpkin/seq-01/frame-000108.color.png -0.5378482937812805 -0.7484275698661804 0.28419336676597595 0.9683988690376282 0.10748019069433212 0.22081926465034485 -0.043479081243276596
pumpkin/seq-01/frame-000109.color.png -0.5285078287124634 -0.7343281507492065 0.3060367703437805 0.9641197919845581 0.09748432040214539 0.24333696067333221 -0.04191437363624573
pumpkin/seq-01/frame-000110.color.png -0.48759564757347107 -0.7432628273963928 0.32962560653686523 0.9660465121269226 0.10043734312057495 0.23380498588085175 -0.04473872482776642
pumpkin/seq-01/frame-000111.color.png -0.4889393150806427 -0.7540615200996399 0.36742717027664185 0.9658979773521423 0.10136040300130844 0.23340557515621185 -0.04784411936998367
pumpkin/seq-01/frame-000112.color.png -0.4989972412586212 -0.7491941452026367 0.357939749956131 0.9643223285675049 0.11250690370798111 0.23495140671730042 -0.04714149981737137
pumpkin/seq-01/frame-000113.color.png -0.47092410922050476 -0.7545398473739624 0.3799574077129364 0.9649266004562378 0.11424782872200012 0.23210535943508148 -0.0446220263838768
pumpkin/seq-01/frame-000114.color.png -0.5144743323326111 -0.7591632604598999 0.37186145782470703 0.9606174230575562 0.12363684922456741 0.24459774792194366 -0.04582608491182327
pumpkin/seq-01/frame-000115.color.png -0.4501256048679352 -0.7717179656028748 0.41003090143203735 0.9632459282875061 0.125534325838089 0.23241528868675232 -0.04880262911319733
pumpkin/seq-01/frame-000116.color.png -0.4200931191444397 -0.7832589745521545 0.42057064175605774 0.9608075022697449 0.13616374135017395 0.23707102239131927 -0.04588751494884491
pumpkin/seq-01/frame-000117.color.png -0.43787261843681335 -0.7845785617828369 0.39376604557037354 0.9598039984703064 0.14541743695735931 0.2361760437488556 -0.04302076995372772
pumpkin/seq-01/frame-000118.color.png -0.4173107445240021 -0.7785694003105164 0.4092661440372467 0.9652668237686157 0.13762061297893524 0.21615032851696014 -0.05098574981093407
pumpkin/seq-01/frame-000119.color.png -0.39036527276039124 -0.7966381907463074 0.4086136221885681 0.9659305810928345 0.1396287977695465 0.2112986147403717 -0.05324256420135498
pumpkin/seq-01/frame-000120.color.png -0.3956964612007141 -0.7927488684654236 0.4192410409450531 0.9691411852836609 0.13630804419517517 0.19800233840942383 -0.05459315702319145
pumpkin/seq-01/frame-000121.color.png -0.34912797808647156 -0.7991153597831726 0.41124385595321655 0.9686993360519409 0.13394039869308472 0.20268061757087708 -0.05101202428340912
pumpkin/seq-01/frame-000122.color.png -0.3379465639591217 -0.794188380241394 0.4064503610134125 0.9699841141700745 0.1317315399646759 0.19738908112049103 -0.05305781960487366
pumpkin/seq-01/frame-000123.color.png -0.3105318546295166 -0.7844548225402832 0.4155123829841614 0.9677037596702576 0.13573414087295532 0.20601874589920044 -0.05178552493453026
pumpkin/seq-01/frame-000124.color.png -0.2553255259990692 -0.8055790662765503 0.4291882812976837 0.9700196385383606 0.1302197426557541 0.19813403487205505 -0.05336063355207443
pumpkin/seq-01/frame-000125.color.png -0.21369034051895142 -0.8056272268295288 0.43672409653663635 0.9674946665763855 0.13819770514965057 0.20559757947921753 -0.05084516108036041
pumpkin/seq-01/frame-000126.color.png -0.2061677724123001 -0.8117868900299072 0.44523757696151733 0.9701682329177856 0.13387443125247955 0.19424612820148468 -0.05585472285747528
pumpkin/seq-01/frame-000127.color.png -0.21826030313968658 -0.7815207242965698 0.45540645718574524 0.9695258140563965 0.13941925764083862 0.1938028335571289 -0.05497483164072037
pumpkin/seq-01/frame-000128.color.png -0.2149791419506073 -0.7855303883552551 0.46359357237815857 0.9689106941223145 0.13787508010864258 0.19772444665431976 -0.05574552342295647
pumpkin/seq-01/frame-000129.color.png -0.2261163890361786 -0.7973464131355286 0.4943388104438782 0.966463565826416 0.13727140426635742 0.21006590127944946 -0.054562412202358246
pumpkin/seq-01/frame-000130.color.png -0.2095586359500885 -0.7954049706459045 0.4981766939163208 0.9663625359535217 0.13462169468402863 0.21209196746349335 -0.05511176213622093
pumpkin/seq-01/frame-000131.color.png -0.18644487857818604 -0.8014285564422607 0.5020859241485596 0.966710090637207 0.1341455727815628 0.21066942811012268 -0.05563425272703171
pumpkin/seq-01/frame-000132.color.png -0.1896873116493225 -0.7893403172492981 0.5045152306556702 0.9659037590026855 0.13652853667736053 0.21211908757686615 -0.058269333094358444
pumpkin/seq-01/frame-000133.color.png -0.17752325534820557 -0.7956905364990234 0.5012117028236389 0.9677329063415527 0.13484930992126465 0.2032211571931839 -0.06332392990589142
pumpkin/seq-01/frame-000134.color.png -0.17662528157234192 -0.7894467115402222 0.5232442617416382 0.9673961997032166 0.13968273997306824 0.20197793841362 -0.06195428967475891
pumpkin/seq-01/frame-000135.color.png -0.152604877948761 -0.7992085218429565 0.5232999920845032 0.965971827507019 0.13890552520751953 0.20975276827812195 -0.0600627101957798
pumpkin/seq-01/frame-000136.color.png -0.15939652919769287 -0.7988720536231995 0.506421685218811 0.9679904580116272 0.13724097609519958 0.20047660171985626 -0.06299608945846558
pumpkin/seq-01/frame-000137.color.png -0.14757424592971802 -0.7957655787467957 0.5008882284164429 0.9663031101226807 0.1346704512834549 0.20947302877902985 -0.06513915210962296
pumpkin/seq-01/frame-000138.color.png -0.11229729652404785 -0.7963501214981079 0.511827290058136 0.9689368009567261 0.13159579038619995 0.19975629448890686 -0.0627807006239891
pumpkin/seq-01/frame-000139.color.png -0.10782234370708466 -0.802901029586792 0.5072271823883057 0.968351423740387 0.12010707706212997 0.2097765952348709 -0.062157969921827316
pumpkin/seq-01/frame-000140.color.png -0.10176461935043335 -0.8048442602157593 0.5186602473258972 0.9702392816543579 0.11936608701944351 0.2012626826763153 -0.062295038253068924
pumpkin/seq-01/frame-000141.color.png -0.07018551230430603 -0.7975544929504395 0.5193248391151428 0.9698055982589722 0.11876097321510315 0.20273898541927338 -0.06534449011087418
pumpkin/seq-01/frame-000142.color.png -0.0553433783352375 -0.8020302057266235 0.5303732752799988 0.9683030843734741 0.12388448417186737 0.20675335824489594 -0.06553645431995392
pumpkin/seq-01/frame-000143.color.png -0.06692197918891907 -0.7888935804367065 0.5401023626327515 0.9685491919517517 0.1206732913851738 0.20830729603767395 -0.06291830539703369
pumpkin/seq-01/frame-000144.color.png -0.06337590515613556 -0.8002519607543945 0.5619490146636963 0.9679082036018372 0.11716856807470322 0.21387352049350739 -0.060691289603710175
pumpkin/seq-01/frame-000145.color.png -0.05838167294859886 -0.7971006035804749 0.5699915289878845 0.9678660035133362 0.11811262369155884 0.21427518129348755 -0.05806140974164009
pumpkin/seq-01/frame-000146.color.png -0.03372159227728844 -0.8088112473487854 0.5888687372207642 0.9693959355354309 0.11881119012832642 0.20864541828632355 -0.05120950564742088
pumpkin/seq-01/frame-000147.color.png -0.01679934933781624 -0.8202396035194397 0.573466420173645 0.9667792916297913 0.11853913962841034 0.2191929817199707 -0.056927524507045746
pumpkin/seq-01/frame-000148.color.png -0.012927424162626266 -0.8230927586555481 0.5816661715507507 0.9641880989074707 0.12084630131721497 0.2288299947977066 -0.058088503777980804
pumpkin/seq-01/frame-000149.color.png -0.008209740743041039 -0.8172976970672607 0.5744945406913757 0.9654319286346436 0.11987906694412231 0.22399067878723145 -0.05829603597521782
pumpkin/seq-01/frame-000150.color.png 0.013638719916343689 -0.8388909697532654 0.6090350151062012 0.965923547744751 0.11941671371459961 0.22203633189201355 -0.058575697243213654
pumpkin/seq-01/frame-000151.color.png 0.013178769499063492 -0.8484735488891602 0.6087216138839722 0.9653028845787048 0.12150023132562637 0.22296945750713348 -0.06093153357505798
pumpkin/seq-01/frame-000152.color.png 0.011981826275587082 -0.8449011445045471 0.6079011559486389 0.964793860912323 0.11996173858642578 0.22618991136550903 -0.06016694754362106
pumpkin/seq-01/frame-000153.color.png 0.03791789337992668 -0.8525366187095642 0.6265556216239929 0.9646322727203369 0.11802808195352554 0.22799067199230194 -0.059786103665828705
pumpkin/seq-01/frame-000154.color.png 0.03591009974479675 -0.8709193468093872 0.6468077898025513 0.9655420184135437 0.11930960416793823 0.22379249334335327 -0.05840202420949936
pumpkin/seq-01/frame-000155.color.png 0.049180131405591965 -0.868506133556366 0.6557111144065857 0.9660956263542175 0.11592169851064682 0.2234070599079132 -0.05753738433122635
pumpkin/seq-01/frame-000156.color.png 0.0582670159637928 -0.8670575618743896 0.6656298041343689 0.9669556617736816 0.11732173711061478 0.2189730405807495 -0.05730026587843895
pumpkin/seq-01/frame-000157.color.png 0.04681256040930748 -0.8676548004150391 0.6741448640823364 0.967146635055542 0.12053846567869186 0.21593590080738068 -0.05890229344367981
pumpkin/seq-01/frame-000158.color.png 0.03325929120182991 -0.8716567158699036 0.7202839851379395 0.964667797088623 0.12434732913970947 0.22510458528995514 -0.057287007570266724
pumpkin/seq-01/frame-000159.color.png 0.040561575442552567 -0.876572847366333 0.7141483426094055 0.9645956158638 0.12549662590026855 0.22438450157642365 -0.05880067124962807
pumpkin/seq-01/frame-000160.color.png 0.031927186995744705 -0.8829957246780396 0.7119488716125488 0.9675682187080383 0.1188344955444336 0.21573646366596222 -0.0561051219701767
pumpkin/seq-01/frame-000161.color.png 0.04557732120156288 -0.8686218857765198 0.7234970331192017 0.9661375880241394 0.11439578980207443 0.2250378280878067 -0.05338433384895325
pumpkin/seq-01/frame-000162.color.png 0.04709501564502716 -0.8900272846221924 0.7343208193778992 0.9688018560409546 0.11944426596164703 0.21087253093719482 -0.051854804158210754
pumpkin/seq-01/frame-000163.color.png 0.053715284913778305 -0.8941543698310852 0.741123378276825 0.9690035581588745 0.11995209753513336 0.2101740837097168 -0.049700863659381866
pumpkin/seq-01/frame-000164.color.png 0.06842376291751862 -0.8885403275489807 0.7339637875556946 0.9683265686035156 0.1194811686873436 0.2125708907842636 -0.053679823875427246
pumpkin/seq-01/frame-000165.color.png 0.04476195573806763 -0.9019806981086731 0.7538142800331116 0.9648786187171936 0.11238216608762741 0.23222586512565613 -0.04950413480401039
pumpkin/seq-01/frame-000166.color.png 0.06153322756290436 -0.8923416137695312 0.7532492876052856 0.9641482830047607 0.1221364364027977 0.22878895699977875 -0.056181736290454865
pumpkin/seq-01/frame-000167.color.png 0.0728909820318222 -0.8771809935569763 0.7402231693267822 0.9660567045211792 0.12249742448329926 0.22072941064834595 -0.054841548204422
pumpkin/seq-01/frame-000168.color.png 0.08016268908977509 -0.9041083455085754 0.7364498376846313 0.9657638072967529 0.124578557908535 0.22154729068279266 -0.05193634331226349
pumpkin/seq-01/frame-000169.color.png 0.06462758779525757 -0.8946298360824585 0.7549533247947693 0.9641865491867065 0.11763102561235428 0.23127159476280212 -0.05496140569448471
pumpkin/seq-01/frame-000170.color.png 0.07844915241003036 -0.9168116450309753 0.7496128678321838 0.9645887017250061 0.11614343523979187 0.23008249700069427 -0.05604727938771248
pumpkin/seq-01/frame-000171.color.png 0.10045678913593292 -0.9463027119636536 0.7498448491096497 0.9672927856445312 0.12138034403324127 0.21548888087272644 -0.056356269866228104
pumpkin/seq-01/frame-000172.color.png 0.11424686014652252 -0.9567583203315735 0.7344915270805359 0.9668946862220764 0.113166943192482 0.22230713069438934 -0.05373328551650047
pumpkin/seq-01/frame-000173.color.png 0.1259394884109497 -0.9477128386497498 0.7243073582649231 0.9675949811935425 0.11834581941366196 0.21721547842025757 -0.05071267858147621
pumpkin/seq-01/frame-000174.color.png 0.13407661020755768 -0.9502421617507935 0.7268487215042114 0.9646453857421875 0.12395555526018143 0.22738632559776306 -0.048885174095630646
pumpkin/seq-01/frame-000175.color.png 0.146961510181427 -0.9394071698188782 0.7189894318580627 0.963787853717804 0.12907284498214722 0.227366641163826 -0.05251271650195122
pumpkin/seq-01/frame-000176.color.png 0.15787485241889954 -0.9382421970367432 0.7268902063369751 0.9688655138015747 0.12379340082406998 0.2069648951292038 -0.056037537753582
pumpkin/seq-01/frame-000177.color.png 0.165908545255661 -0.9639838933944702 0.715065062046051 0.9679919481277466 0.12195023149251938 0.21180765330791473 -0.05707068368792534
pumpkin/seq-01/frame-000178.color.png 0.17831853032112122 -0.9810617566108704 0.7232109308242798 0.9673939943313599 0.13078363239765167 0.20741893351078033 -0.06341837346553802
pumpkin/seq-01/frame-000179.color.png 0.19348633289337158 -0.9483861923217773 0.7141391038894653 0.9673495888710022 0.13192637264728546 0.20740677416324615 -0.06174551323056221
pumpkin/seq-01/frame-000180.color.png 0.17580442130565643 -0.9361780881881714 0.7219753265380859 0.9687575101852417 0.12822683155536652 0.19955527782440186 -0.07241778820753098
pumpkin/seq-01/frame-000181.color.png 0.17836366593837738 -0.9262675046920776 0.7313988208770752 0.9671618342399597 0.1321515291929245 0.20345760881900787 -0.07575545459985733
pumpkin/seq-01/frame-000182.color.png 0.19586598873138428 -0.9213389158248901 0.7219749093055725 0.9670880436897278 0.1371854990720749 0.19948528707027435 -0.0782710462808609
pumpkin/seq-01/frame-000183.color.png 0.1845833957195282 -0.9157490730285645 0.7304894924163818 0.9679393172264099 0.13608765602111816 0.1956348568201065 -0.07937589287757874
pumpkin/seq-01/frame-000184.color.png 0.20275276899337769 -0.9185622334480286 0.7196194529533386 0.9692569971084595 0.13188444077968597 0.19308246672153473 -0.07659222930669785
pumpkin/seq-01/frame-000185.color.png 0.1965484619140625 -0.9263264536857605 0.7151257395744324 0.9701593518257141 0.13031581044197083 0.18907487392425537 -0.07784214615821838
pumpkin/seq-01/frame-000186.color.png 0.20478154718875885 -0.9210395216941833 0.7164352536201477 0.9667536020278931 0.1338188499212265 0.20314307510852814 -0.07882174104452133
pumpkin/seq-01/frame-000187.color.png 0.22337797284126282 -0.9246740937232971 0.7011891007423401 0.9680191874504089 0.12698107957839966 0.20114172995090485 -0.07972962409257889
pumpkin/seq-01/frame-000188.color.png 0.2320106029510498 -0.934703528881073 0.7088443040847778 0.9698421359062195 0.12991955876350403 0.19066131114959717 -0.07858193665742874
pumpkin/seq-01/frame-000189.color.png 0.24545978009700775 -0.9603548049926758 0.7018696069717407 0.9693922996520996 0.12938015162944794 0.19319088757038116 -0.07884590327739716
pumpkin/seq-01/frame-000190.color.png 0.24901393055915833 -0.9799659848213196 0.6979121565818787 0.9705694317817688 0.12747132778167725 0.18912461400032043 -0.07731799781322479
pumpkin/seq-01/frame-000191.color.png 0.27075642347335815 -0.9843801856040955 0.6924963593482971 0.9727869033813477 0.12887828052043915 0.17743878066539764 -0.07477566599845886
pumpkin/seq-01/frame-000192.color.png 0.28168198466300964 -0.9718725681304932 0.6872426867485046 0.9699276089668274 0.12950943410396576 0.1916588544845581 -0.07572729140520096
pumpkin/seq-01/frame-000193.color.png 0.29080572724342346 -0.9914591312408447 0.6793806552886963 0.9714234471321106 0.1338239312171936 0.17905312776565552 -0.07979799807071686
pumpkin/seq-01/frame-000194.color.png 0.30303820967674255 -1.0008944272994995 0.6776331663131714 0.9722059369087219 0.13266700506210327 0.1750110238790512 -0.08115667849779129
pumpkin/seq-01/frame-000195.color.png 0.3131343424320221 -1.0118411779403687 0.6797105073928833 0.9728560447692871 0.1314806193113327 0.17293238639831543 -0.07973996549844742
pumpkin/seq-01/frame-000196.color.png 0.3257353603839874 -1.0023140907287598 0.67183917760849 0.973745584487915 0.129357248544693 0.17183572053909302 -0.07455512881278992
pumpkin/seq-01/frame-000197.color.png 0.31703802943229675 -1.0105787515640259 0.686792254447937 0.9738239049911499 0.13124942779541016 0.1711965948343277 -0.07163871079683304
pumpkin/seq-01/frame-000198.color.png 0.32937538623809814 -1.0110582113265991 0.6728712916374207 0.9742817282676697 0.12963056564331055 0.17017412185668945 -0.07079323381185532
pumpkin/seq-01/frame-000199.color.png 0.3285183310508728 -1.0156660079956055 0.6777604222297668 0.9743068218231201 0.12912051379680634 0.17038507759571075 -0.07087299972772598
pumpkin/seq-01/frame-000200.color.png 0.33333298563957214 -1.0123910903930664 0.6674556732177734 0.9769123792648315 0.12899024784564972 0.15604078769683838 -0.06822707504034042
pumpkin/seq-01/frame-000201.color.png 0.34027883410453796 -1.0308222770690918 0.6562948822975159 0.975043535232544 0.1299557089805603 0.16547778248786926 -0.07084386795759201
pumpkin/seq-01/frame-000202.color.png 0.3483829200267792 -1.0428414344787598 0.6682812571525574 0.9769002795219421 0.13010264933109283 0.15411245822906494 -0.07062902301549911
pumpkin/seq-01/frame-000203.color.png 0.34099942445755005 -1.0554534196853638 0.6764098405838013 0.978071391582489 0.12316829711198807 0.15069127082824707 -0.07414868474006653
pumpkin/seq-01/frame-000204.color.png 0.34319356083869934 -1.0527112483978271 0.685132622718811 0.9770563840866089 0.12204181402921677 0.15822546184062958 -0.0736987367272377
pumpkin/seq-01/frame-000205.color.png 0.3694309890270233 -1.050079345703125 0.7015115022659302 0.9797280430793762 0.1197376549243927 0.14301860332489014 -0.07308683544397354
pumpkin/seq-01/frame-000206.color.png 0.3548427224159241 -1.0486767292022705 0.703997015953064 0.9790323376655579 0.11519112437963486 0.15159688889980316 -0.07242503017187119
pumpkin/seq-01/frame-000207.color.png 0.3524985909461975 -1.0505566596984863 0.7060810923576355 0.9785846471786499 0.12343848496675491 0.14844223856925964 -0.07141301780939102
pumpkin/seq-01/frame-000208.color.png 0.36186376214027405 -1.0610142946243286 0.7025928497314453 0.9773994088172913 0.1208176389336586 0.15711483359336853 -0.07354303449392319
pumpkin/seq-01/frame-000209.color.png 0.37557315826416016 -1.0649983882904053 0.7231512665748596 0.977332592010498 0.12668496370315552 0.15444715321063995 -0.07012762874364853
pumpkin/seq-01/frame-000210.color.png 0.3641071617603302 -1.0601766109466553 0.7080143094062805 0.9776703715324402 0.12687775492668152 0.15193410217761993 -0.07056087255477905
pumpkin/seq-01/frame-000211.color.png 0.37624645233154297 -1.0750821828842163 0.7164236307144165 0.9764556288719177 0.1328052133321762 0.15493279695510864 -0.06994912028312683
pumpkin/seq-01/frame-000212.color.png 0.3807118535041809 -1.0726239681243896 0.7273617386817932 0.9765596985816956 0.12900909781455994 0.15891431272029877 -0.0665886178612709
pumpkin/seq-01/frame-000213.color.png 0.4068869352340698 -1.0979831218719482 0.7330158352851868 0.9769951105117798 0.13109181821346283 0.15412409603595734 -0.06738868355751038
pumpkin/seq-01/frame-000214.color.png 0.3944372832775116 -1.1212408542633057 0.7497251629829407 0.9778878092765808 0.1296805441379547 0.15065447986125946 -0.06497342139482498
pumpkin/seq-01/frame-000215.color.png 0.38779717683792114 -1.0933208465576172 0.7288907170295715 0.9791699647903442 0.13055869936943054 0.1421370804309845 -0.06306920945644379
pumpkin/seq-01/frame-000216.color.png 0.36834418773651123 -1.1024314165115356 0.7342824935913086 0.9803752303123474 0.1319873034954071 0.1344851851463318 -0.05794268473982811
pumpkin/seq-01/frame-000217.color.png 0.3733496367931366 -1.1008635759353638 0.7338072657585144 0.9795795679092407 0.13158412277698517 0.14062489569187164 -0.057743433862924576
pumpkin/seq-01/frame-000218.color.png 0.38314950466156006 -1.0987952947616577 0.7429701089859009 0.9785361886024475 0.13700363039970398 0.1440131813287735 -0.054378341883420944
pumpkin/seq-01/frame-000219.color.png 0.3734090328216553 -1.0970696210861206 0.7695980072021484 0.9770352244377136 0.13832446932792664 0.1528017222881317 -0.054038286209106445
pumpkin/seq-01/frame-000220.color.png 0.35917750000953674 -1.1080926656723022 0.7788098454475403 0.977867066860199 0.13444232940673828 0.1509031057357788 -0.05412431061267853
pumpkin/seq-01/frame-000221.color.png 0.39791035652160645 -1.1175224781036377 0.7542885541915894 0.9797233939170837 0.12804661691188812 0.1441742479801178 -0.05440261960029602
pumpkin/seq-01/frame-000222.color.png 0.38115736842155457 -1.1310797929763794 0.7612119913101196 0.9802384972572327 0.13322968780994415 0.1357729583978653 -0.05429430305957794
pumpkin/seq-01/frame-000223.color.png 0.37221962213516235 -1.1270650625228882 0.766726553440094 0.9797661900520325 0.13565948605537415 0.13654357194900513 -0.054870083928108215
pumpkin/seq-01/frame-000224.color.png 0.37864038348197937 -1.1226475238800049 0.7531680464744568 0.9786327481269836 0.1327691525220871 0.14584967494010925 -0.05812087655067444
pumpkin/seq-01/frame-000225.color.png 0.3885086178779602 -1.1243613958358765 0.7629178762435913 0.979978084564209 0.12970399856567383 0.13900090754032135 -0.059147875756025314
pumpkin/seq-01/frame-000226.color.png 0.37389275431632996 -1.1282100677490234 0.7748899459838867 0.9807732105255127 0.12986072897911072 0.13256391882896423 -0.06038910150527954
pumpkin/seq-01/frame-000227.color.png 0.37251806259155273 -1.1052716970443726 0.7741876840591431 0.9766750931739807 0.13237707316875458 0.1586332619190216 -0.058461304754018784
pumpkin/seq-01/frame-000228.color.png 0.39120882749557495 -1.101729393005371 0.7647983431816101 0.97801673412323 0.12849949300289154 0.15404272079467773 -0.05693884193897247
pumpkin/seq-01/frame-000229.color.png 0.40329402685165405 -1.0897712707519531 0.7496723532676697 0.9778143763542175 0.1307830661535263 0.1544916331768036 -0.053919415920972824
pumpkin/seq-01/frame-000230.color.png 0.3904321491718292 -1.0902116298675537 0.7597832679748535 0.9800912141799927 0.1289007067680359 0.13971900939941406 -0.05730905383825302
pumpkin/seq-01/frame-000231.color.png 0.40067923069000244 -1.0920716524124146 0.7541822791099548 0.9799176454544067 0.12751978635787964 0.14171022176742554 -0.058464549481868744
pumpkin/seq-01/frame-000232.color.png 0.4002036154270172 -1.1021840572357178 0.756916344165802 0.9802241921424866 0.12958647310733795 0.13714353740215302 -0.059662338346242905
pumpkin/seq-01/frame-000233.color.png 0.41082996129989624 -1.1092445850372314 0.7633946537971497 0.9802148938179016 0.13579930365085602 0.1319694221019745 -0.057631880044937134
pumpkin/seq-01/frame-000234.color.png 0.40854546427726746 -1.1399781703948975 0.7802538871765137 0.9783317446708679 0.13302695751190186 0.14651048183441162 -0.06087274104356766
pumpkin/seq-01/frame-000235.color.png 0.40188589692115784 -1.13210129737854 0.7834373712539673 0.9798109531402588 0.12897668778896332 0.1378839612007141 -0.06575223058462143
pumpkin/seq-01/frame-000236.color.png 0.3978042006492615 -1.1390514373779297 0.7877500057220459 0.9843212366104126 0.1250307708978653 0.10877809673547745 -0.0603836365044117
pumpkin/seq-01/frame-000237.color.png 0.4107460379600525 -1.1508063077926636 0.7789412140846252 0.9824435114860535 0.13334457576274872 0.11451604217290878 -0.06252945214509964
pumpkin/seq-01/frame-000238.color.png 0.43552714586257935 -1.124926209449768 0.7800107002258301 0.9834495782852173 0.13419562578201294 0.10435254126787186 -0.06268104910850525
pumpkin/seq-01/frame-000239.color.png 0.43109360337257385 -1.1227329969406128 0.8002799153327942 0.9827257990837097 0.13784311711788177 0.10676837712526321 -0.06204559653997421
pumpkin/seq-01/frame-000240.color.png 0.44758301973342896 -1.1380596160888672 0.793252170085907 0.9824155569076538 0.13357244431972504 0.11419562995433807 -0.06306760013103485
pumpkin/seq-01/frame-000241.color.png 0.4559141993522644 -1.1321632862091064 0.7794263362884521 0.9872682690620422 0.12467397749423981 0.07745969295501709 -0.0613006055355072
pumpkin/seq-01/frame-000242.color.png 0.4684828519821167 -1.1324492692947388 0.7766864895820618 0.9881516695022583 0.12376433610916138 0.06514781713485718 -0.06320000439882278
pumpkin/seq-01/frame-000243.color.png 0.4613267183303833 -1.1410248279571533 0.77354496717453 0.9886444807052612 0.11455825716257095 0.06946109980344772 -0.06807109713554382
pumpkin/seq-01/frame-000244.color.png 0.4527410566806793 -1.131215214729309 0.7572525143623352 0.9869749546051025 0.11665882915258408 0.08515094220638275 -0.07085563242435455
pumpkin/seq-01/frame-000245.color.png 0.4391215145587921 -1.1312042474746704 0.762698233127594 0.9871795177459717 0.12176124006509781 0.07861894369125366 -0.06685791909694672
pumpkin/seq-01/frame-000246.color.png 0.44079941511154175 -1.1214027404785156 0.7454664707183838 0.9858246445655823 0.13211782276630402 0.07836709171533585 -0.06747645139694214
pumpkin/seq-01/frame-000247.color.png 0.4546686112880707 -1.098254919052124 0.7414569854736328 0.9850917458534241 0.1325162798166275 0.08406087756156921 -0.07047998905181885
pumpkin/seq-01/frame-000248.color.png 0.46865496039390564 -1.0976595878601074 0.7416859865188599 0.9856637120246887 0.13143150508403778 0.07560974359512329 -0.07399901747703552
pumpkin/seq-01/frame-000249.color.png 0.467275470495224 -1.0903500318527222 0.749060332775116 0.9864850640296936 0.12932224571704865 0.06276800483465195 -0.07863353937864304
pumpkin/seq-01/frame-000250.color.png 0.4722406566143036 -1.1104248762130737 0.7553001642227173 0.9850170612335205 0.1420479267835617 0.0630798414349556 -0.07473108917474747
pumpkin/seq-01/frame-000251.color.png 0.44318199157714844 -1.130700707435608 0.7598785758018494 0.9866674542427063 0.12833446264266968 0.05262456089258194 -0.08513648808002472
pumpkin/seq-01/frame-000252.color.png 0.4247398376464844 -1.117099642753601 0.772680401802063 0.987176239490509 0.13004855811595917 0.04496350139379501 -0.08092329651117325
pumpkin/seq-01/frame-000253.color.png 0.4280586838722229 -1.0762412548065186 0.7736149430274963 0.9846457242965698 0.13664796948432922 0.06310489028692245 -0.08841939270496368
pumpkin/seq-01/frame-000254.color.png 0.4330514967441559 -1.0903178453445435 0.7737415432929993 0.9872127175331116 0.13341891765594482 0.033954981714487076 -0.08035976439714432
pumpkin/seq-01/frame-000255.color.png 0.44036829471588135 -1.108555793762207 0.7966338396072388 0.9873144030570984 0.13296768069267273 0.03414839878678322 -0.07977387309074402
pumpkin/seq-01/frame-000256.color.png 0.422380268573761 -1.1196081638336182 0.7826665043830872 0.9876468181610107 0.12836965918540955 0.025463487952947617 -0.08617790788412094
pumpkin/seq-01/frame-000257.color.png 0.4034770429134369 -1.1036909818649292 0.794621467590332 0.9880213141441345 0.12680521607398987 0.025547558441758156 -0.08415260165929794
pumpkin/seq-01/frame-000258.color.png 0.43384042382240295 -1.0671372413635254 0.7732837796211243 0.9878343939781189 0.1269964724779129 0.020636264234781265 -0.08734562993049622
pumpkin/seq-01/frame-000259.color.png 0.44386017322540283 -1.1022567749023438 0.7860431671142578 0.9894117712974548 0.11622720956802368 0.006330493371933699 -0.08669232577085495
pumpkin/seq-01/frame-000260.color.png 0.45474061369895935 -1.1262274980545044 0.7827678322792053 0.9869257807731628 0.13187618553638458 0.007431042846292257 -0.0923631563782692
pumpkin/seq-01/frame-000261.color.png 0.46649977564811707 -1.122194528579712 0.7745813727378845 0.9877161383628845 0.12645816802978516 -0.004541319329291582 -0.09167741984128952
pumpkin/seq-01/frame-000262.color.png 0.47111430764198303 -1.0823429822921753 0.7723202705383301 0.9875094890594482 0.12613414227962494 -0.0019378523575142026 -0.09440148621797562
pumpkin/seq-01/frame-000263.color.png 0.4696991443634033 -1.065782904624939 0.764397919178009 0.9876927733421326 0.12505705654621124 -0.009724863804876804 -0.0934290736913681
pumpkin/seq-01/frame-000264.color.png 0.4711485803127289 -1.094468593597412 0.7733888626098633 0.9882923364639282 0.11893732100725174 -0.024967139586806297 -0.09224307537078857
pumpkin/seq-01/frame-000265.color.png 0.48848721385002136 -1.0846482515335083 0.7530587315559387 0.9873949885368347 0.12564551830291748 -0.02100023813545704 -0.0939326137304306
pumpkin/seq-01/frame-000266.color.png 0.4798111021518707 -1.0682529211044312 0.7525168061256409 0.9872863292694092 0.12543080747127533 -0.023455634713172913 -0.09477655589580536
pumpkin/seq-01/frame-000267.color.png 0.465374618768692 -1.0441474914550781 0.754356324672699 0.9870980381965637 0.12658356130123138 -0.027256157249212265 -0.09418604522943497
pumpkin/seq-01/frame-000268.color.png 0.5055663585662842 -1.053210735321045 0.7274585366249084 0.9876148700714111 0.11987035721540451 -0.03343575447797775 -0.095551498234272
pumpkin/seq-01/frame-000269.color.png 0.4904962480068207 -1.0627374649047852 0.723064661026001 0.9879119992256165 0.11975808441638947 -0.03246971219778061 -0.09291743487119675
pumpkin/seq-01/frame-000270.color.png 0.5019538998603821 -1.058220386505127 0.7266536951065063 0.9870762825012207 0.12266147136688232 -0.044167954474687576 -0.09318716078996658
pumpkin/seq-01/frame-000271.color.png 0.4807540476322174 -1.039527416229248 0.7274489998817444 0.9871051907539368 0.12129855155944824 -0.05101431533694267 -0.09114529192447662
pumpkin/seq-01/frame-000272.color.png 0.48442623019218445 -1.0452419519424438 0.7140328288078308 0.987091064453125 0.11788877844810486 -0.05294491723179817 -0.0946064367890358
pumpkin/seq-01/frame-000273.color.png 0.4932345747947693 -1.0473026037216187 0.7212147116661072 0.986072301864624 0.11934974044561386 -0.06992735713720322 -0.09234382212162018
pumpkin/seq-01/frame-000274.color.png 0.48590657114982605 -1.0851696729660034 0.7206569314002991 0.9846381545066833 0.12329787015914917 -0.07832521200180054 -0.09565918892621994
pumpkin/seq-01/frame-000275.color.png 0.49758678674697876 -1.0766624212265015 0.7322440147399902 0.9849968552589417 0.119631826877594 -0.07696155458688736 -0.0977049469947815
pumpkin/seq-01/frame-000276.color.png 0.5039076805114746 -1.0785733461380005 0.7224766612052917 0.9841866493225098 0.11952106654644012 -0.08724378794431686 -0.09736473113298416
pumpkin/seq-01/frame-000277.color.png 0.473259836435318 -1.0833284854888916 0.7185531258583069 0.982940673828125 0.12092786282300949 -0.09751580655574799 -0.09846227616071701
pumpkin/seq-01/frame-000278.color.png 0.46180886030197144 -1.0684303045272827 0.7322675585746765 0.9833159446716309 0.11414356529712677 -0.10054335743188858 -0.09975941479206085
pumpkin/seq-01/frame-000279.color.png 0.506602942943573 -1.058245062828064 0.7167487144470215 0.982297956943512 0.1194695234298706 -0.10470305383205414 -0.09927231818437576
pumpkin/seq-01/frame-000280.color.png 0.5282198786735535 -1.074499249458313 0.7129991054534912 0.9813094139099121 0.11949258297681808 -0.11175943166017532 -0.10130787640810013
pumpkin/seq-01/frame-000281.color.png 0.5234219431877136 -1.0843257904052734 0.7207961678504944 0.9808236360549927 0.1249879002571106 -0.11150409281253815 -0.09964942932128906
pumpkin/seq-01/frame-000282.color.png 0.5253411531448364 -1.0745654106140137 0.7166361212730408 0.9789987802505493 0.12423543632030487 -0.12707898020744324 -0.09988990426063538
pumpkin/seq-01/frame-000283.color.png 0.5365920662879944 -1.0649129152297974 0.7103922963142395 0.978753387928009 0.1316945105791092 -0.12232915312051773 -0.09866099059581757
pumpkin/seq-01/frame-000284.color.png 0.5256253480911255 -1.0645076036453247 0.7105114459991455 0.9793016910552979 0.13287144899368286 -0.11524306982755661 -0.10016220062971115
pumpkin/seq-01/frame-000285.color.png 0.5190101861953735 -1.0376155376434326 0.7166581153869629 0.9770073294639587 0.13116145133972168 -0.1317131072282791 -0.10442723333835602
pumpkin/seq-01/frame-000286.color.png 0.5390081405639648 -1.0247535705566406 0.7022315263748169 0.9779458045959473 0.1297050416469574 -0.12841226160526276 -0.1015324518084526
pumpkin/seq-01/frame-000287.color.png 0.5351055264472961 -1.0454407930374146 0.7123957872390747 0.9788273572921753 0.12904295325279236 -0.12130840867757797 -0.10261096060276031
pumpkin/seq-01/frame-000288.color.png 0.521819531917572 -1.0630450248718262 0.722827672958374 0.9761145114898682 0.12488800287246704 -0.1446719914674759 -0.10331238806247711
pumpkin/seq-01/frame-000289.color.png 0.498056024312973 -1.0518285036087036 0.7192959189414978 0.9744863510131836 0.12666179239749908 -0.1543956995010376 -0.10244511067867279
pumpkin/seq-01/frame-000290.color.png 0.5009085536003113 -1.0443286895751953 0.7158144116401672 0.972475528717041 0.1329394429922104 -0.1594032645225525 -0.10587313771247864
pumpkin/seq-01/frame-000291.color.png 0.5034503936767578 -1.0261303186416626 0.7108409404754639 0.9714307188987732 0.12692154943943024 -0.16946589946746826 -0.10721303522586823
pumpkin/seq-01/frame-000292.color.png 0.5082675218582153 -1.030371069908142 0.7104586362838745 0.9704596400260925 0.13549652695655823 -0.1678406149148941 -0.10806690156459808
pumpkin/seq-01/frame-000293.color.png 0.49474066495895386 -1.0476535558700562 0.7150096297264099 0.9693689346313477 0.1336633265018463 -0.17534717917442322 -0.1082189753651619
pumpkin/seq-01/frame-000294.color.png 0.4710290729999542 -1.0523629188537598 0.7142091989517212 0.970077633857727 0.13378553092479706 -0.17183524370193481 -0.10734716802835464
pumpkin/seq-01/frame-000295.color.png 0.4642753303050995 -1.0399671792984009 0.7013025879859924 0.9686529636383057 0.13626272976398468 -0.17853380739688873 -0.1061587929725647
pumpkin/seq-01/frame-000296.color.png 0.48856279253959656 -1.0188708305358887 0.7113346457481384 0.966976523399353 0.13591942191123962 -0.18664692342281342 -0.1079128235578537
pumpkin/seq-01/frame-000297.color.png 0.49712127447128296 -1.022520899772644 0.7032514214515686 0.9624115228652954 0.14411009848117828 -0.20115597546100616 -0.11194908618927002
pumpkin/seq-01/frame-000298.color.png 0.5015772581100464 -1.0335705280303955 0.7028939127922058 0.961754560470581 0.13716426491737366 -0.2084958255290985 -0.11288689821958542
pumpkin/seq-01/frame-000299.color.png 0.473710834980011 -1.025443196296692 0.6933637857437134 0.9587361216545105 0.14331339299678802 -0.21904495358467102 -0.11093053221702576
pumpkin/seq-01/frame-000300.color.png 0.48763224482536316 -1.00266695022583 0.7116654515266418 0.9559808969497681 0.13663657009601593 -0.23391643166542053 -0.11275684833526611
pumpkin/seq-01/frame-000301.color.png 0.5131983160972595 -1.0007630586624146 0.7332062721252441 0.9545430541038513 0.1373586654663086 -0.2383819967508316 -0.11469099670648575
pumpkin/seq-01/frame-000302.color.png 0.5299775004386902 -1.0107026100158691 0.7323879599571228 0.9572110176086426 0.13163897395133972 -0.23065990209579468 -0.11495334655046463
pumpkin/seq-01/frame-000303.color.png 0.5082968473434448 -1.014789342880249 0.7125603556632996 0.948682427406311 0.13351285457611084 -0.2624253034591675 -0.11536431312561035
pumpkin/seq-01/frame-000304.color.png 0.5220094919204712 -0.9989596605300903 0.7183432579040527 0.9490090012550354 0.136238694190979 -0.26172035932540894 -0.11101025342941284
pumpkin/seq-01/frame-000305.color.png 0.5133805871009827 -0.9850068092346191 0.7178769707679749 0.9475516676902771 0.13726212084293365 -0.265193909406662 -0.11391669511795044
pumpkin/seq-01/frame-000306.color.png 0.530228316783905 -0.9849879741668701 0.7251506447792053 0.9456649422645569 0.1418321430683136 -0.2708248794078827 -0.11070357263088226
pumpkin/seq-01/frame-000307.color.png 0.5468512773513794 -0.9773085713386536 0.7365445494651794 0.9475207924842834 0.13958480954170227 -0.26663345098495483 -0.10782906413078308
pumpkin/seq-01/frame-000308.color.png 0.5518787503242493 -0.9755550026893616 0.7352451086044312 0.9463468790054321 0.13929034769535065 -0.26953423023223877 -0.11125215142965317
pumpkin/seq-01/frame-000309.color.png 0.5150536298751831 -0.9735386967658997 0.6926929354667664 0.9460861086845398 0.1320161372423172 -0.27461671829223633 -0.10990239679813385
pumpkin/seq-01/frame-000310.color.png 0.5453166961669922 -0.9804527759552002 0.698805570602417 0.9397386312484741 0.13294023275375366 -0.29385918378829956 -0.11342354118824005
pumpkin/seq-01/frame-000311.color.png 0.5616937875747681 -0.9908636808395386 0.7099288702011108 0.9365138411521912 0.13349363207817078 -0.3016640543937683 -0.11882822215557098
pumpkin/seq-01/frame-000312.color.png 0.5524274110794067 -0.9573363065719604 0.7157287001609802 0.9358751773834229 0.13543902337551117 -0.30331671237945557 -0.1174432635307312
pumpkin/seq-01/frame-000313.color.png 0.5547257661819458 -0.9982402324676514 0.7261891961097717 0.9353942275047302 0.1365760713815689 -0.3013972043991089 -0.12467814236879349
pumpkin/seq-01/frame-000314.color.png 0.5447749495506287 -0.9759289026260376 0.7148780226707458 0.9342373013496399 0.1330452263355255 -0.3081307113170624 -0.12064407765865326
pumpkin/seq-01/frame-000315.color.png 0.5290206670761108 -0.9977298974990845 0.7156757116317749 0.9377077221870422 0.13469447195529938 -0.29495230317115784 -0.1247582882642746
pumpkin/seq-01/frame-000316.color.png 0.5346591472625732 -0.9620248675346375 0.717677891254425 0.9306671023368835 0.1393253654241562 -0.31256571412086487 -0.12942171096801758
pumpkin/seq-01/frame-000317.color.png 0.5731940865516663 -0.9917088747024536 0.6992617249488831 0.9267899990081787 0.1277833878993988 -0.33031409978866577 -0.12499720603227615
pumpkin/seq-01/frame-000318.color.png 0.5786730647087097 -0.9834557175636292 0.7116559743881226 0.9235730767250061 0.13554902374744415 -0.3331793546676636 -0.13278113305568695
pumpkin/seq-01/frame-000319.color.png 0.5594373345375061 -0.9963856935501099 0.7132489681243896 0.9309491515159607 0.13401834666728973 -0.3146079480648041 -0.12804162502288818
pumpkin/seq-01/frame-000320.color.png 0.546603262424469 -1.0034626722335815 0.7176638245582581 0.9282875657081604 0.13259972631931305 -0.3227214515209198 -0.1286473125219345
pumpkin/seq-01/frame-000321.color.png 0.5246356725692749 -0.9818687438964844 0.7091106176376343 0.9224742650985718 0.13713230192661285 -0.33516618609428406 -0.1337893158197403
pumpkin/seq-01/frame-000322.color.png 0.49786069989204407 -1.0069957971572876 0.7133141756057739 0.9222167134284973 0.14325544238090515 -0.33351853489875793 -0.13326488435268402
pumpkin/seq-01/frame-000323.color.png 0.4532295763492584 -1.0180816650390625 0.7015841603279114 0.921409010887146 0.14756245911121368 -0.33401352167129517 -0.13291198015213013
pumpkin/seq-01/frame-000324.color.png 0.4694390296936035 -1.01583731174469 0.7070139050483704 0.9220223426818848 0.149039164185524 -0.3320865035057068 -0.1318359673023224
pumpkin/seq-01/frame-000325.color.png 0.43647775053977966 -1.020990252494812 0.7091902494430542 0.9191217422485352 0.14621008932590485 -0.34071287512779236 -0.1332397758960724
pumpkin/seq-01/frame-000326.color.png 0.4153231680393219 -1.0001991987228394 0.7170594334602356 0.9121965169906616 0.15034593641757965 -0.3569103181362152 -0.1338229477405548
pumpkin/seq-01/frame-000327.color.png 0.4079339802265167 -1.0223718881607056 0.7100474238395691 0.9150058627128601 0.14991387724876404 -0.3491418659687042 -0.13561008870601654
pumpkin/seq-01/frame-000328.color.png 0.41930246353149414 -1.0208349227905273 0.7213149666786194 0.9032076597213745 0.14793074131011963 -0.37951138615608215 -0.13529039919376373
pumpkin/seq-01/frame-000329.color.png 0.4219222068786621 -1.014876127243042 0.7215906977653503 0.9081328511238098 0.14785140752792358 -0.36771950125694275 -0.13497067987918854
pumpkin/seq-01/frame-000330.color.png 0.4024910032749176 -1.0082333087921143 0.7243168354034424 0.9065523147583008 0.14716751873493195 -0.3716038763523102 -0.13570190966129303
pumpkin/seq-01/frame-000331.color.png 0.41737425327301025 -0.9993377923965454 0.7456061244010925 0.9054344296455383 0.15080377459526062 -0.3719480037689209 -0.13820765912532806
pumpkin/seq-01/frame-000332.color.png 0.3607734739780426 -1.0032750368118286 0.7457541823387146 0.9074834585189819 0.14447475969791412 -0.36980709433555603 -0.137271910905838
pumpkin/seq-01/frame-000333.color.png 0.3732294738292694 -1.0059291124343872 0.7529849410057068 0.90726637840271 0.1446458399295807 -0.37295040488243103 -0.1298200935125351
pumpkin/seq-01/frame-000334.color.png 0.37129685282707214 -1.0072017908096313 0.7530108690261841 0.9075203537940979 0.1430504024028778 -0.37336358428001404 -0.12862014770507812
pumpkin/seq-01/frame-000335.color.png 0.3343769609928131 -1.0198115110397339 0.7570480108261108 0.9062695503234863 0.14332382380962372 -0.3763439953327179 -0.12844762206077576
pumpkin/seq-01/frame-000336.color.png 0.3317982256412506 -1.0124812126159668 0.7485852241516113 0.9065919518470764 0.140627920627594 -0.3759166896343231 -0.1303892582654953
pumpkin/seq-01/frame-000337.color.png 0.34975478053092957 -1.0232367515563965 0.7231866121292114 0.9073248505592346 0.14165717363357544 -0.3749159276485443 -0.12701518833637238
pumpkin/seq-01/frame-000338.color.png 0.3812190592288971 -1.0081298351287842 0.735791802406311 0.9054190516471863 0.14379476010799408 -0.37793755531311035 -0.12923911213874817
pumpkin/seq-01/frame-000339.color.png 0.332041472196579 -1.0230857133865356 0.7333596348762512 0.8989933133125305 0.14248722791671753 -0.39252540469169617 -0.13203032314777374
pumpkin/seq-01/frame-000340.color.png 0.3584738075733185 -1.02812922000885 0.7374257445335388 0.9001279473304749 0.14510689675807953 -0.38822099566459656 -0.1341567039489746
pumpkin/seq-01/frame-000341.color.png 0.3899151682853699 -1.020504355430603 0.7653365731239319 0.894561231136322 0.1434077024459839 -0.4005650281906128 -0.13690152764320374
pumpkin/seq-01/frame-000342.color.png 0.408065527677536 -1.0409495830535889 0.7427575588226318 0.888565182685852 0.13977693021297455 -0.41410523653030396 -0.13939568400382996
pumpkin/seq-01/frame-000343.color.png 0.4867211878299713 -1.0336188077926636 0.7533214092254639 0.8841444849967957 0.1385049670934677 -0.4220510423183441 -0.1448366343975067
pumpkin/seq-01/frame-000344.color.png 0.4533612132072449 -1.0441465377807617 0.7542898058891296 0.8847849369049072 0.1360635608434677 -0.42176467180252075 -0.1440725177526474
pumpkin/seq-01/frame-000345.color.png 0.4608127772808075 -1.0443116426467896 0.7628278136253357 0.8824887871742249 0.133277028799057 -0.42776593565940857 -0.14306297898292542
pumpkin/seq-01/frame-000346.color.png 0.4576205313205719 -1.0318210124969482 0.7564655542373657 0.8794944882392883 0.13718795776367188 -0.4327400028705597 -0.14284636080265045
pumpkin/seq-01/frame-000347.color.png 0.4383836090564728 -1.0478649139404297 0.7638424634933472 0.8750264048576355 0.13578444719314575 -0.4415406882762909 -0.14468349516391754
pumpkin/seq-01/frame-000348.color.png 0.4667489230632782 -1.04621422290802 0.7884333729743958 0.8722917437553406 0.1360284835100174 -0.4456090033054352 -0.14844539761543274
pumpkin/seq-01/frame-000349.color.png 0.4232039749622345 -1.0454522371292114 0.7901263236999512 0.8746168613433838 0.13579683005809784 -0.4408596158027649 -0.14915622770786285
pumpkin/seq-01/frame-000350.color.png 0.3851175606250763 -1.0529645681381226 0.7538875937461853 0.8751137256622314 0.13971970975399017 -0.43844202160835266 -0.14974315464496613
pumpkin/seq-01/frame-000351.color.png 0.4098947048187256 -1.0639945268630981 0.7507489919662476 0.874207615852356 0.13747946918010712 -0.43895480036735535 -0.15549679100513458
pumpkin/seq-01/frame-000352.color.png 0.33506879210472107 -1.0502843856811523 0.7179659605026245 0.8781911730766296 0.13098563253879547 -0.4351254999637604 -0.14929421246051788
pumpkin/seq-01/frame-000353.color.png 0.36650168895721436 -1.0530122518539429 0.7503675818443298 0.8761634230613708 0.13383573293685913 -0.43965083360671997 -0.1453707218170166
pumpkin/seq-01/frame-000354.color.png 0.3321346044540405 -1.0307044982910156 0.7399582862854004 0.8764330148696899 0.13520310819149017 -0.4396858811378479 -0.14234411716461182
pumpkin/seq-01/frame-000355.color.png 0.3276037573814392 -1.0174424648284912 0.7405601739883423 0.8784928321838379 0.13172221183776855 -0.4367091953754425 -0.1420728713274002
pumpkin/seq-01/frame-000356.color.png 0.15288041532039642 -1.0065114498138428 0.6657388806343079 0.8815485239028931 0.12822316586971283 -0.4340069890022278 -0.13442111015319824
pumpkin/seq-01/frame-000357.color.png -0.053835634142160416 -0.982759416103363 0.6164222955703735 0.8870980143547058 0.1257721334695816 -0.4235302805900574 -0.13364359736442566
pumpkin/seq-01/frame-000358.color.png 0.021255750209093094 -0.9055395126342773 0.569418728351593 0.8983792662620544 0.13406582176685333 -0.3991110920906067 -0.12510539591312408
pumpkin/seq-01/frame-000359.color.png -0.2733411192893982 -0.9852346181869507 0.515511155128479 0.9553210735321045 0.173860102891922 -0.21011389791965485 -0.1139579489827156
pumpkin/seq-01/frame-000360.color.png -0.37100180983543396 -0.9874045848846436 0.4996758699417114 0.9048476219177246 0.13929371535778046 -0.38132166862487793 -0.12822505831718445
pumpkin/seq-01/frame-000361.color.png -0.39579519629478455 -1.006156325340271 0.6193915605545044 0.9545513391494751 0.16747286915779114 -0.21577829122543335 -0.11926469206809998
pumpkin/seq-01/frame-000362.color.png -0.38037627935409546 -0.98708176612854 0.6633656620979309 0.9625226855278015 0.15045197308063507 -0.18953213095664978 -0.12244179844856262
pumpkin/seq-01/frame-000363.color.png -0.28049471974372864 -0.9883439540863037 0.7202364802360535 0.9144867658615112 0.12346317619085312 -0.3591379225254059 -0.1396092176437378
pumpkin/seq-01/frame-000364.color.png -0.2590591013431549 -0.9671118855476379 0.7620068192481995 0.9386841058731079 0.15043088793754578 -0.27736595273017883 -0.1389634907245636
pumpkin/seq-01/frame-000365.color.png -0.23996269702911377 -0.9916859865188599 0.7001309990882874 0.9281261563301086 0.14691129326820374 -0.31372401118278503 -0.1362943947315216
pumpkin/seq-01/frame-000366.color.png 0.10018910467624664 -1.0079267024993896 1.4258249998092651 0.8352042436599731 -0.017108647152781487 0.5476064085960388 0.04762845113873482
pumpkin/seq-01/frame-000367.color.png 0.021307211369276047 -1.0805808305740356 1.4121050834655762 0.8443240523338318 -0.020446902140975 0.5327423810958862 0.05370629206299782
pumpkin/seq-01/frame-000368.color.png -0.17588119208812714 -1.0086196660995483 0.7514382600784302 0.9280616044998169 0.10146243125200272 -0.3300416171550751 -0.13956902921199799
pumpkin/seq-01/frame-000369.color.png 0.17933765053749084 -1.012001633644104 1.3507033586502075 0.8779554963111877 -0.03838276118040085 0.4760352075099945 0.033338189125061035
pumpkin/seq-01/frame-000370.color.png -0.01345955953001976 -1.0023561716079712 0.8047043681144714 0.8942285776138306 0.10058329999446869 -0.4067651331424713 -0.15741774439811707
pumpkin/seq-01/frame-000371.color.png 0.054626744240522385 -1.0168824195861816 0.7232125997543335 0.8820948600769043 0.119244784116745 -0.42423632740974426 -0.16647149622440338
pumpkin/seq-01/frame-000372.color.png 0.10067848861217499 -1.0091874599456787 0.703070878982544 0.8760704398155212 0.10597394406795502 -0.43858060240745544 -0.17005063593387604
pumpkin/seq-01/frame-000373.color.png 0.08204570412635803 -0.9944719076156616 0.6700304746627808 0.8688437938690186 0.10976282507181168 -0.4526802599430084 -0.1677592247724533
pumpkin/seq-01/frame-000374.color.png 0.15573903918266296 -1.0037494897842407 0.6765000820159912 0.8616316914558411 0.11641888320446014 -0.4639173448085785 -0.16975881159305573
pumpkin/seq-01/frame-000375.color.png 0.28815755248069763 -1.0041712522506714 0.618085503578186 0.8600534200668335 0.11537805199623108 -0.4674797058105469 -0.1686970442533493
pumpkin/seq-01/frame-000376.color.png 0.22808784246444702 -0.9926162958145142 0.6433927416801453 0.8667385578155518 0.11390373855829239 -0.45595669746398926 -0.16701433062553406
pumpkin/seq-01/frame-000377.color.png 0.2420363575220108 -0.9873648881912231 0.5552169680595398 0.8623454570770264 0.10922455042600632 -0.4643932580947876 -0.16961458325386047
pumpkin/seq-01/frame-000378.color.png 0.19190198183059692 -0.9750584959983826 0.5391300320625305 0.862418532371521 0.09560438245534897 -0.46697574853897095 -0.17037558555603027
pumpkin/seq-01/frame-000379.color.png 0.2749404311180115 -0.9906760454177856 0.5325084924697876 0.8700794577598572 0.09902754426002502 -0.4515276551246643 -0.1711086481809616
pumpkin/seq-01/frame-000380.color.png 0.3163636028766632 -1.0104405879974365 0.63043612241745 0.8599951863288879 0.09555945545434952 -0.4694218933582306 -0.17584004998207092
pumpkin/seq-01/frame-000381.color.png 0.21871431171894073 -0.9874610900878906 0.5441723465919495 0.8679878115653992 0.09494750201702118 -0.45517802238464355 -0.17434170842170715
pumpkin/seq-01/frame-000382.color.png 0.23230573534965515 -0.9876402616500854 0.6178091764450073 0.8703739047050476 0.08605412393808365 -0.44829440116882324 -0.18459725379943848
pumpkin/seq-01/frame-000383.color.png 0.06395719945430756 -0.9792145490646362 0.6935749650001526 0.8637369275093079 0.08410846441984177 -0.4615144431591034 -0.18408916890621185
pumpkin/seq-01/frame-000384.color.png 0.06314624845981598 -0.9510964155197144 0.7348542213439941 0.8572483062744141 0.08804190158843994 -0.4678131937980652 -0.1962774246931076
pumpkin/seq-01/frame-000385.color.png -0.6723230481147766 -0.91102135181427 1.7544639110565186 0.836062490940094 0.09075740724802017 -0.49699708819389343 -0.21390794217586517
pumpkin/seq-01/frame-000386.color.png -0.7046940326690674 -0.8932846188545227 1.7318768501281738 0.7909544706344604 0.060394324362277985 -0.5577086806297302 -0.24434514343738556
pumpkin/seq-01/frame-000387.color.png 0.2641123831272125 -0.9373611211776733 0.7174456119537354 0.8472716808319092 0.059164147824048996 -0.4866030216217041 -0.20456740260124207
pumpkin/seq-01/frame-000388.color.png 0.24746252596378326 -0.9475851655006409 0.7703524231910706 0.839454174041748 0.06305564939975739 -0.49832984805107117 -0.20738300681114197
pumpkin/seq-01/frame-000389.color.png -0.48384901881217957 -0.8898934721946716 1.7588868141174316 0.7621132731437683 0.05076209083199501 -0.5933106541633606 -0.25414371490478516
pumpkin/seq-01/frame-000390.color.png -0.49375638365745544 -0.8859032988548279 1.7925395965576172 0.7566224932670593 0.05974855273962021 -0.5993279814720154 -0.25447699427604675
pumpkin/seq-01/frame-000391.color.png -0.5290167331695557 -0.9121128916740417 1.7729567289352417 0.763029158115387 0.05270376428961754 -0.5918744206428528 -0.2543487846851349
pumpkin/seq-01/frame-000392.color.png -0.6367563605308533 -0.9120020270347595 1.78317129611969 0.759824275970459 0.047715380787849426 -0.594483494758606 -0.25880393385887146
pumpkin/seq-01/frame-000393.color.png -0.6706767082214355 -0.9164257645606995 1.7782479524612427 0.7692740559577942 0.04942712560296059 -0.5851730704307556 -0.25168779492378235
pumpkin/seq-01/frame-000394.color.png -0.6686795353889465 -0.9305739402770996 1.787239909172058 0.7566871047019958 0.03687949478626251 -0.5988755226135254 -0.2596394121646881
pumpkin/seq-01/frame-000395.color.png -0.5898575186729431 -0.9203914999961853 1.7873989343643188 0.7520424723625183 0.046318698674440384 -0.6052678823471069 -0.2567831873893738
pumpkin/seq-01/frame-000396.color.png -0.579972505569458 -0.9150316715240479 1.784506916999817 0.7563635110855103 0.04363618046045303 -0.6003050804138184 -0.25621089339256287
pumpkin/seq-01/frame-000397.color.png -0.6760726571083069 -0.9364019632339478 1.7995076179504395 0.7564336657524109 0.04562240466475487 -0.5979452133178711 -0.2611291706562042
pumpkin/seq-01/frame-000398.color.png -0.6106623411178589 -0.9305263757705688 1.7818233966827393 0.7569268941879272 0.04712134972214699 -0.5975634455680847 -0.2603060305118561
pumpkin/seq-01/frame-000399.color.png 0.3089545965194702 -0.9213534593582153 0.6797543168067932 0.8293784260749817 0.07745333760976791 -0.5134901404380798 -0.20605872571468353
pumpkin/seq-01/frame-000400.color.png 0.3446125388145447 -0.8879824876785278 0.6238033771514893 0.838635265827179 0.05434010177850723 -0.49841636419296265 -0.21288254857063293
pumpkin/seq-01/frame-000401.color.png 0.42201876640319824 -0.8829735517501831 0.6253012418746948 0.8413048386573792 0.0653889998793602 -0.4944436252117157 -0.2084604799747467
pumpkin/seq-01/frame-000402.color.png 0.6016246676445007 -0.8142887949943542 0.6259329915046692 0.8432226181030273 0.06087333336472511 -0.49285030364990234 -0.20583654940128326
pumpkin/seq-01/frame-000403.color.png 0.5817965865135193 -0.7724151015281677 0.635850727558136 0.8439580798149109 0.05164707824587822 -0.4906226694583893 -0.2106103152036667
pumpkin/seq-01/frame-000404.color.png 0.5746869444847107 -0.7573627233505249 0.6019098162651062 0.8410489559173584 0.05968340113759041 -0.49610939621925354 -0.20724429190158844
pumpkin/seq-01/frame-000405.color.png 0.6044992804527283 -0.742378830909729 0.5887013077735901 0.840395450592041 0.047135546803474426 -0.4985833764076233 -0.20719118416309357
pumpkin/seq-01/frame-000406.color.png 0.606060802936554 -0.7564844489097595 0.5889862179756165 0.8441731929779053 0.05204720422625542 -0.4941422939300537 -0.20121203362941742
pumpkin/seq-01/frame-000407.color.png 0.6464169025421143 -0.752089262008667 0.5819404721260071 0.8402568697929382 0.0352909229695797 -0.5000706315040588 -0.20652420818805695
pumpkin/seq-01/frame-000408.color.png 0.6819276213645935 -0.7523463368415833 0.5857449769973755 0.8392915725708008 0.04377220198512077 -0.5015556812286377 -0.20522084832191467
pumpkin/seq-01/frame-000409.color.png 0.6344263553619385 -0.747698187828064 0.6009566783905029 0.8465040326118469 0.04074862226843834 -0.4907092750072479 -0.20242249965667725
pumpkin/seq-01/frame-000410.color.png 0.6796421408653259 -0.7542918920516968 0.6177602410316467 0.8417497873306274 0.03499383106827736 -0.4985344707965851 -0.2041960209608078
pumpkin/seq-01/frame-000411.color.png 0.6384207606315613 -0.7521052360534668 0.5694918036460876 0.8432344794273376 0.025423886254429817 -0.49362820386886597 -0.21128255128860474
pumpkin/seq-01/frame-000412.color.png 0.6733572483062744 -0.7379974722862244 0.597004234790802 0.8410595655441284 0.03273800015449524 -0.4983091950416565 -0.20792987942695618
pumpkin/seq-01/frame-000413.color.png 0.6453436017036438 -0.7526276111602783 0.6160699129104614 0.8404093980789185 0.02208641543984413 -0.5004974007606506 -0.20670413970947266
pumpkin/seq-01/frame-000414.color.png 0.6755151748657227 -0.7496365308761597 0.5932860970497131 0.8390888571739197 0.015988029539585114 -0.5024643540382385 -0.20785582065582275
pumpkin/seq-01/frame-000415.color.png 0.601432740688324 -0.748346209526062 0.5785074234008789 0.8399701118469238 0.028278276324272156 -0.5052480697631836 -0.19589537382125854
pumpkin/seq-01/frame-000416.color.png 0.648729145526886 -0.7682142853736877 0.5917859673500061 0.8430734276771545 0.0337066687643528 -0.49900245666503906 -0.19770587980747223
pumpkin/seq-01/frame-000417.color.png 0.7113333940505981 -0.7757217884063721 0.6123599410057068 0.8395906090736389 0.02928612008690834 -0.5020828247070312 -0.2052873969078064
pumpkin/seq-01/frame-000418.color.png 0.7037654519081116 -0.7874842286109924 0.6143147349357605 0.8405928611755371 0.03086109086871147 -0.5021095871925354 -0.2008410394191742
pumpkin/seq-01/frame-000419.color.png 0.7297908067703247 -0.7997324466705322 0.6177932620048523 0.837468147277832 0.02218616008758545 -0.5069247484207153 -0.20293337106704712
pumpkin/seq-01/frame-000420.color.png 0.7438644170761108 -0.8072320222854614 0.6300463080406189 0.838376522064209 0.02248126082122326 -0.5032439827919006 -0.20824210345745087
pumpkin/seq-01/frame-000421.color.png 0.7860589623451233 -0.8065253496170044 0.6322922110557556 0.838728666305542 0.024992991238832474 -0.5035927891731262 -0.20567891001701355
pumpkin/seq-01/frame-000422.color.png 0.7981036305427551 -0.8136510252952576 0.6555922627449036 0.8446637392044067 0.031615350395441055 -0.49457189440727234 -0.20234212279319763
pumpkin/seq-01/frame-000423.color.png 0.7967958450317383 -0.8078154921531677 0.6927279829978943 0.8436369895935059 0.02700212225317955 -0.49782684445381165 -0.19928815960884094
pumpkin/seq-01/frame-000424.color.png 0.7931944727897644 -0.786815881729126 0.6646367311477661 0.8453830480575562 0.03329874947667122 -0.4940996766090393 -0.20021037757396698
pumpkin/seq-01/frame-000425.color.png 0.8197242021560669 -0.8132460117340088 0.6961976885795593 0.8446224331855774 0.032516222447156906 -0.49494922161102295 -0.20144692063331604
pumpkin/seq-01/frame-000426.color.png 0.8027064204216003 -0.8097134232521057 0.6916564702987671 0.8504830002784729 0.025812728330492973 -0.48593762516975403 -0.19969221949577332
pumpkin/seq-01/frame-000427.color.png 0.7978101372718811 -0.8053499460220337 0.689219057559967 0.8480933308601379 0.02215694636106491 -0.4926224648952484 -0.1938294768333435
pumpkin/seq-01/frame-000428.color.png 0.8267583847045898 -0.7948663830757141 0.6459358334541321 0.8469690680503845 0.025060409680008888 -0.4944332540035248 -0.1937812715768814
pumpkin/seq-01/frame-000429.color.png 0.8578819632530212 -0.7659083604812622 0.6836844682693481 0.8469762802124023 0.0284808948636055 -0.4958432912826538 -0.1896294802427292
pumpkin/seq-01/frame-000430.color.png 0.9171651601791382 -0.8434213399887085 0.718215823173523 0.8455979824066162 0.022487962618470192 -0.49738648533821106 -0.19252315163612366
pumpkin/seq-01/frame-000431.color.png 0.9368295669555664 -0.8253824710845947 0.684094250202179 0.8466830253601074 0.02905282936990261 -0.4958285987377167 -0.19088688492774963
pumpkin/seq-01/frame-000432.color.png 1.0059605836868286 -0.832180917263031 0.7215637564659119 0.8497219681739807 0.027598902583122253 -0.4895843267440796 -0.19369560480117798
pumpkin/seq-01/frame-000433.color.png 0.9922385811805725 -0.8238101601600647 0.7356376647949219 0.8485032320022583 0.020309897139668465 -0.494101345539093 -0.18839719891548157
pumpkin/seq-01/frame-000434.color.png 1.0510650873184204 -0.8407694697380066 0.7689350247383118 0.8517138361930847 0.02467951737344265 -0.48798394203186035 -0.18933044373989105
pumpkin/seq-01/frame-000435.color.png 1.0378000736236572 -0.8352129459381104 0.7864324450492859 0.8536170721054077 0.01650811731815338 -0.4842091500759125 -0.19132928550243378
pumpkin/seq-01/frame-000436.color.png 1.0749634504318237 -0.8331424593925476 0.7504299879074097 0.8563753962516785 0.021006762981414795 -0.4774155914783478 -0.19558684527873993
pumpkin/seq-01/frame-000437.color.png 1.1624113321304321 -0.8566126227378845 0.763598620891571 0.856967031955719 0.013390337117016315 -0.47759565711021423 -0.193211168050766
pumpkin/seq-01/frame-000438.color.png 1.1633896827697754 -0.8763163089752197 0.8022525310516357 0.8594393134117126 0.0226884838193655 -0.4723711609840393 -0.19420333206653595
pumpkin/seq-01/frame-000439.color.png 1.147618293762207 -0.8761931657791138 0.7859323024749756 0.8626552224159241 0.013577398844063282 -0.4638179540634155 -0.20128233730793
pumpkin/seq-01/frame-000440.color.png 1.2299518585205078 -0.8762006163597107 0.812456488609314 0.8666795492172241 0.012972276657819748 -0.45929670333862305 -0.19428013265132904
pumpkin/seq-01/frame-000441.color.png 1.1993322372436523 -0.8711691498756409 0.8213014006614685 0.8667935729026794 0.007707457523792982 -0.458927720785141 -0.19492247700691223
pumpkin/seq-01/frame-000442.color.png 1.2118606567382812 -0.8844655156135559 0.8048686385154724 0.8683661222457886 0.001761385123245418 -0.4549187123775482 -0.19744884967803955
pumpkin/seq-01/frame-000443.color.png 1.20376455783844 -0.8683863282203674 0.8267162442207336 0.8675897717475891 0.008799873292446136 -0.4555762708187103 -0.19915063679218292
pumpkin/seq-01/frame-000444.color.png 1.2706209421157837 -0.854806661605835 0.8419035077095032 0.8626475930213928 0.01708187721669674 -0.468235045671463 -0.1905338615179062
pumpkin/seq-01/frame-000445.color.png 1.2953170537948608 -0.8679567575454712 0.8600199818611145 0.8672966957092285 0.017545485869050026 -0.4601314067840576 -0.18912337720394135
pumpkin/seq-01/frame-000446.color.png 1.293907642364502 -0.8798059225082397 0.8677101135253906 0.8631669282913208 0.026642438024282455 -0.4698367118835449 -0.18299350142478943
pumpkin/seq-01/frame-000447.color.png 1.2947088479995728 -0.8711938858032227 0.8677963018417358 0.8635057210922241 0.03034500777721405 -0.4711049795150757 -0.1774739772081375
pumpkin/seq-01/frame-000448.color.png 1.3209844827651978 -0.8833439946174622 0.8720195293426514 0.8633571863174438 0.03832021728157997 -0.4724079370498657 -0.17313744127750397
pumpkin/seq-01/frame-000449.color.png 1.3004943132400513 -0.885547935962677 0.8731197714805603 0.8645107746124268 0.03818827122449875 -0.46987518668174744 -0.1742992252111435
pumpkin/seq-01/frame-000450.color.png 1.3072670698165894 -0.882233738899231 0.8693766593933105 0.8563219308853149 0.041847504675388336 -0.4861263632774353 -0.16924111545085907
pumpkin/seq-01/frame-000451.color.png 1.3023852109909058 -0.8659563064575195 0.8908172845840454 0.8639459013938904 0.03851690888404846 -0.47395002841949463 -0.16578662395477295
pumpkin/seq-01/frame-000452.color.png 1.3137153387069702 -0.8753563165664673 0.853425920009613 0.862128734588623 0.053253646939992905 -0.47570881247520447 -0.16612966358661652
pumpkin/seq-01/frame-000453.color.png 1.313299536705017 -0.8785237073898315 0.8785969018936157 0.8678690195083618 0.0692487359046936 -0.46443119645118713 -0.16220784187316895
pumpkin/seq-01/frame-000454.color.png 1.294948935508728 -0.8758153915405273 0.8801801204681396 0.86223304271698 0.06983784586191177 -0.4765321612358093 -0.15682464838027954
pumpkin/seq-01/frame-000455.color.png 1.2838215827941895 -0.882162868976593 0.8641207218170166 0.8666000962257385 0.07277512550354004 -0.46771177649497986 -0.15796704590320587
pumpkin/seq-01/frame-000456.color.png 1.2989486455917358 -0.8775028586387634 0.8697392344474792 0.8715535998344421 0.0755755677819252 -0.4605410695075989 -0.15028196573257446
pumpkin/seq-01/frame-000457.color.png 1.2824355363845825 -0.899377167224884 0.870414137840271 0.87287437915802 0.09183606505393982 -0.4554263949394226 -0.1491423100233078
pumpkin/seq-01/frame-000458.color.png 1.2802551984786987 -0.9038703441619873 0.8824761509895325 0.8773578405380249 0.09485260397195816 -0.44870883226394653 -0.1410912126302719
pumpkin/seq-01/frame-000459.color.png 1.2886215448379517 -0.891107439994812 0.8852654099464417 0.8812685012817383 0.10064340382814407 -0.4410054683685303 -0.13693344593048096
pumpkin/seq-01/frame-000460.color.png 1.2988532781600952 -0.9023627042770386 0.9034044146537781 0.8834787011146545 0.11090341955423355 -0.43670132756233215 -0.12828853726387024
pumpkin/seq-01/frame-000461.color.png 1.281516194343567 -0.8877217769622803 0.8918047547340393 0.8814777135848999 0.1084200069308281 -0.44141826033592224 -0.12803128361701965
pumpkin/seq-01/frame-000462.color.png 1.258083462715149 -0.9035102128982544 0.8812810182571411 0.8915737271308899 0.11618293821811676 -0.4204183518886566 -0.12184528261423111
pumpkin/seq-01/frame-000463.color.png 1.2535290718078613 -0.9054933190345764 0.8943776488304138 0.8943984508514404 0.11474774777889252 -0.41644203662872314 -0.11601858586072922
pumpkin/seq-01/frame-000464.color.png 1.2444164752960205 -0.9108133316040039 0.8872539401054382 0.8975977897644043 0.11108741164207458 -0.41134539246559143 -0.1130167618393898
pumpkin/seq-01/frame-000465.color.png 1.2374227046966553 -0.9236848950386047 0.8833667635917664 0.9008884429931641 0.11317160725593567 -0.40452641248703003 -0.10931804031133652
pumpkin/seq-01/frame-000466.color.png 1.2361587285995483 -0.9282512664794922 0.8857188820838928 0.8999943733215332 0.11315497010946274 -0.40672582387924194 -0.10853644460439682
pumpkin/seq-01/frame-000467.color.png 1.2231546640396118 -0.9232545495033264 0.8720768690109253 0.9014461636543274 0.11058007925748825 -0.40527859330177307 -0.10448028147220612
pumpkin/seq-01/frame-000468.color.png 1.2240686416625977 -0.9174627065658569 0.8770370483398438 0.9024906158447266 0.10819706320762634 -0.4035106897354126 -0.10480081290006638
pumpkin/seq-01/frame-000469.color.png 1.2234395742416382 -0.9183545708656311 0.8756609559059143 0.9040424227714539 0.11127578467130661 -0.39908021688461304 -0.10516606271266937
pumpkin/seq-01/frame-000470.color.png 1.2105368375778198 -0.9243291616439819 0.8625009655952454 0.9029713273048401 0.11060289293527603 -0.40236568450927734 -0.10252537578344345
pumpkin/seq-01/frame-000471.color.png 1.2017196416854858 -0.9307066798210144 0.8671250343322754 0.9026841521263123 0.1108667254447937 -0.4016039967536926 -0.10763022303581238
pumpkin/seq-01/frame-000472.color.png 1.1802343130111694 -0.9350166320800781 0.8620182871818542 0.9017212390899658 0.11056225746870041 -0.4040577709674835 -0.10682796686887741
pumpkin/seq-01/frame-000473.color.png 1.173843264579773 -0.9360859990119934 0.8485434055328369 0.9010988473892212 0.11174684017896652 -0.40468743443489075 -0.10845096409320831
pumpkin/seq-01/frame-000474.color.png 1.139022946357727 -0.9323857426643372 0.8536167740821838 0.9021143317222595 0.11584307998418808 -0.40176793932914734 -0.1065484955906868
pumpkin/seq-01/frame-000475.color.png 1.1253865957260132 -0.9472331404685974 0.8557778596878052 0.905927836894989 0.11680983006954193 -0.39219942688941956 -0.10876543074846268
pumpkin/seq-01/frame-000476.color.png 1.110916256904602 -0.9347105622291565 0.852225661277771 0.902160108089447 0.11952629685401917 -0.3997883200645447 -0.10949881374835968
pumpkin/seq-01/frame-000477.color.png 1.0586174726486206 -0.9173705577850342 0.8626694083213806 0.9044705629348755 0.12000183016061783 -0.39696401357650757 -0.09975983947515488
pumpkin/seq-01/frame-000478.color.png 1.0632952451705933 -0.9162883758544922 0.8539236783981323 0.9026418924331665 0.11459875851869583 -0.4024370014667511 -0.10074303299188614
pumpkin/seq-01/frame-000479.color.png 1.0290024280548096 -0.9394540190696716 0.8473885655403137 0.8991312384605408 0.11845547705888748 -0.4080468714237213 -0.1050182431936264
pumpkin/seq-01/frame-000480.color.png 1.0057082176208496 -0.9437263011932373 0.8395134806632996 0.8962593078613281 0.11873099952936172 -0.4138447940349579 -0.10655801743268967
pumpkin/seq-01/frame-000481.color.png 0.9973013401031494 -0.95444655418396 0.8248295187950134 0.8972042798995972 0.12006799876689911 -0.4117887020111084 -0.10506230592727661
pumpkin/seq-01/frame-000482.color.png 0.9782776832580566 -0.9384781122207642 0.8400471806526184 0.8916491866111755 0.10989192873239517 -0.42681875824928284 -0.10349567979574203
pumpkin/seq-01/frame-000483.color.png 0.9721803665161133 -0.9442768096923828 0.8550499081611633 0.8919314742088318 0.11025473475456238 -0.42455440759658813 -0.10979950428009033
pumpkin/seq-01/frame-000484.color.png 0.9390630722045898 -0.9519082307815552 0.8709406852722168 0.8928211331367493 0.11207614839076996 -0.42201846837997437 -0.11049813777208328
pumpkin/seq-01/frame-000485.color.png 0.9450762271881104 -0.9581992030143738 0.8478971123695374 0.8931125402450562 0.10959556698799133 -0.4208888113498688 -0.11485279351472855
pumpkin/seq-01/frame-000486.color.png 0.9090782403945923 -0.9716675877571106 0.8618637919425964 0.8915411233901978 0.11362196505069733 -0.42233404517173767 -0.117806576192379
pumpkin/seq-01/frame-000487.color.png 0.9015721082687378 -0.9709463119506836 0.8490859866142273 0.890620231628418 0.11932336539030075 -0.4228745996952057 -0.1171945109963417
pumpkin/seq-01/frame-000488.color.png 0.88663250207901 -0.9896959066390991 0.8577314019203186 0.8874461650848389 0.11872992664575577 -0.42892909049987793 -0.11984262615442276
pumpkin/seq-01/frame-000489.color.png 0.8289068341255188 -0.9931714534759521 0.8461066484451294 0.8921889662742615 0.12224581837654114 -0.4174150824546814 -0.1217346042394638
pumpkin/seq-01/frame-000490.color.png 0.8256037831306458 -0.980210542678833 0.8492302894592285 0.8923429846763611 0.12040884792804718 -0.41750630736351013 -0.12212400883436203
pumpkin/seq-01/frame-000491.color.png 0.7652117013931274 -0.9925271272659302 0.8427234888076782 0.89077228307724 0.1187257394194603 -0.4201432764530182 -0.12613001465797424
pumpkin/seq-01/frame-000492.color.png 0.7454550266265869 -1.003488302230835 0.8447833061218262 0.8912527561187744 0.11814466863870621 -0.4193958640098572 -0.12576842308044434
pumpkin/seq-01/frame-000493.color.png 0.7056828141212463 -0.9995284080505371 0.8385071158409119 0.8933699727058411 0.11973217874765396 -0.41523903608322144 -0.12300741672515869
pumpkin/seq-01/frame-000494.color.png 0.6980748772621155 -1.0014292001724243 0.8555721044540405 0.8915641903877258 0.12077499181032181 -0.41897881031036377 -0.12240622192621231
pumpkin/seq-01/frame-000495.color.png 0.6648289561271667 -1.0055538415908813 0.8446625471115112 0.8944982886314392 0.12192591279745102 -0.41307106614112854 -0.11991362273693085
pumpkin/seq-01/frame-000496.color.png 0.6262294054031372 -1.0118107795715332 0.8383393287658691 0.8952460289001465 0.12036334723234177 -0.41283929347991943 -0.11666698008775711
pumpkin/seq-01/frame-000497.color.png 0.5981714129447937 -1.0116338729858398 0.8350620865821838 0.8960208892822266 0.11637110263109207 -0.4120231866836548 -0.11764957010746002
pumpkin/seq-01/frame-000498.color.png 0.5642268657684326 -1.0045479536056519 0.83441561460495 0.8943786025047302 0.11793491244316101 -0.415800541639328 -0.11527419090270996
pumpkin/seq-01/frame-000499.color.png 0.5125755071640015 -1.0141338109970093 0.827998697757721 0.8974148631095886 0.11957353353500366 -0.407498300075531 -0.11955718696117401
pumpkin/seq-01/frame-000500.color.png 0.4864940047264099 -1.009852409362793 0.8240180611610413 0.8993504643440247 0.11739213764667511 -0.40362632274627686 -0.12030690163373947
pumpkin/seq-01/frame-000501.color.png 0.44082602858543396 -1.0095651149749756 0.8169053196907043 0.8990873694419861 0.11385940760374069 -0.40446212887763977 -0.12283455580472946
pumpkin/seq-01/frame-000502.color.png 0.429916113615036 -1.0133893489837646 0.8036222457885742 0.9008563160896301 0.11456318199634552 -0.39956745505332947 -0.12521527707576752
pumpkin/seq-01/frame-000503.color.png 0.41197869181632996 -1.0188984870910645 0.7850102186203003 0.9013329744338989 0.11108043044805527 -0.3986547291278839 -0.1278063952922821
pumpkin/seq-01/frame-000504.color.png 0.38720741868019104 -1.0203160047531128 0.8006336688995361 0.9005932211875916 0.1148693859577179 -0.4012617766857147 -0.12135021388530731
pumpkin/seq-01/frame-000505.color.png 0.3365984261035919 -1.0223984718322754 0.7914866805076599 0.9047548174858093 0.1172037199139595 -0.39143383502960205 -0.12025575339794159
pumpkin/seq-01/frame-000506.color.png 0.3457752466201782 -1.020675539970398 0.800780713558197 0.9055189490318298 0.12017027288675308 -0.38781875371932983 -0.12325241416692734
pumpkin/seq-01/frame-000507.color.png 0.3043105900287628 -1.0265363454818726 0.7938673496246338 0.906337320804596 0.12267685681581497 -0.3864135444164276 -0.1191127747297287
pumpkin/seq-01/frame-000508.color.png 0.2882038950920105 -1.0198173522949219 0.7899256944656372 0.9022823572158813 0.11962810903787613 -0.39642801880836487 -0.12008534371852875
pumpkin/seq-01/frame-000509.color.png 0.29068267345428467 -1.0243834257125854 0.7883307933807373 0.9066904783248901 0.11988666653633118 -0.3860371708869934 -0.12047748267650604
pumpkin/seq-01/frame-000510.color.png 0.2628433406352997 -1.023635745048523 0.7886688709259033 0.9047673940658569 0.11997076869010925 -0.389970600605011 -0.12217210978269577
pumpkin/seq-01/frame-000511.color.png 0.30157122015953064 -1.0056726932525635 0.7832577228546143 0.9031991958618164 0.11749834567308426 -0.3947599530220032 -0.12078865617513657
pumpkin/seq-01/frame-000512.color.png 0.273485392332077 -1.0145024061203003 0.8083227872848511 0.9042523503303528 0.12178245186805725 -0.3886938691139221 -0.12811653316020966
pumpkin/seq-01/frame-000513.color.png 0.24426265060901642 -1.018126368522644 0.7929651141166687 0.9062148928642273 0.12171120196580887 -0.3842181861400604 -0.1278167963027954
pumpkin/seq-01/frame-000514.color.png 0.22628028690814972 -1.023288369178772 0.7959623336791992 0.9063718914985657 0.11950428038835526 -0.38482657074928284 -0.12695430219173431
pumpkin/seq-01/frame-000515.color.png 0.2191951721906662 -1.0262534618377686 0.7990394830703735 0.9058364629745483 0.11880893260240555 -0.38709333539009094 -0.1245129182934761
pumpkin/seq-01/frame-000516.color.png 0.22019125521183014 -1.027472972869873 0.7933814525604248 0.9039217829704285 0.12082314491271973 -0.389593243598938 -0.12862427532672882
pumpkin/seq-01/frame-000517.color.png 0.20595858991146088 -1.0308796167373657 0.8005412220954895 0.9047825336456299 0.1220593973994255 -0.38868260383605957 -0.12407944351434708
pumpkin/seq-01/frame-000518.color.png 0.20389598608016968 -1.021348237991333 0.8071444630622864 0.9076350927352905 0.11823085695505142 -0.3834966719150543 -0.12308690696954727
pumpkin/seq-01/frame-000519.color.png 0.2225499153137207 -1.0149574279785156 0.8124681711196899 0.9110665321350098 0.11985170096158981 -0.37436747550964355 -0.12426745891571045
pumpkin/seq-01/frame-000520.color.png 0.18820308148860931 -1.0153015851974487 0.8055613040924072 0.9122171401977539 0.1172507107257843 -0.37319788336753845 -0.12180047482252121
pumpkin/seq-01/frame-000521.color.png 0.17923109233379364 -1.0141057968139648 0.8134707808494568 0.912277340888977 0.11635288596153259 -0.3730942904949188 -0.12252650409936905
pumpkin/seq-01/frame-000522.color.png 0.1547454297542572 -1.0130797624588013 0.806399405002594 0.9143210053443909 0.11815302819013596 -0.3695398271083832 -0.11617822200059891
pumpkin/seq-01/frame-000523.color.png 0.15175625681877136 -1.011511206626892 0.8054474592208862 0.9174032211303711 0.1166655570268631 -0.3611535429954529 -0.11970244348049164
pumpkin/seq-01/frame-000524.color.png 0.1316632181406021 -1.0194427967071533 0.8145033121109009 0.9163374900817871 0.11697053909301758 -0.3649587631225586 -0.11596862971782684
pumpkin/seq-01/frame-000525.color.png 0.10795442759990692 -1.014092206954956 0.8187040090560913 0.9128167033195496 0.11598094552755356 -0.37342482805252075 -0.11776243150234222
pumpkin/seq-01/frame-000526.color.png 0.06456130743026733 -1.0033634901046753 0.835048258304596 0.9129497408866882 0.11689819395542145 -0.3717023730278015 -0.12122322618961334
pumpkin/seq-01/frame-000527.color.png 0.07132388651371002 -1.003031849861145 0.8414716124534607 0.9139931201934814 0.11556727439165115 -0.37003883719444275 -0.11971636116504669
pumpkin/seq-01/frame-000528.color.png 0.06893418729305267 -1.0120868682861328 0.8350571990013123 0.912810206413269 0.10967449098825455 -0.3737090229988098 -0.1228441596031189
pumpkin/seq-01/frame-000529.color.png 0.05112184211611748 -1.010451316833496 0.8454862236976624 0.9076043367385864 0.11457917094230652 -0.3841590881347656 -0.12469054013490677
pumpkin/seq-01/frame-000530.color.png 0.06327925622463226 -1.0201681852340698 0.8512340784072876 0.911717414855957 0.11032570153474808 -0.3760911822319031 -0.1231054961681366
pumpkin/seq-01/frame-000531.color.png 0.025647960603237152 -1.009400725364685 0.8551455140113831 0.9116854071617126 0.10751187056303024 -0.3764345347881317 -0.12477166205644608
pumpkin/seq-01/frame-000532.color.png 0.025761887431144714 -1.0074328184127808 0.8596912026405334 0.910429060459137 0.10666146129369736 -0.37870627641677856 -0.12776511907577515
pumpkin/seq-01/frame-000533.color.png 0.013255387544631958 -1.0082672834396362 0.8611835837364197 0.9103378653526306 0.10622617602348328 -0.378962904214859 -0.12801550328731537
pumpkin/seq-01/frame-000534.color.png 0.014053087681531906 -1.007725715637207 0.8658647537231445 0.9076060652732849 0.10613960027694702 -0.38578149676322937 -0.12711529433727264
pumpkin/seq-01/frame-000535.color.png 0.003652140498161316 -1.0074326992034912 0.8636128306388855 0.9089795351028442 0.10237739980220795 -0.38284140825271606 -0.12925781309604645
pumpkin/seq-01/frame-000536.color.png -0.017712555825710297 -1.0006736516952515 0.8685815334320068 0.9118762612342834 0.1063578650355339 -0.37605249881744385 -0.1255161315202713
pumpkin/seq-01/frame-000537.color.png 0.0070370398461818695 -1.0000139474868774 0.8607302904129028 0.9161925911903381 0.10771986097097397 -0.3652489483356476 -0.12482330948114395
pumpkin/seq-01/frame-000538.color.png -0.03449714928865433 -0.9904732704162598 0.8657326698303223 0.9195912480354309 0.10806144773960114 -0.3576602637767792 -0.12146531790494919
pumpkin/seq-01/frame-000539.color.png -0.03818349540233612 -0.9959573745727539 0.8645289540290833 0.9211196303367615 0.10201749205589294 -0.35603949427604675 -0.11986186355352402
pumpkin/seq-01/frame-000540.color.png -0.050390686839818954 -0.9935719966888428 0.8712787628173828 0.9266698360443115 0.09754413366317749 -0.3437449336051941 -0.11665263026952744
pumpkin/seq-01/frame-000541.color.png -0.06695885956287384 -0.9793935418128967 0.8805551528930664 0.9306644201278687 0.09449972957372665 -0.3338698446750641 -0.11603595316410065
pumpkin/seq-01/frame-000542.color.png -0.06485675275325775 -0.9849230051040649 0.8842162489891052 0.9338456392288208 0.0927065908908844 -0.32451897859573364 -0.1184273436665535
pumpkin/seq-01/frame-000543.color.png -0.07116398215293884 -0.9842036366462708 0.8789559602737427 0.9364672899246216 0.08956383913755417 -0.3178543150424957 -0.11822029203176498
pumpkin/seq-01/frame-000544.color.png -0.08602361381053925 -0.9727963805198669 0.8726403713226318 0.9326736330986023 0.09545876085758209 -0.3290199637413025 -0.11292959004640579
pumpkin/seq-01/frame-000545.color.png -0.09776020050048828 -0.9817283153533936 0.8813737630844116 0.9333367347717285 0.0859639048576355 -0.33035293221473694 -0.11117353290319443
pumpkin/seq-01/frame-000546.color.png -0.10911428928375244 -0.9798176884651184 0.8885213732719421 0.9341428279876709 0.08655175566673279 -0.32811272144317627 -0.11057990789413452
pumpkin/seq-01/frame-000547.color.png -0.11230789124965668 -0.9825011491775513 0.8926244378089905 0.9383832216262817 0.09004108607769012 -0.3125162422657013 -0.11689000576734543
pumpkin/seq-01/frame-000548.color.png -0.12774360179901123 -0.9719326496124268 0.8972134590148926 0.9354745745658875 0.08975350856781006 -0.323375940322876 -0.11072268337011337
pumpkin/seq-01/frame-000549.color.png -0.13776353001594543 -0.9701471924781799 0.9001607894897461 0.9352355003356934 0.09070832282304764 -0.32486608624458313 -0.1075575202703476
pumpkin/seq-01/frame-000550.color.png -0.17063981294631958 -0.9708669781684875 0.8951115608215332 0.9342834949493408 0.08934413641691208 -0.3274180293083191 -0.10922189801931381
pumpkin/seq-01/frame-000551.color.png -0.18210023641586304 -0.9692381620407104 0.90327388048172 0.9401771426200867 0.08606141060590744 -0.312253475189209 -0.10563239455223083
pumpkin/seq-01/frame-000552.color.png -0.18037129938602448 -0.9682461023330688 0.8905647397041321 0.9386071562767029 0.08174695074558258 -0.31757214665412903 -0.10715372860431671
pumpkin/seq-01/frame-000553.color.png -0.1641489565372467 -0.9737769961357117 0.8885743021965027 0.9394335746765137 0.0849468931555748 -0.31302714347839355 -0.11073537915945053
pumpkin/seq-01/frame-000554.color.png -0.18256479501724243 -0.9732686281204224 0.8833489418029785 0.9356992244720459 0.08183370530605316 -0.32387834787368774 -0.11345943063497543
pumpkin/seq-01/frame-000555.color.png -0.19330602884292603 -0.9759114980697632 0.8948307037353516 0.9348970651626587 0.08708468079566956 -0.32471364736557007 -0.11377432197332382
pumpkin/seq-01/frame-000556.color.png -0.20676648616790771 -0.9781036376953125 0.8839325308799744 0.9382398128509521 0.08610448241233826 -0.31617188453674316 -0.11102920025587082
pumpkin/seq-01/frame-000557.color.png -0.20458918809890747 -0.9734746813774109 0.8925318717956543 0.9366438388824463 0.08845685422420502 -0.31953495740890503 -0.1130099669098854
pumpkin/seq-01/frame-000558.color.png -0.2025376856327057 -0.9774039387702942 0.8954771757125854 0.9341853857040405 0.08791732043027878 -0.3269401490688324 -0.11259795725345612
pumpkin/seq-01/frame-000559.color.png -0.22924312949180603 -0.9711131453514099 0.8974481225013733 0.9382335543632507 0.08210251480340958 -0.31640854477882385 -0.1134132444858551
pumpkin/seq-01/frame-000560.color.png -0.23885181546211243 -0.9702839851379395 0.9089478850364685 0.93841552734375 0.0755077674984932 -0.3180668354034424 -0.11184074729681015
pumpkin/seq-01/frame-000561.color.png -0.249876469373703 -0.9647554159164429 0.915229320526123 0.9372602105140686 0.07645945250988007 -0.3214262127876282 -0.11127650737762451
pumpkin/seq-01/frame-000562.color.png -0.25988084077835083 -0.962009072303772 0.9130491614341736 0.9362406134605408 0.08156724274158478 -0.32483696937561035 -0.10621323436498642
pumpkin/seq-01/frame-000563.color.png -0.2772400975227356 -0.960209310054779 0.9215807914733887 0.9396123290061951 0.0775611475110054 -0.31558099389076233 -0.10733836889266968
pumpkin/seq-01/frame-000564.color.png -0.2913678288459778 -0.9633519649505615 0.9243016242980957 0.9380476474761963 0.07739613205194473 -0.32000529766082764 -0.10804273188114166
pumpkin/seq-01/frame-000565.color.png -0.27067193388938904 -0.9732939004898071 0.9239738583564758 0.9388530850410461 0.07219487428665161 -0.32063087821006775 -0.10265746712684631
pumpkin/seq-01/frame-000566.color.png -0.2665630877017975 -0.9742917418479919 0.931092381477356 0.9395903944969177 0.06432762742042542 -0.3198662996292114 -0.10352453589439392
pumpkin/seq-01/frame-000567.color.png -0.2760016620159149 -0.966518759727478 0.9378335475921631 0.9362706542015076 0.08207900822162628 -0.326277494430542 -0.10101098567247391
pumpkin/seq-01/frame-000568.color.png -0.2872050106525421 -0.969936728477478 0.9381802082061768 0.9318634271621704 0.0767868235707283 -0.3406655192375183 -0.0983937680721283
pumpkin/seq-01/frame-000569.color.png -0.3106941878795624 -0.9720354080200195 0.9492082595825195 0.9318975806236267 0.07803131639957428 -0.3384091258049011 -0.10467696934938431
pumpkin/seq-01/frame-000570.color.png -0.3049677908420563 -0.9759395718574524 0.9671133160591125 0.9302554726600647 0.07947287708520889 -0.3442263901233673 -0.09908108413219452
pumpkin/seq-01/frame-000571.color.png -0.32223495841026306 -0.9724823236465454 0.9665588140487671 0.9332754611968994 0.0743296891450882 -0.3352200984954834 -0.10535436868667603
pumpkin/seq-01/frame-000572.color.png -0.3375333547592163 -0.9741876125335693 0.9781883358955383 0.9270184636116028 0.0753626674413681 -0.3526255786418915 -0.10301603376865387
pumpkin/seq-01/frame-000573.color.png -0.34444329142570496 -0.9842384457588196 0.9856330156326294 0.9296396970748901 0.06813915073871613 -0.347292959690094 -0.1025407537817955
pumpkin/seq-01/frame-000574.color.png -0.3481311500072479 -0.9821016788482666 0.983548641204834 0.9306082129478455 0.068480484187603 -0.34445813298225403 -0.10308948159217834
pumpkin/seq-01/frame-000575.color.png -0.3500739336013794 -0.9813477396965027 0.9852275848388672 0.9322316646575928 0.06715492159128189 -0.3401075303554535 -0.10373617708683014
pumpkin/seq-01/frame-000576.color.png -0.35863935947418213 -0.9853725433349609 0.9875022768974304 0.9352886080741882 0.06246502324938774 -0.33373159170150757 -0.09978337585926056
pumpkin/seq-01/frame-000577.color.png -0.36015400290489197 -0.9853819608688354 0.9951241612434387 0.9367316961288452 0.06122931092977524 -0.32950788736343384 -0.10104053467512131
pumpkin/seq-01/frame-000578.color.png -0.3605891168117523 -0.9892686605453491 0.9985763430595398 0.9344426989555359 0.061888471245765686 -0.3356320559978485 -0.10167557746171951
pumpkin/seq-01/frame-000579.color.png -0.3639404773712158 -0.9854530096054077 1.002402901649475 0.9370613098144531 0.06654354184865952 -0.3273189067840576 -0.10173643380403519
pumpkin/seq-01/frame-000580.color.png -0.37808483839035034 -0.9834536910057068 1.0076591968536377 0.9319860339164734 0.06519883126020432 -0.3412790596485138 -0.1033422201871872
pumpkin/seq-01/frame-000581.color.png -0.3793475329875946 -0.978714108467102 1.010629415512085 0.9395955204963684 0.05648959055542946 -0.320767879486084 -0.10524878650903702
pumpkin/seq-01/frame-000582.color.png -0.38942626118659973 -0.9882235527038574 1.0153005123138428 0.9394963383674622 0.054538920521736145 -0.320914626121521 -0.10670483857393265
pumpkin/seq-01/frame-000583.color.png -0.39652588963508606 -0.9825697541236877 1.0123615264892578 0.9365488886833191 0.054426588118076324 -0.3293393552303314 -0.10700270533561707
pumpkin/seq-01/frame-000584.color.png -0.3944196403026581 -0.9823631048202515 1.0154845714569092 0.9399147033691406 0.06299950182437897 -0.3183958828449249 -0.10590354353189468
pumpkin/seq-01/frame-000585.color.png -0.3885967433452606 -0.9882161617279053 1.0101451873779297 0.9385331273078918 0.06393558531999588 -0.32294967770576477 -0.10378522425889969
pumpkin/seq-01/frame-000586.color.png -0.4093789756298065 -0.9784494638442993 1.007240891456604 0.9385886192321777 0.060103144496679306 -0.32115936279296875 -0.11088576167821884
pumpkin/seq-01/frame-000587.color.png -0.42476406693458557 -0.9798738956451416 1.0059115886688232 0.9399604201316833 0.0524100661277771 -0.31854695081710815 -0.11070415377616882
pumpkin/seq-01/frame-000588.color.png -0.4139569103717804 -0.976675808429718 1.0021272897720337 0.9370534420013428 0.048696327954530716 -0.32752570509910583 -0.11084495484828949
pumpkin/seq-01/frame-000589.color.png -0.42821183800697327 -0.9749761819839478 1.011971354484558 0.9422650337219238 0.053271785378456116 -0.3113037049770355 -0.11130482703447342
pumpkin/seq-01/frame-000590.color.png -0.42439231276512146 -0.9827856421470642 1.0153108835220337 0.9399868249893188 0.04943840578198433 -0.31913208961486816 -0.11016105115413666
pumpkin/seq-01/frame-000591.color.png -0.43166542053222656 -0.9809090495109558 1.0106152296066284 0.9416052103042603 0.04958388954401016 -0.3140135407447815 -0.11098036170005798
pumpkin/seq-01/frame-000592.color.png -0.4320417046546936 -0.9782440662384033 1.0196881294250488 0.940584659576416 0.04590331017971039 -0.31915467977523804 -0.10645986348390579
pumpkin/seq-01/frame-000593.color.png -0.428432822227478 -0.9780380725860596 1.0232466459274292 0.9414169192314148 0.04848388582468033 -0.3162093460559845 -0.1067475825548172
pumpkin/seq-01/frame-000594.color.png -0.43255507946014404 -0.9784393310546875 1.034393548965454 0.9440221786499023 0.04874755069613457 -0.30806756019592285 -0.107426218688488
pumpkin/seq-01/frame-000595.color.png -0.4281301200389862 -0.9824883341789246 1.044492244720459 0.947087824344635 0.0464579313993454 -0.29997485876083374 -0.10431307554244995
pumpkin/seq-01/frame-000596.color.png -0.4262521266937256 -0.9810674786567688 1.0446672439575195 0.9501876831054688 0.04547934979200363 -0.290605366230011 -0.1030694991350174
pumpkin/seq-01/frame-000597.color.png -0.4361746907234192 -0.9814390540122986 1.0482500791549683 0.9494264721870422 0.0445885993540287 -0.29286015033721924 -0.10408739745616913
pumpkin/seq-01/frame-000598.color.png -0.44093891978263855 -0.9808448553085327 1.0427452325820923 0.9543555974960327 0.04368113353848457 -0.27727949619293213 -0.10204681009054184
pumpkin/seq-01/frame-000599.color.png -0.4497515857219696 -0.9852237701416016 1.0440653562545776 0.9498065710067749 0.042696818709373474 -0.29193612933158875 -0.10400773584842682
pumpkin/seq-01/frame-000600.color.png -0.4568507969379425 -0.9784155488014221 1.0383057594299316 0.9534408450126648 0.04450839012861252 -0.28019100427627563 -0.10228697210550308
pumpkin/seq-01/frame-000601.color.png -0.44980287551879883 -0.9820427298545837 1.0412511825561523 0.9558038115501404 0.046941909939050674 -0.27204176783561707 -0.10113764554262161
pumpkin/seq-01/frame-000602.color.png -0.44824057817459106 -0.9843071103096008 1.051914930343628 0.9585307240486145 0.04227465018630028 -0.2641722559928894 -0.09820728749036789
pumpkin/seq-01/frame-000603.color.png -0.44670918583869934 -0.985001802444458 1.0469437837600708 0.9582279920578003 0.03408041596412659 -0.2666206657886505 -0.09773026406764984
pumpkin/seq-01/frame-000604.color.png -0.45749035477638245 -0.9828903079032898 1.0459568500518799 0.9558503031730652 0.042471643537282944 -0.2739660441875458 -0.09741067886352539
pumpkin/seq-01/frame-000605.color.png -0.4393656253814697 -0.9883571863174438 1.0482932329177856 0.9589506983757019 0.04308392480015755 -0.2639770805835724 -0.09419864416122437
pumpkin/seq-01/frame-000606.color.png -0.4391908347606659 -0.9888783693313599 1.042609691619873 0.9565648436546326 0.03995175287127495 -0.2716677188873291 -0.09789858013391495
pumpkin/seq-01/frame-000607.color.png -0.46056389808654785 -0.982184648513794 1.0542172193527222 0.9604166150093079 0.039766840636730194 -0.2587445378303528 -0.09523675590753555
pumpkin/seq-01/frame-000608.color.png -0.46338358521461487 -0.9761738181114197 1.044148564338684 0.9622132182121277 0.037058018147945404 -0.25325915217399597 -0.09290953725576401
pumpkin/seq-01/frame-000609.color.png -0.4664413332939148 -0.9706499576568604 1.0507521629333496 0.9619708061218262 0.03397846966981888 -0.2545025646686554 -0.09319905191659927
pumpkin/seq-01/frame-000610.color.png -0.4928189218044281 -0.9643334150314331 1.038589358329773 0.9618435502052307 0.01690695434808731 -0.2563523054122925 -0.09409932792186737
pumpkin/seq-01/frame-000611.color.png -0.4884006083011627 -0.9641726613044739 1.0352941751480103 0.9643959403038025 0.01640692725777626 -0.2472274899482727 -0.09246649593114853
pumpkin/seq-01/frame-000612.color.png -0.5188162922859192 -0.95805424451828 1.0322448015213013 0.9651046395301819 0.023945830762386322 -0.24544371664524078 -0.08807455003261566
pumpkin/seq-01/frame-000613.color.png -0.5350461006164551 -0.9508790969848633 1.0295912027359009 0.9634103775024414 0.0244157575070858 -0.25188711285591125 -0.08830105513334274
pumpkin/seq-01/frame-000614.color.png -0.5493342876434326 -0.9514150023460388 1.0446782112121582 0.9702779650688171 0.02339090034365654 -0.2258250117301941 -0.08376558870077133
pumpkin/seq-01/frame-000615.color.png -0.5533939003944397 -0.943970799446106 1.0322967767715454 0.9699867963790894 0.020982276648283005 -0.22733639180660248 -0.08368752151727676
pumpkin/seq-01/frame-000616.color.png -0.5555607676506042 -0.947230875492096 1.0459887981414795 0.9723397493362427 0.022991826757788658 -0.2165241241455078 -0.0845237597823143
pumpkin/seq-01/frame-000617.color.png -0.5449596047401428 -0.9466758966445923 1.0415599346160889 0.9733449816703796 0.022067125886678696 -0.2133558690547943 -0.08118894696235657
pumpkin/seq-01/frame-000618.color.png -0.5339630246162415 -0.9416162371635437 1.0216673612594604 0.9745323657989502 0.023366138339042664 -0.20630453526973724 -0.08472998440265656
pumpkin/seq-01/frame-000619.color.png -0.5438151359558105 -0.9362027049064636 1.0160170793533325 0.9753994345664978 0.024308903142809868 -0.20229612290859222 -0.08415188640356064
pumpkin/seq-01/frame-000620.color.png -0.5453442931175232 -0.9388397336006165 1.032056212425232 0.9741785526275635 0.020590296015143394 -0.207992285490036 -0.08539015054702759
pumpkin/seq-01/frame-000621.color.png -0.5309738516807556 -0.9347189664840698 1.0236982107162476 0.9766103625297546 0.02826964110136032 -0.19552606344223022 -0.08486774563789368
pumpkin/seq-01/frame-000622.color.png -0.5273973345756531 -0.9258174896240234 1.0204181671142578 0.9780189990997314 0.026629598811268806 -0.18802620470523834 -0.08611512929201126
pumpkin/seq-01/frame-000623.color.png -0.5203474164009094 -0.9299634695053101 1.0169504880905151 0.9759706854820251 0.026687273755669594 -0.19891121983528137 -0.08487395197153091
pumpkin/seq-01/frame-000624.color.png -0.5233855247497559 -0.9281972646713257 1.0066009759902954 0.9754083156585693 0.028614334762096405 -0.2011341005563736 -0.08546967804431915
pumpkin/seq-01/frame-000625.color.png -0.5231940150260925 -0.930806577205658 1.0091263055801392 0.9761671423912048 0.02383778803050518 -0.19850251078605652 -0.08441753685474396
pumpkin/seq-01/frame-000626.color.png -0.5224274396896362 -0.9342098236083984 1.0187591314315796 0.9787543416023254 0.022881923243403435 -0.184136763215065 -0.08723568171262741
pumpkin/seq-01/frame-000627.color.png -0.510572612285614 -0.9274703860282898 1.0037750005722046 0.9783620834350586 0.028343195095658302 -0.18514782190322876 -0.08789002895355225
pumpkin/seq-01/frame-000628.color.png -0.5103017091751099 -0.934607207775116 1.0235682725906372 0.9773663878440857 0.02660512365400791 -0.19148005545139313 -0.08592202514410019
pumpkin/seq-01/frame-000629.color.png -0.5122100710868835 -0.9310440421104431 1.0204848051071167 0.9786158204078674 0.026726091280579567 -0.18565337359905243 -0.0844370648264885
pumpkin/seq-01/frame-000630.color.png -0.5006596446037292 -0.9310524463653564 1.0211352109909058 0.9795442223548889 0.02920711785554886 -0.18248476088047028 -0.07962024956941605
pumpkin/seq-01/frame-000631.color.png -0.5124000310897827 -0.9249474406242371 1.0168797969818115 0.979804277420044 0.02788425236940384 -0.1809944212436676 -0.08029412478208542
pumpkin/seq-01/frame-000632.color.png -0.5109385848045349 -0.9246443510055542 1.0110288858413696 0.9804814457893372 0.026841120794415474 -0.17773514986038208 -0.0796627625823021
pumpkin/seq-01/frame-000633.color.png -0.4955277740955353 -0.9375668168067932 1.0376728773117065 0.9786936640739441 0.03227832540869713 -0.18514356017112732 -0.08269599080085754
pumpkin/seq-01/frame-000634.color.png -0.4845521152019501 -0.9357104301452637 1.0451984405517578 0.9797260165214539 0.027993401512503624 -0.1792340725660324 -0.08502066880464554
pumpkin/seq-01/frame-000635.color.png -0.4671574532985687 -0.9421732425689697 1.0462849140167236 0.9790451526641846 0.028467658907175064 -0.18350918591022491 -0.08357434719800949
pumpkin/seq-01/frame-000636.color.png -0.4647693336009979 -0.9456652402877808 1.0412777662277222 0.9782930612564087 0.028815288096666336 -0.18655432760715485 -0.08549830317497253
pumpkin/seq-01/frame-000637.color.png -0.48417583107948303 -0.9373952746391296 1.0464317798614502 0.9775460958480835 0.032291632145643234 -0.18925133347511292 -0.08686142414808273
pumpkin/seq-01/frame-000638.color.png -0.49016645550727844 -0.9342285990715027 1.0496156215667725 0.9797927141189575 0.029073184356093407 -0.18018323183059692 -0.08182291686534882
pumpkin/seq-01/frame-000639.color.png -0.5094640851020813 -0.9227434396743774 1.030844807624817 0.9794954657554626 0.030162042006850243 -0.1799188256263733 -0.08548680692911148
pumpkin/seq-01/frame-000640.color.png -0.5060009956359863 -0.9308071732521057 1.0260154008865356 0.9791463017463684 0.03081909753382206 -0.1807514876127243 -0.08747275173664093
pumpkin/seq-01/frame-000641.color.png -0.5072252154350281 -0.9287806749343872 1.0278042554855347 0.9790986180305481 0.03019949048757553 -0.18046171963214874 -0.08881143480539322
pumpkin/seq-01/frame-000642.color.png -0.5058354735374451 -0.9291141629219055 1.0464178323745728 0.9780243039131165 0.03187768533825874 -0.18508103489875793 -0.09053921699523926
pumpkin/seq-01/frame-000643.color.png -0.4776693284511566 -0.9390738010406494 1.0306793451309204 0.9798220992088318 0.03414519131183624 -0.1781536191701889 -0.08393023908138275
pumpkin/seq-01/frame-000644.color.png -0.45494699478149414 -0.9415000081062317 1.0540388822555542 0.9824928045272827 0.03561846911907196 -0.16323596239089966 -0.08242000639438629
pumpkin/seq-01/frame-000645.color.png -0.4819822609424591 -0.9329503774642944 1.041668176651001 0.9839849472045898 0.04140579327940941 -0.15228140354156494 -0.08288295567035675
pumpkin/seq-01/frame-000646.color.png -0.511384904384613 -0.9122891426086426 1.0442092418670654 0.9850329756736755 0.037575095891952515 -0.14903624355793 -0.07801464200019836
pumpkin/seq-01/frame-000647.color.png -0.5198621153831482 -0.9198973774909973 1.0569322109222412 0.9863738417625427 0.039297498762607574 -0.13991695642471313 -0.07710780948400497
pumpkin/seq-01/frame-000648.color.png -0.5366897583007812 -0.9230823516845703 1.0645982027053833 0.9878189563751221 0.030150150880217552 -0.13063544034957886 -0.07898855209350586
pumpkin/seq-01/frame-000649.color.png -0.5274189114570618 -0.9110305309295654 1.0355405807495117 0.9903546571731567 0.04263048619031906 -0.10539963841438293 -0.07919131219387054
pumpkin/seq-01/frame-000650.color.png -0.546638011932373 -0.9159838557243347 1.0604684352874756 0.9907630681991577 0.049126628786325455 -0.09955653548240662 -0.07786901295185089
pumpkin/seq-01/frame-000651.color.png -0.5344969034194946 -0.922726035118103 1.0739367008209229 0.9905430674552917 0.0440811850130558 -0.10681769251823425 -0.0739683210849762
pumpkin/seq-01/frame-000652.color.png -0.5452925562858582 -0.922914445400238 1.0942518711090088 0.9912353754043579 0.046356286853551865 -0.10251760482788086 -0.06923606246709824
pumpkin/seq-01/frame-000653.color.png -0.5472710728645325 -0.9211346507072449 1.09454345703125 0.9917434453964233 0.049727797508239746 -0.09608737379312515 -0.06884278357028961
pumpkin/seq-01/frame-000654.color.png -0.5295819044113159 -0.9179217219352722 1.0768444538116455 0.9917852878570557 0.04159558564424515 -0.09927201271057129 -0.06911308318376541
pumpkin/seq-01/frame-000655.color.png -0.5230088829994202 -0.9223113059997559 1.075377106666565 0.992714524269104 0.042089398950338364 -0.09008461236953735 -0.06805207580327988
pumpkin/seq-01/frame-000656.color.png -0.5293025970458984 -0.9209816455841064 1.0692098140716553 0.9925439953804016 0.04280620068311691 -0.09191717952489853 -0.06763985753059387
pumpkin/seq-01/frame-000657.color.png -0.546333372592926 -0.9214103817939758 1.0683200359344482 0.992953360080719 0.03955696150660515 -0.08861351758241653 -0.0680190920829773
pumpkin/seq-01/frame-000658.color.png -0.5340971350669861 -0.9254919290542603 1.0557348728179932 0.9924112558364868 0.0510207936167717 -0.08820546418428421 -0.06882317364215851
pumpkin/seq-01/frame-000659.color.png -0.5209333896636963 -0.9315893054008484 1.067371129989624 0.9923368692398071 0.04317302256822586 -0.09399126470088959 -0.06759628653526306
pumpkin/seq-01/frame-000660.color.png -0.5195131301879883 -0.9291080832481384 1.0660260915756226 0.993170976638794 0.0458800308406353 -0.08466009795665741 -0.06587180495262146
pumpkin/seq-01/frame-000661.color.png -0.5172296166419983 -0.9246006608009338 1.0515458583831787 0.9938974976539612 0.04964291304349899 -0.07481852918863297 -0.0640752762556076
pumpkin/seq-01/frame-000662.color.png -0.5251865386962891 -0.9201540350914001 1.0403586626052856 0.9947301149368286 0.04834955930709839 -0.06303127110004425 -0.06481831520795822
pumpkin/seq-01/frame-000663.color.png -0.5250664949417114 -0.9147955179214478 1.0375285148620605 0.9953467845916748 0.05367759242653847 -0.0519518107175827 -0.060865096747875214
pumpkin/seq-01/frame-000664.color.png -0.5584089756011963 -0.9147680401802063 1.054315447807312 0.9955130815505981 0.05096926912665367 -0.04764183610677719 -0.06392371654510498
pumpkin/seq-01/frame-000665.color.png -0.5740973353385925 -0.9155482649803162 1.0506380796432495 0.9960210919380188 0.04622407257556915 -0.04555712640285492 -0.061074819415807724
pumpkin/seq-01/frame-000666.color.png -0.5638850331306458 -0.9213343262672424 1.0519959926605225 0.9962696433067322 0.047223590314388275 -0.03802105039358139 -0.061410218477249146
pumpkin/seq-01/frame-000667.color.png -0.5628445148468018 -0.9235891699790955 1.0459411144256592 0.9963979721069336 0.04536634683609009 -0.04017837718129158 -0.059316474944353104
pumpkin/seq-01/frame-000668.color.png -0.5809779763221741 -0.9168329238891602 1.0588232278823853 0.996840238571167 0.04311138018965721 -0.036478228867053986 -0.055858466774225235
pumpkin/seq-01/frame-000669.color.png -0.587841808795929 -0.9117897152900696 1.0683435201644897 0.9968738555908203 0.04655630514025688 -0.034060731530189514 -0.053988512605428696
pumpkin/seq-01/frame-000670.color.png -0.5748669505119324 -0.9169750213623047 1.0683425664901733 0.9976178407669067 0.043092068284749985 -0.01814289204776287 -0.050719358026981354
pumpkin/seq-01/frame-000671.color.png -0.5679946541786194 -0.9120385646820068 1.0549287796020508 0.9979068636894226 0.04147045314311981 -0.019245781004428864 -0.045734092593193054
pumpkin/seq-01/frame-000672.color.png -0.5840880274772644 -0.9201977252960205 1.0670042037963867 0.9982417821884155 0.03652668371796608 -0.012935605831444263 -0.04485320672392845
pumpkin/seq-01/frame-000673.color.png -0.576538622379303 -0.918627142906189 1.069008469581604 0.9980463981628418 0.04112526774406433 -0.013230759650468826 -0.045132678002119064
pumpkin/seq-01/frame-000674.color.png -0.5780743956565857 -0.9219977855682373 1.074367642402649 0.9982457756996155 0.042296215891838074 -0.005405643954873085 -0.04107389971613884
pumpkin/seq-01/frame-000675.color.png -0.5762524604797363 -0.9263263940811157 1.0763123035430908 0.9979877471923828 0.04874812439084053 -0.0019500070484355092 -0.04050196707248688
pumpkin/seq-01/frame-000676.color.png -0.5784471035003662 -0.9374020099639893 1.0810050964355469 0.9976863861083984 0.05265570804476738 0.011699486523866653 -0.04138101264834404
pumpkin/seq-01/frame-000677.color.png -0.5716751217842102 -0.9373236298561096 1.0801061391830444 0.9973227381706238 0.0561666265130043 0.016283366829156876 -0.043901730328798294
pumpkin/seq-01/frame-000678.color.png -0.5824621319770813 -0.9400656223297119 1.0785269737243652 0.9978022575378418 0.05212560296058655 0.018021181225776672 -0.03672517091035843
pumpkin/seq-01/frame-000679.color.png -0.575416088104248 -0.9433304667472839 1.0642939805984497 0.9974489808082581 0.047374676913022995 0.039800696074962616 -0.035594500601291656
pumpkin/seq-01/frame-000680.color.png -0.5858318209648132 -0.9469102621078491 1.0827986001968384 0.9975400567054749 0.047223035246133804 0.03774542734026909 -0.03548695892095566
pumpkin/seq-01/frame-000681.color.png -0.5848028659820557 -0.9490934014320374 1.0907182693481445 0.9970165491104126 0.046506695449352264 0.053574901074171066 -0.030410945415496826
pumpkin/seq-01/frame-000682.color.png -0.6260736584663391 -0.9419301748275757 1.1040416955947876 0.9968713521957397 0.04742774739861488 0.05906493589282036 -0.02256954461336136
pumpkin/seq-01/frame-000683.color.png -0.6413611173629761 -0.9406157732009888 1.1115249395370483 0.99625563621521 0.03885839879512787 0.07335945218801498 -0.024148937314748764
pumpkin/seq-01/frame-000684.color.png -0.6484994888305664 -0.9402270913124084 1.1136839389801025 0.9963396787643433 0.04144202917814255 0.07101640105247498 -0.02337530441582203
pumpkin/seq-01/frame-000685.color.png -0.6501341462135315 -0.9468702077865601 1.129335880279541 0.9958896040916443 0.0322251096367836 0.08201133459806442 -0.02096746303141117
pumpkin/seq-01/frame-000686.color.png -0.6475170850753784 -0.9442779421806335 1.1394270658493042 0.995631992816925 0.040769364684820175 0.08138122409582138 -0.020778493955731392
pumpkin/seq-01/frame-000687.color.png -0.6611311435699463 -0.9416422247886658 1.1642303466796875 0.9958208203315735 0.03656536340713501 0.08198488503694534 -0.01680384762585163
pumpkin/seq-01/frame-000688.color.png -0.6606656312942505 -0.938067615032196 1.1542164087295532 0.9949699640274048 0.03639809787273407 0.09175081551074982 -0.017071591690182686
pumpkin/seq-01/frame-000689.color.png -0.6541518568992615 -0.9383493661880493 1.1587878465652466 0.995076060295105 0.03675656393170357 0.09044745564460754 -0.017088444903492928
pumpkin/seq-01/frame-000690.color.png -0.6563341617584229 -0.9377216696739197 1.155813217163086 0.9947205185890198 0.034305389970541 0.09602921456098557 -0.011513976380228996
pumpkin/seq-01/frame-000691.color.png -0.6662929058074951 -0.9376546740531921 1.1451473236083984 0.9947248101234436 0.0346226841211319 0.09569080173969269 -0.012933534570038319
pumpkin/seq-01/frame-000692.color.png -0.6411566734313965 -0.9438983798027039 1.1506825685501099 0.994236946105957 0.03366340696811676 0.10087809711694717 -0.013533038087189198
pumpkin/seq-01/frame-000693.color.png -0.6566068530082703 -0.9409762620925903 1.1489149332046509 0.9931098818778992 0.03314761817455292 0.11207210272550583 -0.008590535260736942
pumpkin/seq-01/frame-000694.color.png -0.6536826491355896 -0.9393507838249207 1.1545809507369995 0.9919584393501282 0.03423110768198967 0.1216147243976593 -0.007524237968027592
pumpkin/seq-01/frame-000695.color.png -0.6389915347099304 -0.9472430348396301 1.1647533178329468 0.9923434853553772 0.03263457491993904 0.11870889365673065 -0.009884989820420742
pumpkin/seq-01/frame-000696.color.png -0.6313961148262024 -0.9512053728103638 1.1485402584075928 0.9927424788475037 0.03264009952545166 0.11507034301757812 -0.012491162866353989
pumpkin/seq-01/frame-000697.color.png -0.6247081160545349 -0.9521676301956177 1.1454404592514038 0.9908560514450073 0.03893454745411873 0.12866021692752838 -0.011622121557593346
pumpkin/seq-01/frame-000698.color.png -0.6292529702186584 -0.9469167590141296 1.143225073814392 0.9922107458114624 0.032119397073984146 0.11971276998519897 -0.012460524216294289
pumpkin/seq-01/frame-000699.color.png -0.6408044099807739 -0.9486404061317444 1.1458250284194946 0.9911960959434509 0.04031453654170036 0.1255396455526352 -0.012031964026391506
pumpkin/seq-01/frame-000700.color.png -0.6336750388145447 -0.9497312307357788 1.150142788887024 0.9898792505264282 0.0384819470345974 0.13644002377986908 -0.006498107686638832
pumpkin/seq-01/frame-000701.color.png -0.643452525138855 -0.9438214302062988 1.1378031969070435 0.9901692867279053 0.03733249753713608 0.13453376293182373 -0.00847066193819046
pumpkin/seq-01/frame-000702.color.png -0.6275515556335449 -0.9464614987373352 1.1232041120529175 0.9871522784233093 0.04021317884325981 0.15430200099945068 -0.010208036750555038
pumpkin/seq-01/frame-000703.color.png -0.6267864108085632 -0.9483879804611206 1.138190507888794 0.98923659324646 0.037283509969711304 0.14135605096817017 -0.0062892260029911995
pumpkin/seq-01/frame-000704.color.png -0.6374059319496155 -0.9487513303756714 1.1509323120117188 0.9899628758430481 0.03497675433754921 0.13676480948925018 -0.006758660078048706
pumpkin/seq-01/frame-000705.color.png -0.6365824341773987 -0.9452390074729919 1.1468682289123535 0.9881479144096375 0.03705531358718872 0.14893381297588348 -0.0030659844633191824
pumpkin/seq-01/frame-000706.color.png -0.6455792784690857 -0.9399234652519226 1.1338802576065063 0.9892148971557617 0.031031470745801926 0.14309601485729218 -0.0038102667313069105
pumpkin/seq-01/frame-000707.color.png -0.6643282771110535 -0.9352715015411377 1.1178871393203735 0.9865612387657166 0.03999040275812149 0.15839676558971405 -0.0028897738084197044
pumpkin/seq-01/frame-000708.color.png -0.6601393222808838 -0.9343869686126709 1.120989441871643 0.9845660328865051 0.04085901752114296 0.16998609900474548 -0.008061430417001247
pumpkin/seq-01/frame-000709.color.png -0.634106457233429 -0.9355934858322144 1.1219682693481445 0.9840465188026428 0.03577495738863945 0.17415988445281982 -0.0064017679542303085
pumpkin/seq-01/frame-000710.color.png -0.6500372290611267 -0.9382144212722778 1.1388148069381714 0.9816432595252991 0.03652917593717575 0.1870773583650589 -0.006661122664809227
pumpkin/seq-01/frame-000711.color.png -0.6710031032562256 -0.9299553632736206 1.1251299381256104 0.9808283448219299 0.04097147658467293 0.19051767885684967 0.00017240802117157727
pumpkin/seq-01/frame-000712.color.png -0.6606849431991577 -0.9242615699768066 1.1044875383377075 0.9795848727226257 0.03897582367062569 0.19718535244464874 -0.003512933850288391
pumpkin/seq-01/frame-000713.color.png -0.6691258549690247 -0.9183735847473145 1.113988995552063 0.978577733039856 0.030506743118166924 0.2035921812057495 -0.0022630752064287663
pumpkin/seq-01/frame-000714.color.png -0.6654731631278992 -0.9167073369026184 1.114181637763977 0.9798071980476379 0.032213274389505386 0.19732676446437836 -0.0015009080525487661
pumpkin/seq-01/frame-000715.color.png -0.6847906708717346 -0.9096537828445435 1.0925426483154297 0.9786133170127869 0.03174532204866409 0.20324119925498962 0.0011463600676506758
pumpkin/seq-01/frame-000716.color.png -0.6804298162460327 -0.9028310179710388 1.079774022102356 0.97831791639328 0.03825549781322479 0.20354075729846954 -0.0013283396838232875
pumpkin/seq-01/frame-000717.color.png -0.6867049932479858 -0.9079681634902954 1.1091185808181763 0.9751835465431213 0.03289135918021202 0.21890799701213837 0.003785722190514207
pumpkin/seq-01/frame-000718.color.png -0.710716187953949 -0.8965948224067688 1.097822904586792 0.9761000275611877 0.043403636664152145 0.2128474861383438 0.006385641638189554
pumpkin/seq-01/frame-000719.color.png -0.7034186124801636 -0.8996289372444153 1.0967737436294556 0.9748178124427795 0.045339323580265045 0.2182658463716507 0.0058597298339009285
pumpkin/seq-01/frame-000720.color.png -0.7286996841430664 -0.8913078904151917 1.077535629272461 0.973429799079895 0.043960049748420715 0.22467420995235443 0.00484154699370265
pumpkin/seq-01/frame-000721.color.png -0.7155383825302124 -0.8957761526107788 1.0860499143600464 0.9743573665618896 0.048838235437870026 0.21964053809642792 -0.0008108356269076467
pumpkin/seq-01/frame-000722.color.png -0.7153132557868958 -0.8942801356315613 1.0653576850891113 0.9760536551475525 0.0500100776553154 0.21168722212314606 0.002604744164273143
pumpkin/seq-01/frame-000723.color.png -0.7298567891120911 -0.8879204988479614 1.075666904449463 0.9707698822021484 0.05522824823856354 0.233554407954216 -0.0027826735749840736
pumpkin/seq-01/frame-000724.color.png -0.7165344953536987 -0.884044885635376 1.0700830221176147 0.9695230722427368 0.0535535030066967 0.23904722929000854 -0.003679440123960376
pumpkin/seq-01/frame-000725.color.png -0.7223967909812927 -0.8836586475372314 1.0457550287246704 0.9714008569717407 0.05471710115671158 0.2310490757226944 -0.0016261882847175002
pumpkin/seq-01/frame-000726.color.png -0.7112435698509216 -0.8900594711303711 1.073845386505127 0.9663264155387878 0.05975199490785599 0.2502410113811493 -0.004725055303424597
pumpkin/seq-01/frame-000727.color.png -0.7105277180671692 -0.883729875087738 1.043552279472351 0.9654964208602905 0.055166859179735184 0.2544538676738739 0.005142235662788153
pumpkin/seq-01/frame-000728.color.png -0.7080263495445251 -0.8734217286109924 1.0324934720993042 0.9669355154037476 0.05547584593296051 0.24881258606910706 0.007078434806317091
pumpkin/seq-01/frame-000729.color.png -0.7171444892883301 -0.877282440662384 1.0527862310409546 0.9673241376876831 0.06643511354923248 0.24451428651809692 0.009123976342380047
pumpkin/seq-01/frame-000730.color.png -0.7073046565055847 -0.8674971461296082 1.0364710092544556 0.9654095768928528 0.06596369296312332 0.2522255480289459 -0.003917108289897442
pumpkin/seq-01/frame-000731.color.png -0.709649384021759 -0.865189790725708 1.0223397016525269 0.9649438858032227 0.06890083104372025 0.25319960713386536 -0.005131608806550503
pumpkin/seq-01/frame-000732.color.png -0.7258577942848206 -0.8619080185890198 1.0147793292999268 0.9640690088272095 0.06638428568840027 0.25710004568099976 -0.007981006056070328
pumpkin/seq-01/frame-000733.color.png -0.727328360080719 -0.8715141415596008 0.9997994303703308 0.9663485288619995 0.07300693541765213 0.24655844271183014 -0.007031628396362066
pumpkin/seq-01/frame-000734.color.png -0.722922146320343 -0.8697224259376526 0.9873796105384827 0.9640165567398071 0.07667265087366104 0.25435248017311096 -0.009913013316690922
pumpkin/seq-01/frame-000735.color.png -0.727674126625061 -0.8725541234016418 0.9846023917198181 0.9641469717025757 0.07912683486938477 0.25319990515708923 -0.007029969710856676
pumpkin/seq-01/frame-000736.color.png -0.7490213513374329 -0.8495087027549744 0.9523599147796631 0.9670111536979675 0.07916276901960373 0.24211207032203674 -0.0021385152358561754
pumpkin/seq-01/frame-000737.color.png -0.769324779510498 -0.8300105333328247 0.9610908031463623 0.9641111493110657 0.0857490822672844 0.25126901268959045 0.0008491254411637783
pumpkin/seq-01/frame-000738.color.png -0.7560432553291321 -0.8406824469566345 0.9467809200286865 0.9602442383766174 0.0874226912856102 0.2650678753852844 -0.005231829360127449
pumpkin/seq-01/frame-000739.color.png -0.7523757815361023 -0.8468198180198669 0.9417200684547424 0.9653583765029907 0.09193342179059982 0.24417926371097565 -0.0028552322182804346
pumpkin/seq-01/frame-000740.color.png -0.7238283753395081 -0.85677170753479 0.9566413164138794 0.9630594253540039 0.09606730192899704 0.2515566349029541 -0.002605683635920286
pumpkin/seq-01/frame-000741.color.png -0.7384610176086426 -0.848707914352417 0.9184885025024414 0.9612480401992798 0.09475086629390717 0.25888940691947937 0.0008647653157822788
pumpkin/seq-01/frame-000742.color.png -0.7434097528457642 -0.8335011005401611 0.9125921726226807 0.962773859500885 0.10680218040943146 0.24826650321483612 0.004851583857089281
pumpkin/seq-01/frame-000743.color.png -0.7165717482566833 -0.8301026225090027 0.925492525100708 0.9629181027412415 0.10901622474193573 0.24678432941436768 0.001277619507163763
pumpkin/seq-01/frame-000744.color.png -0.7110909223556519 -0.8233737349510193 0.8902594447135925 0.964239776134491 0.10921035706996918 0.2414800226688385 -0.001416119048371911
pumpkin/seq-01/frame-000745.color.png -0.6996951699256897 -0.8249358534812927 0.9187314510345459 0.9590328931808472 0.11111947894096375 0.260512113571167 0.006474831607192755
pumpkin/seq-01/frame-000746.color.png -0.6808131337165833 -0.8341943025588989 0.8847097754478455 0.9616904258728027 0.11468526721000671 0.24890895187854767 0.006583251524716616
pumpkin/seq-01/frame-000747.color.png -0.6780936121940613 -0.8274788856506348 0.8898165822029114 0.956230103969574 0.11685369908809662 0.2682706415653229 -7.864847430028021e-05
pumpkin/seq-01/frame-000748.color.png -0.6625120639801025 -0.846635103225708 0.9123941659927368 0.9586608409881592 0.12380972504615784 0.25615715980529785 0.00489839818328619
pumpkin/seq-01/frame-000749.color.png -0.6546576619148254 -0.834328293800354 0.8831413388252258 0.9589301943778992 0.12982404232025146 0.2521778345108032 -0.0022234590724110603
pumpkin/seq-01/frame-000750.color.png -0.6648429036140442 -0.8300092816352844 0.8771171569824219 0.9556821584701538 0.12943300604820251 0.26431745290756226 -0.007395813707262278
pumpkin/seq-01/frame-000751.color.png -0.6649461388587952 -0.8405119180679321 0.8676257133483887 0.9542928338050842 0.13598766922950745 0.26614290475845337 0.0006269589066505432
pumpkin/seq-01/frame-000752.color.png -0.6534212231636047 -0.8448904752731323 0.8676144480705261 0.9507387280464172 0.140241801738739 0.2764204740524292 -0.00446135550737381
pumpkin/seq-01/frame-000753.color.png -0.6602377891540527 -0.8516577482223511 0.8736228346824646 0.9524725079536438 0.1401815265417099 0.27040472626686096 -0.005156977102160454
pumpkin/seq-01/frame-000754.color.png -0.663094699382782 -0.8423680663108826 0.8131890892982483 0.9499441981315613 0.14928096532821655 0.27422165870666504 -0.011115862987935543
pumpkin/seq-01/frame-000755.color.png -0.5631054639816284 -0.8192858099937439 0.8050072193145752 0.9504665732383728 0.16298706829547882 0.2638968229293823 -0.02016640454530716
pumpkin/seq-01/frame-000756.color.png -0.6111389398574829 -0.821960985660553 0.790745735168457 0.9501937031745911 0.17257368564605713 0.2582947313785553 -0.0251808762550354
pumpkin/seq-01/frame-000757.color.png -0.5963606238365173 -0.8420796990394592 0.7468443512916565 0.9490717649459839 0.19020435214042664 0.2488897740840912 -0.03374727442860603
pumpkin/seq-01/frame-000758.color.png -0.6390239000320435 -0.8151293396949768 0.702110230922699 0.946010947227478 0.18968404829502106 0.2600462734699249 -0.038200199604034424
pumpkin/seq-01/frame-000759.color.png -0.6024448275566101 -0.8360775709152222 0.7492299675941467 0.9495517611503601 0.20464543998241425 0.23471565544605255 -0.037153374403715134
pumpkin/seq-01/frame-000760.color.png -0.5825504064559937 -0.8291137218475342 0.7215784192085266 0.9464945793151855 0.19679118692874908 0.2529810965061188 -0.03770732134580612
pumpkin/seq-01/frame-000761.color.png -0.5647580623626709 -0.8125504851341248 0.7159630656242371 0.9496427178382874 0.2082231044769287 0.23148831725120544 -0.03514653816819191
pumpkin/seq-01/frame-000762.color.png -0.5722150206565857 -0.8223469257354736 0.6913252472877502 0.9453974366188049 0.21275338530540466 0.24369168281555176 -0.03967422619462013
pumpkin/seq-01/frame-000763.color.png -0.5415416359901428 -0.7892826795578003 0.6874426007270813 0.9452457427978516 0.21102780103683472 0.24490761756896973 -0.04470187798142433
pumpkin/seq-01/frame-000764.color.png -0.5699369311332703 -0.834949254989624 0.7131512761116028 0.949005126953125 0.22100533545017242 0.21915127336978912 -0.05018489435315132
pumpkin/seq-01/frame-000765.color.png -0.6189180016517639 -0.8228986263275146 0.6857587695121765 0.9417680501937866 0.22662819921970367 0.24337780475616455 -0.04979890584945679
pumpkin/seq-01/frame-000766.color.png -0.5338952541351318 -0.8260209560394287 0.6617308855056763 0.945755124092102 0.24114789068698883 0.21086354553699493 -0.05414469912648201
pumpkin/seq-01/frame-000767.color.png -0.5368892550468445 -0.8286337852478027 0.6641001105308533 0.9438521265983582 0.23853668570518494 0.22153131663799286 -0.05627848953008652
pumpkin/seq-01/frame-000768.color.png -0.5536186099052429 -0.8259156942367554 0.6702864170074463 0.9408735036849976 0.24280519783496857 0.22847960889339447 -0.05999882519245148
pumpkin/seq-01/frame-000769.color.png -0.511481761932373 -0.8092275857925415 0.6505531668663025 0.9384416341781616 0.23779188096523285 0.24213698506355286 -0.06443789601325989
pumpkin/seq-01/frame-000770.color.png -0.5297241806983948 -0.806682825088501 0.6511269807815552 0.9385498762130737 0.2404317557811737 0.23937319219112396 -0.06338086724281311
pumpkin/seq-01/frame-000771.color.png -0.48355957865715027 -0.8253028392791748 0.6746532917022705 0.9381988644599915 0.24951191246509552 0.23233839869499207 -0.05954470485448837
pumpkin/seq-01/frame-000772.color.png -0.5310416221618652 -0.7941963076591492 0.6333357095718384 0.9370211362838745 0.24241264164447784 0.24380716681480408 -0.06152692809700966
pumpkin/seq-01/frame-000773.color.png -0.49474695324897766 -0.8126952648162842 0.6435467004776001 0.9347856640815735 0.2520703375339508 0.24190160632133484 -0.06418582797050476
pumpkin/seq-01/frame-000774.color.png -0.5043027400970459 -0.8171033263206482 0.6573804020881653 0.9365108013153076 0.2564548850059509 0.23115059733390808 -0.06121878698468208
pumpkin/seq-01/frame-000775.color.png -0.4900437891483307 -0.7913835048675537 0.6317965984344482 0.9332942962646484 0.2583346366882324 0.24149996042251587 -0.06247324123978615
pumpkin/seq-01/frame-000776.color.png -0.4784940183162689 -0.8008333444595337 0.6302209496498108 0.9345841407775879 0.2589370906352997 0.235828697681427 -0.062361445277929306
pumpkin/seq-01/frame-000777.color.png -0.47250309586524963 -0.8009917140007019 0.6256542801856995 0.9332771897315979 0.2552591562271118 0.2460498958826065 -0.05740973725914955
pumpkin/seq-01/frame-000778.color.png -0.48961141705513 -0.7843202352523804 0.6036575436592102 0.9327308535575867 0.25531211495399475 0.24762964248657227 -0.05923229083418846
pumpkin/seq-01/frame-000779.color.png -0.4834679067134857 -0.7759490013122559 0.616623044013977 0.9338955879211426 0.26592227816581726 0.23216533660888672 -0.05677604302763939
pumpkin/seq-01/frame-000780.color.png -0.4606941044330597 -0.7804037928581238 0.6216593384742737 0.9335383772850037 0.2699592411518097 0.22931744158267975 -0.055152103304862976
pumpkin/seq-01/frame-000781.color.png -0.4537743926048279 -0.77358478307724 0.6220383048057556 0.9353460073471069 0.2676074206829071 0.22513754665851593 -0.05317118391394615
pumpkin/seq-01/frame-000782.color.png -0.4432204067707062 -0.7691649198532104 0.6030624508857727 0.9315204620361328 0.27707454562187195 0.22978204488754272 -0.05195683613419533
pumpkin/seq-01/frame-000783.color.png -0.440000057220459 -0.7688215374946594 0.5972537398338318 0.9291695356369019 0.28466519713401794 0.23010775446891785 -0.05157560482621193
pumpkin/seq-01/frame-000784.color.png -0.42779770493507385 -0.7705283761024475 0.6022169589996338 0.9290713667869568 0.28320425748825073 0.2322227954864502 -0.05190672725439072
pumpkin/seq-01/frame-000785.color.png -0.400496244430542 -0.7848015427589417 0.5838803052902222 0.9310569167137146 0.2817608416080475 0.22681783139705658 -0.047931425273418427
pumpkin/seq-01/frame-000786.color.png -0.39302778244018555 -0.7742140293121338 0.6095383167266846 0.9267561435699463 0.28922754526138306 0.235012948513031 -0.04732188954949379
pumpkin/seq-01/frame-000787.color.png -0.3860430419445038 -0.7632477283477783 0.610108494758606 0.9273276329040527 0.29149216413497925 0.22950445115566254 -0.049228034913539886
pumpkin/seq-01/frame-000788.color.png -0.412313312292099 -0.7846935987472534 0.6208754181861877 0.9305977821350098 0.28616195917129517 0.22443543374538422 -0.041566163301467896
pumpkin/seq-01/frame-000789.color.png -0.413504421710968 -0.792930006980896 0.6163057088851929 0.92708420753479 0.29454493522644043 0.22792203724384308 -0.042540181428194046
pumpkin/seq-01/frame-000790.color.png -0.4207764267921448 -0.7831460237503052 0.6085771322250366 0.9284307360649109 0.2872401177883148 0.23133742809295654 -0.044638633728027344
pumpkin/seq-01/frame-000791.color.png -0.410729318857193 -0.7848612666130066 0.6194772124290466 0.9298733472824097 0.2850874960422516 0.2293296456336975 -0.038322754204273224
pumpkin/seq-01/frame-000792.color.png -0.4245090186595917 -0.7785439491271973 0.6065641641616821 0.9326157569885254 0.2806642949581146 0.22382456064224243 -0.036849476397037506
pumpkin/seq-01/frame-000793.color.png -0.39122474193573 -0.7725338935852051 0.6301822066307068 0.9350019097328186 0.272428423166275 0.22430668771266937 -0.035224225372076035
pumpkin/seq-01/frame-000794.color.png -0.3927411139011383 -0.7800875306129456 0.6118372678756714 0.9288060665130615 0.28262585401535034 0.237732395529747 -0.03041871264576912
pumpkin/seq-01/frame-000795.color.png -0.3618493378162384 -0.7639340758323669 0.6360177397727966 0.9257672429084778 0.2775382399559021 0.25528863072395325 -0.027483150362968445
pumpkin/seq-01/frame-000796.color.png -0.36331692337989807 -0.7528263330459595 0.6215961575508118 0.9283198118209839 0.28517505526542664 0.23681282997131348 -0.028586193919181824
pumpkin/seq-01/frame-000797.color.png -0.3574783205986023 -0.7451843619346619 0.622469961643219 0.9262962937355042 0.28541427850723267 0.2440890073776245 -0.03057214245200157
pumpkin/seq-01/frame-000798.color.png -0.4002157151699066 -0.7333549857139587 0.58978670835495 0.930560290813446 0.2731022238731384 0.24148836731910706 -0.034000858664512634
pumpkin/seq-01/frame-000799.color.png -0.3749437630176544 -0.7440264225006104 0.5802269577980042 0.9273386597633362 0.28568366169929504 0.23947873711585999 -0.03282970190048218
pumpkin/seq-01/frame-000800.color.png -0.36671480536460876 -0.7451682686805725 0.5977687239646912 0.9295876026153564 0.27501043677330017 0.2432296872138977 -0.03279519081115723
pumpkin/seq-01/frame-000801.color.png -0.3993413746356964 -0.7306361198425293 0.5819252729415894 0.9309375286102295 0.2793690860271454 0.23325978219509125 -0.029970500618219376
pumpkin/seq-01/frame-000802.color.png -0.38534092903137207 -0.760886013507843 0.5630781650543213 0.9289329648017883 0.2718125283718109 0.2500321567058563 -0.026181919500231743
pumpkin/seq-01/frame-000803.color.png -0.39814820885658264 -0.765952467918396 0.553561270236969 0.932807445526123 0.2745554447174072 0.23142719268798828 -0.030514497309923172
pumpkin/seq-01/frame-000804.color.png -0.40367254614830017 -0.7684358954429626 0.5709809064865112 0.9323851466178894 0.2685296833515167 0.2403089851140976 -0.02831021323800087
pumpkin/seq-01/frame-000805.color.png -0.40604734420776367 -0.7800052762031555 0.5457025170326233 0.9297482371330261 0.27526143193244934 0.24317426979541779 -0.02579924277961254
pumpkin/seq-01/frame-000806.color.png -0.3988162577152252 -0.7665131092071533 0.5548774600028992 0.9324972033500671 0.25666147470474243 0.25258684158325195 -0.02781575359404087
pumpkin/seq-01/frame-000807.color.png -0.3693676292896271 -0.7743700742721558 0.5701541900634766 0.9332253336906433 0.2514858543872833 0.25516921281814575 -0.027093665674328804
pumpkin/seq-01/frame-000808.color.png -0.3858269155025482 -0.7967582941055298 0.5561853647232056 0.9293097853660583 0.2675457298755646 0.25357693433761597 -0.022389475256204605
pumpkin/seq-01/frame-000809.color.png -0.2940445840358734 -0.7970744371414185 0.6115968823432922 0.9289156794548035 0.2717551290988922 0.25046294927597046 -0.023088349029421806
pumpkin/seq-01/frame-000810.color.png -0.30029046535491943 -0.7815656065940857 0.6118398308753967 0.9271944761276245 0.27220314741134644 0.25613418221473694 -0.024721641093492508
pumpkin/seq-01/frame-000811.color.png -0.31909430027008057 -0.7709441184997559 0.5920669436454773 0.9287498593330383 0.27013158798217773 0.25277870893478394 -0.023570040240883827
pumpkin/seq-01/frame-000812.color.png -0.36646386981010437 -0.7678366303443909 0.5785610675811768 0.929225504398346 0.2721612751483917 0.24900700151920319 -0.021534575149416924
pumpkin/seq-01/frame-000813.color.png -0.3574306070804596 -0.7753741145133972 0.5769453644752502 0.9277204275131226 0.26695582270622253 0.25976377725601196 -0.02433604933321476
pumpkin/seq-01/frame-000814.color.png -0.33616191148757935 -0.7804965376853943 0.5844854116439819 0.9272292256355286 0.26017242670059204 0.2679511606693268 -0.02754160948097706
pumpkin/seq-01/frame-000815.color.png -0.3150955140590668 -0.7834932804107666 0.5860611796379089 0.9280645251274109 0.2703869044780731 0.25508469343185425 -0.022780582308769226
pumpkin/seq-01/frame-000816.color.png -0.32236358523368835 -0.7892654538154602 0.6058840155601501 0.9290934801101685 0.2737635672092438 0.24822521209716797 -0.014928499236702919
pumpkin/seq-01/frame-000817.color.png -0.3490805923938751 -0.7958024740219116 0.602814257144928 0.9290453791618347 0.2753192186355591 0.2463923692703247 -0.019095903262495995
pumpkin/seq-01/frame-000818.color.png -0.3493199646472931 -0.8045589327812195 0.6029130220413208 0.9268807768821716 0.27555859088897705 0.25418150424957275 -0.018743960186839104
pumpkin/seq-01/frame-000819.color.png -0.3399224579334259 -0.8159818649291992 0.6166468858718872 0.9300382733345032 0.26035091280937195 0.25898417830467224 -0.01317636203020811
pumpkin/seq-01/frame-000820.color.png -0.37093642354011536 -0.802049458026886 0.6157631278038025 0.9279823303222656 0.27218863368034363 0.25434792041778564 -0.008338269777595997
pumpkin/seq-01/frame-000821.color.png -0.346675306558609 -0.7997068166732788 0.6090172529220581 0.9280274510383606 0.28135859966278076 0.24398323893547058 -0.008629371412098408
pumpkin/seq-01/frame-000822.color.png -0.3542378544807434 -0.8263818621635437 0.5987513661384583 0.928998589515686 0.26737695932388306 0.25560736656188965 -0.011667593382298946
pumpkin/seq-01/frame-000823.color.png -0.3064461648464203 -0.8391316533088684 0.6276941895484924 0.9264211654663086 0.28658410906791687 0.24388612806797028 -0.011532455682754517
pumpkin/seq-01/frame-000824.color.png -0.3337233364582062 -0.8424686789512634 0.6124910712242126 0.9283015727996826 0.27311310172080994 0.25223714113235474 -0.006487172096967697
pumpkin/seq-01/frame-000825.color.png -0.30904513597488403 -0.8278714418411255 0.6318302154541016 0.9260454177856445 0.2789995074272156 0.25415316224098206 -0.0023127736058086157
pumpkin/seq-01/frame-000826.color.png -0.3306335508823395 -0.8474950790405273 0.5969517827033997 0.9294498562812805 0.26456859707832336 0.2571399509906769 -0.00232504028826952
pumpkin/seq-01/frame-000827.color.png -0.2544367015361786 -0.8608886003494263 0.6440402865409851 0.9256040453910828 0.26729094982147217 0.26797425746917725 0.0016166075365617871
pumpkin/seq-01/frame-000828.color.png -0.3029071092605591 -0.8525166511535645 0.6419946551322937 0.9276573657989502 0.2760120928287506 0.25150448083877563 -0.0038280319422483444
pumpkin/seq-01/frame-000829.color.png -0.2725003659725189 -0.8436779975891113 0.6400421857833862 0.9284576773643494 0.27310481667518616 0.25174766778945923 -0.001874507637694478
pumpkin/seq-01/frame-000830.color.png -0.2615412473678589 -0.8392229080200195 0.6451543569564819 0.9247094392776489 0.2798241674900055 0.2580825686454773 0.0020638960413634777
pumpkin/seq-01/frame-000831.color.png -0.21721532940864563 -0.8306024074554443 0.6423191428184509 0.9250034689903259 0.27582377195358276 0.2612435221672058 0.006451104301959276
pumpkin/seq-01/frame-000832.color.png -0.2461286187171936 -0.8620845079421997 0.6279684901237488 0.925178587436676 0.27903327345848083 0.2572634220123291 0.0007409006939269602
pumpkin/seq-01/frame-000833.color.png -0.22299358248710632 -0.8580179214477539 0.6284124851226807 0.9234463572502136 0.2966374456882477 0.24316348135471344 -0.0111664654687047
pumpkin/seq-01/frame-000834.color.png -0.20671671628952026 -0.8460878729820251 0.6655933260917664 0.9215127825737 0.29283201694488525 0.25494399666786194 -0.00820556003600359
pumpkin/seq-01/frame-000835.color.png -0.24139919877052307 -0.8732075691223145 0.6818370223045349 0.9257326126098633 0.2966354191303253 0.2344689965248108 -0.00714049581438303
pumpkin/seq-01/frame-000836.color.png -0.21524740755558014 -0.8762709498405457 0.6588577628135681 0.9269289970397949 0.2938854992389679 0.232953280210495 -0.012915302999317646
pumpkin/seq-01/frame-000837.color.png -0.2342376708984375 -0.8356615304946899 0.640507161617279 0.9306957721710205 0.29504120349884033 0.21479932963848114 -0.024849392473697662
pumpkin/seq-01/frame-000838.color.png -0.24004331231117249 -0.7980895638465881 0.5908979177474976 0.928882360458374 0.28928324580192566 0.23062236607074738 -0.017498983070254326
pumpkin/seq-01/frame-000839.color.png -0.2779923677444458 -0.8076285123825073 0.5904321670532227 0.9280021786689758 0.3002565801143646 0.21955835819244385 -0.021260200068354607
pumpkin/seq-01/frame-000840.color.png -0.3010413348674774 -0.7908684611320496 0.6311054825782776 0.9289489388465881 0.29237663745880127 0.22629347443580627 -0.019000429660081863
pumpkin/seq-01/frame-000841.color.png -0.2929638624191284 -0.7762523889541626 0.5452702045440674 0.9341937303543091 0.29962053894996643 0.1916963905096054 -0.02760576270520687
pumpkin/seq-01/frame-000842.color.png -0.27263522148132324 -0.7889070510864258 0.5314538478851318 0.9366874694824219 0.2886475920677185 0.19684898853302002 -0.023442866280674934
pumpkin/seq-01/frame-000843.color.png -0.3113510310649872 -0.780242919921875 0.5435370802879333 0.9351698160171509 0.2957131564617157 0.19283221662044525 -0.02875204011797905
pumpkin/seq-01/frame-000844.color.png -0.36902108788490295 -0.7866390943527222 0.5258805155754089 0.9365618228912354 0.29302331805229187 0.18928483128547668 -0.034065596759319305
pumpkin/seq-01/frame-000845.color.png -0.30334508419036865 -0.7998437285423279 0.5387824773788452 0.9406297206878662 0.2777831554412842 0.19063860177993774 -0.04134078696370125
pumpkin/seq-01/frame-000846.color.png -0.21377314627170563 -0.8213211894035339 0.5760753750801086 0.9398938417434692 0.28325629234313965 0.18812613189220428 -0.031211355701088905
pumpkin/seq-01/frame-000847.color.png -0.11169752478599548 -0.830474853515625 0.581167459487915 0.9464582204818726 0.28938665986061096 0.13669238984584808 -0.04227740690112114
pumpkin/seq-01/frame-000848.color.png -0.13355347514152527 -0.8139628171920776 0.6051583886146545 0.9421449303627014 0.2941010296344757 0.15719901025295258 -0.034000035375356674
pumpkin/seq-01/frame-000849.color.png -0.09888990223407745 -0.8294135332107544 0.5487018823623657 0.942303478717804 0.2962813675403595 0.15157267451286316 -0.036155521869659424
pumpkin/seq-01/frame-000850.color.png -0.17152053117752075 -0.8260281682014465 0.5572182536125183 0.9406035542488098 0.29935142397880554 0.1553952395915985 -0.03880687430500984
pumpkin/seq-01/frame-000851.color.png -0.1986599862575531 -0.8246589303016663 0.5441875457763672 0.9440993070602417 0.29460108280181885 0.1408228874206543 -0.045339472591876984
pumpkin/seq-01/frame-000852.color.png -0.07117043435573578 -0.8175349235534668 0.5692277550697327 0.9478541612625122 0.2841886281967163 0.14014071226119995 -0.03420552238821983
pumpkin/seq-01/frame-000853.color.png -0.1142866313457489 -0.8200053572654724 0.5736951231956482 0.9429992437362671 0.29588252305984497 0.14748413860797882 -0.03813891112804413
pumpkin/seq-01/frame-000854.color.png -0.1142866313457489 -0.8200053572654724 0.5736951231956482 0.9429992437362671 0.29588252305984497 0.14748413860797882 -0.03813891112804413
pumpkin/seq-01/frame-000855.color.png -0.08119462430477142 -0.8231499791145325 0.6050397753715515 0.9457731246948242 0.2911190688610077 0.13852624595165253 -0.039665330201387405
pumpkin/seq-01/frame-000856.color.png -0.048177216202020645 -0.8283469676971436 0.6278920769691467 0.946178674697876 0.2917841970920563 0.13501276075839996 -0.037141650915145874
pumpkin/seq-01/frame-000857.color.png -0.08146888017654419 -0.8361628651618958 0.6074625253677368 0.9457988739013672 0.2854367196559906 0.1516246795654297 -0.03162775933742523
pumpkin/seq-01/frame-000858.color.png -0.08146888017654419 -0.8361628651618958 0.6074625253677368 0.9457988739013672 0.2854367196559906 0.1516246795654297 -0.03162775933742523
pumpkin/seq-01/frame-000859.color.png -0.12087142467498779 -0.8201847672462463 0.5413527488708496 0.9537189602851868 0.2764965295791626 0.11100152879953384 -0.040600601583719254
pumpkin/seq-01/frame-000860.color.png -0.12132403254508972 -0.8101122379302979 0.5608582496643066 0.95647132396698 0.2809517979621887 0.06569015979766846 -0.04374394565820694
pumpkin/seq-01/frame-000861.color.png -0.12132403254508972 -0.8101122379302979 0.5608582496643066 0.95647132396698 0.2809517979621887 0.06569015979766846 -0.04374394565820694
pumpkin/seq-01/frame-000862.color.png -0.1434522271156311 -0.8160887956619263 0.5300078988075256 0.9489690065383911 0.29514092206954956 0.10284429788589478 -0.0421004556119442
pumpkin/seq-01/frame-000863.color.png -0.14714154601097107 -0.7950485944747925 0.5370194315910339 0.9543727040290833 0.28455615043640137 0.07974255830049515 -0.04291334003210068
pumpkin/seq-01/frame-000864.color.png -0.11118048429489136 -0.8163608908653259 0.5639475584030151 0.9556416869163513 0.27779877185821533 0.08745574206113815 -0.04391197860240936
pumpkin/seq-01/frame-000865.color.png -0.1023922860622406 -0.8423436880111694 0.58348149061203 0.9525789618492126 0.29073962569236755 0.08138341456651688 -0.037953004240989685
pumpkin/seq-01/frame-000866.color.png -0.09241819381713867 -0.8400444388389587 0.5686192512512207 0.959477961063385 0.2752190828323364 0.032756656408309937 -0.050828248262405396
pumpkin/seq-01/frame-000867.color.png -0.09241819381713867 -0.8400444388389587 0.5686192512512207 0.959477961063385 0.2752190828323364 0.032756656408309937 -0.050828248262405396
pumpkin/seq-01/frame-000868.color.png -0.09998875856399536 -0.8440336585044861 0.5649669170379639 0.9575177431106567 0.27770185470581055 0.06663557887077332 -0.04001525416970253
pumpkin/seq-01/frame-000869.color.png -0.13244779407978058 -0.8425855040550232 0.5515870451927185 0.96282958984375 0.263358473777771 0.030914099887013435 -0.05143642798066139
pumpkin/seq-01/frame-000870.color.png -0.07670682668685913 -0.8484144806861877 0.5638984441757202 0.9605217576026917 0.27261388301849365 0.02495691366493702 -0.04956710338592529
pumpkin/seq-01/frame-000871.color.png -0.0538165457546711 -0.8707783222198486 0.5794770121574402 0.9622787237167358 0.2635428309440613 0.043369755148887634 -0.051807112991809845
pumpkin/seq-01/frame-000872.color.png -0.0538165457546711 -0.8707783222198486 0.5794770121574402 0.9622787237167358 0.2635428309440613 0.043369755148887634 -0.051807112991809845
pumpkin/seq-01/frame-000873.color.png -0.07236461341381073 -0.8670968413352966 0.5874103903770447 0.9643245339393616 0.25887274742126465 0.02619951218366623 -0.0487530417740345
pumpkin/seq-01/frame-000874.color.png -0.057372692972421646 -0.8986285924911499 0.5792585611343384 0.9626028537750244 0.26262369751930237 0.04219522327184677 -0.05142223462462425
pumpkin/seq-01/frame-000875.color.png -0.026798617094755173 -0.9065659642219543 0.5997249484062195 0.9614217877388 0.2669615149497986 0.03735257685184479 -0.05481378734111786
pumpkin/seq-01/frame-000876.color.png -0.026798617094755173 -0.9065659642219543 0.5997249484062195 0.9614217877388 0.2669615149497986 0.03735257685184479 -0.05481378734111786
pumpkin/seq-01/frame-000877.color.png -0.028341922909021378 -0.8993686437606812 0.6229780912399292 0.9577870965003967 0.2798839509487152 0.04824923351407051 -0.04450775682926178
pumpkin/seq-01/frame-000878.color.png -0.030814334750175476 -0.915791928768158 0.6533496379852295 0.9627958536148071 0.2635766267776489 0.036079294979572296 -0.04743172228336334
pumpkin/seq-01/frame-000879.color.png -0.04601088538765907 -0.9067686200141907 0.591482400894165 0.963817298412323 0.26090794801712036 0.022943878546357155 -0.04956914484500885
pumpkin/seq-01/frame-000880.color.png -0.009812921285629272 -0.9104111194610596 0.6319748759269714 0.9658322930335999 0.2539713382720947 0.00912624690681696 -0.0508241131901741
pumpkin/seq-01/frame-000881.color.png -0.009812921285629272 -0.9104111194610596 0.6319748759269714 0.9658322930335999 0.2539713382720947 0.00912624690681696 -0.0508241131901741
pumpkin/seq-01/frame-000882.color.png 0.010487865656614304 -0.9202365875244141 0.6243258118629456 0.9675276279449463 0.24648000299930573 0.0027976124547421932 -0.055948659777641296
pumpkin/seq-01/frame-000883.color.png -0.10807371139526367 -0.9083375930786133 0.5680956840515137 0.9700607657432556 0.23635226488113403 -0.007869127206504345 -0.05529693886637688
pumpkin/seq-01/frame-000884.color.png -0.03366030380129814 -0.9137568473815918 0.6150690913200378 0.9698938131332397 0.23629659414291382 -0.013533876277506351 -0.05733074992895126
pumpkin/seq-01/frame-000885.color.png -0.03366030380129814 -0.9137568473815918 0.6150690913200378 0.9698938131332397 0.23629659414291382 -0.013533876277506351 -0.05733074992895126
pumpkin/seq-01/frame-000886.color.png -0.04987296089529991 -0.8911131024360657 0.6273322105407715 0.9699037671089172 0.2363443523645401 -0.00894998013973236 -0.05786147713661194
pumpkin/seq-01/frame-000887.color.png -0.04587628319859505 -0.8752560019493103 0.6161884665489197 0.9716669917106628 0.2288600504398346 -0.01072585117071867 -0.058062124997377396
pumpkin/seq-01/frame-000888.color.png -0.05203874036669731 -0.886409342288971 0.6502727270126343 0.9700501561164856 0.23409469425678253 -0.02101030945777893 -0.06132649630308151
pumpkin/seq-01/frame-000889.color.png -0.05203874036669731 -0.886409342288971 0.6502727270126343 0.9700501561164856 0.23409469425678253 -0.02101030945777893 -0.06132649630308151
pumpkin/seq-01/frame-000890.color.png -0.10723105072975159 -0.8771302103996277 0.6311215162277222 0.968438446521759 0.24016410112380981 -0.02816600166261196 -0.06045509874820709
pumpkin/seq-01/frame-000891.color.png -0.07982213795185089 -0.8872237801551819 0.6328538060188293 0.9690089821815491 0.23683127760887146 -0.03543885797262192 -0.060635488480329514
pumpkin/seq-01/frame-000892.color.png -0.08967608213424683 -0.8768758177757263 0.6430822610855103 0.9694831967353821 0.23338299989700317 -0.04678390547633171 -0.058701127767562866
pumpkin/seq-01/frame-000893.color.png -0.08967608213424683 -0.8768758177757263 0.6430822610855103 0.9694831967353821 0.23338299989700317 -0.04678390547633171 -0.058701127767562866
pumpkin/seq-01/frame-000894.color.png -0.09372079372406006 -0.8929427862167358 0.6618399024009705 0.9712610244750977 0.22089485824108124 -0.06627418100833893 -0.058866482228040695
pumpkin/seq-01/frame-000895.color.png -0.006946869194507599 -0.921888530254364 0.6687613725662231 0.9692464470863342 0.23286890983581543 -0.0545591339468956 -0.05793643742799759
pumpkin/seq-01/frame-000896.color.png 0.008693724870681763 -0.9083840847015381 0.6493449807167053 0.9714705944061279 0.22525018453598022 -0.050772059708833694 -0.05412532389163971
pumpkin/seq-01/frame-000897.color.png 0.023986194282770157 -0.908688485622406 0.6469445824623108 0.9708661437034607 0.22385190427303314 -0.06395166367292404 -0.05674156919121742
pumpkin/seq-01/frame-000898.color.png 0.023986194282770157 -0.908688485622406 0.6469445824623108 0.9708661437034607 0.22385190427303314 -0.06395166367292404 -0.05674156919121742
pumpkin/seq-01/frame-000899.color.png 0.0070727430284023285 -0.9067586660385132 0.6644892692565918 0.9691110253334045 0.22311505675315857 -0.0839514210820198 -0.06321173161268234
pumpkin/seq-01/frame-000900.color.png 0.015964020043611526 -0.8784802556037903 0.6285839676856995 0.9708366990089417 0.22485309839248657 -0.06293109804391861 -0.05437624827027321
pumpkin/seq-01/frame-000901.color.png 0.010153766721487045 -0.8835200071334839 0.6036799550056458 0.9722515940666199 0.22153115272521973 -0.05049287900328636 -0.05568653717637062
pumpkin/seq-01/frame-000902.color.png 0.010153766721487045 -0.8835200071334839 0.6036799550056458 0.9722515940666199 0.22153115272521973 -0.05049287900328636 -0.05568653717637062
pumpkin/seq-01/frame-000903.color.png -0.01951419934630394 -0.8659658432006836 0.6208326816558838 0.9726639986038208 0.21525423228740692 -0.0653066635131836 -0.05766797810792923
pumpkin/seq-01/frame-000904.color.png -0.02145170047879219 -0.8738028407096863 0.6180402636528015 0.9726757407188416 0.21287089586257935 -0.07338596135377884 -0.05658847093582153
pumpkin/seq-01/frame-000905.color.png -0.027471434324979782 -0.8830040693283081 0.6123371720314026 0.9734135270118713 0.21026559174060822 -0.07025978714227676 -0.05760074034333229
pumpkin/seq-01/frame-000906.color.png -0.047432783991098404 -0.8776535987854004 0.6106318235397339 0.9735000729560852 0.20966263115406036 -0.06827011704444885 -0.06065060570836067
pumpkin/seq-01/frame-000907.color.png -0.047432783991098404 -0.8776535987854004 0.6106318235397339 0.9735000729560852 0.20966263115406036 -0.06827011704444885 -0.06065060570836067
pumpkin/seq-01/frame-000908.color.png -0.03158166632056236 -0.8780722618103027 0.6145991086959839 0.9732669591903687 0.20478780567646027 -0.08522093296051025 -0.05958915129303932
pumpkin/seq-01/frame-000909.color.png -0.029020804911851883 -0.8824580907821655 0.61981201171875 0.9727966785430908 0.21327216923236847 -0.06856007874011993 -0.05900058150291443
pumpkin/seq-01/frame-000910.color.png -0.03848598524928093 -0.8608452677726746 0.6052899956703186 0.9736520051956177 0.21008752286434174 -0.06545181572437286 -0.05983893945813179
pumpkin/seq-01/frame-000911.color.png -0.03848598524928093 -0.8608452677726746 0.6052899956703186 0.9736520051956177 0.21008752286434174 -0.06545181572437286 -0.05983893945813179
pumpkin/seq-01/frame-000912.color.png -0.03834237530827522 -0.8883306384086609 0.6376476883888245 0.9737412333488464 0.20564882457256317 -0.07981099933385849 -0.056273724883794785
pumpkin/seq-01/frame-000913.color.png -0.09966114163398743 -0.8801774978637695 0.6332640647888184 0.975307822227478 0.2003578394651413 -0.07112454622983932 -0.05977235361933708
pumpkin/seq-01/frame-000914.color.png -0.09243883192539215 -0.8626986742019653 0.6100676655769348 0.9756928086280823 0.19949163496494293 -0.0672018900513649 -0.06091378629207611
pumpkin/seq-01/frame-000915.color.png -0.09243883192539215 -0.8626986742019653 0.6100676655769348 0.9756928086280823 0.19949163496494293 -0.0672018900513649 -0.06091378629207611
pumpkin/seq-01/frame-000916.color.png -0.12507274746894836 -0.8589156866073608 0.6253485083580017 0.9761267304420471 0.19375649094581604 -0.07599541544914246 -0.06212776526808739
pumpkin/seq-01/frame-000917.color.png -0.10579264163970947 -0.8823949098587036 0.6048310399055481 0.9762510061264038 0.18828019499778748 -0.08861635625362396 -0.06026272475719452
pumpkin/seq-01/frame-000918.color.png -0.10579264163970947 -0.8823949098587036 0.6048310399055481 0.9762510061264038 0.18828019499778748 -0.08861635625362396 -0.06026272475719452
pumpkin/seq-01/frame-000919.color.png -0.14299213886260986 -0.8937664031982422 0.6230276823043823 0.974964439868927 0.18809738755226135 -0.10193655639886856 -0.060602474957704544
pumpkin/seq-01/frame-000920.color.png -0.1549135148525238 -0.8804776072502136 0.6303455829620361 0.9757217168807983 0.18414165079593658 -0.10047246515750885 -0.06296245008707047
pumpkin/seq-01/frame-000921.color.png -0.13511742651462555 -0.875453531742096 0.6208085417747498 0.9757084250450134 0.1835564225912094 -0.10255280137062073 -0.06150596961379051
pumpkin/seq-01/frame-000922.color.png -0.11163106560707092 -0.8788051009178162 0.6378822326660156 0.9746198654174805 0.1946917623281479 -0.09255070239305496 -0.060379642993211746
pumpkin/seq-01/frame-000923.color.png -0.11163106560707092 -0.8788051009178162 0.6378822326660156 0.9746198654174805 0.1946917623281479 -0.09255070239305496 -0.060379642993211746
pumpkin/seq-01/frame-000924.color.png -0.08005236089229584 -0.8887972831726074 0.6486072540283203 0.9760839343070984 0.1871461421251297 -0.09103609621524811 -0.06284093111753464
pumpkin/seq-01/frame-000925.color.png -0.13892261683940887 -0.877927839756012 0.6447614431381226 0.973965048789978 0.19579783082008362 -0.09605386108160019 -0.061879388988018036
pumpkin/seq-01/frame-000926.color.png -0.1634475290775299 -0.8700569272041321 0.6353746056556702 0.975424587726593 0.19067500531673431 -0.09206375479698181 -0.06094381585717201
pumpkin/seq-01/frame-000927.color.png -0.16523469984531403 -0.8945562839508057 0.6493713855743408 0.9755783677101135 0.18937404453754425 -0.09318122267723083 -0.060840558260679245
pumpkin/seq-01/frame-000928.color.png -0.16523469984531403 -0.8945562839508057 0.6493713855743408 0.9755783677101135 0.18937404453754425 -0.09318122267723083 -0.060840558260679245
pumpkin/seq-01/frame-000929.color.png -0.12150654196739197 -0.8964980840682983 0.65847247838974 0.9750211834907532 0.19165760278701782 -0.09547474980354309 -0.0590389147400856
pumpkin/seq-01/frame-000930.color.png -0.13435152173042297 -0.8943797945976257 0.6564127802848816 0.9738276600837708 0.19964537024497986 -0.0928727239370346 -0.056356482207775116
pumpkin/seq-01/frame-000931.color.png -0.15370586514472961 -0.8837363123893738 0.6411468982696533 0.9746395349502563 0.1982337087392807 -0.0852264016866684 -0.05930932238698006
pumpkin/seq-01/frame-000932.color.png -0.13868138194084167 -0.8926429748535156 0.6616774201393127 0.9732563495635986 0.19684210419654846 -0.10231399536132812 -0.05964217707514763
pumpkin/seq-01/frame-000933.color.png -0.10771334171295166 -0.9098618030548096 0.682939887046814 0.9750699996948242 0.19894659519195557 -0.08178424090147018 -0.054498352110385895
pumpkin/seq-01/frame-000934.color.png -0.1849222183227539 -0.8927856683731079 0.6325657367706299 0.9751274585723877 0.19416376948356628 -0.09254463762044907 -0.05350097268819809
pumpkin/seq-01/frame-000935.color.png -0.1849222183227539 -0.8927856683731079 0.6325657367706299 0.9751274585723877 0.19416376948356628 -0.09254463762044907 -0.05350097268819809
pumpkin/seq-01/frame-000936.color.png -0.22390298545360565 -0.8647125363349915 0.6222230792045593 0.9752615094184875 0.19156599044799805 -0.09369328618049622 -0.05821584537625313
pumpkin/seq-01/frame-000937.color.png -0.19600875675678253 -0.8591247200965881 0.6318414211273193 0.9753801822662354 0.19004887342453003 -0.09880408644676208 -0.05246694013476372
pumpkin/seq-01/frame-000938.color.png -0.10010942816734314 -0.8852736949920654 0.6337477564811707 0.9760904312133789 0.18249526619911194 -0.1077706441283226 -0.04825190082192421
pumpkin/seq-01/frame-000939.color.png -0.12574966251850128 -0.8431465029716492 0.5966644883155823 0.9772636890411377 0.17973725497722626 -0.10150491446256638 -0.04844628646969795
pumpkin/seq-01/frame-000940.color.png -0.17577588558197021 -0.8111245632171631 0.5535382628440857 0.975279688835144 0.18689686059951782 -0.10594161599874496 -0.05172523483633995
pumpkin/seq-01/frame-000941.color.png -0.1408882588148117 -0.840467631816864 0.611903727054596 0.9767301678657532 0.1699744462966919 -0.12104175239801407 -0.0495573952794075
pumpkin/seq-01/frame-000942.color.png -0.16617628931999207 -0.7887094020843506 0.5879297852516174 0.9785282015800476 0.1661064326763153 -0.11307542771100998 -0.04588133841753006
pumpkin/seq-01/frame-000943.color.png -0.2176750898361206 -0.8094489574432373 0.5984494090080261 0.9776053428649902 0.16844342648983002 -0.11605501919984818 -0.04945755377411842
pumpkin/seq-01/frame-000944.color.png -0.24330338835716248 -0.806015133857727 0.5889080762863159 0.9765712022781372 0.17699825763702393 -0.10988124459981918 -0.05391246825456619
pumpkin/seq-01/frame-000945.color.png -0.2106921672821045 -0.8489581346511841 0.6352949738502502 0.9760562777519226 0.1819995939731598 -0.10557354986667633 -0.05517594888806343
pumpkin/seq-01/frame-000946.color.png -0.09714412689208984 -0.9179202914237976 0.7047311067581177 0.9771106243133545 0.16729769110679626 -0.11878779530525208 -0.05617459490895271
pumpkin/seq-01/frame-000947.color.png 0.013115968555212021 -0.9251144528388977 0.7069775462150574 0.9760991930961609 0.17864157259464264 -0.11322063952684402 -0.049986667931079865
pumpkin/seq-01/frame-000948.color.png 0.013115968555212021 -0.9251144528388977 0.7069775462150574 0.9760991930961609 0.17864157259464264 -0.11322063952684402 -0.049986667931079865
pumpkin/seq-01/frame-000949.color.png -0.025979366153478622 -0.8834055662155151 0.6728968024253845 0.9784272313117981 0.1563776433467865 -0.1244276612997055 -0.05238264799118042
pumpkin/seq-01/frame-000950.color.png -0.0012687742710113525 -0.8818333148956299 0.7010115385055542 0.9795506596565247 0.13895799219608307 -0.1343374252319336 -0.05590079352259636
pumpkin/seq-01/frame-000951.color.png 0.05317966267466545 -0.8969849944114685 0.7175756096839905 0.9786102175712585 0.13330331444740295 -0.14432375133037567 -0.06101469695568085
pumpkin/seq-01/frame-000952.color.png 0.03027193620800972 -0.8710200786590576 0.6870449185371399 0.9788215756416321 0.1383986622095108 -0.1390337198972702 -0.05851426720619202
pumpkin/seq-01/frame-000953.color.png -0.00942879170179367 -0.8697283267974854 0.6736027598381042 0.9787203073501587 0.14142610132694244 -0.1371859461069107 -0.057316165417432785
pumpkin/seq-01/frame-000954.color.png -0.011246949434280396 -0.8371686339378357 0.6449750661849976 0.9777454137802124 0.1377187818288803 -0.14640264213085175 -0.06011373549699783
pumpkin/seq-01/frame-000955.color.png 0.033174823969602585 -0.862589418888092 0.6995116472244263 0.9764732122421265 0.12512873113155365 -0.16168901324272156 -0.06855311989784241
pumpkin/seq-01/frame-000956.color.png 0.00697716698050499 -0.8689907193183899 0.7017423510551453 0.9765559434890747 0.1270824670791626 -0.1605728715658188 -0.0663703978061676
pumpkin/seq-01/frame-000957.color.png -0.017973992973566055 -0.8622424006462097 0.6729247570037842 0.978910505771637 0.12780356407165527 -0.14895467460155487 -0.056683022528886795
pumpkin/seq-01/frame-000958.color.png 0.07603941857814789 -0.8489182591438293 0.6963432431221008 0.9792126417160034 0.13157813251018524 -0.1451261043548584 -0.05261392518877983
pumpkin/seq-01/frame-000959.color.png -0.04501282796263695 -0.8277497887611389 0.6769323945045471 0.9782624840736389 0.13828957080841064 -0.14458830654621124 -0.0545240193605423
pumpkin/seq-01/frame-000960.color.png -0.011874590069055557 -0.8219018578529358 0.6629287600517273 0.9764255285263062 0.13307225704193115 -0.16094346344470978 -0.054610542953014374
pumpkin/seq-01/frame-000961.color.png -0.08534049987792969 -0.8051360249519348 0.6296513676643372 0.9778652787208557 0.11923535168170929 -0.1622360795736313 -0.056938447058200836
pumpkin/seq-01/frame-000962.color.png -0.081550732254982 -0.8209956288337708 0.6025516390800476 0.9756541848182678 0.12135472148656845 -0.1733691692352295 -0.05757736787199974
pumpkin/seq-01/frame-000963.color.png -0.19337543845176697 -0.785798966884613 0.5676091313362122 0.9746297597885132 0.11647861450910568 -0.1812974214553833 -0.060503676533699036
pumpkin/seq-01/frame-000964.color.png -0.19042326509952545 -0.7413946390151978 0.546622097492218 0.9754241704940796 0.12276594340801239 -0.17355161905288696 -0.05793234705924988
pumpkin/seq-01/frame-000965.color.png -0.045672621577978134 -0.8402174711227417 0.6382335424423218 0.9741175770759583 0.13380861282348633 -0.1752956360578537 -0.04961588233709335
pumpkin/seq-01/frame-000966.color.png -0.020890578627586365 -0.828525722026825 0.6545090079307556 0.9773383140563965 0.13740511238574982 -0.15480150282382965 -0.04434056580066681
pumpkin/seq-01/frame-000967.color.png -0.009648505598306656 -0.8264809250831604 0.6771059036254883 0.9769898056983948 0.12601333856582642 -0.1649128645658493 -0.0491458885371685
pumpkin/seq-01/frame-000968.color.png -0.026420317590236664 -0.8193407654762268 0.6341884136199951 0.9749035835266113 0.12820827960968018 -0.1744913011789322 -0.05175516754388809
pumpkin/seq-01/frame-000969.color.png -0.01535876840353012 -0.8221621513366699 0.6299894452095032 0.9728612303733826 0.15374869108200073 -0.16740305721759796 -0.04334249719977379
pumpkin/seq-01/frame-000970.color.png -0.04795045778155327 -0.8046569228172302 0.6176027655601501 0.972830057144165 0.16540242731571198 -0.15611064434051514 -0.04327963665127754
pumpkin/seq-01/frame-000971.color.png 0.002090737223625183 -0.8507924675941467 0.6333492398262024 0.9745588302612305 0.1559516340494156 -0.15646030008792877 -0.03787309303879738
pumpkin/seq-01/frame-000972.color.png -0.025816012173891068 -0.8601357936859131 0.6570070385932922 0.9734523296356201 0.1609143763780594 -0.1564439982175827 -0.044972069561481476
pumpkin/seq-01/frame-000973.color.png 0.08594740927219391 -0.8833398818969727 0.6911553740501404 0.9674559831619263 0.15180662274360657 -0.1959025263786316 -0.051048390567302704
pumpkin/seq-01/frame-000974.color.png 0.12316849827766418 -0.9205948114395142 0.6751426458358765 0.9707038402557373 0.1627378761768341 -0.16960427165031433 -0.04984843730926514
pumpkin/seq-01/frame-000975.color.png 0.12308545410633087 -0.912030041217804 0.6657790541648865 0.9743577241897583 0.1535288393497467 -0.1568227857351303 -0.04962367191910744
pumpkin/seq-01/frame-000976.color.png 0.0922384113073349 -0.9135306477546692 0.622926652431488 0.9747740626335144 0.16060306131839752 -0.14566601812839508 -0.052949048578739166
pumpkin/seq-01/frame-000977.color.png 0.11569647490978241 -0.8978521823883057 0.6366806030273438 0.9776495695114136 0.15202510356903076 -0.13777749240398407 -0.04590480774641037
pumpkin/seq-01/frame-000978.color.png 0.16683092713356018 -0.9081120491027832 0.6536492705345154 0.9758259654045105 0.15893207490444183 -0.1412932127714157 -0.05040190368890762
pumpkin/seq-01/frame-000979.color.png 0.08737275004386902 -0.886189341545105 0.6175853610038757 0.9727165699005127 0.17517784237861633 -0.14040079712867737 -0.05850457400083542
pumpkin/seq-01/frame-000980.color.png 0.06140856072306633 -0.8671696782112122 0.5769197344779968 0.9722961187362671 0.1805313378572464 -0.13569584488868713 -0.06029496714472771
pumpkin/seq-01/frame-000981.color.png 0.17180097103118896 -0.8856873512268066 0.5760223269462585 0.9674890041351318 0.19643495976924896 -0.14527960121631622 -0.06536039710044861
pumpkin/seq-01/frame-000982.color.png 0.10457071661949158 -0.8700575232505798 0.5884928703308105 0.9690005779266357 0.19487778842449188 -0.13873176276683807 -0.06175779551267624
pumpkin/seq-01/frame-000983.color.png 0.0668194591999054 -0.8744717240333557 0.5579380393028259 0.9657835960388184 0.18499839305877686 -0.16470792889595032 -0.07686994969844818
pumpkin/seq-01/frame-000984.color.png 0.10971362888813019 -0.8493272662162781 0.6061658263206482 0.9682918190956116 0.16622230410575867 -0.17449353635311127 -0.06582678109407425
pumpkin/seq-01/frame-000985.color.png 0.09023293852806091 -0.8487403392791748 0.6012316346168518 0.9638410806655884 0.18023739755153656 -0.1832505762577057 -0.07031480967998505
pumpkin/seq-01/frame-000986.color.png 0.09185625612735748 -0.8102964162826538 0.5508579611778259 0.9611782431602478 0.17248336970806122 -0.2012261003255844 -0.07677142322063446
pumpkin/seq-01/frame-000987.color.png 0.0867253839969635 -0.858224630355835 0.5993297696113586 0.9611486196517944 0.1783037632703781 -0.1985490769147873 -0.07056305557489395
pumpkin/seq-01/frame-000988.color.png 0.03470044955611229 -0.8081207275390625 0.5810339450836182 0.9600012898445129 0.19089096784591675 -0.19097256660461426 -0.0740777924656868
pumpkin/seq-01/frame-000989.color.png 0.03663039579987526 -0.8053419589996338 0.5832310318946838 0.9579538702964783 0.18407891690731049 -0.2066616266965866 -0.0756988674402237
pumpkin/seq-01/frame-000990.color.png 0.04205445572733879 -0.8056443333625793 0.5715010762214661 0.9598554968833923 0.17417137324810028 -0.2084326595067978 -0.06998123228549957
pumpkin/seq-01/frame-000991.color.png 0.08935558795928955 -0.7758272290229797 0.5448988080024719 0.9576249718666077 0.16816174983978271 -0.2215796262025833 -0.07469064742326736
pumpkin/seq-01/frame-000992.color.png 0.03664983808994293 -0.7677609920501709 0.5372641682624817 0.9531863927841187 0.1598474681377411 -0.243706613779068 -0.08057000488042831
pumpkin/seq-01/frame-000993.color.png -0.0010479502379894257 -0.7461782693862915 0.5404548645019531 0.9510090351104736 0.1675233393907547 -0.24836891889572144 -0.07635781913995743
pumpkin/seq-01/frame-000994.color.png 0.023580513894557953 -0.7955797910690308 0.5344313383102417 0.9507061243057251 0.16171015799045563 -0.2526964247226715 -0.0784357488155365
pumpkin/seq-01/frame-000995.color.png 0.02262643724679947 -0.8604381680488586 0.5785172581672668 0.9463871121406555 0.15195271372795105 -0.27334487438201904 -0.08089689165353775
pumpkin/seq-01/frame-000996.color.png 0.01554858312010765 -0.8371293544769287 0.5942952632904053 0.9407843947410583 0.15938296914100647 -0.28813692927360535 -0.08061543852090836
pumpkin/seq-01/frame-000997.color.png 0.011633019894361496 -0.8647809028625488 0.5777403116226196 0.945488452911377 0.16260533034801483 -0.27032890915870667 -0.08082927763462067
pumpkin/seq-01/frame-000998.color.png -0.017643455415964127 -0.8672603964805603 0.6256499290466309 0.9432670474052429 0.15644176304340363 -0.2817678153514862 -0.07987521588802338
pumpkin/seq-01/frame-000999.color.png -0.061034563928842545 -0.8788193464279175 0.6511955857276917 0.9380311965942383 0.16437247395515442 -0.2940289378166199 -0.0814029797911644
pumpkin/seq-07/frame-000000.color.png -0.24244698882102966 -0.5046295523643494 0.016100894659757614 0.9894649982452393 0.009074640460312366 -0.14446856081485748 -0.0023718662559986115
pumpkin/seq-07/frame-000001.color.png -0.25969457626342773 -0.5096542835235596 0.020981281995773315 0.9897353053092957 0.005074780434370041 -0.14282140135765076 -0.0006259082001633942
pumpkin/seq-07/frame-000002.color.png -0.24380654096603394 -0.519303560256958 0.03143006190657616 0.9903525114059448 0.007697530556470156 -0.1383516788482666 0.0011600517900660634
pumpkin/seq-07/frame-000003.color.png -0.2374180555343628 -0.5135456919670105 0.02054675668478012 0.9900957345962524 0.0076045747846364975 -0.14017251133918762 0.0020409824792295694
pumpkin/seq-07/frame-000004.color.png -0.23483231663703918 -0.5206162333488464 0.024961262941360474 0.9904168844223022 0.005764815025031567 -0.13795019686222076 0.003296980168670416
pumpkin/seq-07/frame-000005.color.png -0.2565096914768219 -0.5233437418937683 0.024188615381717682 0.9900036454200745 0.006660812068730593 -0.14087191224098206 0.001822629594244063
pumpkin/seq-07/frame-000006.color.png -0.2618657648563385 -0.5122966766357422 0.04217737168073654 0.990266740322113 0.0035923507530242205 -0.13911697268486023 -0.0022913499269634485
pumpkin/seq-07/frame-000007.color.png -0.25424641370773315 -0.5201476812362671 0.04832004755735397 0.9896581768989563 -0.003365571377798915 -0.1433098316192627 -0.005252976436167955
pumpkin/seq-07/frame-000008.color.png -0.2502546012401581 -0.5177236795425415 0.030299067497253418 0.9898911118507385 -0.0009105353383347392 -0.141642764210701 -0.007223060354590416
pumpkin/seq-07/frame-000009.color.png -0.25889477133750916 -0.517967700958252 0.02134895697236061 0.9901925921440125 -0.0001467414404032752 -0.13944490253925323 -0.008596441708505154
pumpkin/seq-07/frame-000010.color.png -0.2449825406074524 -0.5209810137748718 0.0031261146068573 0.9892116189002991 -0.002457783557474613 -0.1462935507297516 -0.007235825527459383
pumpkin/seq-07/frame-000011.color.png -0.2298414409160614 -0.5225765705108643 0.02936442568898201 0.9887282252311707 -5.571890505962074e-05 -0.14920490980148315 -0.01241924799978733
pumpkin/seq-07/frame-000012.color.png -0.2463417649269104 -0.5304280519485474 0.023074910044670105 0.9888993501663208 0.0010419515892863274 -0.1477700024843216 -0.01552819088101387
pumpkin/seq-07/frame-000013.color.png -0.23918882012367249 -0.5463780760765076 0.0015826988965272903 0.9899953603744507 0.0007112629828043282 -0.1403002291917801 -0.014991136267781258
pumpkin/seq-07/frame-000014.color.png -0.26561230421066284 -0.5374839305877686 -0.01943744532763958 0.990481972694397 -0.0005191059317439795 -0.13663770258426666 -0.0165945366024971
pumpkin/seq-07/frame-000015.color.png -0.2661966383457184 -0.5318663716316223 -0.021567340940237045 0.9895402789115906 -0.002540324116125703 -0.1429787427186966 -0.01899658888578415
pumpkin/seq-07/frame-000016.color.png -0.24301257729530334 -0.5442604422569275 -0.004336195066571236 0.9888058304786682 0.00023984862491488457 -0.1481696516275406 -0.0175753403455019
pumpkin/seq-07/frame-000017.color.png -0.2694590389728546 -0.5383787751197815 0.011384330689907074 0.9897390007972717 0.004508413374423981 -0.14070618152618408 -0.02445453591644764
pumpkin/seq-07/frame-000018.color.png -0.27099907398223877 -0.5433904528617859 0.016153469681739807 0.9899025559425354 8.064520079642534e-05 -0.13841448724269867 -0.030566852539777756
pumpkin/seq-07/frame-000019.color.png -0.26714447140693665 -0.5542392134666443 -0.003558740019798279 0.990075409412384 0.002288129646331072 -0.13752827048301697 -0.028832433745265007
pumpkin/seq-07/frame-000020.color.png -0.2766822874546051 -0.5205463767051697 0.004463963210582733 0.9889926314353943 0.002479903632774949 -0.1459348201751709 -0.02429811842739582
pumpkin/seq-07/frame-000021.color.png -0.2523486912250519 -0.50556480884552 -0.009743627160787582 0.9875597357749939 -0.0003762284468393773 -0.154714897274971 -0.02808806672692299
pumpkin/seq-07/frame-000022.color.png -0.2460729479789734 -0.5327603220939636 0.003805091604590416 0.9859302043914795 -0.0005564034800045192 -0.16382013261318207 -0.03323110565543175
pumpkin/seq-07/frame-000023.color.png -0.25295570492744446 -0.5033025145530701 0.027976367622613907 0.9873171448707581 0.007448799908161163 -0.15497714281082153 -0.03363573178648949
pumpkin/seq-07/frame-000024.color.png -0.22648899257183075 -0.5252100825309753 0.0030547138303518295 0.986901044845581 -0.0018309456063434482 -0.15852461755275726 -0.02988182008266449
pumpkin/seq-07/frame-000025.color.png -0.25009849667549133 -0.5057450532913208 -0.005655830726027489 0.9850591421127319 -0.010121200233697891 -0.16770444810390472 -0.037831954658031464
pumpkin/seq-07/frame-000026.color.png -0.21392753720283508 -0.5301647782325745 -0.022900735959410667 0.9827348589897156 -0.01767285354435444 -0.17925390601158142 -0.04228152334690094
pumpkin/seq-07/frame-000027.color.png -0.2318669557571411 -0.524055004119873 0.0034835729748010635 0.9805553555488586 -0.026194583624601364 -0.19071972370147705 -0.038093093782663345
pumpkin/seq-07/frame-000028.color.png -0.2644028961658478 -0.528068482875824 0.02446252852678299 0.9800365567207336 -0.022524097934365273 -0.19270913302898407 -0.04340631514787674
pumpkin/seq-07/frame-000029.color.png -0.25740236043930054 -0.5202639102935791 0.014702234417200089 0.9763848185539246 -0.028827780857682228 -0.21000796556472778 -0.04169156402349472
pumpkin/seq-07/frame-000030.color.png -0.2934104800224304 -0.5178083777427673 0.04374291002750397 0.9762830138206482 -0.028935527428984642 -0.20884497463703156 -0.04917258769273758
pumpkin/seq-07/frame-000031.color.png -0.29322338104248047 -0.4867973327636719 0.06142428517341614 0.9708207249641418 -0.03689153492450714 -0.23178884387016296 -0.04919451102614403
pumpkin/seq-07/frame-000032.color.png -0.288299024105072 -0.5092094540596008 0.048275746405124664 0.9687691926956177 -0.03909613937139511 -0.23894888162612915 -0.05349167436361313
pumpkin/seq-07/frame-000033.color.png -0.29550814628601074 -0.48626911640167236 0.09691622853279114 0.9598896503448486 -0.04755150154232979 -0.2706215977668762 -0.05580895394086838
pumpkin/seq-07/frame-000034.color.png -0.2960524559020996 -0.4810812771320343 0.08776707202196121 0.9593085050582886 -0.0525561198592186 -0.2706756591796875 -0.06082535907626152
pumpkin/seq-07/frame-000035.color.png -0.3233104348182678 -0.47246357798576355 0.08559995144605637 0.9538826942443848 -0.05605505034327507 -0.2899268567562103 -0.05392845720052719
pumpkin/seq-07/frame-000036.color.png -0.3474370539188385 -0.49117404222488403 0.10899592190980911 0.9508878588676453 -0.05335284769535065 -0.2997525930404663 -0.055804211646318436
pumpkin/seq-07/frame-000037.color.png -0.33729538321495056 -0.4836929738521576 0.08935607969760895 0.9489063620567322 -0.05945504084229469 -0.3049614429473877 -0.055140189826488495
pumpkin/seq-07/frame-000038.color.png -0.3610836863517761 -0.46152010560035706 0.0853651687502861 0.9493666887283325 -0.05663975700736046 -0.30305957794189453 -0.06041206046938896
pumpkin/seq-07/frame-000039.color.png -0.3531034290790558 -0.45976823568344116 0.08135201781988144 0.9505200386047363 -0.05422480031847954 -0.29969877004623413 -0.0612545982003212
pumpkin/seq-07/frame-000040.color.png -0.39159175753593445 -0.46647560596466064 0.11579374223947525 0.948343813419342 -0.06179485097527504 -0.30457907915115356 -0.06369511038064957
pumpkin/seq-07/frame-000041.color.png -0.40834474563598633 -0.47787564992904663 0.13602876663208008 0.9468538761138916 -0.05857329070568085 -0.3097180426120758 -0.06412261724472046
pumpkin/seq-07/frame-000042.color.png -0.4118313193321228 -0.47613561153411865 0.130203515291214 0.9488256573677063 -0.057757917791604996 -0.30451732873916626 -0.060524486005306244
pumpkin/seq-07/frame-000043.color.png -0.4222079813480377 -0.48035454750061035 0.11065150797367096 0.9484165906906128 -0.05590609088540077 -0.3071143925189972 -0.055328648537397385
pumpkin/seq-07/frame-000044.color.png -0.4241258203983307 -0.47297993302345276 0.11470640450716019 0.9525772929191589 -0.05199944227933884 -0.2940047085285187 -0.05876842141151428
pumpkin/seq-07/frame-000045.color.png -0.4574938416481018 -0.48362863063812256 0.13392165303230286 0.9530127644538879 -0.05915723741054535 -0.2905467450618744 -0.062045417726039886
pumpkin/seq-07/frame-000046.color.png -0.4955424964427948 -0.4904536008834839 0.13518071174621582 0.953339695930481 -0.04516128450632095 -0.29205846786499023 -0.06169242411851883
pumpkin/seq-07/frame-000047.color.png -0.5156806111335754 -0.46039462089538574 0.13042563199996948 0.9545312523841858 -0.05200532078742981 -0.2886587679386139 -0.05330810323357582
pumpkin/seq-07/frame-000048.color.png -0.533402144908905 -0.4814417362213135 0.12097422033548355 0.9522957801818848 -0.044824857264757156 -0.2956317067146301 -0.06103472784161568
pumpkin/seq-07/frame-000049.color.png -0.5228359699249268 -0.49259382486343384 0.12149863690137863 0.9536316394805908 -0.04786166176199913 -0.29184508323669434 -0.055877842009067535
pumpkin/seq-07/frame-000050.color.png -0.5501440167427063 -0.49665939807891846 0.1343076229095459 0.9540134072303772 -0.05175933241844177 -0.2899952530860901 -0.055516745895147324
pumpkin/seq-07/frame-000051.color.png -0.5806277990341187 -0.5014935731887817 0.15984854102134705 0.9531636238098145 -0.04722082242369652 -0.2930881679058075 -0.0578685961663723
pumpkin/seq-07/frame-000052.color.png -0.5725447535514832 -0.4805262088775635 0.11360696703195572 0.9537061452865601 -0.05717522278428078 -0.28989148139953613 -0.05602240189909935
pumpkin/seq-07/frame-000053.color.png -0.6022590398788452 -0.5186355710029602 0.08431458473205566 0.9548915028572083 -0.05025867745280266 -0.2879997789859772 -0.05207949876785278
pumpkin/seq-07/frame-000054.color.png -0.5883170962333679 -0.5757409334182739 0.08220048993825912 0.9510016441345215 -0.045396801084280014 -0.3007373511791229 -0.055606335401535034
pumpkin/seq-07/frame-000055.color.png -0.596737265586853 -0.5900362730026245 0.13961255550384521 0.9532878994941711 -0.03222937136888504 -0.29493486881256104 -0.05671650171279907
pumpkin/seq-07/frame-000056.color.png -0.6011214256286621 -0.5567148327827454 0.10233655571937561 0.9522820711135864 -0.02849247120320797 -0.2988499402999878 -0.05509684979915619
pumpkin/seq-07/frame-000057.color.png -0.6238386034965515 -0.5702301859855652 0.04831789433956146 0.9546326398849487 -0.022688334807753563 -0.2905110716819763 -0.06135978549718857
pumpkin/seq-07/frame-000058.color.png -0.5897709131240845 -0.6014719009399414 0.043477050960063934 0.9506974816322327 -0.028036708012223244 -0.3017503023147583 -0.06584126502275467
pumpkin/seq-07/frame-000059.color.png -0.6565981507301331 -0.630668580532074 0.06013094633817673 0.9510085582733154 -0.019140755757689476 -0.3014836311340332 -0.0657564327120781
pumpkin/seq-07/frame-000060.color.png -0.705923855304718 -0.6469460725784302 0.07855692505836487 0.9456490874290466 -0.018196752294898033 -0.3163604140281677 -0.07302571833133698
pumpkin/seq-07/frame-000061.color.png -0.7136830687522888 -0.6795166730880737 0.09309622645378113 0.941957414150238 -0.02095879055559635 -0.32589399814605713 -0.07790954411029816
pumpkin/seq-07/frame-000062.color.png -0.6242545247077942 -0.7163934707641602 0.12315567582845688 0.9384011030197144 -0.00576808350160718 -0.33137989044189453 -0.09776237607002258
pumpkin/seq-07/frame-000063.color.png -0.46747955679893494 -0.8269683718681335 0.28922227025032043 0.947689950466156 0.024921689182519913 -0.3040149509906769 -0.0940086841583252
pumpkin/seq-07/frame-000064.color.png -0.28372445702552795 -0.9217481017112732 0.3920208215713501 0.9554837942123413 0.02145138941705227 -0.27695345878601074 -0.09943501651287079
pumpkin/seq-07/frame-000065.color.png -0.24868783354759216 -0.9319090247154236 0.3577069342136383 0.9624199867248535 0.021700719371438026 -0.2516228258609772 -0.09981440752744675
pumpkin/seq-07/frame-000066.color.png -0.053631458431482315 -0.9882950782775879 0.4973958134651184 0.9843059182167053 0.029610496014356613 -0.15709546208381653 -0.07473960518836975
pumpkin/seq-07/frame-000067.color.png 0.03688942268490791 -1.01487398147583 0.6115589141845703 0.9593635201454163 0.037176329642534256 -0.25559237599372864 -0.1136319562792778
pumpkin/seq-07/frame-000068.color.png -0.002809099853038788 -0.9889848232269287 0.507817268371582 0.9918481111526489 0.03341037034988403 -0.09756689518690109 -0.07484464347362518
pumpkin/seq-07/frame-000069.color.png -0.08120112121105194 -0.9686687588691711 0.5222594738006592 0.9939590096473694 0.03091069869697094 -0.07465518265962601 -0.07427321374416351
pumpkin/seq-07/frame-000070.color.png 0.1280594915151596 -0.9650446772575378 0.4481513798236847 0.989417552947998 0.03396327793598175 0.1409875601530075 -0.004703096579760313
pumpkin/seq-07/frame-000071.color.png -0.0030813999474048615 -1.0105170011520386 0.4669850468635559 0.9940014481544495 0.04609901085495949 -0.060845572501420975 -0.0783199816942215
pumpkin/seq-07/frame-000072.color.png 0.20074284076690674 -1.0250357389450073 0.5674691796302795 0.9926587343215942 0.037498876452445984 0.10926134884357452 -0.035842183977365494
pumpkin/seq-07/frame-000073.color.png 0.20703761279582977 -1.020713210105896 0.5901971459388733 0.9763299226760864 0.02055431343615055 0.2153068333864212 -0.000496847671456635
pumpkin/seq-07/frame-000074.color.png 0.29565465450286865 -1.1214624643325806 0.6985033750534058 0.9851692914962769 0.054552361369132996 0.1578989326953888 -0.039158906787633896
pumpkin/seq-07/frame-000075.color.png 0.16756129264831543 -1.1510947942733765 0.6013657450675964 0.9837850332260132 0.031975530087947845 0.17297051846981049 -0.035012345761060715
pumpkin/seq-07/frame-000076.color.png 0.20280735194683075 -1.143012285232544 0.6772902607917786 0.9940834045410156 0.05611804127693176 0.014234238304197788 -0.0919024646282196
pumpkin/seq-07/frame-000077.color.png 0.15152528882026672 -1.1310933828353882 0.7453678846359253 0.9902445673942566 0.060018837451934814 -0.0572751946747303 -0.11195054650306702
pumpkin/seq-07/frame-000078.color.png 0.22494809329509735 -1.1333708763122559 0.7770455479621887 0.9931818842887878 0.051991816610097885 -0.03182079643011093 -0.09936791658401489
pumpkin/seq-07/frame-000079.color.png 0.2558440864086151 -1.1459684371948242 0.8243299722671509 0.9896076917648315 0.0453622080385685 0.12114856392145157 -0.06278567761182785
pumpkin/seq-07/frame-000080.color.png 0.3107583224773407 -1.1612802743911743 0.8848850131034851 0.989816427230835 0.05288960039615631 0.10500513017177582 -0.080250583589077
pumpkin/seq-07/frame-000081.color.png 0.3697381615638733 -1.1521703004837036 0.8494604229927063 0.9882172346115112 0.05334952101111412 0.11746164411306381 -0.08236108720302582
pumpkin/seq-07/frame-000082.color.png 0.2678660452365875 -1.1300740242004395 0.8601258397102356 0.9798687100410461 0.04327397793531418 0.1817871332168579 -0.07027142494916916
pumpkin/seq-07/frame-000083.color.png 0.28051701188087463 -1.167921543121338 0.8195446133613586 0.9898219704627991 0.06373663991689682 0.09265170246362686 -0.0872119814157486
pumpkin/seq-07/frame-000084.color.png 0.34895026683807373 -1.1481231451034546 0.8590875864028931 0.9886002540588379 0.05695971101522446 0.11528085917234421 -0.07832936197519302
pumpkin/seq-07/frame-000085.color.png 0.2815273404121399 -1.1070955991744995 0.8920974135398865 0.9894932508468628 0.05408000200986862 0.10145670175552368 -0.08766403794288635
pumpkin/seq-07/frame-000086.color.png 0.20296506583690643 -1.0691496133804321 0.8764577507972717 0.9788551926612854 0.043096013367176056 0.19188091158866882 -0.05627768114209175
pumpkin/seq-07/frame-000087.color.png 0.17985820770263672 -0.943239152431488 0.7929275035858154 0.9722805023193359 0.0538845919072628 0.22107011079788208 -0.05380529165267944
pumpkin/seq-07/frame-000088.color.png 0.08561478555202484 -1.0176447629928589 0.8928864002227783 0.9809497594833374 0.08757399767637253 0.1415988653898239 -0.10008980333805084
pumpkin/seq-07/frame-000089.color.png 0.13133849203586578 -1.0071415901184082 0.8404756784439087 0.9895486831665039 0.07497259229421616 0.0350162610411644 -0.11809413880109787
pumpkin/seq-07/frame-000090.color.png 0.011361956596374512 -0.9551683664321899 0.8681588768959045 0.9847473502159119 0.07657310366630554 0.1226411759853363 -0.09679146856069565
pumpkin/seq-07/frame-000091.color.png -0.03608565032482147 -1.0443388223648071 0.7712454199790955 0.989949643611908 0.06675224006175995 0.03840993344783783 -0.11861082166433334
pumpkin/seq-07/frame-000092.color.png -0.2702257037162781 -0.9628069996833801 0.6980005502700806 0.9841326475143433 0.08784216642379761 0.1137380376458168 -0.10406921058893204
pumpkin/seq-07/frame-000093.color.png -0.09313645958900452 -0.997225284576416 0.6507154107093811 0.9915591478347778 0.059686340391635895 0.03325670585036278 -0.11019119620323181
pumpkin/seq-07/frame-000094.color.png -0.0490228645503521 -0.9964605569839478 0.650508463382721 0.9841793775558472 0.09318885952234268 0.11470584571361542 -0.09772191196680069
pumpkin/seq-07/frame-000095.color.png 0.16059014201164246 -0.9483755826950073 0.7209833264350891 0.987929105758667 0.08607320487499237 -0.0405520424246788 -0.12224230915307999
pumpkin/seq-07/frame-000096.color.png 0.0998729020357132 -1.0213502645492554 0.6345348358154297 0.9823380708694458 0.09487799555063248 -0.09465309232473373 -0.13057850301265717
pumpkin/seq-07/frame-000097.color.png 0.0009905844926834106 -1.017709732055664 0.612665057182312 0.9872998595237732 0.08112020790576935 -0.06426113098859787 -0.12053711712360382
pumpkin/seq-07/frame-000098.color.png 0.006044317036867142 -1.0399006605148315 0.552592396736145 0.9874399304389954 0.08332047611474991 -0.06877043098211288 -0.11528496444225311
pumpkin/seq-07/frame-000099.color.png 0.005833473056554794 -1.0110288858413696 0.6353271007537842 0.9903441071510315 0.08114838600158691 -0.027431169524788857 -0.10899881273508072
pumpkin/seq-07/frame-000100.color.png 0.07304120063781738 -1.059391736984253 0.6571958661079407 0.9729934334754944 0.07557722181081772 -0.1831638514995575 -0.11841752380132675
pumpkin/seq-07/frame-000101.color.png 0.032626472413539886 -1.0498625040054321 0.5943160057067871 0.971939206123352 0.10714256763458252 -0.17485438287258148 -0.11524075269699097
pumpkin/seq-07/frame-000102.color.png -0.02329491823911667 -1.0503439903259277 0.4830976128578186 0.972813069820404 0.1229015365242958 -0.16592054069042206 -0.10488284379243851
pumpkin/seq-07/frame-000103.color.png -0.10970252752304077 -1.0279425382614136 0.42143839597702026 0.9696692824363708 0.12679441273212433 -0.18505173921585083 -0.0970589816570282
pumpkin/seq-07/frame-000104.color.png -0.1814718246459961 -1.0039865970611572 0.41371792554855347 0.9708504676818848 0.13695074617862701 -0.1744976043701172 -0.0907987654209137
pumpkin/seq-07/frame-000105.color.png -0.26811718940734863 -1.0032588243484497 0.28414005041122437 0.9734214544296265 0.13439641892910004 -0.1612989753484726 -0.09149341285228729
pumpkin/seq-07/frame-000106.color.png -0.31088143587112427 -1.0025757551193237 0.21041780710220337 0.971652626991272 0.13531292974948883 -0.17159004509449005 -0.0902133584022522
pumpkin/seq-07/frame-000107.color.png -0.3988809585571289 -0.9622383117675781 0.10701639205217361 0.9681209921836853 0.12150748074054718 -0.2019660323858261 -0.08477810025215149
pumpkin/seq-07/frame-000108.color.png -0.4156929552555084 -0.9837310314178467 0.0959361344575882 0.9721994996070862 0.11555580794811249 -0.18869006633758545 -0.07662264257669449
pumpkin/seq-07/frame-000109.color.png -0.39463984966278076 -0.9933427572250366 0.1491723656654358 0.9735413193702698 0.12641020119190216 -0.17561528086662292 -0.07346370071172714
pumpkin/seq-07/frame-000110.color.png -0.4580865502357483 -0.9704627394676208 0.10587633401155472 0.9719586968421936 0.12463508546352386 -0.18595682084560394 -0.07199010252952576
pumpkin/seq-07/frame-000111.color.png -0.435812383890152 -0.9611924886703491 0.10973554849624634 0.9744358658790588 0.1258336752653122 -0.17489223182201385 -0.06366479396820068
pumpkin/seq-07/frame-000112.color.png -0.4483184814453125 -1.005180835723877 0.09337274730205536 0.972305953502655 0.12236855179071426 -0.19055244326591492 -0.05776583030819893
pumpkin/seq-07/frame-000113.color.png -0.4669073522090912 -0.9929909706115723 0.12994030117988586 0.9738891124725342 0.11730290204286575 -0.18402977287769318 -0.06255699694156647
pumpkin/seq-07/frame-000114.color.png -0.4092208743095398 -0.9582227468490601 0.09458937495946884 0.9768330454826355 0.1281038224697113 -0.16290637850761414 -0.053368933498859406
pumpkin/seq-07/frame-000115.color.png -0.4640122056007385 -0.9567925333976746 0.07085937261581421 0.9765711426734924 0.13747382164001465 -0.15692757070064545 -0.05275861546397209
pumpkin/seq-07/frame-000116.color.png -0.44657546281814575 -0.9726484417915344 0.10027393698692322 0.9740781188011169 0.14068086445331573 -0.16924774646759033 -0.05230499058961868
pumpkin/seq-07/frame-000117.color.png -0.45605000853538513 -0.9605703353881836 0.10084044188261032 0.9782018661499023 0.12516716122627258 -0.1592499166727066 -0.04575531929731369
pumpkin/seq-07/frame-000118.color.png -0.5093927979469299 -0.9480434060096741 0.09559497982263565 0.9782775640487671 0.1319025605916977 -0.1528519093990326 -0.04702256619930267
pumpkin/seq-07/frame-000119.color.png -0.464686781167984 -0.9476425647735596 0.08364641666412354 0.977942168712616 0.1254124492406845 -0.15816256403923035 -0.05371587350964546
pumpkin/seq-07/frame-000120.color.png -0.4321100413799286 -0.9322865009307861 0.12515541911125183 0.9776530265808105 0.14194531738758087 -0.14668118953704834 -0.050306957215070724
pumpkin/seq-07/frame-000121.color.png -0.3972882330417633 -0.9311851859092712 0.1593252718448639 0.9782693386077881 0.14792317152023315 -0.1382455825805664 -0.04467695578932762
pumpkin/seq-07/frame-000122.color.png -0.3967899680137634 -0.9211478233337402 0.1643836796283722 0.9802987575531006 0.13576780259609222 -0.13817356526851654 -0.03859543800354004
pumpkin/seq-07/frame-000123.color.png -0.41252222657203674 -0.926925003528595 0.13836351037025452 0.9789270162582397 0.12093877047300339 -0.1606837958097458 -0.03544440492987633
pumpkin/seq-07/frame-000124.color.png -0.45796310901641846 -0.9364683628082275 0.09943404048681259 0.9807331562042236 0.10898486524820328 -0.15820801258087158 -0.035427600145339966
pumpkin/seq-07/frame-000125.color.png -0.43414434790611267 -0.9793630242347717 0.09386663883924484 0.981018602848053 0.11319313943386078 -0.15338709950447083 -0.03552720323204994
pumpkin/seq-07/frame-000126.color.png -0.47489026188850403 -0.9815770983695984 0.10612180083990097 0.9822209477424622 0.09779226779937744 -0.1574220508337021 -0.02995269000530243
pumpkin/seq-07/frame-000127.color.png -0.49983587861061096 -0.9588771462440491 0.11676228791475296 0.983767032623291 0.10532426089048386 -0.14292052388191223 -0.026132017374038696
pumpkin/seq-07/frame-000128.color.png -0.5314890742301941 -0.935997486114502 0.13469931483268738 0.9848515391349792 0.10449882596731186 -0.1374634951353073 -0.015851007774472237
pumpkin/seq-07/frame-000129.color.png -0.4720079004764557 -0.9878487586975098 0.1255977749824524 0.9815187454223633 0.08222837001085281 -0.1723490059375763 -0.012472022324800491
pumpkin/seq-07/frame-000130.color.png -0.5260034799575806 -0.9861941337585449 0.16585001349449158 0.9840384125709534 0.07906743139028549 -0.15853019058704376 -0.01688176952302456
pumpkin/seq-07/frame-000131.color.png -0.5530769228935242 -0.9881750345230103 0.13093915581703186 0.9841141104698181 0.07198110222816467 -0.16161072254180908 -0.014840684831142426
pumpkin/seq-07/frame-000132.color.png -0.48462674021720886 -1.0066921710968018 0.1391376554965973 0.9867690205574036 0.05979091301560402 -0.1507049798965454 7.621823897352442e-05
pumpkin/seq-07/frame-000133.color.png -0.41892021894454956 -1.0002301931381226 0.12611407041549683 0.9871383309364319 0.08153753727674484 -0.13750679790973663 -0.0011788150295615196
pumpkin/seq-07/frame-000134.color.png -0.488634318113327 -0.9956519603729248 0.1575629711151123 0.9880092144012451 0.08161865919828415 -0.13105803728103638 -0.0003120126493740827
pumpkin/seq-07/frame-000135.color.png -0.5107765793800354 -0.9877475500106812 0.15496551990509033 0.9877580404281616 0.06611008197069168 -0.14124806225299835 0.0035353736020624638
pumpkin/seq-07/frame-000136.color.png -0.43561479449272156 -1.0172295570373535 0.16169488430023193 0.9874921441078186 0.07136800140142441 -0.14055988192558289 0.0029893475584685802
pumpkin/seq-07/frame-000137.color.png -0.43789008259773254 -1.0027834177017212 0.17066332697868347 0.9883952736854553 0.07822320610284805 -0.13013744354248047 0.004511102102696896
pumpkin/seq-07/frame-000138.color.png -0.4031604826450348 -1.0069178342819214 0.18238180875778198 0.9882317185401917 0.07681256532669067 -0.13221102952957153 0.004283464048057795
pumpkin/seq-07/frame-000139.color.png -0.42894402146339417 -1.0189696550369263 0.17479738593101501 0.9890530109405518 0.07740394026041031 -0.12543025612831116 0.007076789624989033
pumpkin/seq-07/frame-000140.color.png -0.429645299911499 -1.0243629217147827 0.18113520741462708 0.9880318641662598 0.07965259999036789 -0.1317889392375946 0.008953877724707127
pumpkin/seq-07/frame-000141.color.png -0.4762342572212219 -1.0136197805404663 0.1793789565563202 0.9873788356781006 0.07795906811952591 -0.1372852474451065 0.012576445937156677
pumpkin/seq-07/frame-000142.color.png -0.47626397013664246 -1.0122431516647339 0.20418742299079895 0.9867756962776184 0.08221107721328735 -0.13889658451080322 0.014932725578546524
pumpkin/seq-07/frame-000143.color.png -0.5009665489196777 -1.0215321779251099 0.18437853455543518 0.9883634448051453 0.08556412160396576 -0.1255187690258026 0.007844161242246628
pumpkin/seq-07/frame-000144.color.png -0.42343437671661377 -1.0414631366729736 0.1797422468662262 0.9876972436904907 0.08579258620738983 -0.12939628958702087 0.018724264577031136
pumpkin/seq-07/frame-000145.color.png -0.4418301582336426 -1.0379889011383057 0.18589022755622864 0.987321138381958 0.08006929606199265 -0.13562174141407013 0.01981632225215435
pumpkin/seq-07/frame-000146.color.png -0.4520778954029083 -1.044311285018921 0.17562878131866455 0.9889416694641113 0.07731108367443085 -0.12468573451042175 0.021699320524930954
pumpkin/seq-07/frame-000147.color.png -0.4744527339935303 -1.0520081520080566 0.16647189855575562 0.9888092279434204 0.08507398515939713 -0.12111864238977432 0.0186823271214962
pumpkin/seq-07/frame-000148.color.png -0.4616600275039673 -1.065568208694458 0.17273107171058655 0.9891682267189026 0.08083613216876984 -0.12168959528207779 0.014272639527916908
pumpkin/seq-07/frame-000149.color.png -0.4345623552799225 -1.0298601388931274 0.166205495595932 0.9886288642883301 0.0786784365773201 -0.12629511952400208 0.02173156477510929
pumpkin/seq-07/frame-000150.color.png -0.44521647691726685 -1.0265002250671387 0.189765065908432 0.9888426065444946 0.07743638008832932 -0.12513671815395355 0.023123878985643387
pumpkin/seq-07/frame-000151.color.png -0.4674602448940277 -1.0580904483795166 0.1816379725933075 0.9884244799613953 0.07518462091684341 -0.13084349036216736 0.015627233311533928
pumpkin/seq-07/frame-000152.color.png -0.45564207434654236 -1.0781046152114868 0.11793202906847 0.9900278449058533 0.07663989812135696 -0.11808963119983673 0.0051041520200669765
pumpkin/seq-07/frame-000153.color.png -0.37292471528053284 -1.0453656911849976 0.1435404121875763 0.990217924118042 0.08399944752454758 -0.11133474856615067 0.004128818865865469
pumpkin/seq-07/frame-000154.color.png -0.33025750517845154 -1.0577778816223145 0.1765918731689453 0.990848958492279 0.07949990034103394 -0.10893524438142776 0.005586319137364626
pumpkin/seq-07/frame-000155.color.png -0.324240505695343 -1.0541538000106812 0.17594683170318604 0.9893087148666382 0.0884743258357048 -0.11566700041294098 0.007862436585128307
pumpkin/seq-07/frame-000156.color.png -0.3548378646373749 -1.0510389804840088 0.15451213717460632 0.990308403968811 0.08644707500934601 -0.10847587138414383 0.007026185281574726
pumpkin/seq-07/frame-000157.color.png -0.33450084924697876 -1.0644729137420654 0.14603710174560547 0.9890342950820923 0.08859829604625702 -0.11770164966583252 0.010388772934675217
pumpkin/seq-07/frame-000158.color.png -0.33685705065727234 -1.0637389421463013 0.17828336358070374 0.9892065525054932 0.08674994856119156 -0.11732127517461777 0.013444521464407444
pumpkin/seq-07/frame-000159.color.png -0.3124730587005615 -1.069943904876709 0.14710253477096558 0.9890530109405518 0.08874471485614777 -0.1169784665107727 0.014648014679551125
pumpkin/seq-07/frame-000160.color.png -0.31404241919517517 -1.0774991512298584 0.15719035267829895 0.9891859292984009 0.09524869173765182 -0.11071338504552841 0.013474218547344208
pumpkin/seq-07/frame-000161.color.png -0.33493128418922424 -1.0549808740615845 0.13528409600257874 0.9877841472625732 0.10356630384922028 -0.11569810658693314 0.01306273601949215
pumpkin/seq-07/frame-000162.color.png -0.3436298966407776 -1.0517797470092773 0.12461651116609573 0.9879894256591797 0.09374977648258209 -0.12199696153402328 0.014300801791250706
pumpkin/seq-07/frame-000163.color.png -0.3535040318965912 -1.052229404449463 0.15332746505737305 0.9894875884056091 0.09677423536777496 -0.10701605677604675 0.009829116985201836
pumpkin/seq-07/frame-000164.color.png -0.2846055030822754 -1.0551183223724365 0.18721678853034973 0.9910491108894348 0.08589039742946625 -0.10135029256343842 0.013149969279766083
pumpkin/seq-07/frame-000165.color.png -0.291555792093277 -1.0408759117126465 0.22110000252723694 0.9895488619804382 0.10594438016414642 -0.09609002619981766 0.018320420756936073
pumpkin/seq-07/frame-000166.color.png -0.31421080231666565 -1.0402277708053589 0.2141246795654297 0.9899366497993469 0.08914163708686829 -0.10987153649330139 0.002716644434258342
pumpkin/seq-07/frame-000167.color.png -0.3085422217845917 -1.0396387577056885 0.18314459919929504 0.9904786348342896 0.10370402783155441 -0.09038803726434708 -0.00524483434855938
pumpkin/seq-07/frame-000168.color.png -0.3273957073688507 -0.9914839267730713 0.22837841510772705 0.9904093146324158 0.11313553154468536 -0.07893262803554535 0.007711270824074745
pumpkin/seq-07/frame-000169.color.png -0.2918992340564728 -0.9855164289474487 0.23851031064987183 0.9910785555839539 0.10944108664989471 -0.07584765553474426 0.005765960551798344
pumpkin/seq-07/frame-000170.color.png -0.298078328371048 -1.0075395107269287 0.24241581559181213 0.9905779361724854 0.10894496738910675 -0.0828402191400528 0.004904904402792454
pumpkin/seq-07/frame-000171.color.png -0.3187200725078583 -1.005159616470337 0.2351384460926056 0.9896477460861206 0.11384764313697815 -0.08731649070978165 0.0034485908690840006
pumpkin/seq-07/frame-000172.color.png -0.32407790422439575 -1.016862154006958 0.23491093516349792 0.9883071184158325 0.11948243528604507 -0.09456446766853333 0.005532735027372837
pumpkin/seq-07/frame-000173.color.png -0.3402363359928131 -0.9928679466247559 0.23862206935882568 0.9884477257728577 0.11947666108608246 -0.09317540377378464 0.0038497692439705133
pumpkin/seq-07/frame-000174.color.png -0.33748701214790344 -0.9881604909896851 0.22575977444648743 0.987106204032898 0.11955421417951584 -0.10631749033927917 0.004983931314200163
pumpkin/seq-07/frame-000175.color.png -0.3067993223667145 -0.9761238098144531 0.23697370290756226 0.9882554411888123 0.122028648853302 -0.09175551682710648 0.0064173429273068905
pumpkin/seq-07/frame-000176.color.png -0.30010178685188293 -0.99376380443573 0.2406468391418457 0.9875847697257996 0.1227557435631752 -0.09778565168380737 0.006733184680342674
pumpkin/seq-07/frame-000177.color.png -0.3025345504283905 -0.985069751739502 0.2519455850124359 0.9865100979804993 0.11408592760562897 -0.1171782985329628 0.007165300659835339
pumpkin/seq-07/frame-000178.color.png -0.23994800448417664 -0.9819235801696777 0.2733328640460968 0.9885703325271606 0.1192793995141983 -0.0921999141573906 -0.0005245323991402984
pumpkin/seq-07/frame-000179.color.png -0.2596757113933563 -0.9661860466003418 0.3034285604953766 0.9878975749015808 0.11939242482185364 -0.0989440307021141 0.0037132014986127615
pumpkin/seq-07/frame-000180.color.png -0.20018193125724792 -0.9747441411018372 0.3360925614833832 0.9875288009643555 0.12811200320720673 -0.09128815680742264 0.0063790008425712585
pumpkin/seq-07/frame-000181.color.png -0.18959160149097443 -0.9771047234535217 0.32855331897735596 0.9870516657829285 0.13179641962051392 -0.09114035218954086 0.007225189357995987
pumpkin/seq-07/frame-000182.color.png -0.18914419412612915 -0.9802746772766113 0.358410120010376 0.98912113904953 0.12089381366968155 -0.08338518440723419 0.008420400321483612
pumpkin/seq-07/frame-000183.color.png -0.20773813128471375 -0.9705321788787842 0.3694115877151489 0.9892640113830566 0.1208040863275528 -0.08183576166629791 0.008129419758915901
pumpkin/seq-07/frame-000184.color.png -0.1983150839805603 -0.9723761081695557 0.35563257336616516 0.9896783828735352 0.11845650523900986 -0.0799747109413147 0.010437116026878357
pumpkin/seq-07/frame-000185.color.png -0.19945773482322693 -0.9829594492912292 0.3263489603996277 0.9894845485687256 0.12141706049442291 -0.0778205394744873 0.011055732145905495
pumpkin/seq-07/frame-000186.color.png -0.18578994274139404 -0.97945636510849 0.3509508967399597 0.9890527129173279 0.12955217063426971 -0.07001582533121109 0.009421992115676403
pumpkin/seq-07/frame-000187.color.png -0.18015295267105103 -0.9608514308929443 0.38867419958114624 0.9885517954826355 0.12863114476203918 -0.07798948138952255 0.011706847697496414
pumpkin/seq-07/frame-000188.color.png -0.19553226232528687 -0.9700896143913269 0.3862626850605011 0.9891017079353333 0.11963240802288055 -0.0857037752866745 0.004544008523225784
pumpkin/seq-07/frame-000189.color.png -0.1746443808078766 -0.9905765056610107 0.393915593624115 0.9896735548973083 0.12579603493213654 -0.06853660941123962 0.004920964129269123
pumpkin/seq-07/frame-000190.color.png -0.1432858407497406 -0.9736005067825317 0.4046478569507599 0.9901540279388428 0.1263439953327179 -0.058958396315574646 0.012494395487010479
pumpkin/seq-07/frame-000191.color.png -0.10186201333999634 -0.9776380658149719 0.39679038524627686 0.9897067546844482 0.12945133447647095 -0.05949291214346886 0.013540803454816341
pumpkin/seq-07/frame-000192.color.png -0.1165332943201065 -0.9767413139343262 0.4250270426273346 0.9904459714889526 0.12288792431354523 -0.06161738932132721 0.010896468535065651
pumpkin/seq-07/frame-000193.color.png -0.15218859910964966 -1.0007253885269165 0.429914265871048 0.9902772307395935 0.12205041199922562 -0.06611328572034836 0.009152761660516262
pumpkin/seq-07/frame-000194.color.png -0.16352112591266632 -0.9891289472579956 0.3971613347530365 0.9922545552253723 0.11961590498685837 -0.0321480855345726 0.009464520029723644
pumpkin/seq-07/frame-000195.color.png -0.0983259379863739 -0.9699038863182068 0.44973573088645935 0.9913565516471863 0.12724648416042328 -0.02491382509469986 0.019990578293800354
pumpkin/seq-07/frame-000196.color.png -0.09023842215538025 -0.9674193859100342 0.4519280791282654 0.9907909631729126 0.1309722363948822 -0.027632728219032288 0.020395154133439064
pumpkin/seq-07/frame-000197.color.png -0.09921993315219879 -0.9700176119804382 0.4484749436378479 0.9907187223434448 0.13174501061439514 -0.027222711592912674 0.019456300884485245
pumpkin/seq-07/frame-000198.color.png -0.10031981766223907 -0.9906208515167236 0.479442834854126 0.9916141629219055 0.12290466576814651 -0.03585077077150345 0.017622537910938263
pumpkin/seq-07/frame-000199.color.png -0.09040676057338715 -0.969855546951294 0.4545574486255646 0.9917147755622864 0.124555304646492 -0.019734974950551987 0.02446095645427704
pumpkin/seq-07/frame-000200.color.png -0.06670676171779633 -0.9683605432510376 0.48852038383483887 0.9924004077911377 0.11930375546216965 -0.011482478119432926 0.02786075696349144
pumpkin/seq-07/frame-000201.color.png -0.05919298902153969 -0.9685500860214233 0.4876493811607361 0.9923694133758545 0.11742077022790909 -0.01817614771425724 0.032938942313194275
pumpkin/seq-07/frame-000202.color.png -0.06798766553401947 -0.9550185203552246 0.4663703143596649 0.9920039772987366 0.11789855360984802 -0.02163565531373024 0.039497267454862595
pumpkin/seq-07/frame-000203.color.png -0.05036718770861626 -0.9651700258255005 0.4515591263771057 0.991216778755188 0.12098719924688339 -0.031464409083127975 0.04314233735203743
pumpkin/seq-07/frame-000204.color.png -0.03435670956969261 -0.9696862697601318 0.46050935983657837 0.9910422563552856 0.12171097099781036 -0.032303232699632645 0.04447850584983826
pumpkin/seq-07/frame-000205.color.png -0.006181694567203522 -0.9678314924240112 0.42791062593460083 0.9911254644393921 0.12247922271490097 -0.02761540189385414 0.04366258531808853
pumpkin/seq-07/frame-000206.color.png 0.00495629757642746 -0.946549117565155 0.40607786178588867 0.9924253821372986 0.11182878166437149 -0.019279439002275467 0.0470588281750679
pumpkin/seq-07/frame-000207.color.png -0.013602271676063538 -0.9711584448814392 0.4110574424266815 0.9931710958480835 0.1023528054356575 -0.019781552255153656 0.05238154157996178
pumpkin/seq-07/frame-000208.color.png 0.005467820912599564 -0.9743133783340454 0.44919881224632263 0.9928930997848511 0.10636173188686371 -0.02798769250512123 0.04546739533543587
pumpkin/seq-07/frame-000209.color.png 0.011876139789819717 -0.9612401127815247 0.44072282314300537 0.992709219455719 0.10721735656261444 -0.029561469331383705 0.0464647002518177
pumpkin/seq-07/frame-000210.color.png 0.021532081067562103 -0.9606376886367798 0.45640698075294495 0.9925875067710876 0.10767727345228195 -0.024389540776610374 0.05080302432179451
pumpkin/seq-07/frame-000211.color.png 0.029216356575489044 -0.9673964977264404 0.44390061497688293 0.9925423264503479 0.10739274322986603 -0.027919594198465347 0.05046788975596428
pumpkin/seq-07/frame-000212.color.png 0.038115981966257095 -0.9603177309036255 0.44872957468032837 0.9926350712776184 0.10784626752138138 -0.026690278202295303 0.04829415678977966
pumpkin/seq-07/frame-000213.color.png 0.04093766584992409 -0.9626995921134949 0.4822910726070404 0.9928715825080872 0.10527623444795609 -0.03281225636601448 0.04523569345474243
pumpkin/seq-07/frame-000214.color.png 0.06845872104167938 -0.9761329293251038 0.48936033248901367 0.9934120178222656 0.10534188151359558 -0.03281431645154953 0.03096611797809601
pumpkin/seq-07/frame-000215.color.png 0.08465762436389923 -0.96172696352005 0.4968408942222595 0.9928601384162903 0.10825251787900925 -0.03808724880218506 0.03255299851298332
pumpkin/seq-07/frame-000216.color.png 0.08811759948730469 -0.9596354365348816 0.48195910453796387 0.9929206967353821 0.11001411080360413 -0.033342037349939346 0.029896698892116547
pumpkin/seq-07/frame-000217.color.png 0.07669635117053986 -0.9694143533706665 0.5178868770599365 0.992743968963623 0.11286726593971252 -0.03331424668431282 0.024711132049560547
pumpkin/seq-07/frame-000218.color.png 0.0630493238568306 -0.9612458348274231 0.49685341119766235 0.9935724139213562 0.10725045204162598 -0.028667861595749855 0.02212400734424591
pumpkin/seq-07/frame-000219.color.png 0.07158046215772629 -0.9603396058082581 0.5048195719718933 0.9931397438049316 0.11052165180444717 -0.02962987683713436 0.0240937452763319
pumpkin/seq-07/frame-000220.color.png 0.0715983659029007 -0.9749336242675781 0.515520453453064 0.9935352206230164 0.10757441818714142 -0.02909057028591633 0.021662484854459763
pumpkin/seq-07/frame-000221.color.png 0.06596934050321579 -0.9745538830757141 0.5211542844772339 0.993259847164154 0.10925942659378052 -0.03502778708934784 0.016440868377685547
pumpkin/seq-07/frame-000222.color.png 0.06211772933602333 -0.9858658313751221 0.5310570001602173 0.9935762882232666 0.10718262195587158 -0.032453931868076324 0.016274986788630486
pumpkin/seq-07/frame-000223.color.png 0.05739859491586685 -0.9653093218803406 0.5035874843597412 0.993788480758667 0.10821481049060822 -0.022039955481886864 0.013724245131015778
pumpkin/seq-07/frame-000224.color.png 0.06562067568302155 -0.9780531525611877 0.5105301141738892 0.9938633441925049 0.1093612015247345 -0.008440034464001656 0.01430478598922491
pumpkin/seq-07/frame-000225.color.png 0.09322769939899445 -0.975075900554657 0.5472392439842224 0.993346095085144 0.11373060941696167 -0.011521159671247005 0.014013437554240227
pumpkin/seq-07/frame-000226.color.png 0.057986605912446976 -0.9687402248382568 0.5767472386360168 0.9937191605567932 0.10910492390394211 -0.023950597271323204 0.0066783130168914795
pumpkin/seq-07/frame-000227.color.png 0.0787409096956253 -0.987092137336731 0.5700749158859253 0.9932838082313538 0.11452506482601166 -0.016465943306684494 -0.0004683527222368866
pumpkin/seq-07/frame-000228.color.png 0.11455939710140228 -0.985102653503418 0.5471878051757812 0.9926644563674927 0.12088967859745026 0.0017386552644893527 0.0004554562037810683
pumpkin/seq-07/frame-000229.color.png 0.1083730012178421 -0.9581148624420166 0.5233044624328613 0.9929704070091248 0.11822374910116196 -0.0008191355736926198 0.005684788804501295
pumpkin/seq-07/frame-000230.color.png 0.08916294574737549 -0.9627045392990112 0.51274174451828 0.9937520623207092 0.11158692091703415 -0.0007702098810113966 0.002119951182976365
pumpkin/seq-07/frame-000231.color.png 0.07340551912784576 -0.964898407459259 0.5496861338615417 0.9936469793319702 0.11241312325000763 0.005261123646050692 -0.0011174128158017993
pumpkin/seq-07/frame-000232.color.png 0.10194523632526398 -0.9681172966957092 0.5722863674163818 0.9930412173271179 0.11708542704582214 0.010143346153199673 -0.007566846441477537
pumpkin/seq-07/frame-000233.color.png 0.10634396970272064 -0.9517303705215454 0.5393576622009277 0.9923741221427917 0.12211325019598007 0.016784513369202614 -0.00047328651999123394
pumpkin/seq-07/frame-000234.color.png 0.11292178928852081 -0.9515795707702637 0.5315185785293579 0.9916595220565796 0.12816168367862701 0.013038390316069126 0.00400492874905467
pumpkin/seq-07/frame-000235.color.png 0.11018116772174835 -0.9497755765914917 0.544399082660675 0.9919615387916565 0.12622442841529846 0.0012877079425379634 0.008850687183439732
pumpkin/seq-07/frame-000236.color.png 0.11966340243816376 -0.9437091946601868 0.5515056848526001 0.991940438747406 0.12633533775806427 0.004046265967190266 0.008785203099250793
pumpkin/seq-07/frame-000237.color.png 0.11824482679367065 -0.9457434415817261 0.5577014088630676 0.9919984936714172 0.1254696547985077 0.009197589941322803 0.010570317506790161
pumpkin/seq-07/frame-000238.color.png 0.13614819943904877 -0.9364539384841919 0.5340856909751892 0.9914407134056091 0.12829095125198364 0.018921028822660446 0.015129568986594677
pumpkin/seq-07/frame-000239.color.png 0.1291636973619461 -0.946807861328125 0.562657356262207 0.9917554259300232 0.12594611942768097 0.011725307442247868 0.020525742322206497
pumpkin/seq-07/frame-000240.color.png 0.12472884356975555 -0.9417228698730469 0.5741721391677856 0.9922711253166199 0.12226413190364838 0.00044152550981380045 0.0212006364017725
pumpkin/seq-07/frame-000241.color.png 0.1383259892463684 -0.9232553243637085 0.5492619872093201 0.9916282296180725 0.1275094747543335 0.008922324515879154 0.01830451563000679
pumpkin/seq-07/frame-000242.color.png 0.11840623617172241 -0.9084458351135254 0.5389080047607422 0.9919977784156799 0.12289915978908539 0.02448050118982792 0.01539522409439087
pumpkin/seq-07/frame-000243.color.png 0.13537947833538055 -0.9059169292449951 0.5462244153022766 0.9927407503128052 0.11800304800271988 0.017555510625243187 0.015264363028109074
pumpkin/seq-07/frame-000244.color.png 0.145192950963974 -0.9151403307914734 0.5524348616600037 0.992640495300293 0.11816708743572235 0.021588856354355812 0.015346952714025974
pumpkin/seq-07/frame-000245.color.png 0.16634896397590637 -0.9096230864524841 0.5582913160324097 0.9923471808433533 0.11783525347709656 0.03281218931078911 0.01689290627837181
pumpkin/seq-07/frame-000246.color.png 0.16884799301624298 -0.9070042967796326 0.5485676527023315 0.9918109178543091 0.11958839744329453 0.03760544955730438 0.024399617686867714
pumpkin/seq-07/frame-000247.color.png 0.16661058366298676 -0.8926913738250732 0.5451127290725708 0.9924291372299194 0.11619599163532257 0.029788415879011154 0.026374677196145058
pumpkin/seq-07/frame-000248.color.png 0.16613081097602844 -0.8973044753074646 0.5650724172592163 0.9927949905395508 0.11649322509765625 0.015639575198292732 0.023301158100366592
pumpkin/seq-07/frame-000249.color.png 0.11795896291732788 -0.911910891532898 0.5705891251564026 0.9928032755851746 0.11765079200267792 0.014643372036516666 0.01689661480486393
pumpkin/seq-07/frame-000250.color.png 0.14163386821746826 -0.9089155197143555 0.5553502440452576 0.9920051693916321 0.120221808552742 0.03551774471998215 0.01452871784567833
pumpkin/seq-07/frame-000251.color.png 0.16588094830513 -0.888400673866272 0.5546730160713196 0.9921233654022217 0.11822479963302612 0.03905687481164932 0.01373641099780798
pumpkin/seq-07/frame-000252.color.png 0.17062348127365112 -0.8823272585868835 0.5620462894439697 0.991790235042572 0.12298934161663055 0.033325813710689545 0.010738811455667019
pumpkin/seq-07/frame-000253.color.png 0.1787739396095276 -0.8553179502487183 0.5409945249557495 0.9922963380813599 0.11714713275432587 0.03880703076720238 0.010893039405345917
pumpkin/seq-07/frame-000254.color.png 0.22327177226543427 -0.8380183577537537 0.5179937481880188 0.9913170337677002 0.12247370183467865 0.04527491331100464 0.015522578731179237
pumpkin/seq-07/frame-000255.color.png 0.22820740938186646 -0.8562726974487305 0.5567428469657898 0.9923838973045349 0.11714291572570801 0.036000460386276245 0.012478021904826164
pumpkin/seq-07/frame-000256.color.png 0.2410578429698944 -0.8651435375213623 0.5581893920898438 0.9929380416870117 0.11378496885299683 0.03248485177755356 0.008455910719931126
pumpkin/seq-07/frame-000257.color.png 0.24610532820224762 -0.8733190894126892 0.543704092502594 0.9929502606391907 0.11097556352615356 0.04145975410938263 0.003894185647368431
pumpkin/seq-07/frame-000258.color.png 0.25909900665283203 -0.8619922399520874 0.5467355251312256 0.9925231337547302 0.11555829644203186 0.03914270177483559 0.0034882728941738605
pumpkin/seq-07/frame-000259.color.png 0.2605612277984619 -0.8633354902267456 0.5816328525543213 0.9926405549049377 0.11329140514135361 0.04273974895477295 0.0017445639241486788
pumpkin/seq-07/frame-000260.color.png 0.257462739944458 -0.8875722885131836 0.604265570640564 0.9935352206230164 0.10704172402620316 0.036698516458272934 -0.009113532491028309
pumpkin/seq-07/frame-000261.color.png 0.2827390730381012 -0.890560507774353 0.5955216884613037 0.9944373369216919 0.10013985633850098 0.03253122791647911 -0.0029046626295894384
pumpkin/seq-07/frame-000262.color.png 0.3068646490573883 -0.8528309464454651 0.5610651969909668 0.9945484399795532 0.10126807540655136 0.02334568090736866 0.008560802787542343
pumpkin/seq-07/frame-000263.color.png 0.3386792540550232 -0.8258315324783325 0.5551379323005676 0.9948483109474182 0.09642402827739716 0.025168750435113907 0.018594397231936455
pumpkin/seq-07/frame-000264.color.png 0.34229838848114014 -0.8187025785446167 0.5584757924079895 0.9953262805938721 0.09349356591701508 0.0036422868724912405 0.023901833221316338
pumpkin/seq-07/frame-000265.color.png 0.33745232224464417 -0.8501240015029907 0.5718351006507874 0.997121274471283 0.07431194186210632 -0.0012600910849869251 0.015011665411293507
pumpkin/seq-07/frame-000266.color.png 0.3558628261089325 -0.8284549117088318 0.5487504601478577 0.9969668388366699 0.0714370533823967 -0.030210521072149277 0.006403028499335051
pumpkin/seq-07/frame-000267.color.png 0.36776942014694214 -0.809116005897522 0.5753341913223267 0.9959936738014221 0.07148343324661255 -0.05312153324484825 0.008042230270802975
pumpkin/seq-07/frame-000268.color.png 0.3650466799736023 -0.8426932096481323 0.597061276435852 0.9971143007278442 0.06373799592256546 -0.04070757329463959 0.006596829742193222
pumpkin/seq-07/frame-000269.color.png 0.3547338545322418 -0.8488421440124512 0.6149550676345825 0.9975074529647827 0.06267929077148438 -0.032125744968652725 0.0042571499943733215
pumpkin/seq-07/frame-000270.color.png 0.3636140525341034 -0.8506224751472473 0.6240588426589966 0.9977090954780579 0.05910118296742439 -0.03220226988196373 0.006821002345532179
pumpkin/seq-07/frame-000271.color.png 0.4343118667602539 -0.8498799204826355 0.5753200650215149 0.9975069761276245 0.061452340334653854 -0.034396521747112274 0.004516757093369961
pumpkin/seq-07/frame-000272.color.png 0.4319285452365875 -0.8117213249206543 0.5648787617683411 0.997065544128418 0.06901482492685318 -0.031074728816747665 0.011470482684671879
pumpkin/seq-07/frame-000273.color.png 0.4102499186992645 -0.8144287467002869 0.5884249210357666 0.9976083636283875 0.06284741312265396 -0.02404281683266163 0.015802891924977303
pumpkin/seq-07/frame-000274.color.png 0.36767348647117615 -0.8136380910873413 0.6345001459121704 0.9969162940979004 0.05124108865857124 -0.05663006380200386 0.018034055829048157
pumpkin/seq-07/frame-000275.color.png 0.4133063852787018 -0.8071743845939636 0.6232321858406067 0.9973611831665039 0.05243348702788353 -0.04550614580512047 0.021224459633231163
pumpkin/seq-07/frame-000276.color.png 0.4415034353733063 -0.801885187625885 0.6051247119903564 0.9975556135177612 0.04588697850704193 -0.04897468537092209 0.019458310678601265
pumpkin/seq-07/frame-000277.color.png 0.4413226842880249 -0.7949472665786743 0.6171289086341858 0.9968201518058777 0.04408915340900421 -0.06318514794111252 0.020325645804405212
pumpkin/seq-07/frame-000278.color.png 0.45535579323768616 -0.7582998871803284 0.6314968466758728 0.9980579614639282 0.04525015503168106 -0.036511052399873734 0.02235105074942112
pumpkin/seq-07/frame-000279.color.png 0.44095849990844727 -0.7549472451210022 0.6376588940620422 0.9979681372642517 0.03989814594388008 -0.04060540720820427 0.02861800044775009
pumpkin/seq-07/frame-000280.color.png 0.43146708607673645 -0.7429243326187134 0.6170771718025208 0.9981145858764648 0.035409729927778244 -0.035464808344841 0.0354386605322361
pumpkin/seq-07/frame-000281.color.png 0.43146708607673645 -0.7429243326187134 0.6170771718025208 0.9981145858764648 0.035409729927778244 -0.035464808344841 0.0354386605322361
pumpkin/seq-07/frame-000282.color.png 0.42914968729019165 -0.7576079964637756 0.6057058572769165 0.9985093474388123 0.027161557227373123 -0.03185701370239258 0.03502315655350685
pumpkin/seq-07/frame-000283.color.png 0.45045772194862366 -0.7552073001861572 0.5940501093864441 0.996834397315979 0.022460896521806717 -0.06617658585309982 0.03791186213493347
pumpkin/seq-07/frame-000284.color.png 0.4626571834087372 -0.7451921701431274 0.5948722958564758 0.9963436722755432 0.015518483705818653 -0.07759217172861099 0.03221891075372696
pumpkin/seq-07/frame-000285.color.png 0.4478411376476288 -0.7301244139671326 0.5961788892745972 0.9969146847724915 0.012832706794142723 -0.07348054647445679 0.024436641484498978
pumpkin/seq-07/frame-000286.color.png 0.44996681809425354 -0.7311517000198364 0.5979684591293335 0.9946842193603516 0.007453745696693659 -0.0996432900428772 0.02488069422543049
pumpkin/seq-07/frame-000287.color.png 0.4582904279232025 -0.7303470373153687 0.6114099025726318 0.9931527376174927 0.004695895593613386 -0.11480807512998581 0.021089956164360046
pumpkin/seq-07/frame-000288.color.png 0.4748836159706116 -0.7376276850700378 0.5932255983352661 0.9936197996139526 0.005962090101093054 -0.11120200157165527 0.01784542016685009
pumpkin/seq-07/frame-000289.color.png 0.49623945355415344 -0.7412264347076416 0.5900157690048218 0.9921628832817078 0.0010805381461977959 -0.12343788146972656 0.019357575103640556
pumpkin/seq-07/frame-000290.color.png 0.5107472538948059 -0.7504182457923889 0.5966626405715942 0.9915860891342163 -0.0008473100606352091 -0.12694105505943298 0.02534584142267704
pumpkin/seq-07/frame-000291.color.png 0.5095906257629395 -0.754520058631897 0.589360237121582 0.9898416996002197 -0.0039029617328196764 -0.13992011547088623 0.02490738034248352
pumpkin/seq-07/frame-000292.color.png 0.5062371492385864 -0.7412459254264832 0.6031648516654968 0.9891873002052307 -0.004704310093075037 -0.14410099387168884 0.02685464732348919
pumpkin/seq-07/frame-000293.color.png 0.4973750412464142 -0.7474141716957092 0.5925389528274536 0.9893538951873779 -0.008100430481135845 -0.14127303659915924 0.03398729860782623
pumpkin/seq-07/frame-000294.color.png 0.4819965660572052 -0.7268293499946594 0.6025524139404297 0.9871739149093628 -0.010560696944594383 -0.15433269739151 0.03946598619222641
pumpkin/seq-07/frame-000295.color.png 0.46671050786972046 -0.7211627960205078 0.5947731137275696 0.9887098670005798 -0.012690342962741852 -0.14312642812728882 0.042504630982875824
pumpkin/seq-07/frame-000296.color.png 0.4793108105659485 -0.7266913056373596 0.5948039293289185 0.9868042469024658 -0.00895032100379467 -0.15584537386894226 0.04300699010491371
pumpkin/seq-07/frame-000297.color.png 0.4711211025714874 -0.7266181111335754 0.6012223362922668 0.9849801659584045 -0.010349947959184647 -0.1653711348772049 0.04857344180345535
pumpkin/seq-07/frame-000298.color.png 0.45265915989875793 -0.7105048894882202 0.6079865097999573 0.983761191368103 -0.007596154697239399 -0.17086520791053772 0.05441845580935478
pumpkin/seq-07/frame-000299.color.png 0.45342615246772766 -0.7208088636398315 0.6120883822441101 0.979400098323822 -0.013390828855335712 -0.19163590669631958 0.06222400441765785
pumpkin/seq-07/frame-000300.color.png 0.47016656398773193 -0.727200448513031 0.6213838458061218 0.9777234196662903 -0.010839864611625671 -0.19976939260959625 0.0634942352771759
pumpkin/seq-07/frame-000301.color.png 0.5016769170761108 -0.733456015586853 0.5951444506645203 0.9764134883880615 -0.01631210371851921 -0.20383794605731964 0.06928707659244537
pumpkin/seq-07/frame-000302.color.png 0.49037253856658936 -0.741142749786377 0.5989115834236145 0.975344181060791 -0.015764398500323296 -0.20896106958389282 0.06921415030956268
pumpkin/seq-07/frame-000303.color.png 0.49117305874824524 -0.7409208416938782 0.5965840816497803 0.9760423898696899 -0.017198318615555763 -0.20500783622264862 0.07083286345005035
pumpkin/seq-07/frame-000304.color.png 0.484350323677063 -0.741554319858551 0.5985507369041443 0.9735341668128967 -0.014178306795656681 -0.21441896259784698 0.07781126350164413
pumpkin/seq-07/frame-000305.color.png 0.495546817779541 -0.7502829432487488 0.5945289731025696 0.9705618619918823 -0.020743930712342262 -0.22692684829235077 0.07799848914146423
pumpkin/seq-07/frame-000306.color.png 0.49518370628356934 -0.7380681037902832 0.5987269282341003 0.9694751501083374 -0.02363923378288746 -0.23249660432338715 0.07419221848249435
pumpkin/seq-07/frame-000307.color.png 0.5163194537162781 -0.7463167309761047 0.6006553173065186 0.9723297953605652 -0.019715098664164543 -0.22188563644886017 0.07037478685379028
pumpkin/seq-07/frame-000308.color.png 0.5123533606529236 -0.7466728091239929 0.597446620464325 0.9713679552078247 -0.024433428421616554 -0.22660653293132782 0.06705845147371292
pumpkin/seq-07/frame-000309.color.png 0.4934464693069458 -0.7391408681869507 0.6250115036964417 0.9751754403114319 -0.021369734779000282 -0.21043874323368073 0.06551209837198257
pumpkin/seq-07/frame-000310.color.png 0.5123453140258789 -0.7261641025543213 0.6219173073768616 0.9768708944320679 -0.012390817515552044 -0.20430365204811096 0.06188454106450081
pumpkin/seq-07/frame-000311.color.png 0.516555905342102 -0.7186802625656128 0.6283048391342163 0.9788409471511841 -0.01738169603049755 -0.19417408108711243 0.062166400253772736
pumpkin/seq-07/frame-000312.color.png 0.44505152106285095 -0.7301850318908691 0.6211916208267212 0.9799090623855591 -0.013511487282812595 -0.18624764680862427 0.07005385309457779
pumpkin/seq-07/frame-000313.color.png 0.5075736045837402 -0.7490333318710327 0.6177729368209839 0.973388671875 -0.013131838291883469 -0.21195830404758453 0.08611370623111725
pumpkin/seq-07/frame-000314.color.png 0.5318624377250671 -0.7185267210006714 0.623838484287262 0.9722375273704529 -0.014384846203029156 -0.2183379828929901 0.08291972428560257
pumpkin/seq-07/frame-000315.color.png 0.480663925409317 -0.7235085964202881 0.6101183295249939 0.9753998517990112 -0.012686618603765965 -0.20717976987361908 0.07423506677150726
pumpkin/seq-07/frame-000316.color.png 0.5286039710044861 -0.7351011037826538 0.6212461590766907 0.9720054864883423 -0.02339152619242668 -0.2219512015581131 0.07345714420080185
pumpkin/seq-07/frame-000317.color.png 0.5119068026542664 -0.7303647994995117 0.6032796502113342 0.9725328087806702 -0.014666159637272358 -0.22090111672878265 0.07188409566879272
pumpkin/seq-07/frame-000318.color.png 0.5334596037864685 -0.7326223254203796 0.6237567663192749 0.9715210795402527 -0.019352296367287636 -0.2233048975467682 0.07685834169387817
pumpkin/seq-07/frame-000319.color.png 0.543143630027771 -0.7376223206520081 0.6276865601539612 0.9690769910812378 -0.01999431662261486 -0.23421534895896912 0.07505378872156143
pumpkin/seq-07/frame-000320.color.png 0.5424050092697144 -0.7189218401908875 0.6332387924194336 0.9756982326507568 -0.02420981228351593 -0.20666037499904633 0.06869100779294968
pumpkin/seq-07/frame-000321.color.png 0.5524285435676575 -0.7292128801345825 0.6009694933891296 0.9741182327270508 -0.033311717212200165 -0.21339654922485352 0.06667961180210114
pumpkin/seq-07/frame-000322.color.png 0.5446383953094482 -0.7425210475921631 0.6163215637207031 0.9708719253540039 -0.026062972843647003 -0.2291950285434723 0.06479261815547943
pumpkin/seq-07/frame-000323.color.png 0.5847992897033691 -0.7515729069709778 0.6199132800102234 0.9668737649917603 -0.03101894073188305 -0.24421125650405884 0.06748119741678238
pumpkin/seq-07/frame-000324.color.png 0.6102026700973511 -0.7497144341468811 0.6172104477882385 0.9656124711036682 -0.0264730267226696 -0.24834191799163818 0.07223524153232574
pumpkin/seq-07/frame-000325.color.png 0.5812476277351379 -0.7392153143882751 0.6161038875579834 0.9645002484321594 -0.024379706010222435 -0.25473302602767944 0.06523796916007996
pumpkin/seq-07/frame-000326.color.png 0.602152943611145 -0.7251244187355042 0.6226295828819275 0.9624271988868713 -0.03154553845524788 -0.2643231451511383 0.05359235405921936
pumpkin/seq-07/frame-000327.color.png 0.5707775950431824 -0.7081122398376465 0.6160646080970764 0.9602881669998169 -0.038754917681217194 -0.269948810338974 0.058927103877067566
pumpkin/seq-07/frame-000328.color.png 0.5809178948402405 -0.7061879634857178 0.6212581992149353 0.9614157676696777 -0.04493369534611702 -0.2652912735939026 0.05728209763765335
pumpkin/seq-07/frame-000329.color.png 0.5913111567497253 -0.7220701575279236 0.608806848526001 0.9592631459236145 -0.04599634185433388 -0.2727213501930237 0.05763395503163338
pumpkin/seq-07/frame-000330.color.png 0.6226570010185242 -0.7254694700241089 0.609273374080658 0.9586012363433838 -0.048394057899713516 -0.27522262930870056 0.054718926548957825
pumpkin/seq-07/frame-000331.color.png 0.6694576740264893 -0.7064855098724365 0.6160895824432373 0.9610914587974548 -0.04717285931110382 -0.2670513987541199 0.052550747990608215
pumpkin/seq-07/frame-000332.color.png 0.6346173882484436 -0.7135236263275146 0.6066746115684509 0.9598900675773621 -0.04603416845202446 -0.2714437246322632 0.05301181226968765
pumpkin/seq-07/frame-000333.color.png 0.6725409626960754 -0.7228061556816101 0.6052998304367065 0.9600673317909241 -0.046192146837711334 -0.27126193046569824 0.050537481904029846
pumpkin/seq-07/frame-000334.color.png 0.6705131530761719 -0.7106991410255432 0.606188952922821 0.9600206017494202 -0.05205634608864784 -0.2701886296272278 0.051464878022670746
pumpkin/seq-07/frame-000335.color.png 0.6755748391151428 -0.7140640020370483 0.6164836287498474 0.9589861631393433 -0.05151546001434326 -0.2733604907989502 0.05445735529065132
pumpkin/seq-07/frame-000336.color.png 0.6880199313163757 -0.7132431268692017 0.6160770058631897 0.9564646482467651 -0.0504336878657341 -0.2830684781074524 0.05003877356648445
pumpkin/seq-07/frame-000337.color.png 0.6892978549003601 -0.7089576125144958 0.6038687825202942 0.9570612907409668 -0.05150315538048744 -0.28110799193382263 0.04857178032398224
pumpkin/seq-07/frame-000338.color.png 0.7020935416221619 -0.7226653099060059 0.5895112156867981 0.9575214385986328 -0.06645376980304718 -0.2775914669036865 0.04098433628678322
pumpkin/seq-07/frame-000339.color.png 0.7111677527427673 -0.7304824590682983 0.6063479781150818 0.9566618800163269 -0.05268363654613495 -0.28424307703971863 0.035047292709350586
pumpkin/seq-07/frame-000340.color.png 0.7445140480995178 -0.7179757356643677 0.6166583895683289 0.9589999914169312 -0.04443715885281563 -0.2774446904659271 0.03699744865298271
pumpkin/seq-07/frame-000341.color.png 0.7596646547317505 -0.7056788206100464 0.6386896967887878 0.9577582478523254 -0.053889550268650055 -0.2806992530822754 0.03166845813393593
pumpkin/seq-07/frame-000342.color.png 0.7725551128387451 -0.7252387404441833 0.6299195885658264 0.9549321532249451 -0.0517943874001503 -0.2910623252391815 0.026548033580183983
pumpkin/seq-07/frame-000343.color.png 0.7723262310028076 -0.734289824962616 0.6334522366523743 0.9548767805099487 -0.04637635499238968 -0.29184168577194214 0.02980290725827217
pumpkin/seq-07/frame-000344.color.png 0.7658383846282959 -0.7320535182952881 0.6438813805580139 0.9526061415672302 -0.03612532466650009 -0.3004152476787567 0.0314185805618763
pumpkin/seq-07/frame-000345.color.png 0.7749765515327454 -0.7340631484985352 0.655737042427063 0.9546799063682556 -0.03518780320882797 -0.2934505045413971 0.035141438245773315
pumpkin/seq-07/frame-000346.color.png 0.7922503352165222 -0.736193060874939 0.6595951914787292 0.9583824872970581 -0.0381990522146225 -0.28072845935821533 0.03514615818858147
pumpkin/seq-07/frame-000347.color.png 0.8345699310302734 -0.7531406283378601 0.671764075756073 0.9583597183227539 -0.03766797482967377 -0.2816663384437561 0.028140978887677193
pumpkin/seq-07/frame-000348.color.png 0.8675139546394348 -0.7564864754676819 0.6930649876594543 0.9570132493972778 -0.03294582664966583 -0.28706082701683044 0.02522321417927742
pumpkin/seq-07/frame-000349.color.png 0.8716104030609131 -0.7706114649772644 0.6822194457054138 0.9558921456336975 -0.024593139067292213 -0.29213735461235046 0.017919832840561867
pumpkin/seq-07/frame-000350.color.png 0.8675302863121033 -0.7567647099494934 0.6930854320526123 0.9559804797172546 -0.01737104542553425 -0.2921702563762665 0.020886490121483803
pumpkin/seq-07/frame-000351.color.png 0.8961406350135803 -0.7769575715065002 0.6815650463104248 0.9542647004127502 -0.003983211237937212 -0.29868069291114807 0.01236739568412304
pumpkin/seq-07/frame-000352.color.png 0.9236412644386292 -0.7901965379714966 0.6847503185272217 0.9523540735244751 -0.0001341357419732958 -0.3049587607383728 0.004661912098526955
pumpkin/seq-07/frame-000353.color.png 0.941145122051239 -0.8002104759216309 0.6691988706588745 0.9529632329940796 -0.010051117278635502 -0.3028751015663147 -0.005191288888454437
pumpkin/seq-07/frame-000354.color.png 0.9587833285331726 -0.8087676167488098 0.6672759652137756 0.9493707418441772 -0.007886986248195171 -0.3138605058193207 -0.011163678020238876
pumpkin/seq-07/frame-000355.color.png 1.0058119297027588 -0.8247078061103821 0.6790467500686646 0.9455046653747559 -0.001845007762312889 -0.324802041053772 -0.022830503061413765
pumpkin/seq-07/frame-000356.color.png 0.9961596727371216 -0.8225719332695007 0.6810411214828491 0.9463138580322266 -0.005934861954301596 -0.3223314583301544 -0.02360948547720909
pumpkin/seq-07/frame-000357.color.png 1.0142501592636108 -0.843424379825592 0.6905820369720459 0.9422640800476074 -7.041202479740605e-05 -0.3338956832885742 -0.02553425543010235
pumpkin/seq-07/frame-000358.color.png 1.0130809545516968 -0.8336787819862366 0.7003586888313293 0.9458892941474915 -0.0026682319585233927 -0.32336708903312683 -0.02683304250240326
pumpkin/seq-07/frame-000359.color.png 1.0579264163970947 -0.8724520802497864 0.6981898546218872 0.9455887675285339 0.0014980239793658257 -0.32350820302963257 -0.03466999903321266
pumpkin/seq-07/frame-000360.color.png 1.0548577308654785 -0.8842756748199463 0.6886661648750305 0.943261981010437 -0.0013407324440777302 -0.32975682616233826 -0.038931626826524734
pumpkin/seq-07/frame-000361.color.png 1.0888831615447998 -0.8907568454742432 0.6959541440010071 0.9425679445266724 0.000976689625531435 -0.3310946822166443 -0.044056713581085205
pumpkin/seq-07/frame-000362.color.png 1.1090641021728516 -0.908399224281311 0.7068296074867249 0.9415605664253235 0.0029250928200781345 -0.33334726095199585 -0.0483182929456234
pumpkin/seq-07/frame-000363.color.png 1.11593759059906 -0.8839039206504822 0.7142792344093323 0.9424147605895996 0.0114874467253685 -0.33015480637550354 -0.05215616896748543
pumpkin/seq-07/frame-000364.color.png 1.1066958904266357 -0.9071048498153687 0.7075406312942505 0.9382489919662476 0.007463425863534212 -0.3400174677371979 -0.0634138360619545
pumpkin/seq-07/frame-000365.color.png 1.0992323160171509 -0.9159989953041077 0.7092224359512329 0.9396383762359619 0.013260708190500736 -0.3360460102558136 -0.06306242942810059
pumpkin/seq-07/frame-000366.color.png 1.077997088432312 -0.9351252317428589 0.6863393187522888 0.9419688582420349 0.012929365038871765 -0.3296748101711273 -0.06198327615857124
pumpkin/seq-07/frame-000367.color.png 1.0801539421081543 -0.9336270093917847 0.7051910758018494 0.9395067691802979 0.016148408874869347 -0.3352541923522949 -0.06834429502487183
pumpkin/seq-07/frame-000368.color.png 1.0859317779541016 -0.9350866675376892 0.6943660974502563 0.9387815594673157 0.007529787719249725 -0.33709993958473206 -0.07068175077438354
pumpkin/seq-07/frame-000369.color.png 1.0523046255111694 -0.9483555555343628 0.6788011193275452 0.9433611035346985 0.00735847745090723 -0.3245057165622711 -0.06864156574010849
pumpkin/seq-07/frame-000370.color.png 1.0670801401138306 -0.9482324719429016 0.6917005777359009 0.9511571526527405 -0.006164005026221275 -0.3003862798213959 -0.07092298567295074
pumpkin/seq-07/frame-000371.color.png 1.1028943061828613 -0.9443635940551758 0.6629221439361572 0.9476243257522583 0.006431650836020708 -0.31153374910354614 -0.07009660452604294
pumpkin/seq-07/frame-000372.color.png 1.1041854619979858 -0.9337848424911499 0.6835483312606812 0.9438176155090332 0.0046493615955114365 -0.3223011791706085 -0.0728611946105957
pumpkin/seq-07/frame-000373.color.png 1.0696659088134766 -0.9585461616516113 0.6714051961898804 0.942886233329773 0.008639414794743061 -0.3240160346031189 -0.07684028148651123
pumpkin/seq-07/frame-000374.color.png 1.0724663734436035 -0.9966280460357666 0.6395450830459595 0.9440129399299622 0.0034750818740576506 -0.3212648928165436 -0.07494200021028519
pumpkin/seq-07/frame-000375.color.png 1.0575785636901855 -1.0022038221359253 0.634853720664978 0.9479938745498657 0.006524934433400631 -0.3087051212787628 -0.0772414579987526
pumpkin/seq-07/frame-000376.color.png 1.0858855247497559 -1.0119988918304443 0.6498492956161499 0.9453401565551758 0.013150661252439022 -0.3157974183559418 -0.08019519597291946
pumpkin/seq-07/frame-000377.color.png 1.059851884841919 -1.023855447769165 0.6306833624839783 0.9465073347091675 0.012649399228394032 -0.3097657859325409 -0.08949283510446548
pumpkin/seq-07/frame-000378.color.png 1.0674073696136475 -1.0203900337219238 0.6421408653259277 0.9478632211685181 0.005782877095043659 -0.3037876784801483 -0.096097931265831
pumpkin/seq-07/frame-000379.color.png 1.0905908346176147 -1.0283222198486328 0.6549379825592041 0.9415714144706726 0.019714564085006714 -0.3221786916255951 -0.09620528668165207
pumpkin/seq-07/frame-000380.color.png 1.1067110300064087 -1.0387142896652222 0.6534309983253479 0.939403235912323 0.029560649767518044 -0.3247155547142029 -0.10586628317832947
pumpkin/seq-07/frame-000381.color.png 1.0734761953353882 -1.0457158088684082 0.6449767351150513 0.9393882155418396 0.036097265779972076 -0.3246162235736847 -0.10426399111747742
pumpkin/seq-07/frame-000382.color.png 1.038654088973999 -1.083073377609253 0.6089547276496887 0.936897337436676 0.036630965769290924 -0.3315146565437317 -0.10478425770998001
pumpkin/seq-07/frame-000383.color.png 1.0190774202346802 -1.0916199684143066 0.5972406268119812 0.9406209588050842 0.027313876897096634 -0.3197134733200073 -0.11076880246400833
pumpkin/seq-07/frame-000384.color.png 1.0276273488998413 -1.0959750413894653 0.615561842918396 0.9458268880844116 0.01828857697546482 -0.3025308847427368 -0.11641275882720947
pumpkin/seq-07/frame-000385.color.png 1.0049121379852295 -1.1024384498596191 0.5962516665458679 0.9441903233528137 0.04326064884662628 -0.3052714765071869 -0.11594222486019135
pumpkin/seq-07/frame-000386.color.png 1.028820276260376 -1.048843502998352 0.6286793351173401 0.9464125633239746 0.04648185521364212 -0.29557299613952637 -0.12156932055950165
pumpkin/seq-07/frame-000387.color.png 1.0009599924087524 -1.0881330966949463 0.5949469208717346 0.9503734111785889 0.06099741533398628 -0.27817606925964355 -0.1252509206533432
pumpkin/seq-07/frame-000388.color.png 0.9518067836761475 -1.127046823501587 0.568334698677063 0.9469853043556213 0.07592195272445679 -0.2859070599079132 -0.12534670531749725
pumpkin/seq-07/frame-000389.color.png 0.9550155401229858 -1.1229255199432373 0.5824703574180603 0.9483136534690857 0.07220925390720367 -0.2825223505496979 -0.12517251074314117
pumpkin/seq-07/frame-000390.color.png 0.9420003890991211 -1.153655767440796 0.5241205096244812 0.9463217854499817 0.06588486582040787 -0.2872045040130615 -0.1328461468219757
pumpkin/seq-07/frame-000391.color.png 0.9461069107055664 -1.1442691087722778 0.5565294623374939 0.9510650634765625 0.061315640807151794 -0.2701127231121063 -0.13694846630096436
pumpkin/seq-07/frame-000392.color.png 0.9387562870979309 -1.160393238067627 0.5263883471488953 0.9510585069656372 0.06643668562173843 -0.26735225319862366 -0.1399882435798645
pumpkin/seq-07/frame-000393.color.png 0.994226336479187 -1.1257919073104858 0.565129280090332 0.9499469995498657 0.06471467018127441 -0.27045074105262756 -0.14236997067928314
pumpkin/seq-07/frame-000394.color.png 0.9765650629997253 -1.1484062671661377 0.5261619687080383 0.9502855539321899 0.06657281517982483 -0.26514682173728943 -0.14907249808311462
pumpkin/seq-07/frame-000395.color.png 0.9706423282623291 -1.1569262742996216 0.4990715980529785 0.9485565423965454 0.07738110423088074 -0.2671254277229309 -0.15131711959838867
pumpkin/seq-07/frame-000396.color.png 0.9277142286300659 -1.1764732599258423 0.5028437972068787 0.9460449814796448 0.09313679486513138 -0.273924857378006 -0.14590886235237122
pumpkin/seq-07/frame-000397.color.png 0.9428138136863708 -1.1669098138809204 0.5032302737236023 0.9458445906639099 0.08534816652536392 -0.2758549749851227 -0.14831538498401642
pumpkin/seq-07/frame-000398.color.png 0.9556183815002441 -1.1637957096099854 0.5076165795326233 0.9444069266319275 0.08240623027086258 -0.27700987458229065 -0.15674860775470734
pumpkin/seq-07/frame-000399.color.png 0.9781985282897949 -1.1593502759933472 0.5058488845825195 0.9415259957313538 0.08237029612064362 -0.28474119305610657 -0.16020749509334564
pumpkin/seq-07/frame-000400.color.png 0.9542357325553894 -1.1627992391586304 0.5098259449005127 0.9433823823928833 0.0733177587389946 -0.2780021131038666 -0.16543595492839813
pumpkin/seq-07/frame-000401.color.png 0.9186970591545105 -1.1771069765090942 0.47409960627555847 0.9449639320373535 0.07408535480499268 -0.271083265542984 -0.16753622889518738
pumpkin/seq-07/frame-000402.color.png 0.9332305788993835 -1.1582127809524536 0.5084678530693054 0.9470857381820679 0.08115976303815842 -0.26578226685523987 -0.16062864661216736
pumpkin/seq-07/frame-000403.color.png 0.9237856864929199 -1.164994478225708 0.5007064938545227 0.9443089962005615 0.08812816441059113 -0.2741971015930176 -0.15915338695049286
pumpkin/seq-07/frame-000404.color.png 0.8856371641159058 -1.1926722526550293 0.4586266875267029 0.9480631947517395 0.07482621818780899 -0.2567918598651886 -0.17214880883693695
pumpkin/seq-07/frame-000405.color.png 0.8641234040260315 -1.2022427320480347 0.48144760727882385 0.9476056694984436 0.08344235271215439 -0.2610662579536438 -0.16408927738666534
pumpkin/seq-07/frame-000406.color.png 0.8817363381385803 -1.1640599966049194 0.5056515336036682 0.9449677467346191 0.0878155305981636 -0.27334165573120117 -0.15687160193920135
pumpkin/seq-07/frame-000407.color.png 0.8898156881332397 -1.1650229692459106 0.5123803019523621 0.941167950630188 0.09892534464597702 -0.28748026490211487 -0.14755187928676605
pumpkin/seq-07/frame-000408.color.png 0.898681104183197 -1.1584751605987549 0.5237627625465393 0.9485934376716614 0.09239806234836578 -0.26474711298942566 -0.14677250385284424
pumpkin/seq-07/frame-000409.color.png 0.9015334248542786 -1.1649450063705444 0.5417611002922058 0.9492940902709961 0.09161674231290817 -0.25902247428894043 -0.15282168984413147
pumpkin/seq-07/frame-000410.color.png 0.9157957434654236 -1.1348803043365479 0.5733978748321533 0.9512507915496826 0.09892937541007996 -0.24625658988952637 -0.15713925659656525
pumpkin/seq-07/frame-000411.color.png 0.868189811706543 -1.171383023262024 0.5415984988212585 0.9407227635383606 0.10522769391536713 -0.2830246388912201 -0.15448270738124847
pumpkin/seq-07/frame-000412.color.png 0.8405728340148926 -1.1870877742767334 0.509460985660553 0.9418283104896545 0.1032421737909317 -0.2810654640197754 -0.152652308344841
pumpkin/seq-07/frame-000413.color.png 0.843707263469696 -1.1758055686950684 0.4902370572090149 0.9344300031661987 0.1075899600982666 -0.2995724380016327 -0.15975432097911835
pumpkin/seq-07/frame-000414.color.png 0.8615079522132874 -1.1321543455123901 0.5379711389541626 0.9382229447364807 0.0985148623585701 -0.287871778011322 -0.16480974853038788
pumpkin/seq-07/frame-000415.color.png 0.8449720740318298 -1.131119728088379 0.5469529032707214 0.9365041255950928 0.11660505086183548 -0.290846586227417 -0.15738970041275024
pumpkin/seq-07/frame-000416.color.png 0.8375977277755737 -1.1183933019638062 0.5581398606300354 0.9390415549278259 0.12011269479990005 -0.28291869163513184 -0.15404777228832245
pumpkin/seq-07/frame-000417.color.png 0.8136682510375977 -1.1180622577667236 0.5467679500579834 0.9434454441070557 0.1175604835152626 -0.27151748538017273 -0.1495610922574997
pumpkin/seq-07/frame-000418.color.png 0.826421320438385 -1.1196813583374023 0.5368908643722534 0.9469916224479675 0.11876457929611206 -0.26039737462997437 -0.14592893421649933
pumpkin/seq-07/frame-000419.color.png 0.7796151041984558 -1.152529001235962 0.49200886487960815 0.948287308216095 0.12167965620756149 -0.25236642360687256 -0.14918576180934906
pumpkin/seq-07/frame-000420.color.png 0.8016299605369568 -1.1512107849121094 0.48534104228019714 0.93996661901474 0.12512511014938354 -0.2792978882789612 -0.1509929895401001
pumpkin/seq-07/frame-000421.color.png 0.7422826886177063 -1.1813266277313232 0.49548542499542236 0.9374611973762512 0.12596437335014343 -0.287712961435318 -0.15006917715072632
pumpkin/seq-07/frame-000422.color.png 0.746817946434021 -1.1724117994308472 0.48603254556655884 0.9324139952659607 0.13245795667171478 -0.29907217621803284 -0.1536710262298584
pumpkin/seq-07/frame-000423.color.png 0.7467294335365295 -1.1687144041061401 0.5106368660926819 0.9307565093040466 0.12941806018352509 -0.3054627478122711 -0.153739795088768
pumpkin/seq-07/frame-000424.color.png 0.7457848787307739 -1.176803469657898 0.4900396466255188 0.931410014629364 0.1287626326084137 -0.3028099238872528 -0.15556898713111877
pumpkin/seq-07/frame-000425.color.png 0.7689012885093689 -1.1861845254898071 0.49239909648895264 0.9310512542724609 0.1349608600139618 -0.3003957271575928 -0.15713532269001007
pumpkin/seq-07/frame-000426.color.png 0.8049184083938599 -1.1775763034820557 0.5031905770301819 0.9262685179710388 0.14021418988704681 -0.3098140060901642 -0.16242466866970062
pumpkin/seq-07/frame-000427.color.png 0.7710182070732117 -1.190769910812378 0.5094621777534485 0.924826443195343 0.14163148403167725 -0.3161430358886719 -0.1571311354637146
pumpkin/seq-07/frame-000428.color.png 0.7596158385276794 -1.1805086135864258 0.5205544829368591 0.9252517223358154 0.1371060609817505 -0.31500235199928284 -0.1608872264623642
pumpkin/seq-07/frame-000429.color.png 0.8029991984367371 -1.1759730577468872 0.511070966720581 0.9165103435516357 0.13230650126934052 -0.339339017868042 -0.16538690030574799
pumpkin/seq-07/frame-000430.color.png 0.8397708535194397 -1.1663583517074585 0.5350624322891235 0.9193047285079956 0.13723038136959076 -0.3287985920906067 -0.1671467423439026
pumpkin/seq-07/frame-000431.color.png 0.8201050758361816 -1.1784476041793823 0.5195614099502563 0.9146147966384888 0.13711395859718323 -0.33921608328819275 -0.1720813810825348
pumpkin/seq-07/frame-000432.color.png 0.8165591359138489 -1.1727231740951538 0.5206502079963684 0.914822518825531 0.1476668268442154 -0.33427631855010986 -0.17191217839717865
pumpkin/seq-07/frame-000433.color.png 0.8164481520652771 -1.1695725917816162 0.5360741019248962 0.9130246043205261 0.14713317155838013 -0.3397761285305023 -0.17114344239234924
pumpkin/seq-07/frame-000434.color.png 0.783821165561676 -1.185672640800476 0.5343138575553894 0.9124623537063599 0.14153774082660675 -0.34297841787338257 -0.17246855795383453
pumpkin/seq-07/frame-000435.color.png 0.7811224460601807 -1.188813328742981 0.5146393775939941 0.9142132997512817 0.14564074575901031 -0.33961397409439087 -0.16632850468158722
pumpkin/seq-07/frame-000436.color.png 0.7578611969947815 -1.1864185333251953 0.503044605255127 0.9117667078971863 0.1489863097667694 -0.3407882750034332 -0.1742069274187088
pumpkin/seq-07/frame-000437.color.png 0.781134307384491 -1.187102198600769 0.5230029821395874 0.907667338848114 0.14712689816951752 -0.35007140040397644 -0.17872817814350128
pumpkin/seq-07/frame-000438.color.png 0.8017074465751648 -1.166430115699768 0.5407333970069885 0.9036616086959839 0.15726396441459656 -0.3568461835384369 -0.17698711156845093
pumpkin/seq-07/frame-000439.color.png 0.8038646578788757 -1.1713043451309204 0.539497971534729 0.9036917686462402 0.1577388197183609 -0.35545071959495544 -0.17920489609241486
pumpkin/seq-07/frame-000440.color.png 0.7737752795219421 -1.1681926250457764 0.5582945346832275 0.9045841693878174 0.149605393409729 -0.35387301445007324 -0.1847156584262848
pumpkin/seq-07/frame-000441.color.png 0.756369948387146 -1.161975383758545 0.5509592890739441 0.9030134677886963 0.15072950720787048 -0.3565737009048462 -0.1862858682870865
pumpkin/seq-07/frame-000442.color.png 0.7673047780990601 -1.168482780456543 0.5448704957962036 0.9045499563217163 0.14880253374576569 -0.3544694781303406 -0.18438683450222015
pumpkin/seq-07/frame-000443.color.png 0.7628312706947327 -1.1645317077636719 0.5507835745811462 0.9020037651062012 0.15295188128948212 -0.3581852614879608 -0.1862749308347702
pumpkin/seq-07/frame-000444.color.png 0.7726316452026367 -1.1660523414611816 0.5430189371109009 0.9043132662773132 0.15822073817253113 -0.3472731411457062 -0.19127234816551208
pumpkin/seq-07/frame-000445.color.png 0.7659436464309692 -1.1686309576034546 0.5474061369895935 0.9016846418380737 0.16386064887046814 -0.35194382071495056 -0.19039396941661835
pumpkin/seq-07/frame-000446.color.png 0.7756290435791016 -1.157321810722351 0.5266775488853455 0.9043980240821838 0.160212442278862 -0.3465461730957031 -0.19053125381469727
pumpkin/seq-07/frame-000447.color.png 0.7647778391838074 -1.1555285453796387 0.5297096371650696 0.9044478535652161 0.16098015010356903 -0.34703266620635986 -0.18875347077846527
pumpkin/seq-07/frame-000448.color.png 0.7328692674636841 -1.1583689451217651 0.5474878549575806 0.9076990485191345 0.1575329601764679 -0.3414019048213959 -0.18630783259868622
pumpkin/seq-07/frame-000449.color.png 0.7448672652244568 -1.162222146987915 0.5376280546188354 0.9090894460678101 0.15698231756687164 -0.3373416066169739 -0.18738672137260437
pumpkin/seq-07/frame-000450.color.png 0.7432882189750671 -1.1463993787765503 0.5398095846176147 0.9113673567771912 0.1537589132785797 -0.3341541588306427 -0.18468543887138367
pumpkin/seq-07/frame-000451.color.png 0.7376905083656311 -1.1521798372268677 0.5287837982177734 0.9162948727607727 0.14838047325611115 -0.3235267102718353 -0.1836230605840683
pumpkin/seq-07/frame-000452.color.png 0.7203180193901062 -1.1457558870315552 0.5484138131141663 0.9156466722488403 0.1503845453262329 -0.3274880647659302 -0.17812155187129974
pumpkin/seq-07/frame-000453.color.png 0.6938593983650208 -1.1473764181137085 0.5464013814926147 0.915744423866272 0.15184932947158813 -0.32796841859817505 -0.17547297477722168
pumpkin/seq-07/frame-000454.color.png 0.6937397718429565 -1.149336338043213 0.555917501449585 0.9165381193161011 0.15534399449825287 -0.3230411112308502 -0.17739970982074738
pumpkin/seq-07/frame-000455.color.png 0.6773683428764343 -1.1323930025100708 0.5456978678703308 0.9173820614814758 0.14954355359077454 -0.3243367075920105 -0.17564857006072998
pumpkin/seq-07/frame-000456.color.png 0.6743435859680176 -1.135048747062683 0.5536727905273438 0.9171323776245117 0.1482987105846405 -0.3260107934474945 -0.17490734159946442
pumpkin/seq-07/frame-000457.color.png 0.7051619291305542 -1.1331076622009277 0.5525380969047546 0.9303100109100342 0.14293172955513 -0.29207897186279297 -0.16965734958648682
pumpkin/seq-07/frame-000458.color.png 0.643927276134491 -1.154155969619751 0.566990077495575 0.9225146174430847 0.15295282006263733 -0.3091396987438202 -0.1732189953327179
pumpkin/seq-07/frame-000459.color.png 0.6332075595855713 -1.1420079469680786 0.5654556155204773 0.9281775951385498 0.14202053844928741 -0.29835546016693115 -0.1711733490228653
pumpkin/seq-07/frame-000460.color.png 0.6171635985374451 -1.1489084959030151 0.5468201637268066 0.9240738749504089 0.14077851176261902 -0.3134276270866394 -0.1674283891916275
pumpkin/seq-07/frame-000461.color.png 0.5923417210578918 -1.1500355005264282 0.554651141166687 0.9203360676765442 0.14276395738124847 -0.3255119025707245 -0.1632237285375595
pumpkin/seq-07/frame-000462.color.png 0.6046043038368225 -1.1397088766098022 0.5835766196250916 0.929370105266571 0.15298625826835632 -0.29580140113830566 -0.15927377343177795
pumpkin/seq-07/frame-000463.color.png 0.6031160354614258 -1.1340844631195068 0.5661962032318115 0.9276150465011597 0.1396908164024353 -0.3089393377304077 -0.15675799548625946
pumpkin/seq-07/frame-000464.color.png 0.5866577625274658 -1.147213101387024 0.5750885605812073 0.9253385066986084 0.1452055126428604 -0.31157734990119934 -0.1599491387605667
pumpkin/seq-07/frame-000465.color.png 0.61640864610672 -1.12024986743927 0.570793867111206 0.930020809173584 0.13560891151428223 -0.3025009334087372 -0.1586337685585022
pumpkin/seq-07/frame-000466.color.png 0.5840421319007874 -1.1323236227035522 0.5700841546058655 0.9304002523422241 0.14129137992858887 -0.2984316945075989 -0.15915586054325104
pumpkin/seq-07/frame-000467.color.png 0.5783870816230774 -1.1152514219284058 0.5714013576507568 0.937790036201477 0.13103549182415009 -0.27879637479782104 -0.16016308963298798
pumpkin/seq-07/frame-000468.color.png 0.5811387896537781 -1.1110305786132812 0.5795688033103943 0.931725800037384 0.13450153172016144 -0.29611775279045105 -0.16158802807331085
pumpkin/seq-07/frame-000469.color.png 0.5349643230438232 -1.1240440607070923 0.5816715359687805 0.9367551803588867 0.12795419991016388 -0.28569987416267395 -0.15650233626365662
pumpkin/seq-07/frame-000470.color.png 0.5237359404563904 -1.1108700037002563 0.5857166051864624 0.9352379441261292 0.12616990506649017 -0.2913341820240021 -0.15663765370845795
pumpkin/seq-07/frame-000471.color.png 0.5318851470947266 -1.118499994277954 0.5821802616119385 0.9367421865463257 0.12772123515605927 -0.2867642045021057 -0.1548144519329071
pumpkin/seq-07/frame-000472.color.png 0.532272219657898 -1.122786045074463 0.590736985206604 0.9348732829093933 0.12488958239555359 -0.2936442792415619 -0.15552307665348053
pumpkin/seq-07/frame-000473.color.png 0.5420904159545898 -1.1206412315368652 0.5786564946174622 0.9322214722633362 0.12155775725841522 -0.30249840021133423 -0.1571035534143448
pumpkin/seq-07/frame-000474.color.png 0.5132970809936523 -1.0766061544418335 0.5797516703605652 0.9416357278823853 0.11277211457490921 -0.2759854793548584 -0.15632207691669464
pumpkin/seq-07/frame-000475.color.png 0.4841662347316742 -1.116010308265686 0.5920876264572144 0.9348715543746948 0.11792843788862228 -0.2950971722602844 -0.15819509327411652
pumpkin/seq-07/frame-000476.color.png 0.4865512251853943 -1.0984165668487549 0.601921796798706 0.9361674785614014 0.12335442751646042 -0.2885826826095581 -0.15841183066368103
pumpkin/seq-07/frame-000477.color.png 0.4840107560157776 -1.0859014987945557 0.5957062840461731 0.9368470907211304 0.11810246109962463 -0.2881336510181427 -0.15921169519424438
pumpkin/seq-07/frame-000478.color.png 0.49904778599739075 -1.0766533613204956 0.6132170557975769 0.9335607290267944 0.12205357849597931 -0.2939131557941437 -0.1648699790239334
pumpkin/seq-07/frame-000479.color.png 0.5088146328926086 -1.0674675703048706 0.6120745539665222 0.9349377751350403 0.12364502996206284 -0.2902882397174835 -0.16228380799293518
pumpkin/seq-07/frame-000480.color.png 0.5005273818969727 -1.0828651189804077 0.6200446486473083 0.9354840517044067 0.12352393567562103 -0.2902364730834961 -0.1592922955751419
pumpkin/seq-07/frame-000481.color.png 0.47681570053100586 -1.0623779296875 0.6355727314949036 0.933049738407135 0.1255812793970108 -0.29880279302597046 -0.15609124302864075
pumpkin/seq-07/frame-000482.color.png 0.46819937229156494 -1.0578943490982056 0.6358164548873901 0.9325026273727417 0.1236346885561943 -0.3020218312740326 -0.15471282601356506
pumpkin/seq-07/frame-000483.color.png 0.47306129336357117 -1.0542848110198975 0.6329835653305054 0.9341538548469543 0.11582022160291672 -0.30022186040878296 -0.15430177748203278
pumpkin/seq-07/frame-000484.color.png 0.45740997791290283 -1.048779845237732 0.6442182064056396 0.9442486763000488 0.11724124103784561 -0.26950258016586304 -0.1483822911977768
pumpkin/seq-07/frame-000485.color.png 0.4651810824871063 -1.0480073690414429 0.6534663438796997 0.9369173049926758 0.12131468951702118 -0.29383325576782227 -0.14536362886428833
pumpkin/seq-07/frame-000486.color.png 0.4158027172088623 -1.0393356084823608 0.6433982849121094 0.9390610456466675 0.1127394363284111 -0.2915309965610504 -0.1430523544549942
pumpkin/seq-07/frame-000487.color.png 0.3969093859195709 -1.0134741067886353 0.6468874216079712 0.9403104782104492 0.11270932853221893 -0.285707026720047 -0.14657528698444366
pumpkin/seq-07/frame-000488.color.png 0.40185800194740295 -1.023799180984497 0.6513059735298157 0.9397722482681274 0.11663840711116791 -0.28913989663124084 -0.14007677137851715
pumpkin/seq-07/frame-000489.color.png 0.41134151816368103 -1.0157604217529297 0.6488866209983826 0.9398733377456665 0.11745873093605042 -0.28758853673934937 -0.14189542829990387
pumpkin/seq-07/frame-000490.color.png 0.41237422823905945 -0.9755662679672241 0.6609870195388794 0.9439563751220703 0.11351132392883301 -0.2736627161502838 -0.14549972116947174
pumpkin/seq-07/frame-000491.color.png 0.3956851661205292 -0.9782244563102722 0.6598811745643616 0.9387895464897156 0.11487488448619843 -0.292225182056427 -0.14171265065670013
pumpkin/seq-07/frame-000492.color.png 0.407625675201416 -0.9939156770706177 0.6747320890426636 0.9344111084938049 0.12177694588899612 -0.3063082993030548 -0.1349865049123764
pumpkin/seq-07/frame-000493.color.png 0.39814192056655884 -0.9873801469802856 0.675082802772522 0.9357976913452148 0.12357455492019653 -0.29983803629875183 -0.13823598623275757
pumpkin/seq-07/frame-000494.color.png 0.4154939651489258 -0.9809161424636841 0.6672569513320923 0.9376477003097534 0.13006974756717682 -0.2934092581272125 -0.13345280289649963
pumpkin/seq-07/frame-000495.color.png 0.4629739820957184 -0.9274123311042786 0.6516920328140259 0.9428645968437195 0.1223648190498352 -0.2791130244731903 -0.13464435935020447
pumpkin/seq-07/frame-000496.color.png 0.436161607503891 -0.9446032643318176 0.6623360514640808 0.9438636302947998 0.12613575160503387 -0.2777382433414459 -0.12677784264087677
pumpkin/seq-07/frame-000497.color.png 0.453369677066803 -0.932468593120575 0.6487168669700623 0.9418547749519348 0.12220585346221924 -0.28462380170822144 -0.13024792075157166
pumpkin/seq-07/frame-000498.color.png 0.43533584475517273 -0.9349851608276367 0.6502230167388916 0.9439173936843872 0.122233547270298 -0.2785263955593109 -0.12845906615257263
pumpkin/seq-07/frame-000499.color.png 0.43453678488731384 -0.931896984577179 0.6559621095657349 0.9437133073806763 0.12391947209835052 -0.27824866771698 -0.1289452463388443
pumpkin/seq-07/frame-000500.color.png 0.44273585081100464 -0.9172471165657043 0.6599188446998596 0.946175217628479 0.12106885761022568 -0.2712197005748749 -0.1285867691040039
pumpkin/seq-07/frame-000501.color.png 0.4725355803966522 -0.8843284249305725 0.6511051058769226 0.9508075714111328 0.12410387396812439 -0.2536814212799072 -0.12731480598449707
pumpkin/seq-07/frame-000502.color.png 0.47189316153526306 -0.8537259697914124 0.6582671403884888 0.9510234594345093 0.11816824227571487 -0.2555902898311615 -0.12753115594387054
pumpkin/seq-07/frame-000503.color.png 0.47020015120506287 -0.8616209626197815 0.6575135588645935 0.9498649835586548 0.11292582005262375 -0.2626613676548004 -0.12654295563697815
pumpkin/seq-07/frame-000504.color.png 0.4753756523132324 -0.8433025479316711 0.6430675387382507 0.9496415257453918 0.11345122009515762 -0.2644806206226349 -0.1239345595240593
pumpkin/seq-07/frame-000505.color.png 0.46908268332481384 -0.8321939706802368 0.6455316543579102 0.9547277092933655 0.10802538692951202 -0.2483436018228531 -0.12308939546346664
pumpkin/seq-07/frame-000506.color.png 0.4829190969467163 -0.829157829284668 0.6405041217803955 0.9523748159408569 0.09756731986999512 -0.2605106830596924 -0.12488780170679092
pumpkin/seq-07/frame-000507.color.png 0.4956222474575043 -0.8253186345100403 0.6535824537277222 0.9533768892288208 0.09626412391662598 -0.25959810614585876 -0.12006057798862457
pumpkin/seq-07/frame-000508.color.png 0.49563613533973694 -0.8423033356666565 0.6544449925422668 0.9544242024421692 0.09741322696208954 -0.25201690196990967 -0.12677791714668274
pumpkin/seq-07/frame-000509.color.png 0.48514479398727417 -0.8283214569091797 0.6594904661178589 0.9531946182250977 0.09576965123414993 -0.26027098298072815 -0.12044569849967957
pumpkin/seq-07/frame-000510.color.png 0.49989429116249084 -0.8174281120300293 0.6580810546875 0.9493322968482971 0.09945645928382874 -0.27376142144203186 -0.11803077161312103
pumpkin/seq-07/frame-000511.color.png 0.4874670207500458 -0.8212473392486572 0.6770334839820862 0.9509010314941406 0.09090781956911087 -0.27398183941841125 -0.11161082237958908
pumpkin/seq-07/frame-000512.color.png 0.45844367146492004 -0.7926709055900574 0.6796579360961914 0.9521435499191284 0.09444110095500946 -0.2712062895298004 -0.10464520007371902
pumpkin/seq-07/frame-000513.color.png 0.44713523983955383 -0.7697516679763794 0.6700272560119629 0.9548186659812927 0.08655394613742828 -0.26349249482154846 -0.10677707195281982
pumpkin/seq-07/frame-000514.color.png 0.4525114595890045 -0.788028359413147 0.6637993454933167 0.9497303366661072 0.08412863314151764 -0.2836358845233917 -0.10239770263433456
pumpkin/seq-07/frame-000515.color.png 0.4653359055519104 -0.7716562151908875 0.6738306283950806 0.9460480809211731 0.08115775883197784 -0.29980605840682983 -0.09231821447610855
pumpkin/seq-07/frame-000516.color.png 0.43666237592697144 -0.7613999247550964 0.6723844408988953 0.9477769136428833 0.08257371187210083 -0.2914525270462036 -0.09977942705154419
pumpkin/seq-07/frame-000517.color.png 0.4331311881542206 -0.7559003233909607 0.6909224987030029 0.9470996856689453 0.08313856273889542 -0.2957915961742401 -0.09272301197052002
pumpkin/seq-07/frame-000518.color.png 0.4453239142894745 -0.7545348405838013 0.6735567450523376 0.9512940049171448 0.0694332867860794 -0.28448256850242615 -0.09637752175331116
pumpkin/seq-07/frame-000519.color.png 0.4394378364086151 -0.7526724934577942 0.6985106468200684 0.9517812132835388 0.066735178232193 -0.2861522138118744 -0.08818090707063675
pumpkin/seq-07/frame-000520.color.png 0.42900535464286804 -0.719582736492157 0.6825296878814697 0.9490461945533752 0.06894559413194656 -0.2955879271030426 -0.0847679078578949
pumpkin/seq-07/frame-000521.color.png 0.4248558580875397 -0.715919554233551 0.6928694844245911 0.9510011076927185 0.06655151396989822 -0.2913557291030884 -0.07924424111843109
pumpkin/seq-07/frame-000522.color.png 0.41334742307662964 -0.7152177691459656 0.676002562046051 0.9560512900352478 0.05630878359079361 -0.27657923102378845 -0.07936752587556839
pumpkin/seq-07/frame-000523.color.png 0.43404605984687805 -0.7222847938537598 0.6802610754966736 0.9532041549682617 0.046124737709760666 -0.2887119948863983 -0.07694120705127716
pumpkin/seq-07/frame-000524.color.png 0.4306577146053314 -0.7258586883544922 0.6855893731117249 0.9494275450706482 0.04329270124435425 -0.3019396960735321 -0.07446791231632233
pumpkin/seq-07/frame-000525.color.png 0.438116192817688 -0.7207669615745544 0.7004251480102539 0.9459624886512756 0.043170247226953506 -0.3139498829841614 -0.06875239312648773
pumpkin/seq-07/frame-000526.color.png 0.4146471619606018 -0.7281820178031921 0.7001368999481201 0.9489319324493408 0.03987555578351021 -0.3059457540512085 -0.06584449857473373
pumpkin/seq-07/frame-000527.color.png 0.39968135952949524 -0.7114510536193848 0.671564519405365 0.9473221898078918 0.039728667587041855 -0.3101615905761719 -0.06929752230644226
pumpkin/seq-07/frame-000528.color.png 0.3857737183570862 -0.695358157157898 0.6614069938659668 0.9465858936309814 0.03476026654243469 -0.31392011046409607 -0.06496940553188324
pumpkin/seq-07/frame-000529.color.png 0.3465884029865265 -0.6626883745193481 0.6528268456459045 0.9461268186569214 0.019945655018091202 -0.31618598103523254 -0.06687900424003601
pumpkin/seq-07/frame-000530.color.png 0.3115430176258087 -0.6670152544975281 0.6211287379264832 0.9454660415649414 0.014861878007650375 -0.3192923665046692 -0.0626523569226265
pumpkin/seq-07/frame-000531.color.png 0.3241897225379944 -0.6598582863807678 0.6613081097602844 0.9426305890083313 0.02101951278746128 -0.32818299531936646 -0.05746176466345787
pumpkin/seq-07/frame-000532.color.png 0.28010186553001404 -0.6494893431663513 0.6685429215431213 0.9438183903694153 0.020824436098337173 -0.3243056833744049 -0.05999135226011276
pumpkin/seq-07/frame-000533.color.png 0.25463512539863586 -0.64113450050354 0.6513456702232361 0.9405574798583984 0.016799582168459892 -0.33484891057014465 -0.054272204637527466
pumpkin/seq-07/frame-000534.color.png 0.2711743414402008 -0.6406688094139099 0.6662782430648804 0.9436986446380615 0.019485127180814743 -0.3260297477245331 -0.05251571163535118
pumpkin/seq-07/frame-000535.color.png 0.27117037773132324 -0.6507316827774048 0.6763330101966858 0.9406096339225769 0.0197710283100605 -0.33593088388442993 -0.044868528842926025
pumpkin/seq-07/frame-000536.color.png 0.286274790763855 -0.6470207571983337 0.6885767579078674 0.9415333271026611 0.021826742216944695 -0.3329058885574341 -0.047036126255989075
pumpkin/seq-07/frame-000537.color.png 0.27344653010368347 -0.6411731243133545 0.683271050453186 0.9424626231193542 0.02427927404642105 -0.33034461736679077 -0.045245759189128876
pumpkin/seq-07/frame-000538.color.png 0.24575282633304596 -0.623209536075592 0.6709259748458862 0.9413121342658997 0.026098307222127914 -0.33359962701797485 -0.04428919032216072
pumpkin/seq-07/frame-000539.color.png 0.22309035062789917 -0.6055110096931458 0.677785336971283 0.9410426020622253 0.031567905098199844 -0.33407753705978394 -0.042831528931856155
pumpkin/seq-07/frame-000540.color.png 0.1912667602300644 -0.6041435599327087 0.653265118598938 0.944682240486145 0.0178082175552845 -0.32507795095443726 -0.03978107124567032
pumpkin/seq-07/frame-000541.color.png 0.18601015210151672 -0.5981713533401489 0.6560013294219971 0.9434176087379456 0.021612845361232758 -0.32857102155685425 -0.039209481328725815
pumpkin/seq-07/frame-000542.color.png 0.192637100815773 -0.5963231325149536 0.6583660840988159 0.9440233111381531 0.02399422600865364 -0.3264966607093811 -0.04054917395114899
pumpkin/seq-07/frame-000543.color.png 0.16567835211753845 -0.5861092805862427 0.6591101288795471 0.946861207485199 0.02772388607263565 -0.31907960772514343 -0.029554320499300957
pumpkin/seq-07/frame-000544.color.png 0.1801462173461914 -0.5849879384040833 0.6585405468940735 0.9471691250801086 0.028678685426712036 -0.3181473910808563 -0.028812458738684654
pumpkin/seq-07/frame-000545.color.png 0.18900243937969208 -0.5750486254692078 0.675003170967102 0.949688732624054 0.021589290350675583 -0.31153035163879395 -0.023960517719388008
pumpkin/seq-07/frame-000546.color.png 0.1630873680114746 -0.5702090859413147 0.6677334308624268 0.9484822750091553 0.02878885343670845 -0.3147209882736206 -0.022432656958699226
pumpkin/seq-07/frame-000547.color.png 0.15552940964698792 -0.5770898461341858 0.6511517763137817 0.9512225389480591 0.027245428413152695 -0.30670154094696045 -0.01916711963713169
pumpkin/seq-07/frame-000548.color.png 0.14111460745334625 -0.5741029381752014 0.6422478556632996 0.9501994252204895 0.026520507410168648 -0.3098687529563904 -0.019979730248451233
pumpkin/seq-07/frame-000549.color.png 0.15106023848056793 -0.5809713006019592 0.647276759147644 0.9492034912109375 0.026895398274064064 -0.31288954615592957 -0.01973509043455124
pumpkin/seq-07/frame-000550.color.png 0.13720154762268066 -0.5676367878913879 0.6521506905555725 0.9514073133468628 0.031105389818549156 -0.3058975040912628 -0.016834525391459465
pumpkin/seq-07/frame-000551.color.png 0.1222372055053711 -0.5702921748161316 0.6546816229820251 0.9520817995071411 0.02716333605349064 -0.3040822446346283 -0.01834227330982685
pumpkin/seq-07/frame-000552.color.png 0.12840870022773743 -0.5628794431686401 0.6494669914245605 0.9522018432617188 0.026203826069831848 -0.3039824366569519 -0.014820951968431473
pumpkin/seq-07/frame-000553.color.png 0.14085835218429565 -0.564285159111023 0.6611935496330261 0.9505614638328552 0.02679993025958538 -0.30911076068878174 -0.01285433117300272
pumpkin/seq-07/frame-000554.color.png 0.13248537480831146 -0.5722463130950928 0.6417971253395081 0.9499831199645996 0.027565564960241318 -0.31070834398269653 -0.015250995755195618
pumpkin/seq-07/frame-000555.color.png 0.1134764552116394 -0.5598168969154358 0.6297699809074402 0.9500889778137207 0.026991141960024834 -0.31035739183425903 -0.016751153394579887
pumpkin/seq-07/frame-000556.color.png 0.11407347023487091 -0.5570403933525085 0.642768919467926 0.9490765929222107 0.025676637887954712 -0.31353768706321716 -0.01698318123817444
pumpkin/seq-07/frame-000557.color.png 0.07332363724708557 -0.5404265522956848 0.6201796531677246 0.9494836926460266 0.029556382447481155 -0.31181731820106506 -0.019418496638536453
pumpkin/seq-07/frame-000558.color.png 0.100131556391716 -0.5448223352432251 0.6419215798377991 0.9468389749526978 0.030452067032456398 -0.3192540109157562 -0.02541208080947399
pumpkin/seq-07/frame-000559.color.png 0.10100126266479492 -0.5469911098480225 0.6303699016571045 0.9444155693054199 0.03368033841252327 -0.3260144889354706 -0.025681274011731148
pumpkin/seq-07/frame-000560.color.png 0.07351216673851013 -0.5420703887939453 0.6164541840553284 0.9455236792564392 0.030565444380044937 -0.32300740480422974 -0.026778172701597214
pumpkin/seq-07/frame-000561.color.png 0.08940266072750092 -0.5462188720703125 0.6168695092201233 0.9453715682029724 0.027516044676303864 -0.3234049379825592 -0.030410340055823326
pumpkin/seq-07/frame-000562.color.png 0.05421384796500206 -0.5344334840774536 0.632918655872345 0.9426637887954712 0.03456490486860275 -0.33089810609817505 -0.02639576606452465
pumpkin/seq-07/frame-000563.color.png 0.06623798608779907 -0.5354278683662415 0.6333315968513489 0.9476805925369263 0.02600613422691822 -0.31682226061820984 -0.02913433127105236
pumpkin/seq-07/frame-000564.color.png 0.10009628534317017 -0.5307221412658691 0.6426634192466736 0.9481343030929565 0.035097621381282806 -0.3152949810028076 -0.019963353872299194
pumpkin/seq-07/frame-000565.color.png 0.07665280252695084 -0.522900402545929 0.6488256454467773 0.9491724371910095 0.03599301353096962 -0.31207892298698425 -0.01956886053085327
pumpkin/seq-07/frame-000566.color.png 0.08606493473052979 -0.5174668431282043 0.6558210849761963 0.9487952589988708 0.0433540865778923 -0.3124554455280304 -0.016726119443774223
pumpkin/seq-07/frame-000567.color.png 0.0949966162443161 -0.5083020925521851 0.6488948464393616 0.9459213018417358 0.044110774993896484 -0.32108986377716064 -0.013729053549468517
pumpkin/seq-07/frame-000568.color.png 0.08145096898078918 -0.5047761797904968 0.6375831961631775 0.9481274485588074 0.05181277543306351 -0.3132075071334839 -0.016454804688692093
pumpkin/seq-07/frame-000569.color.png 0.05931428447365761 -0.5057826042175293 0.5957468152046204 0.952849805355072 0.03154633566737175 -0.3016996383666992 -0.007698612753301859
pumpkin/seq-07/frame-000570.color.png 0.04260025545954704 -0.4961525797843933 0.5572241544723511 0.9526272416114807 0.035230085253715515 -0.3020087778568268 -0.007150488439947367
pumpkin/seq-07/frame-000571.color.png 0.006112601608037949 -0.47920042276382446 0.5595801472663879 0.9532806277275085 0.027734072878956795 -0.30077457427978516 -0.004650053568184376
pumpkin/seq-07/frame-000572.color.png -0.0058317966759204865 -0.46973615884780884 0.5642125010490417 0.9524927139282227 0.018017152324318886 -0.30397990345954895 -0.0054031373001635075
pumpkin/seq-07/frame-000573.color.png -0.003791946917772293 -0.4749324321746826 0.5673788189888 0.9518665671348572 0.023821864277124405 -0.3055528998374939 -0.004471723455935717
pumpkin/seq-07/frame-000574.color.png -0.006391555070877075 -0.46915942430496216 0.5647222399711609 0.953312873840332 0.022348448634147644 -0.301135778427124 -0.0035365100484341383
pumpkin/seq-07/frame-000575.color.png -0.02597108855843544 -0.4668180048465729 0.5518242716789246 0.9526447653770447 0.028520602732896805 -0.30273523926734924 -0.0024282382801175117
pumpkin/seq-07/frame-000576.color.png -0.021501023322343826 -0.45406341552734375 0.5508324503898621 0.9525025486946106 0.019984278827905655 -0.3038661479949951 -0.0022511158604174852
pumpkin/seq-07/frame-000577.color.png -0.03470882028341293 -0.4467090964317322 0.5531426072120667 0.9527321457862854 0.014697733335196972 -0.3034060299396515 -0.0054911402985453606
pumpkin/seq-07/frame-000578.color.png -0.026081647723913193 -0.45960938930511475 0.5540569424629211 0.9521811604499817 0.008152971975505352 -0.3053191006183624 -0.008051077835261822
pumpkin/seq-07/frame-000579.color.png -0.0377277173101902 -0.4543900191783905 0.528783917427063 0.9510483145713806 0.013484806753695011 -0.3085893988609314 -0.009893576614558697
pumpkin/seq-07/frame-000580.color.png -0.03966283053159714 -0.4595338702201843 0.5100940465927124 0.9521462917327881 0.007229615468531847 -0.3054703176021576 -0.00727637205272913
pumpkin/seq-07/frame-000581.color.png -0.061412472277879715 -0.45994240045547485 0.5134440064430237 0.9479995369911194 -0.0031397221609950066 -0.3181488811969757 -0.008274653926491737
pumpkin/seq-07/frame-000582.color.png -0.07962784171104431 -0.45264771580696106 0.5146428942680359 0.9495319724082947 -0.005776751320809126 -0.31345242261886597 -0.010161221958696842
pumpkin/seq-07/frame-000583.color.png -0.07088714838027954 -0.46281546354293823 0.5273271799087524 0.9465759992599487 -0.0005847402499057353 -0.3224280774593353 -0.005790994968265295
pumpkin/seq-07/frame-000584.color.png -0.07681326568126678 -0.45203182101249695 0.5249695181846619 0.9470171928405762 -0.0006357489037327468 -0.3210931122303009 -0.007561584003269672
pumpkin/seq-07/frame-000585.color.png -0.09736262261867523 -0.4600260257720947 0.5092905759811401 0.9460675120353699 -0.0037361267022788525 -0.3238617479801178 -0.007483839988708496
pumpkin/seq-07/frame-000586.color.png -0.10263195633888245 -0.4557124376296997 0.5087115168571472 0.9455133080482483 -0.0007385489298030734 -0.32555386424064636 -0.004318509716540575
pumpkin/seq-07/frame-000587.color.png -0.1017080545425415 -0.4592825770378113 0.5202428698539734 0.9445828795433044 -0.005978288594633341 -0.3281911611557007 -0.004259791690856218
pumpkin/seq-07/frame-000588.color.png -0.1062631905078888 -0.4614020884037018 0.5182735323905945 0.9465986490249634 -0.0036161544267088175 -0.3223298192024231 -0.006432084366679192
pumpkin/seq-07/frame-000589.color.png -0.14922714233398438 -0.453675240278244 0.5106679797172546 0.9472596049308777 -0.001002020318992436 -0.3204628527164459 -0.0013570119626820087
pumpkin/seq-07/frame-000590.color.png -0.15684562921524048 -0.4621962010860443 0.502512514591217 0.9495050311088562 -0.0042627127841115 -0.31370222568511963 -0.0036088423803448677
pumpkin/seq-07/frame-000591.color.png -0.17737585306167603 -0.46127745509147644 0.4908279776573181 0.9493185877799988 -0.0193803533911705 -0.31367045640945435 -0.005445429123938084
pumpkin/seq-07/frame-000592.color.png -0.18912683427333832 -0.44439733028411865 0.4761304557323456 0.9489191174507141 -0.02310355380177498 -0.3145531713962555 -0.00866073276847601
pumpkin/seq-07/frame-000593.color.png -0.2061479091644287 -0.4501763880252838 0.4628233015537262 0.949096143245697 -0.023035835474729538 -0.31366685032844543 -0.017298027873039246
pumpkin/seq-07/frame-000594.color.png -0.22745102643966675 -0.4500553607940674 0.4695137143135071 0.94771808385849 -0.030405694618821144 -0.3169611990451813 -0.02101026102900505
pumpkin/seq-07/frame-000595.color.png -0.25437214970588684 -0.43888112902641296 0.465647429227829 0.9480549693107605 -0.03272077813744545 -0.31616485118865967 -0.012690468691289425
pumpkin/seq-07/frame-000596.color.png -0.2720547318458557 -0.45060044527053833 0.45298123359680176 0.9479192495346069 -0.028509531170129776 -0.31693199276924133 -0.013801274821162224
pumpkin/seq-07/frame-000597.color.png -0.28419986367225647 -0.4431953430175781 0.4534492492675781 0.9506775736808777 -0.02642826735973358 -0.3087615668773651 -0.013423795811831951
pumpkin/seq-07/frame-000598.color.png -0.28478777408599854 -0.44597938656806946 0.4500204026699066 0.9521449208259583 -0.029539285227656364 -0.3039548993110657 -0.012601484544575214
pumpkin/seq-07/frame-000599.color.png -0.29119303822517395 -0.44806766510009766 0.4544907808303833 0.950955867767334 -0.02727692946791649 -0.3079221546649933 -0.011085892096161842
pumpkin/seq-07/frame-000600.color.png -0.3216981589794159 -0.457967609167099 0.4483976364135742 0.9508140683174133 -0.026747841387987137 -0.30853137373924255 -0.006740535609424114
pumpkin/seq-07/frame-000601.color.png -0.30903005599975586 -0.4593179523944855 0.4753050208091736 0.9473207592964172 -0.025209838524460793 -0.31923553347587585 -0.006042738910764456
pumpkin/seq-07/frame-000602.color.png -0.3086768686771393 -0.4841163754463196 0.4748317003250122 0.951418936252594 -0.027495594695210457 -0.30647221207618713 -0.010989651083946228
pumpkin/seq-07/frame-000603.color.png -0.3315899670124054 -0.47352132201194763 0.47149381041526794 0.9513750672340393 -0.025094402953982353 -0.30685436725616455 -0.009804381057620049
pumpkin/seq-07/frame-000604.color.png -0.33479043841362 -0.46295973658561707 0.4628249704837799 0.9476178288459778 -0.01752224750816822 -0.31881245970726013 -0.008492667227983475
pumpkin/seq-07/frame-000605.color.png -0.3577841818332672 -0.46545034646987915 0.45825642347335815 0.9492354989051819 -0.020386679098010063 -0.3137173652648926 -0.010853414423763752
pumpkin/seq-07/frame-000606.color.png -0.3752788305282593 -0.4679354131221771 0.442285418510437 0.9520273804664612 -0.007265768479555845 -0.3058314323425293 -0.007621957454830408
pumpkin/seq-07/frame-000607.color.png -0.37821730971336365 -0.4827670156955719 0.40543296933174133 0.9516291618347168 -0.0037879522424191236 -0.30715999007225037 -0.006347584538161755
pumpkin/seq-07/frame-000608.color.png -0.358865350484848 -0.46092480421066284 0.4387737512588501 0.9500311017036438 -0.004721743054687977 -0.31202268600463867 -0.007787255570292473
pumpkin/seq-07/frame-000609.color.png -0.36672696471214294 -0.4648926258087158 0.4584618806838989 0.953225314617157 -0.0017957952804863453 -0.3022538423538208 -0.0009704212425276637
pumpkin/seq-07/frame-000610.color.png -0.37238845229148865 -0.4971473813056946 0.4372060000896454 0.9552669525146484 0.0016297402326017618 -0.29572635889053345 -0.002894090488553047
pumpkin/seq-07/frame-000611.color.png -0.41667473316192627 -0.4963953495025635 0.417403906583786 0.956862211227417 0.004597528371959925 -0.2903810441493988 -0.008504124358296394
pumpkin/seq-07/frame-000612.color.png -0.45682141184806824 -0.5140434503555298 0.349693238735199 0.9593544006347656 -0.0023633569944649935 -0.2821817696094513 0.0026546691078692675
pumpkin/seq-07/frame-000613.color.png -0.4852742850780487 -0.47015076875686646 0.326015830039978 0.9526129364967346 -0.0332065224647522 -0.3021862208843231 0.010454511269927025
pumpkin/seq-07/frame-000614.color.png -0.536663830280304 -0.5493888854980469 0.2835466265678406 0.9655358195304871 -0.018152140080928802 -0.2595774829387665 0.00555328419432044
pumpkin/seq-07/frame-000615.color.png -0.48811355233192444 -0.531108021736145 0.3118605315685272 0.9454300999641418 -0.022486651316285133 -0.32491347193717957 -0.00935641210526228
pumpkin/seq-07/frame-000616.color.png -0.462962806224823 -0.5418366193771362 0.36104387044906616 0.9493308663368225 -0.025495368987321854 -0.3125316798686981 -0.02109299972653389
pumpkin/seq-07/frame-000617.color.png -0.49625757336616516 -0.579574465751648 0.32039353251457214 0.9501136541366577 -0.024803007021546364 -0.30998414754867554 -0.024056408554315567
pumpkin/seq-07/frame-000618.color.png -0.4719749391078949 -0.5754703283309937 0.365593820810318 0.9446561932563782 -0.02143295668065548 -0.32631632685661316 -0.026133086532354355
pumpkin/seq-07/frame-000619.color.png -0.49177053570747375 -0.562918484210968 0.3364309072494507 0.9411113262176514 -0.03175972029566765 -0.33450955152511597 -0.037472862750291824
pumpkin/seq-07/frame-000620.color.png -0.5527441501617432 -0.5588245987892151 0.3018862307071686 0.941411554813385 -0.027378825470805168 -0.3335295021533966 -0.04186630621552467
pumpkin/seq-07/frame-000621.color.png -0.5277664065361023 -0.5494940876960754 0.31260251998901367 0.9353159070014954 -0.025115301832556725 -0.34937772154808044 -0.049886126071214676
pumpkin/seq-07/frame-000622.color.png -0.5194082856178284 -0.6138477921485901 0.28433066606521606 0.937976062297821 -0.020871441811323166 -0.3385925889015198 -0.07155675441026688
pumpkin/seq-07/frame-000623.color.png -0.4993782341480255 -0.6225962042808533 0.334087610244751 0.930607795715332 -0.013363497331738472 -0.35688456892967224 -0.08014900982379913
pumpkin/seq-07/frame-000624.color.png -0.518808901309967 -0.633791446685791 0.33884650468826294 0.9302330613136292 -0.014088531956076622 -0.35752928256988525 -0.08148973435163498
pumpkin/seq-07/frame-000625.color.png -0.48642101883888245 -0.6956483125686646 0.34359514713287354 0.9242781400680542 -0.011191064491868019 -0.369996577501297 -0.09320466220378876
pumpkin/seq-07/frame-000626.color.png -0.4319189488887787 -0.7596603035926819 0.3281969428062439 0.9188050627708435 -0.006850101053714752 -0.3821583092212677 -0.0985158234834671
pumpkin/seq-07/frame-000627.color.png -0.41751980781555176 -0.7988860011100769 0.3810889422893524 0.9180904626846313 0.0035442598164081573 -0.38193175196647644 -0.10595101118087769
pumpkin/seq-07/frame-000628.color.png -0.49069908261299133 -0.8248085379600525 0.3660769760608673 0.9199982285499573 0.008536589331924915 -0.3775179386138916 -0.10493139922618866
pumpkin/seq-07/frame-000629.color.png -0.46868637204170227 -0.8229569792747498 0.36813515424728394 0.916098952293396 0.001250631408765912 -0.3881992995738983 -0.10031095892190933
pumpkin/seq-07/frame-000630.color.png -0.44270089268684387 -0.9133421182632446 0.3309713304042816 0.9173511862754822 0.00617293082177639 -0.38073185086250305 -0.11606849730014801
pumpkin/seq-07/frame-000631.color.png -0.526201605796814 -0.9772377610206604 0.3918665647506714 0.9244502186775208 0.011922701261937618 -0.36095717549324036 -0.12230923026800156
pumpkin/seq-07/frame-000632.color.png -0.3146028220653534 -1.0483174324035645 0.5446335673332214 0.9177203178405762 0.017010588198900223 -0.37841764092445374 -0.11958301812410355
pumpkin/seq-07/frame-000633.color.png -0.36328887939453125 -1.032641053199768 0.6064601540565491 0.9207718372344971 0.023981979116797447 -0.3671102225780487 -0.129746675491333
pumpkin/seq-07/frame-000634.color.png -0.3356437087059021 -1.0692033767700195 0.6247516870498657 0.9090894460678101 0.03591668978333473 -0.3967325985431671 -0.12194157391786575
pumpkin/seq-07/frame-000635.color.png -0.3540465235710144 -1.04635751247406 0.6999423503875732 0.9034070372581482 0.03580084443092346 -0.40422677993774414 -0.13847310841083527
pumpkin/seq-07/frame-000636.color.png -0.3117801249027252 -1.0893669128417969 0.5741432905197144 0.9129474759101868 0.03256698325276375 -0.3829597234725952 -0.13714273273944855
pumpkin/seq-07/frame-000637.color.png -0.09160397946834564 -0.11106622219085693 0.16486799716949463 0.9920727610588074 -0.08681444823741913 -0.0771162211894989 -0.04804302006959915
pumpkin/seq-07/frame-000638.color.png -0.24604150652885437 -1.0953872203826904 0.6383662223815918 0.9302498698234558 0.0503709502518177 -0.33960238099098206 -0.12949195504188538
pumpkin/seq-07/frame-000639.color.png -0.17558220028877258 -1.1070855855941772 0.6233499646186829 0.9270336031913757 0.03976266831159592 -0.3472466766834259 -0.13582156598567963
pumpkin/seq-07/frame-000640.color.png -0.024874433875083923 -1.131966471672058 0.7913684844970703 0.9045929908752441 0.050820812582969666 -0.3987998962402344 -0.14173085987567902
pumpkin/seq-07/frame-000641.color.png -0.07941359281539917 -1.1231355667114258 0.8564777374267578 0.8998934030532837 0.05542914941906929 -0.4066292643547058 -0.14755354821681976
pumpkin/seq-07/frame-000642.color.png -0.037053029984235764 -1.1330677270889282 0.8774435520172119 0.945940375328064 0.07205774635076523 -0.28717830777168274 -0.13241223990917206
pumpkin/seq-07/frame-000643.color.png 0.1957700103521347 -1.1451829671859741 0.801031768321991 0.9922487139701843 0.08634964376688004 -0.026219842955470085 -0.08543442189693451
pumpkin/seq-07/frame-000644.color.png 0.3038576543331146 -1.1616151332855225 0.83701092004776 0.9864508509635925 0.09595008939504623 -0.07290776073932648 -0.11132241040468216
pumpkin/seq-07/frame-000645.color.png 0.1678980439901352 -1.052222490310669 0.8703105449676514 0.9691628813743591 0.11107873171567917 0.21578864753246307 -0.04266182705760002
pumpkin/seq-07/frame-000646.color.png 0.09091456234455109 -1.0443010330200195 0.8562999963760376 0.9694541096687317 0.07829117029905319 0.2281741499900818 -0.04433808848261833
pumpkin/seq-07/frame-000647.color.png -0.13194748759269714 -0.8565595149993896 0.7975515127182007 0.96383136510849 0.07920073717832565 0.24874247610569 -0.05369861423969269
pumpkin/seq-07/frame-000648.color.png -0.014992829412221909 -0.9483001828193665 0.8316681981086731 0.9735852479934692 0.059475868940353394 0.20982414484024048 -0.06758926063776016
pumpkin/seq-07/frame-000649.color.png -0.017285089939832687 -1.019563913345337 0.7159155011177063 0.9819883108139038 0.09548086673021317 -0.06582608073949814 -0.14916248619556427
pumpkin/seq-07/frame-000650.color.png 0.041579436510801315 -0.9834736585617065 0.6937719583511353 0.9871323108673096 0.09645938128232956 0.0023776250891387463 -0.1275126338005066
pumpkin/seq-07/frame-000651.color.png -0.1700921207666397 -1.0731035470962524 1.3617167472839355 0.7827436327934265 -0.08666178584098816 0.6076668500900269 0.10267996042966843
pumpkin/seq-07/frame-000652.color.png -0.24599117040634155 -0.9154000282287598 0.7086315155029297 0.9810991287231445 0.11157578229904175 -0.08980894088745117 -0.1301143765449524
pumpkin/seq-07/frame-000653.color.png -0.26590538024902344 -0.9295023083686829 0.6731489896774292 0.9769660234451294 0.11309456080198288 -0.1202917993068695 -0.13519196212291718
pumpkin/seq-07/frame-000654.color.png -0.26217225193977356 -1.0077285766601562 0.6759961843490601 0.9610432982444763 0.11146336048841476 -0.21024787425994873 -0.14059680700302124
pumpkin/seq-07/frame-000655.color.png -0.1311522126197815 -1.0115000009536743 0.5272651314735413 0.9616351127624512 0.11045293509960175 -0.2043088674545288 -0.14599967002868652
pumpkin/seq-07/frame-000656.color.png -0.19236114621162415 -1.0160332918167114 0.5271055102348328 0.9496479630470276 0.13092033565044403 -0.2489270269870758 -0.13807274401187897
pumpkin/seq-07/frame-000657.color.png -0.15709823369979858 -0.9889703989028931 0.4714200496673584 0.9516453742980957 0.1251843422651291 -0.24412605166435242 -0.13821177184581757
pumpkin/seq-07/frame-000658.color.png -0.04793553426861763 -0.9288826584815979 0.5338565111160278 0.9606204032897949 0.1258125901222229 -0.20320101082324982 -0.14173592627048492
pumpkin/seq-07/frame-000659.color.png -0.1449129432439804 -0.903675377368927 0.44385790824890137 0.955703854560852 0.1191466748714447 -0.23309177160263062 -0.13454581797122955
pumpkin/seq-07/frame-000660.color.png -0.21017961204051971 -0.8839775323867798 0.4284666180610657 0.9608611464500427 0.1204218938946724 -0.21451899409294128 -0.12738199532032013
pumpkin/seq-07/frame-000661.color.png -0.2085704505443573 -0.8641144037246704 0.4363280236721039 0.9599370956420898 0.1279924511909485 -0.20993083715438843 -0.13441698253154755
pumpkin/seq-07/frame-000662.color.png -0.2773289382457733 -0.8538640737533569 0.37056097388267517 0.961814284324646 0.12387976795434952 -0.20663048326969147 -0.12988846004009247
pumpkin/seq-07/frame-000663.color.png -0.08701977133750916 -0.9276328682899475 0.48240897059440613 0.9628866314888 0.14058668911457062 -0.1983824372291565 -0.11717119067907333
pumpkin/seq-07/frame-000664.color.png -0.12135449051856995 -0.9323070645332336 0.40383806824684143 0.9591613411903381 0.16283993422985077 -0.20735080540180206 -0.10246215760707855
pumpkin/seq-07/frame-000665.color.png -0.011588457971811295 -0.9056845903396606 0.3744982182979584 0.9648798704147339 0.14034906029701233 -0.1933218389749527 -0.10925095528364182
pumpkin/seq-07/frame-000666.color.png 0.08746331930160522 -0.9405030608177185 0.3625096380710602 0.9613528847694397 0.15975640714168549 -0.2009246051311493 -0.09953866899013519
pumpkin/seq-07/frame-000667.color.png 0.13875190913677216 -0.9389640092849731 0.3800807297229767 0.9618691802024841 0.16672638058662415 -0.1912529319524765 -0.10213865339756012
pumpkin/seq-07/frame-000668.color.png 0.16408132016658783 -0.9368570446968079 0.4089117646217346 0.9648394584655762 0.16411671042442322 -0.18128934502601624 -0.09635761380195618
pumpkin/seq-07/frame-000669.color.png 0.1411541849374771 -0.9083511829376221 0.3164917826652527 0.9657189846038818 0.1707162708044052 -0.16921336948871613 -0.09802840650081635
pumpkin/seq-07/frame-000670.color.png 0.12214967608451843 -0.9127678275108337 0.38248294591903687 0.9688470959663391 0.16858486831188202 -0.15447208285331726 -0.09514660388231277
pumpkin/seq-07/frame-000671.color.png 0.15611383318901062 -0.9204868674278259 0.37191241979599 0.9699662923812866 0.1614326536655426 -0.1577298939228058 -0.09069807082414627
pumpkin/seq-07/frame-000672.color.png 0.12190297245979309 -0.9016445875167847 0.3924838602542877 0.9694921374320984 0.1557200849056244 -0.1662532240152359 -0.09053266793489456
pumpkin/seq-07/frame-000673.color.png 0.0690506100654602 -0.9098849892616272 0.4194486439228058 0.9698121547698975 0.16262096166610718 -0.15983600914478302 -0.08643631637096405
pumpkin/seq-07/frame-000674.color.png 0.03164132684469223 -0.9285526871681213 0.3225792646408081 0.9682883620262146 0.16606557369232178 -0.16693703830242157 -0.08349724113941193
pumpkin/seq-07/frame-000675.color.png 0.01397705078125 -0.9120789766311646 0.30964958667755127 0.9693847894668579 0.15228921175003052 -0.1699191927909851 -0.09071187674999237
pumpkin/seq-07/frame-000676.color.png 0.028622377663850784 -0.9069626331329346 0.37940093874931335 0.9704332947731018 0.15755029022693634 -0.16183196008205414 -0.08513206988573074
pumpkin/seq-07/frame-000677.color.png 0.12209290266036987 -0.920608401298523 0.29806020855903625 0.9688499569892883 0.16586188971996307 -0.1630055457353592 -0.08513955771923065
pumpkin/seq-07/frame-000678.color.png 0.0032967552542686462 -0.9051949977874756 0.3856556713581085 0.9696326851844788 0.1603316217660904 -0.1618475615978241 -0.08894692361354828
pumpkin/seq-07/frame-000679.color.png 0.03350299596786499 -0.8857110142707825 0.34022337198257446 0.9702001214027405 0.1622219979763031 -0.15674224495887756 -0.0884743258357048
pumpkin/seq-07/frame-000680.color.png -0.019455980509519577 -0.8813955187797546 0.35165539383888245 0.9696416854858398 0.1721758097410202 -0.14783893525600433 -0.09107338637113571
pumpkin/seq-07/frame-000681.color.png -0.020448610186576843 -0.8843822479248047 0.3696734309196472 0.9670844078063965 0.17033961415290833 -0.1663011908531189 -0.08986594527959824
pumpkin/seq-07/frame-000682.color.png -0.029110193252563477 -0.8319947123527527 0.37421566247940063 0.9666768312454224 0.1764957755804062 -0.16036109626293182 -0.0931100994348526
pumpkin/seq-07/frame-000683.color.png -0.03950893506407738 -0.8290822505950928 0.4076445996761322 0.9666998386383057 0.17537230253219604 -0.16018597781658173 -0.09527024626731873
pumpkin/seq-07/frame-000684.color.png -0.004512093961238861 -0.8189082741737366 0.4376804530620575 0.9729638695716858 0.17416101694107056 -0.12208408862352371 -0.09002562612295151
pumpkin/seq-07/frame-000685.color.png -0.06811793148517609 -0.8210337162017822 0.4337378144264221 0.9715395569801331 0.17358091473579407 -0.135518416762352 -0.08726617693901062
pumpkin/seq-07/frame-000686.color.png -0.06679493188858032 -0.7890770435333252 0.546123743057251 0.970247745513916 0.15340346097946167 -0.1668609082698822 -0.08511196821928024
pumpkin/seq-07/frame-000687.color.png -0.12403760850429535 -0.8001771569252014 0.5449811816215515 0.9755007028579712 0.14730395376682281 -0.13918088376522064 -0.0856066569685936
pumpkin/seq-07/frame-000688.color.png -0.07159747183322906 -0.8773942589759827 0.6145956516265869 0.9730849266052246 0.16618308424949646 -0.1402764618396759 -0.07623371481895447
pumpkin/seq-07/frame-000689.color.png -0.11182782053947449 -0.8624259233474731 0.5688093900680542 0.9723731279373169 0.15878470242023468 -0.15522000193595886 -0.07200409471988678
pumpkin/seq-07/frame-000690.color.png -0.11408308148384094 -0.8866841197013855 0.5698549747467041 0.9733685851097107 0.16944897174835205 -0.13779647648334503 -0.06966236978769302
pumpkin/seq-07/frame-000691.color.png -0.23967301845550537 -0.8508041501045227 0.5096814036369324 0.9735181927680969 0.16652506589889526 -0.14084835350513458 -0.06850869953632355
pumpkin/seq-07/frame-000692.color.png -0.21196356415748596 -0.8550111055374146 0.5668908357620239 0.9749283790588379 0.16199390590190887 -0.13612958788871765 -0.06885846704244614
pumpkin/seq-07/frame-000693.color.png -0.2005537897348404 -0.8837996125221252 0.605985164642334 0.9742897748947144 0.1621876060962677 -0.13877542316913605 -0.07208330929279327
pumpkin/seq-07/frame-000694.color.png -0.187209352850914 -0.8632386326789856 0.5160026550292969 0.9696187376976013 0.17687158286571503 -0.15332750976085663 -0.07104048877954483
pumpkin/seq-07/frame-000695.color.png -0.1422121226787567 -0.9006258249282837 0.511576771736145 0.9698814749717712 0.17470139265060425 -0.15064866840839386 -0.07819429785013199
pumpkin/seq-07/frame-000696.color.png -0.1403850018978119 -0.8947579264640808 0.5095951557159424 0.9703077673912048 0.17261525988578796 -0.15377464890480042 -0.07113544642925262
pumpkin/seq-07/frame-000697.color.png -0.1438172161579132 -0.9495083093643188 0.5546029806137085 0.9679315090179443 0.17102491855621338 -0.16735650599002838 -0.07649163901805878
pumpkin/seq-07/frame-000698.color.png -0.218547984957695 -0.9137886166572571 0.49628597497940063 0.9660087823867798 0.17821265757083893 -0.17074808478355408 -0.0768904760479927
pumpkin/seq-07/frame-000699.color.png -0.3642103672027588 -0.8802720904350281 0.4718954265117645 0.9634226560592651 0.16004326939582825 -0.19767235219478607 -0.084430992603302
pumpkin/seq-07/frame-000700.color.png -0.3245374262332916 -0.8957114219665527 0.507492184638977 0.967146098613739 0.16015185415744781 -0.18292975425720215 -0.07427386194467545
pumpkin/seq-07/frame-000701.color.png -0.3821830451488495 -0.8612136840820312 0.510797381401062 0.965723991394043 0.15064455568790436 -0.19364629685878754 -0.08476130664348602
pumpkin/seq-07/frame-000702.color.png -0.32382240891456604 -0.882213294506073 0.5045830607414246 0.9643775224685669 0.15442170202732086 -0.1994735151529312 -0.07962671667337418
pumpkin/seq-07/frame-000703.color.png -0.4125460386276245 -0.887644350528717 0.4965548515319824 0.9671928882598877 0.14637315273284912 -0.19453658163547516 -0.07258240133523941
pumpkin/seq-07/frame-000704.color.png -0.403452605009079 -0.8801624774932861 0.4952467083930969 0.9694024920463562 0.14515236020088196 -0.1854698657989502 -0.06921438127756119
pumpkin/seq-07/frame-000705.color.png -0.3846028447151184 -0.897139310836792 0.5564134120941162 0.9686474204063416 0.1421799510717392 -0.19314387440681458 -0.06482506543397903
pumpkin/seq-07/frame-000706.color.png -0.3686457574367523 -0.9252886176109314 0.5446117520332336 0.9678840637207031 0.14864210784435272 -0.19409996271133423 -0.058575619012117386
pumpkin/seq-07/frame-000707.color.png -0.5318660736083984 -0.857315182685852 0.48157039284706116 0.9716442823410034 0.15363053977489471 -0.1707480400800705 -0.05612420663237572
pumpkin/seq-07/frame-000708.color.png -0.4250384271144867 -0.8777029514312744 0.5062232613563538 0.9700379371643066 0.14612612128257751 -0.1851918250322342 -0.058116622269153595
pumpkin/seq-07/frame-000709.color.png -0.4075782299041748 -0.9223277568817139 0.4700363576412201 0.9673289060592651 0.16722442209720612 -0.18061502277851105 -0.060735736042261124
pumpkin/seq-07/frame-000710.color.png -0.4169844686985016 -0.9330328702926636 0.41706782579421997 0.9702920317649841 0.16200095415115356 -0.16844268143177032 -0.0625792145729065
pumpkin/seq-07/frame-000711.color.png -0.5450921654701233 -0.8333032131195068 0.3232549726963043 0.9689778685569763 0.15758727490901947 -0.17692367732524872 -0.07032885402441025
pumpkin/seq-07/frame-000712.color.png -0.5067698955535889 -0.8533695340156555 0.2326149046421051 0.9696199297904968 0.1421114057302475 -0.18405091762542725 -0.07594037055969238
pumpkin/seq-07/frame-000713.color.png -0.44795703887939453 -0.8545323014259338 0.2832542657852173 0.9655089378356934 0.14800673723220825 -0.19941122829914093 -0.07824055105447769
pumpkin/seq-07/frame-000714.color.png -0.3910224139690399 -0.9024173617362976 0.32304325699806213 0.9685153961181641 0.13582704961299896 -0.19446003437042236 -0.07559249550104141
pumpkin/seq-07/frame-000715.color.png -0.34334805607795715 -0.9097555875778198 0.3518359959125519 0.9680691957473755 0.1313871592283249 -0.19888685643672943 -0.07761047035455704
pumpkin/seq-07/frame-000716.color.png -0.3365066945552826 -0.9445253014564514 0.35905230045318604 0.9660173058509827 0.1505444049835205 -0.1950254589319229 -0.07817769795656204
pumpkin/seq-07/frame-000717.color.png -0.2711065709590912 -0.9096328020095825 0.3820257782936096 0.9692546725273132 0.15521280467510223 -0.1738012433052063 -0.07904060930013657
pumpkin/seq-07/frame-000718.color.png -0.1961946189403534 -0.9400021433830261 0.42031461000442505 0.9679885506629944 0.15689590573310852 -0.17863483726978302 -0.08044341206550598
pumpkin/seq-07/frame-000719.color.png -0.15579116344451904 -0.9453117847442627 0.41292309761047363 0.9686096906661987 0.1624259501695633 -0.17207558453083038 -0.07617675513029099
pumpkin/seq-07/frame-000720.color.png -0.1875288188457489 -0.9301269054412842 0.4482986032962799 0.9674702882766724 0.16024062037467957 -0.17947271466255188 -0.07818935066461563
pumpkin/seq-07/frame-000721.color.png -0.21347644925117493 -0.9072374105453491 0.4305597245693207 0.9679500460624695 0.15301574766635895 -0.1831546127796173 -0.0781877338886261
pumpkin/seq-07/frame-000722.color.png -0.2456686794757843 -0.9071547389030457 0.48523813486099243 0.9686998128890991 0.1549626737833023 -0.1769944280385971 -0.07924816012382507
pumpkin/seq-07/frame-000723.color.png -0.15226693451404572 -0.9241558313369751 0.4675450325012207 0.9678006768226624 0.16748985648155212 -0.1712777316570282 -0.07728403061628342
pumpkin/seq-07/frame-000724.color.png -0.15300224721431732 -0.9563669562339783 0.48483553528785706 0.9706331491470337 0.15738347172737122 -0.16460078954696655 -0.0775136798620224
pumpkin/seq-07/frame-000725.color.png -0.16520251333713531 -0.9656654000282288 0.4716200828552246 0.9701352119445801 0.1633271723985672 -0.16362984478473663 -0.07339807599782944
pumpkin/seq-07/frame-000726.color.png -0.1592119336128235 -0.9462698101997375 0.4327424168586731 0.9712561964988708 0.1558031141757965 -0.16434471309185028 -0.0733305960893631
pumpkin/seq-07/frame-000727.color.png -0.13871607184410095 -0.9967330694198608 0.44170936942100525 0.9710614085197449 0.16272374987602234 -0.15809626877307892 -0.07460830360651016
pumpkin/seq-07/frame-000728.color.png -0.12467661499977112 -0.9813367128372192 0.4758460223674774 0.9700778722763062 0.16615493595600128 -0.16322700679302216 -0.06854554265737534
pumpkin/seq-07/frame-000729.color.png -0.12195371091365814 -0.9676470160484314 0.46946775913238525 0.9700373411178589 0.1642225831747055 -0.1668635904788971 -0.06492318212985992
pumpkin/seq-07/frame-000730.color.png -0.13315698504447937 -0.9542803764343262 0.490085244178772 0.9739684462547302 0.17141596972942352 -0.13737520575523376 -0.05594557523727417
pumpkin/seq-07/frame-000731.color.png -0.15452614426612854 -0.9494161009788513 0.49082982540130615 0.9741536974906921 0.17005307972431183 -0.1380959451198578 -0.05509957671165466
pumpkin/seq-07/frame-000732.color.png -0.11591903865337372 -0.9597926735877991 0.4944033622741699 0.9738044738769531 0.1722276359796524 -0.1370420753955841 -0.05711419880390167
pumpkin/seq-07/frame-000733.color.png -0.1534639149904251 -0.9477660059928894 0.5098693370819092 0.974636971950531 0.17193472385406494 -0.1318187415599823 -0.05608179047703743
pumpkin/seq-07/frame-000734.color.png -0.16896215081214905 -0.9338709712028503 0.49418437480926514 0.9753676056861877 0.17288225889205933 -0.12602975964546204 -0.05372310057282448
pumpkin/seq-07/frame-000735.color.png -0.12411816418170929 -0.9465574622154236 0.5218753814697266 0.9762666821479797 0.16441799700260162 -0.13201454281806946 -0.049419552087783813
pumpkin/seq-07/frame-000736.color.png -0.1077517569065094 -0.9527232050895691 0.563281774520874 0.9701088666915894 0.1682279258966446 -0.1686857044696808 -0.04618791863322258
pumpkin/seq-07/frame-000737.color.png -0.09560008347034454 -0.9326706528663635 0.5519614815711975 0.9705555438995361 0.16660022735595703 -0.1676958054304123 -0.04630792886018753
pumpkin/seq-07/frame-000738.color.png -0.10189163684844971 -0.9676383137702942 0.5594345331192017 0.9708440899848938 0.16842108964920044 -0.16335484385490417 -0.049103181809186935
pumpkin/seq-07/frame-000739.color.png -0.08144983649253845 -0.9448334574699402 0.5587228536605835 0.9687932729721069 0.16913896799087524 -0.17381326854228973 -0.05119045451283455
pumpkin/seq-07/frame-000740.color.png -0.09357856214046478 -0.9393037557601929 0.5146481394767761 0.9709044098854065 0.1673801839351654 -0.16355830430984497 -0.05076528713107109
pumpkin/seq-07/frame-000741.color.png -0.12296074628829956 -0.9423443078994751 0.505214512348175 0.9705461263656616 0.1656017005443573 -0.16583530604839325 -0.05581096187233925
pumpkin/seq-07/frame-000742.color.png -0.11086943745613098 -0.9428448677062988 0.492051899433136 0.9719460606575012 0.16231121122837067 -0.16148626804351807 -0.05383296683430672
pumpkin/seq-07/frame-000743.color.png -0.12814798951148987 -0.950363278388977 0.5063288807868958 0.9699682593345642 0.1613214910030365 -0.17407706379890442 -0.05323736369609833
pumpkin/seq-07/frame-000744.color.png -0.1410658359527588 -0.949510395526886 0.521058201789856 0.9699941873550415 0.15994521975517273 -0.17488020658493042 -0.0542757473886013
pumpkin/seq-07/frame-000745.color.png -0.13239553570747375 -0.9462227821350098 0.5337744355201721 0.9700593948364258 0.1584450602531433 -0.1766204535961151 -0.05181892588734627
pumpkin/seq-07/frame-000746.color.png -0.11742040514945984 -0.9571016430854797 0.5473436117172241 0.9717429876327515 0.1553155481815338 -0.1713588684797287 -0.04721016436815262
pumpkin/seq-07/frame-000747.color.png -0.0809520035982132 -0.9761703014373779 0.5640653967857361 0.9725092053413391 0.14658784866333008 -0.17392846941947937 -0.049868516623973846
pumpkin/seq-07/frame-000748.color.png -0.07526738941669464 -0.956474781036377 0.6058330535888672 0.9737428426742554 0.15565615892410278 -0.15915679931640625 -0.0475933812558651
pumpkin/seq-07/frame-000749.color.png -0.077368825674057 -0.954304575920105 0.6094417572021484 0.9757679104804993 0.16434285044670105 -0.1367531716823578 -0.046550825238227844
pumpkin/seq-07/frame-000750.color.png -0.0492737777531147 -0.9461988806724548 0.5910563468933105 0.9760255217552185 0.14536882936954498 -0.1567339301109314 -0.04095048829913139
pumpkin/seq-07/frame-000751.color.png -0.04193906858563423 -0.9517554640769958 0.6085605621337891 0.9785398840904236 0.14743559062480927 -0.1396542489528656 -0.0349162332713604
pumpkin/seq-07/frame-000752.color.png -0.059836048632860184 -0.9447386860847473 0.6505678296089172 0.9792878031730652 0.1468837559223175 -0.13682600855827332 -0.02644360437989235
pumpkin/seq-07/frame-000753.color.png -0.07678669691085815 -0.9298497438430786 0.6475979089736938 0.9800443649291992 0.1446017324924469 -0.13446170091629028 -0.022883309051394463
pumpkin/seq-07/frame-000754.color.png -0.03538776561617851 -0.9432147145271301 0.6344322562217712 0.9791272878646851 0.14853136241436005 -0.13718900084495544 -0.020677682012319565
pumpkin/seq-07/frame-000755.color.png -0.06497880816459656 -0.9524999260902405 0.6544337272644043 0.9780777096748352 0.15020418167114258 -0.1426197737455368 -0.02150634117424488
pumpkin/seq-07/frame-000756.color.png -0.047921840101480484 -0.9710161089897156 0.6682983636856079 0.9789732694625854 0.13978329300880432 -0.1468943953514099 -0.02222580462694168
pumpkin/seq-07/frame-000757.color.png -0.04927132651209831 -0.9635462760925293 0.6472800374031067 0.9821816682815552 0.13198892772197723 -0.1321907937526703 -0.02058643288910389
pumpkin/seq-07/frame-000758.color.png -0.03492005541920662 -0.962837278842926 0.6680827736854553 0.9814379215240479 0.13831105828285217 -0.13182398676872253 -0.016495821997523308
pumpkin/seq-07/frame-000759.color.png -0.04008236899971962 -0.9391982555389404 0.6397399306297302 0.9814543128013611 0.13732855021953583 -0.13284876942634583 -0.015475653111934662
pumpkin/seq-07/frame-000760.color.png -0.04778263345360756 -0.9461326599121094 0.6270017623901367 0.9816430807113647 0.1369420289993286 -0.13213321566581726 -0.012822934426367283
pumpkin/seq-07/frame-000761.color.png -0.013246160000562668 -0.9722719788551331 0.6562795639038086 0.981719970703125 0.13226430118083954 -0.13666370511054993 -0.007417466025799513
pumpkin/seq-07/frame-000762.color.png 0.0020769797265529633 -0.9653525352478027 0.6496975421905518 0.9836004376411438 0.12985385954380035 -0.12487302720546722 -0.008663775399327278
pumpkin/seq-07/frame-000763.color.png -0.004184648394584656 -0.9744311571121216 0.6562910676002502 0.9816905856132507 0.12520883977413177 -0.14331242442131042 -0.008227340877056122
pumpkin/seq-07/frame-000764.color.png -0.026013556867837906 -0.9794125556945801 0.6725047826766968 0.9810587167739868 0.11387097835540771 -0.15652219951152802 -0.007630795706063509
pumpkin/seq-07/frame-000765.color.png -0.0006884373724460602 -0.9789108633995056 0.6718177199363708 0.9793782234191895 0.11424902826547623 -0.16595281660556793 -0.015002746134996414
pumpkin/seq-07/frame-000766.color.png 0.04473422095179558 -0.9736107587814331 0.6564353108406067 0.9798423051834106 0.11402923613786697 -0.16360771656036377 -0.011781170964241028
pumpkin/seq-07/frame-000767.color.png 0.024565454572439194 -0.9713831543922424 0.6603285670280457 0.9766069054603577 0.10832889378070831 -0.18566086888313293 -0.005832983180880547
pumpkin/seq-07/frame-000768.color.png 0.05750298127532005 -0.9570814371109009 0.6409355401992798 0.97780442237854 0.1036616861820221 -0.18205760419368744 -0.0028128549456596375
pumpkin/seq-07/frame-000769.color.png 0.0771355926990509 -0.9657986164093018 0.6302541494369507 0.9761532545089722 0.09462358057498932 -0.19535870850086212 -0.0024688229896128178
pumpkin/seq-07/frame-000770.color.png 0.044714827090501785 -0.9770117998123169 0.6454338431358337 0.9766710996627808 0.10335934162139893 -0.188179150223732 -0.004355162847787142
pumpkin/seq-07/frame-000771.color.png 0.05807245895266533 -0.9753828048706055 0.6517890691757202 0.9744464159011841 0.10181926190853119 -0.20016510784626007 -0.0045830318704247475
pumpkin/seq-07/frame-000772.color.png 0.09607616066932678 -0.9643060564994812 0.6322489380836487 0.9755392074584961 0.09866082668304443 -0.1963329017162323 -0.00653095543384552
pumpkin/seq-07/frame-000773.color.png 0.07800263166427612 -0.9542478322982788 0.6465508937835693 0.9726188778877258 0.09617988020181656 -0.21157029271125793 7.36350120860152e-05
pumpkin/seq-07/frame-000774.color.png 0.06594245135784149 -0.9521464109420776 0.6392055749893188 0.9686365723609924 0.10289159417152405 -0.22615914046764374 -0.0029688754584640265
pumpkin/seq-07/frame-000775.color.png 0.08787932991981506 -0.9476593732833862 0.6366145014762878 0.9663587212562561 0.11624781042337418 -0.22933219373226166 -0.006639768369495869
pumpkin/seq-07/frame-000776.color.png 0.07983649522066116 -0.9519945979118347 0.6381581425666809 0.9670637845993042 0.11258655041456223 -0.2279268503189087 -0.012701460160315037
pumpkin/seq-07/frame-000777.color.png 0.09718424081802368 -0.9495757222175598 0.6223668456077576 0.9672435522079468 0.11420613527297974 -0.22642166912555695 -0.011408308520913124
pumpkin/seq-07/frame-000778.color.png 0.06807394325733185 -0.9421108365058899 0.6412649750709534 0.9624944925308228 0.1214599609375 -0.24236957728862762 -0.010430634953081608
pumpkin/seq-07/frame-000779.color.png 0.1657962203025818 -0.8979008793830872 0.6052787899971008 0.9624531269073486 0.11769226938486099 -0.2442626655101776 -0.01297028549015522
pumpkin/seq-07/frame-000780.color.png 0.1610477864742279 -0.9036624431610107 0.5976153016090393 0.958352267742157 0.11391527950763702 -0.26098158955574036 -0.021745314821600914
pumpkin/seq-07/frame-000781.color.png 0.16829803586006165 -0.9240146279335022 0.6186482310295105 0.9588725566864014 0.11814983189105988 -0.2576386332511902 -0.015045161359012127
pumpkin/seq-07/frame-000782.color.png 0.15583698451519012 -0.9172831773757935 0.6193845272064209 0.96114581823349 0.11546313762664795 -0.250408798456192 -0.012745916843414307
pumpkin/seq-07/frame-000783.color.png 0.1763225942850113 -0.8778600692749023 0.5934105515480042 0.9561655521392822 0.10664994269609451 -0.2720728814601898 -0.01869267411530018
pumpkin/seq-07/frame-000784.color.png 0.17247402667999268 -0.8795987367630005 0.6010301113128662 0.9525818824768066 0.10921582579612732 -0.28360220789909363 -0.015145433135330677
pumpkin/seq-07/frame-000785.color.png 0.18886041641235352 -0.8804301023483276 0.6183665990829468 0.9545755386352539 0.10431832075119019 -0.27880311012268066 -0.01312031876295805
pumpkin/seq-07/frame-000786.color.png 0.19439911842346191 -0.8680296540260315 0.6284980177879333 0.9551359415054321 0.09793155640363693 -0.2794092893600464 -0.0074362619780004025
pumpkin/seq-07/frame-000787.color.png 0.2148931324481964 -0.8570126295089722 0.6253908276557922 0.9504417181015015 0.09882369637489319 -0.2946290969848633 -0.009388844482600689
pumpkin/seq-07/frame-000788.color.png 0.17463409900665283 -0.8401634693145752 0.5892734527587891 0.9493463039398193 0.11104626953601837 -0.29390648007392883 -0.005408594850450754
pumpkin/seq-07/frame-000789.color.png 0.19785967469215393 -0.8154433965682983 0.5746984481811523 0.9485657215118408 0.11438466608524323 -0.29504868388175964 -0.009243067353963852
pumpkin/seq-07/frame-000790.color.png 0.22501493990421295 -0.8214635252952576 0.5927895903587341 0.9593509435653687 0.10797195881605148 -0.2607443034648895 0.00034640924423001707
pumpkin/seq-07/frame-000791.color.png 0.19792407751083374 -0.7864435315132141 0.5902340412139893 0.953227162361145 0.11562621593475342 -0.279260516166687 0.0014462920371443033
pumpkin/seq-07/frame-000792.color.png 0.19884328544139862 -0.7845063209533691 0.576181948184967 0.9657659530639648 0.08919542282819748 -0.24359548091888428 0.001206347718834877
pumpkin/seq-07/frame-000793.color.png 0.20391397178173065 -0.8077685236930847 0.5696210265159607 0.964569628238678 0.10802804678678513 -0.24067534506320953 0.0032689052168279886
pumpkin/seq-07/frame-000794.color.png 0.19847604632377625 -0.7674762606620789 0.587384819984436 0.9693235754966736 0.08982708305120468 -0.22870898246765137 0.005923080258071423
pumpkin/seq-07/frame-000795.color.png 0.22298309206962585 -0.7858935594558716 0.5752795338630676 0.9727598428726196 0.08316093683242798 -0.21597914397716522 0.013248666189610958
pumpkin/seq-07/frame-000796.color.png 0.22381071746349335 -0.802158534526825 0.5769747495651245 0.9796751737594604 0.05682022497057915 -0.191675066947937 0.01638992503285408
pumpkin/seq-07/frame-000797.color.png 0.1923726499080658 -0.765652596950531 0.5831678509712219 0.9757673740386963 0.07239808142185211 -0.20579366385936737 0.01689271256327629
pumpkin/seq-07/frame-000798.color.png 0.19338101148605347 -0.7658730745315552 0.54616379737854 0.9784078598022461 0.06614430248737335 -0.19285789132118225 0.033893998712301254
pumpkin/seq-07/frame-000799.color.png 0.2236078828573227 -0.7735697627067566 0.5607237815856934 0.9824727177619934 0.0459236279129982 -0.17750412225723267 0.0336267352104187
pumpkin/seq-07/frame-000800.color.png 0.17795352637767792 -0.7465645670890808 0.57709139585495 0.9757704734802246 0.0681711807847023 -0.2058684378862381 0.029029695317149162
pumpkin/seq-07/frame-000801.color.png 0.18421508371829987 -0.7540575861930847 0.5750648975372314 0.9776149988174438 0.05657132714986801 -0.20021486282348633 0.03134725242853165
pumpkin/seq-07/frame-000802.color.png 0.21397560834884644 -0.7538729906082153 0.5814491510391235 0.9820940494537354 0.04264986142516136 -0.18076848983764648 0.03154345229268074
pumpkin/seq-07/frame-000803.color.png 0.22756429016590118 -0.7414392232894897 0.5735905170440674 0.9782861471176147 0.041046272963285446 -0.20178435742855072 0.02355092577636242
pumpkin/seq-07/frame-000804.color.png 0.2309933751821518 -0.7397380471229553 0.581245481967926 0.9778927564620972 0.040656011551618576 -0.2040954828262329 0.020442690700292587
pumpkin/seq-07/frame-000805.color.png 0.21585588157176971 -0.7202313542366028 0.5750234127044678 0.980517566204071 0.042917948216199875 -0.1909233182668686 0.017084794119000435
pumpkin/seq-07/frame-000806.color.png 0.20792987942695618 -0.7461757659912109 0.579205334186554 0.9868143796920776 0.020162180066108704 -0.15992984175682068 0.014610989950597286
pumpkin/seq-07/frame-000807.color.png 0.18351981043815613 -0.729631781578064 0.553027868270874 0.9843172430992126 0.02144414559006691 -0.17500753700733185 0.005655176006257534
pumpkin/seq-07/frame-000808.color.png 0.17822766304016113 -0.7293792963027954 0.5651118755340576 0.9821516275405884 0.027161573991179466 -0.18611960113048553 0.00027912016957998276
pumpkin/seq-07/frame-000809.color.png 0.16091153025627136 -0.7337188124656677 0.5718439221382141 0.9822182655334473 0.024696726351976395 -0.18602211773395538 -0.005742335692048073
pumpkin/seq-07/frame-000810.color.png 0.12275014817714691 -0.7178599834442139 0.6029054522514343 0.9854509234428406 0.028906740248203278 -0.16718393564224243 -0.010015878826379776
pumpkin/seq-07/frame-000811.color.png 0.1692170798778534 -0.7107195854187012 0.5968747138977051 0.9870191812515259 0.02942012809216976 -0.15716500580310822 -0.01505851000547409
pumpkin/seq-07/frame-000812.color.png 0.1892775595188141 -0.7099054455757141 0.5986706018447876 0.987033486366272 0.03190546855330467 -0.1558668613433838 -0.021270858123898506
pumpkin/seq-07/frame-000813.color.png 0.19348302483558655 -0.7139444947242737 0.6020054221153259 0.9894850254058838 0.020881105214357376 -0.14214691519737244 -0.016665399074554443
pumpkin/seq-07/frame-000814.color.png 0.1808898150920868 -0.7046564817428589 0.6117984056472778 0.9878849387168884 0.029047666117548943 -0.15217658877372742 -0.009060478769242764
pumpkin/seq-07/frame-000815.color.png 0.13752537965774536 -0.7031363844871521 0.6336224675178528 0.9852279424667358 0.03298163414001465 -0.16783089935779572 -0.00842952262610197
pumpkin/seq-07/frame-000816.color.png 0.16298431158065796 -0.713107168674469 0.6163801550865173 0.9827152490615845 0.008303976617753506 -0.18463245034217834 -0.0106057059019804
pumpkin/seq-07/frame-000817.color.png 0.14144045114517212 -0.7019608020782471 0.5851406455039978 0.982446014881134 0.014946107752621174 -0.18523922562599182 -0.01621064729988575
pumpkin/seq-07/frame-000818.color.png 0.12377174198627472 -0.718961775302887 0.5788378715515137 0.98138827085495 -0.0004885983071289957 -0.19089819490909576 -0.020847801119089127
pumpkin/seq-07/frame-000819.color.png 0.12593568861484528 -0.6823524832725525 0.6053690314292908 0.9838581681251526 0.003940676338970661 -0.17625154554843903 -0.030710119754076004
pumpkin/seq-07/frame-000820.color.png 0.10107003152370453 -0.6845763325691223 0.6113874912261963 0.9854673743247986 -0.0060597872361540794 -0.16605325043201447 -0.035266511142253876
pumpkin/seq-07/frame-000821.color.png 0.13687486946582794 -0.6974197030067444 0.6347150206565857 0.9874446392059326 -0.0014958970714360476 -0.15375761687755585 -0.036186620593070984
pumpkin/seq-07/frame-000822.color.png 0.12105400860309601 -0.689781665802002 0.6266016364097595 0.9862358570098877 0.0005069109029136598 -0.16058678925037384 -0.03937658667564392
pumpkin/seq-07/frame-000823.color.png 0.15803943574428558 -0.6942615509033203 0.6288253664970398 0.9872784614562988 0.0028477206360548735 -0.1548566371202469 -0.03595123067498207
pumpkin/seq-07/frame-000824.color.png 0.16658306121826172 -0.6966089606285095 0.6306636929512024 0.9867128133773804 -0.000862313318066299 -0.1581413894891739 -0.03725985065102577
pumpkin/seq-07/frame-000825.color.png 0.150229811668396 -0.6986289024353027 0.6097420454025269 0.9864417314529419 -0.0017348553519695997 -0.15950511395931244 -0.038573358207941055
pumpkin/seq-07/frame-000826.color.png 0.14358742535114288 -0.6917799711227417 0.6173131465911865 0.9874964356422424 0.0012093278346583247 -0.15323898196220398 -0.036977335810661316
pumpkin/seq-07/frame-000827.color.png 0.1578851342201233 -0.6951428055763245 0.5904451608657837 0.9854277968406677 -0.0050478167831897736 -0.16548855602741241 -0.038988471031188965
pumpkin/seq-07/frame-000828.color.png 0.17218562960624695 -0.7002896666526794 0.5952339768409729 0.9858220815658569 -0.007827001623809338 -0.16417381167411804 -0.033774204552173615
pumpkin/seq-07/frame-000829.color.png 0.18893706798553467 -0.6748688220977783 0.622042715549469 0.983088493347168 -0.015444963239133358 -0.17877362668514252 -0.036583833396434784
pumpkin/seq-07/frame-000830.color.png 0.16355568170547485 -0.689192533493042 0.5940764546394348 0.9835284352302551 -0.028545798733830452 -0.17212386429309845 -0.047227371484041214
pumpkin/seq-07/frame-000831.color.png 0.19697925448417664 -0.6841090321540833 0.5901429057121277 0.9862213134765625 -0.02818344719707966 -0.15346167981624603 -0.05498066917061806
pumpkin/seq-07/frame-000832.color.png 0.17990238964557648 -0.6896820664405823 0.6017075181007385 0.9835562705993652 -0.026434270665049553 -0.16674409806728363 -0.06414452940225601
pumpkin/seq-07/frame-000833.color.png 0.18229234218597412 -0.6847431063652039 0.6049156785011292 0.9846765995025635 -0.021003851667046547 -0.1595562994480133 -0.06717660278081894
pumpkin/seq-07/frame-000834.color.png 0.1965721696615219 -0.6814121603965759 0.6069731712341309 0.9848843812942505 -0.02063152939081192 -0.16069413721561432 -0.061274170875549316
pumpkin/seq-07/frame-000835.color.png 0.22010453045368195 -0.6655916571617126 0.6078016757965088 0.9852030873298645 -0.02344176359474659 -0.1592291295528412 -0.05892065167427063
pumpkin/seq-07/frame-000836.color.png 0.213006854057312 -0.6634175181388855 0.609695315361023 0.9824343323707581 -0.025903381407260895 -0.177838996052742 -0.050251156091690063
pumpkin/seq-07/frame-000837.color.png 0.22586627304553986 -0.6634318232536316 0.5950047373771667 0.9798439145088196 -0.03024139441549778 -0.19149142503738403 -0.04818880930542946
pumpkin/seq-07/frame-000838.color.png 0.22741229832172394 -0.6396225690841675 0.5991560220718384 0.9773903489112854 -0.021856021136045456 -0.20608490705490112 -0.04194491729140282
pumpkin/seq-07/frame-000839.color.png 0.22276529669761658 -0.6269342303276062 0.6101115345954895 0.9765966534614563 -0.029017461463809013 -0.20952680706977844 -0.03892648592591286
pumpkin/seq-07/frame-000840.color.png 0.24140691757202148 -0.641400158405304 0.5973240733146667 0.9767866730690002 -0.034039366990327835 -0.20765629410743713 -0.04010016471147537
pumpkin/seq-07/frame-000841.color.png 0.21435922384262085 -0.609306812286377 0.6075931191444397 0.9760254621505737 -0.023914415389299393 -0.21290506422519684 -0.03838922455906868
pumpkin/seq-07/frame-000842.color.png 0.22216856479644775 -0.6083744764328003 0.6078383326530457 0.9749400019645691 -0.027190500870347023 -0.21733006834983826 -0.03899196907877922
pumpkin/seq-07/frame-000843.color.png 0.25088781118392944 -0.6179403066635132 0.5905775427818298 0.9763293862342834 -0.037416450679302216 -0.20966848731040955 -0.03768342360854149
pumpkin/seq-07/frame-000844.color.png 0.2623351812362671 -0.6160647869110107 0.576458752155304 0.975071370601654 -0.03811747580766678 -0.21576403081417084 -0.03505629301071167
pumpkin/seq-07/frame-000845.color.png 0.28770574927330017 -0.6129408478736877 0.6011619567871094 0.9725441932678223 -0.03635404258966446 -0.22820726037025452 -0.027524026110768318
pumpkin/seq-07/frame-000846.color.png 0.30086928606033325 -0.6127674579620361 0.595847487449646 0.9722241759300232 -0.04163694754242897 -0.2287711650133133 -0.026647472754120827
pumpkin/seq-07/frame-000847.color.png 0.3461764454841614 -0.6188802123069763 0.5996233224868774 0.9729346036911011 -0.043300312012434006 -0.22451946139335632 -0.033382806926965714
pumpkin/seq-07/frame-000848.color.png 0.33904793858528137 -0.6031716465950012 0.5916553735733032 0.9723882079124451 -0.042405564337968826 -0.2273741513490677 -0.03104759193956852
pumpkin/seq-07/frame-000849.color.png 0.35713323950767517 -0.6102222204208374 0.5948700904846191 0.9720551371574402 -0.043112464249134064 -0.22900176048278809 -0.028433628380298615
pumpkin/seq-07/frame-000850.color.png 0.3553323447704315 -0.6045987010002136 0.6150305271148682 0.9714719653129578 -0.03458893299102783 -0.2332400232553482 -0.025396153330802917
pumpkin/seq-07/frame-000851.color.png 0.37340062856674194 -0.6165553331375122 0.5925908088684082 0.9713525772094727 -0.045582979917526245 -0.23132476210594177 -0.029755849391222
pumpkin/seq-07/frame-000852.color.png 0.3561158776283264 -0.6039496660232544 0.5752648711204529 0.9715840220451355 -0.03961809724569321 -0.2314874678850174 -0.029472047463059425
pumpkin/seq-07/frame-000853.color.png 0.375193327665329 -0.6016252636909485 0.5881478190422058 0.9713049530982971 -0.04102063924074173 -0.2325674146413803 -0.028220772743225098
pumpkin/seq-07/frame-000854.color.png 0.373372882604599 -0.6019516587257385 0.5866538882255554 0.9710754752159119 -0.043401945382356644 -0.2325189709663391 -0.032613612711429596
pumpkin/seq-07/frame-000855.color.png 0.39524170756340027 -0.6225585341453552 0.6006926894187927 0.9719379544258118 -0.04734913632273674 -0.22684437036514282 -0.04045284166932106
pumpkin/seq-07/frame-000856.color.png 0.3653920292854309 -0.5989956855773926 0.6245219111442566 0.9739040732383728 -0.02878168597817421 -0.22194966673851013 -0.037691544741392136
pumpkin/seq-07/frame-000857.color.png 0.3483304977416992 -0.5949630737304688 0.6163187623023987 0.9730992913246155 -0.025461234152317047 -0.22410160303115845 -0.04698769003152847
pumpkin/seq-07/frame-000858.color.png 0.39751526713371277 -0.6093341112136841 0.6283650398254395 0.9607406854629517 -0.00973757915198803 -0.27361923456192017 -0.04489042982459068
pumpkin/seq-07/frame-000859.color.png 0.38904502987861633 -0.6137029528617859 0.6165552735328674 0.9594537019729614 0.004301291890442371 -0.2769436538219452 -0.05227221921086311
pumpkin/seq-07/frame-000860.color.png 0.3990353047847748 -0.5809683203697205 0.6336520314216614 0.9648675322532654 -0.00150531274266541 -0.2571401596069336 -0.05391940474510193
pumpkin/seq-07/frame-000861.color.png 0.42076921463012695 -0.5933760404586792 0.6483818292617798 0.9657722115516663 -0.00551582733169198 -0.2534676194190979 -0.054843880236148834
pumpkin/seq-07/frame-000862.color.png 0.4486081004142761 -0.5972436666488647 0.6511808633804321 0.966557502746582 -0.009789782576262951 -0.2505110204219818 -0.0539901964366436
pumpkin/seq-07/frame-000863.color.png 0.4540671110153198 -0.5894289016723633 0.6561840772628784 0.9660031795501709 -0.013467674143612385 -0.253104031085968 -0.05094068869948387
pumpkin/seq-07/frame-000864.color.png 0.45893383026123047 -0.5959622859954834 0.6557479500770569 0.9672926664352417 -0.006560320034623146 -0.24935504794120789 -0.04608511924743652
pumpkin/seq-07/frame-000865.color.png 0.4431075155735016 -0.577822744846344 0.6292410492897034 0.968242883682251 -0.01694593019783497 -0.24383611977100372 -0.052560001611709595
pumpkin/seq-07/frame-000866.color.png 0.47409048676490784 -0.5863882303237915 0.6110928058624268 0.9713553786277771 -0.013096125796437263 -0.2308577448129654 -0.054789599031209946
pumpkin/seq-07/frame-000867.color.png 0.5102471113204956 -0.6000086665153503 0.6295172572135925 0.9734538793563843 -0.005123429466038942 -0.22281980514526367 -0.05208338052034378
pumpkin/seq-07/frame-000868.color.png 0.5215741395950317 -0.6090992093086243 0.6253604888916016 0.9737367033958435 0.002088613575324416 -0.2219061404466629 -0.050895001739263535
pumpkin/seq-07/frame-000869.color.png 0.47964757680892944 -0.5872745513916016 0.6181560158729553 0.9763534069061279 -0.011498735286295414 -0.20993290841579437 -0.05030036345124245
pumpkin/seq-07/frame-000870.color.png 0.5257166624069214 -0.605621874332428 0.637721836566925 0.9772810935974121 -0.014321968890726566 -0.2060118466615677 -0.047704704105854034
pumpkin/seq-07/frame-000871.color.png 0.49198275804519653 -0.6049931645393372 0.628165066242218 0.9776263236999512 -0.0207713283598423 -0.2033383697271347 -0.04968773573637009
pumpkin/seq-07/frame-000872.color.png 0.5018491744995117 -0.5939741730690002 0.6310358047485352 0.9808276891708374 -0.01978432387113571 -0.18573720753192902 -0.055563535541296005
pumpkin/seq-07/frame-000873.color.png 0.5159745812416077 -0.5978891849517822 0.6380156874656677 0.9809461832046509 -0.021083341911435127 -0.18613877892494202 -0.051502808928489685
pumpkin/seq-07/frame-000874.color.png 0.51364666223526 -0.573760986328125 0.6402014493942261 0.9810267686843872 -0.018270382657647133 -0.18453264236450195 -0.05657337233424187
pumpkin/seq-07/frame-000875.color.png 0.5242503881454468 -0.5745528936386108 0.6244693994522095 0.9815073013305664 -0.013200337067246437 -0.18168067932128906 -0.05883399024605751
pumpkin/seq-07/frame-000876.color.png 0.5463067293167114 -0.5780787467956543 0.6485785245895386 0.9846948981285095 -0.017202286049723625 -0.16359774768352509 -0.05758325383067131
pumpkin/seq-07/frame-000877.color.png 0.5402240753173828 -0.5798850059509277 0.675593912601471 0.9843735098838806 -0.02224094048142433 -0.16405445337295532 -0.06000170856714249
pumpkin/seq-07/frame-000878.color.png 0.551798939704895 -0.596332311630249 0.6619899272918701 0.9825273752212524 -0.023890087381005287 -0.17417417466640472 -0.061095546931028366
pumpkin/seq-07/frame-000879.color.png 0.6077967882156372 -0.6002029180526733 0.6779036521911621 0.9825578331947327 -0.015894563868641853 -0.17632627487182617 -0.05689041689038277
pumpkin/seq-07/frame-000880.color.png 0.6009030342102051 -0.6043034791946411 0.6951883435249329 0.9811130166053772 -0.016179602593183517 -0.1854913830757141 -0.05242529138922691
pumpkin/seq-07/frame-000881.color.png 0.5805547833442688 -0.6324658989906311 0.6819855570793152 0.981257975101471 -0.009985988959670067 -0.18449725210666656 -0.054715584963560104
pumpkin/seq-07/frame-000882.color.png 0.6020090579986572 -0.6421425938606262 0.672995924949646 0.9829514622688293 -0.016006136313080788 -0.1760832816362381 -0.05044572055339813
pumpkin/seq-07/frame-000883.color.png 0.6093031764030457 -0.6429011821746826 0.657370388507843 0.9817243814468384 -0.015899619087576866 -0.18261025846004486 -0.05116743594408035
pumpkin/seq-07/frame-000884.color.png 0.5936763882637024 -0.6580408811569214 0.6486949324607849 0.979327380657196 -0.023106036707758904 -0.19395942986011505 -0.05257245898246765
pumpkin/seq-07/frame-000885.color.png 0.5789377093315125 -0.6484138369560242 0.662429928779602 0.9840953350067139 -0.022383680567145348 -0.16783489286899567 -0.05372931435704231
pumpkin/seq-07/frame-000886.color.png 0.6296879649162292 -0.6540873646736145 0.663884162902832 0.9839293956756592 -0.017157599329948425 -0.16925203800201416 -0.05424220860004425
pumpkin/seq-07/frame-000887.color.png 0.6290846467018127 -0.6692869067192078 0.6473203301429749 0.9847627282142639 -0.01830960437655449 -0.16639280319213867 -0.04712437838315964
pumpkin/seq-07/frame-000888.color.png 0.6150498986244202 -0.6658481359481812 0.651957094669342 0.9860239624977112 -0.011813824996352196 -0.15957312285900116 -0.04640558362007141
pumpkin/seq-07/frame-000889.color.png 0.613448441028595 -0.6629185080528259 0.6578537821769714 0.989151120185852 -0.012339805252850056 -0.13862384855747223 -0.04702334105968475
pumpkin/seq-07/frame-000890.color.png 0.6666773557662964 -0.6873198747634888 0.6686256527900696 0.9889567494392395 -0.016016531735658646 -0.13867777585983276 -0.04976518824696541
pumpkin/seq-07/frame-000891.color.png 0.6547850370407104 -0.7089264988899231 0.660469114780426 0.9904999136924744 -0.015616004355251789 -0.129065603017807 -0.04481182619929314
pumpkin/seq-07/frame-000892.color.png 0.6725305318832397 -0.710222065448761 0.6520944833755493 0.992710530757904 -0.017882635816931725 -0.11001520603895187 -0.04585583880543709
pumpkin/seq-07/frame-000893.color.png 0.6880890130996704 -0.7369577884674072 0.6534711122512817 0.993162989616394 -0.019681144505739212 -0.10663746297359467 -0.04322511702775955
pumpkin/seq-07/frame-000894.color.png 0.7183337211608887 -0.7643095254898071 0.6638925075531006 0.9933672547340393 -0.021541884168982506 -0.10319848358631134 -0.04590727388858795
pumpkin/seq-07/frame-000895.color.png 0.7220417857170105 -0.759346067905426 0.6574724316596985 0.9940523505210876 -0.02628621645271778 -0.09457811713218689 -0.04715953767299652
pumpkin/seq-07/frame-000896.color.png 0.734813928604126 -0.755327582359314 0.6570309996604919 0.9938681125640869 -0.02640189602971077 -0.09704459458589554 -0.045950960367918015
pumpkin/seq-07/frame-000897.color.png 0.7417111396789551 -0.7651384472846985 0.6585760116577148 0.9940534234046936 -0.026125961914658546 -0.0944380983710289 -0.047505300492048264
pumpkin/seq-07/frame-000898.color.png 0.7771465182304382 -0.7567965388298035 0.6687442660331726 0.9948084950447083 -0.02113713137805462 -0.08741916716098785 -0.04761488363146782
pumpkin/seq-07/frame-000899.color.png 0.7838487029075623 -0.7490248680114746 0.6514672636985779 0.9968004822731018 -0.008758915588259697 -0.06790804117918015 -0.04123824089765549
pumpkin/seq-07/frame-000900.color.png 0.7946113348007202 -0.7470784187316895 0.6708727478981018 0.9961403608322144 -0.01040438562631607 -0.07619744539260864 -0.042308349162340164
pumpkin/seq-07/frame-000901.color.png 0.8335298895835876 -0.7531427145004272 0.6832377314567566 0.9956634640693665 -0.014897214248776436 -0.07861489802598953 -0.04745396226644516
pumpkin/seq-07/frame-000902.color.png 0.8329336643218994 -0.7688930630683899 0.6780806183815002 0.9948293566703796 -0.021387862041592598 -0.0892016664147377 -0.04359179362654686
pumpkin/seq-07/frame-000903.color.png 0.8408688902854919 -0.7986353635787964 0.6697161197662354 0.9953385591506958 -0.021383434534072876 -0.08371486514806747 -0.0428428091108799
pumpkin/seq-07/frame-000904.color.png 0.8366619944572449 -0.8031859993934631 0.6710344552993774 0.9954730868339539 -0.020247161388397217 -0.08256160467863083 -0.0425078421831131
pumpkin/seq-07/frame-000905.color.png 0.837547779083252 -0.8019644618034363 0.6713024973869324 0.9959041476249695 -0.02178555727005005 -0.07529301196336746 -0.04506998136639595
pumpkin/seq-07/frame-000906.color.png 0.8381800651550293 -0.8168320655822754 0.6653985381126404 0.9954233765602112 -0.020896583795547485 -0.08225765079259872 -0.04392620548605919
pumpkin/seq-07/frame-000907.color.png 0.8448425531387329 -0.8140345811843872 0.6546494364738464 0.9936749935150146 -0.023235538974404335 -0.09889787435531616 -0.04784657806158066
pumpkin/seq-07/frame-000908.color.png 0.8458821177482605 -0.824127733707428 0.6545881628990173 0.9935166239738464 -0.02230951562523842 -0.09959051758050919 -0.0500880628824234
pumpkin/seq-07/frame-000909.color.png 0.8890720009803772 -0.8053305149078369 0.6708860397338867 0.9940384030342102 -0.012157656252384186 -0.09442149847745895 -0.05314719304442406
pumpkin/seq-07/frame-000910.color.png 0.8657138347625732 -0.8052577376365662 0.6604958772659302 0.9929917454719543 -0.004109133500605822 -0.10410430282354355 -0.055791981518268585
pumpkin/seq-07/frame-000911.color.png 0.862661600112915 -0.8206676244735718 0.6680811047554016 0.9923473596572876 -0.006660092622041702 -0.11085440963506699 -0.053979985415935516
pumpkin/seq-07/frame-000912.color.png 0.8392975926399231 -0.836764395236969 0.6814289093017578 0.9925627112388611 -0.010636425577104092 -0.10598991066217422 -0.05892608314752579
pumpkin/seq-07/frame-000913.color.png 0.8590512275695801 -0.8354730010032654 0.6949713230133057 0.9909948706626892 -0.0046414583921432495 -0.11595738679170609 -0.06679641455411911
pumpkin/seq-07/frame-000914.color.png 0.8744106888771057 -0.8586766719818115 0.6894158124923706 0.990513026714325 -0.0049285683780908585 -0.117735855281353 -0.07069648802280426
pumpkin/seq-07/frame-000915.color.png 0.8175292611122131 -0.8595328330993652 0.6634613275527954 0.991904616355896 0.00473084906116128 -0.10565131902694702 -0.0702892392873764
pumpkin/seq-07/frame-000916.color.png 0.7835724949836731 -0.8665344715118408 0.6734691858291626 0.9923396706581116 0.006007737945765257 -0.09890137612819672 -0.07378540933132172
pumpkin/seq-07/frame-000917.color.png 0.7435044646263123 -0.8704779148101807 0.7082980275154114 0.9912641048431396 0.0012284335680305958 -0.10649411380290985 -0.07780169695615768
pumpkin/seq-07/frame-000918.color.png 0.6986047029495239 -0.867199718952179 0.720485270023346 0.9921531081199646 0.017191128805279732 -0.0970955416560173 -0.07686996459960938
pumpkin/seq-07/frame-000919.color.png 0.6486137509346008 -0.8898105621337891 0.734446108341217 0.9917992353439331 0.027128063142299652 -0.09826549887657166 -0.07708631455898285
pumpkin/seq-07/frame-000920.color.png 0.6628530621528625 -0.918878436088562 0.7241636514663696 0.9922715425491333 0.0290288794785738 -0.09321007132530212 -0.07659381628036499
pumpkin/seq-07/frame-000921.color.png 0.631415605545044 -0.9270769357681274 0.7456511855125427 0.9903373122215271 0.034246139228343964 -0.10701815783977509 -0.08127899467945099
pumpkin/seq-07/frame-000922.color.png 0.5965636968612671 -0.9179505109786987 0.7531219124794006 0.9889228940010071 0.03394452482461929 -0.11376446485519409 -0.08908886462450027
pumpkin/seq-07/frame-000923.color.png 0.5681952238082886 -0.9226937890052795 0.7736441493034363 0.9905403852462769 0.03895868733525276 -0.09599407762289047 -0.08998400717973709
pumpkin/seq-07/frame-000924.color.png 0.5525953769683838 -0.9257723093032837 0.7681254148483276 0.989837110042572 0.04419930651783943 -0.10209161788225174 -0.0885787084698677
pumpkin/seq-07/frame-000925.color.png 0.5315772294998169 -0.9419810771942139 0.7542719841003418 0.9885328412055969 0.041420504450798035 -0.10899323225021362 -0.0959571897983551
pumpkin/seq-07/frame-000926.color.png 0.5307899117469788 -0.9354037642478943 0.7545971870422363 0.9904348850250244 0.04517867788672447 -0.08892714977264404 -0.0953393206000328
pumpkin/seq-07/frame-000927.color.png 0.523675799369812 -0.9392886757850647 0.7607588171958923 0.990086019039154 0.053698666393756866 -0.08771993219852448 -0.09566330909729004
pumpkin/seq-07/frame-000928.color.png 0.5011366009712219 -0.9637619853019714 0.7681456208229065 0.9893059134483337 0.05349544435739517 -0.09679991006851196 -0.09508875012397766
pumpkin/seq-07/frame-000929.color.png 0.4615376889705658 -0.9527198076248169 0.771291196346283 0.9891164898872375 0.06069839745759964 -0.09185335785150528 -0.09760714322328568
pumpkin/seq-07/frame-000930.color.png 0.44170477986335754 -0.9701560139656067 0.7545296549797058 0.9908203482627869 0.06012135371565819 -0.07092214375734329 -0.09813396632671356
pumpkin/seq-07/frame-000931.color.png 0.4352348744869232 -0.9951521158218384 0.75104159116745 0.9915297627449036 0.06510902941226959 -0.05853518098592758 -0.09593205899000168
pumpkin/seq-07/frame-000932.color.png 0.46342331171035767 -0.9898971319198608 0.7785573601722717 0.9903061985969543 0.06979309767484665 -0.07343743741512299 -0.09502340108156204
pumpkin/seq-07/frame-000933.color.png 0.4991125464439392 -0.9728965759277344 0.7943757176399231 0.9900760054588318 0.08140096068382263 -0.06339561194181442 -0.09541769325733185
pumpkin/seq-07/frame-000934.color.png 0.4709329605102539 -0.9727013111114502 0.7825334072113037 0.9907031655311584 0.0747184306383133 -0.05970555543899536 -0.09674475342035294
pumpkin/seq-07/frame-000935.color.png 0.4812536835670471 -0.9867883920669556 0.7489110827445984 0.9900630116462708 0.07253678143024445 -0.060306351631879807 -0.10429234802722931
pumpkin/seq-07/frame-000936.color.png 0.48641714453697205 -0.9995756149291992 0.7651347517967224 0.9892128109931946 0.0860397070646286 -0.05656460300087929 -0.10419049113988876
pumpkin/seq-07/frame-000937.color.png 0.48550549149513245 -1.0295838117599487 0.7592741847038269 0.9895557761192322 0.07702557742595673 -0.05528562515974045 -0.10858258605003357
pumpkin/seq-07/frame-000938.color.png 0.4492579698562622 -1.0315066576004028 0.7871593832969666 0.9883968830108643 0.08107693493366241 -0.059860337525606155 -0.11364451050758362
pumpkin/seq-07/frame-000939.color.png 0.45750758051872253 -1.0018343925476074 0.7547013163566589 0.9886332750320435 0.08266787230968475 -0.051218871027231216 -0.1146598607301712
pumpkin/seq-07/frame-000940.color.png 0.4645805060863495 -0.9480649828910828 0.7476481795310974 0.9875542521476746 0.08930473029613495 -0.0525716207921505 -0.11831095814704895
pumpkin/seq-07/frame-000941.color.png 0.4766438603401184 -0.9852641820907593 0.7305420637130737 0.9880345463752747 0.09272599220275879 -0.039962101727724075 -0.11658819764852524
pumpkin/seq-07/frame-000942.color.png 0.4507512152194977 -1.0276232957839966 0.7287245988845825 0.9875484108924866 0.09967169910669327 -0.023611079901456833 -0.11939967423677444
pumpkin/seq-07/frame-000943.color.png 0.4649101793766022 -1.0278886556625366 0.7147300839424133 0.9886051416397095 0.08985185623168945 -0.020878048613667488 -0.1189568042755127
pumpkin/seq-07/frame-000944.color.png 0.45230239629745483 -1.0634572505950928 0.7466011643409729 0.9862680435180664 0.09880264103412628 -0.03053382970392704 -0.12876743078231812
pumpkin/seq-07/frame-000945.color.png 0.49980810284614563 -1.0486528873443604 0.7329739332199097 0.986190140247345 0.10500068962574005 4.6699646190973e-05 -0.12807726860046387
pumpkin/seq-07/frame-000946.color.png 0.5262922048568726 -1.0629316568374634 0.7412337064743042 0.9856340289115906 0.10193254053592682 -0.0038948741275817156 -0.1346110999584198
pumpkin/seq-07/frame-000947.color.png 0.5093349814414978 -1.0796117782592773 0.7417032718658447 0.9852660298347473 0.09994111210107803 0.010271906852722168 -0.1384097784757614
pumpkin/seq-07/frame-000948.color.png 0.49750861525535583 -1.041499137878418 0.721116304397583 0.9836877584457397 0.1138487309217453 -0.000387631356716156 -0.13927240669727325
pumpkin/seq-07/frame-000949.color.png 0.5048866868019104 -1.0307424068450928 0.6985681056976318 0.9826388955116272 0.11106076091527939 0.0037498364690691233 -0.14856761693954468
pumpkin/seq-07/frame-000950.color.png 0.5312116742134094 -1.012224793434143 0.6832275390625 0.9813266396522522 0.121186263859272 0.026001302525401115 -0.14709092676639557
pumpkin/seq-07/frame-000951.color.png 0.3870876133441925 -0.9742276072502136 0.6688327789306641 0.9791858792304993 0.11749503016471863 0.06365689635276794 -0.1527671217918396
pumpkin/seq-07/frame-000952.color.png 0.3846305310726166 -1.0262532234191895 0.6925543546676636 0.9809784293174744 0.10043139010667801 -0.01421886682510376 -0.16550657153129578
pumpkin/seq-07/frame-000953.color.png 0.4527719020843506 -0.9984046220779419 0.6974610090255737 0.9785547852516174 0.1344560831785202 0.02682684361934662 -0.15372858941555023
pumpkin/seq-07/frame-000954.color.png 0.4635656476020813 -1.0032356977462769 0.7285107970237732 0.9761610627174377 0.14972130954265594 0.037817955017089844 -0.1525215357542038
pumpkin/seq-07/frame-000955.color.png 0.3830893933773041 -1.0663647651672363 0.6619190573692322 0.9768014550209045 0.1502111852169037 -0.005160643253475428 -0.15254150331020355
pumpkin/seq-07/frame-000956.color.png 0.42329883575439453 -1.0373520851135254 0.6987099051475525 0.9735811352729797 0.16360966861248016 0.03530389443039894 -0.15532270073890686
pumpkin/seq-07/frame-000957.color.png 0.3896159529685974 -1.0446085929870605 0.7178025245666504 0.972726583480835 0.16616319119930267 0.03790339455008507 -0.15734107792377472
pumpkin/seq-07/frame-000958.color.png 0.4050259292125702 -1.0555951595306396 0.692206084728241 0.9730125665664673 0.16591624915599823 0.020379602909088135 -0.1590692400932312
pumpkin/seq-07/frame-000959.color.png 0.38919082283973694 -1.0509274005889893 0.7310395240783691 0.9715443849563599 0.16879208385944366 0.040582068264484406 -0.1611333191394806
pumpkin/seq-07/frame-000960.color.png 0.4006787836551666 -1.043756365776062 0.726491391658783 0.9721900224685669 0.16453035175800323 0.02364487573504448 -0.16497597098350525
pumpkin/seq-07/frame-000961.color.png 0.3888746500015259 -1.0174193382263184 0.7365252375602722 0.9694739580154419 0.17461107671260834 0.0346531979739666 -0.1686134785413742
pumpkin/seq-07/frame-000962.color.png 0.39776986837387085 -1.045237421989441 0.6826553344726562 0.9678550958633423 0.17322379350662231 -0.004589212127029896 -0.18228809535503387
pumpkin/seq-07/frame-000963.color.png 0.3823104202747345 -1.054761528968811 0.687213122844696 0.968014121055603 0.1670142263174057 0.00843365490436554 -0.18703989684581757
pumpkin/seq-07/frame-000964.color.png 0.36263933777809143 -1.039334774017334 0.7010815739631653 0.9667955636978149 0.17921319603919983 -0.003767950227484107 -0.18213990330696106
pumpkin/seq-07/frame-000965.color.png 0.36029887199401855 -1.0372161865234375 0.6811259388923645 0.9666341543197632 0.17281486093997955 0.020236292853951454 -0.18800002336502075
pumpkin/seq-07/frame-000966.color.png 0.3544062674045563 -1.0409343242645264 0.697288990020752 0.9667261242866516 0.16731086373329163 0.011890280991792679 -0.1931484341621399
pumpkin/seq-07/frame-000967.color.png 0.381023645401001 -1.0458321571350098 0.7017607092857361 0.9651279449462891 0.17939504981040955 0.010375697165727615 -0.1903623789548874
pumpkin/seq-07/frame-000968.color.png 0.37060171365737915 -1.0446577072143555 0.7145851850509644 0.9650330543518066 0.16945643723011017 -0.00449189729988575 -0.19993917644023895
pumpkin/seq-07/frame-000969.color.png 0.35920223593711853 -1.0433250665664673 0.7095946073532104 0.9634543657302856 0.17769651114940643 -0.006085329223424196 -0.2003558874130249
pumpkin/seq-07/frame-000970.color.png 0.3647436201572418 -1.0482553243637085 0.7066652178764343 0.9638069868087769 0.17181693017482758 -0.007444725371897221 -0.2037143111228943
pumpkin/seq-07/frame-000971.color.png 0.34639665484428406 -1.0708284378051758 0.6544358134269714 0.9629700779914856 0.17746730148792267 -0.004319458268582821 -0.20291687548160553
pumpkin/seq-07/frame-000972.color.png 0.3284881114959717 -1.0734291076660156 0.6845242381095886 0.9602059125900269 0.18122835457324982 -0.03357968479394913 -0.20984159409999847
pumpkin/seq-07/frame-000973.color.png 0.3418237566947937 -1.0519731044769287 0.6968403458595276 0.9643269777297974 0.18220709264278412 0.010690445080399513 -0.19172795116901398
pumpkin/seq-07/frame-000974.color.png 0.3494102358818054 -1.079301118850708 0.7104431986808777 0.9636567234992981 0.18347831070423126 -0.0099050123244524 -0.19391582906246185
pumpkin/seq-07/frame-000975.color.png 0.33053454756736755 -1.0659711360931396 0.7210891842842102 0.9614461064338684 0.18560557067394257 -0.04530610144138336 -0.19778600335121155
pumpkin/seq-07/frame-000976.color.png 0.35869818925857544 -1.0605950355529785 0.7645247578620911 0.9622100591659546 0.18579424917697906 -0.03073384054005146 -0.19669225811958313
pumpkin/seq-07/frame-000977.color.png 0.38698646426200867 -1.06739342212677 0.7681382894515991 0.9606683254241943 0.2000633329153061 -0.01395451556891203 -0.19208452105522156
pumpkin/seq-07/frame-000978.color.png 0.35131165385246277 -1.0287810564041138 0.7334974408149719 0.9613410830497742 0.1910712569952011 -0.03084040991961956 -0.19586728513240814
pumpkin/seq-07/frame-000979.color.png 0.3345089256763458 -1.0379455089569092 0.7384082674980164 0.963197648525238 0.1883949190378189 -0.013579323887825012 -0.19124126434326172
pumpkin/seq-07/frame-000980.color.png 0.3520486652851105 -1.0321121215820312 0.7228609919548035 0.9639830589294434 0.18198874592781067 -0.047451265156269073 -0.18805624544620514
pumpkin/seq-07/frame-000981.color.png 0.3769788444042206 -1.0669668912887573 0.7144066691398621 0.9635317325592041 0.20147323608398438 -0.012978372164070606 -0.1756322681903839
pumpkin/seq-07/frame-000982.color.png 0.36612018942832947 -1.1132794618606567 0.6634499430656433 0.9636113047599792 0.20290246605873108 -0.01923789083957672 -0.17295585572719574
pumpkin/seq-07/frame-000983.color.png 0.3859306275844574 -1.106632113456726 0.6836508512496948 0.9642665982246399 0.1936597228050232 -0.038555894047021866 -0.17663303017616272
pumpkin/seq-07/frame-000984.color.png 0.3382524847984314 -1.092076301574707 0.7108836770057678 0.9650000333786011 0.20233066380023956 -0.018430344760417938 -0.16582411527633667
pumpkin/seq-07/frame-000985.color.png 0.34311234951019287 -1.0784666538238525 0.7067528367042542 0.9667320251464844 0.1921607404947281 -0.0333077646791935 -0.1655115932226181
pumpkin/seq-07/frame-000986.color.png 0.3569062352180481 -1.0850826501846313 0.7017098069190979 0.9680628776550293 0.19519734382629395 -0.04101378470659256 -0.15188835561275482
pumpkin/seq-07/frame-000987.color.png 0.42892953753471375 -1.0907560586929321 0.6295550465583801 0.9685118198394775 0.18364661931991577 -0.05153457820415497 -0.16000807285308838
pumpkin/seq-07/frame-000988.color.png 0.4467960298061371 -1.0932823419570923 0.618684709072113 0.9668866991996765 0.1976674497127533 -0.055467091500759125 -0.15159493684768677
pumpkin/seq-07/frame-000989.color.png 0.46048328280448914 -1.0865483283996582 0.6203420758247375 0.9663190245628357 0.19282948970794678 -0.072479747235775 -0.1542428582906723
pumpkin/seq-07/frame-000990.color.png 0.4112713038921356 -1.0843600034713745 0.6402745842933655 0.9637195467948914 0.18143975734710693 -0.10342574864625931 -0.16621485352516174
pumpkin/seq-07/frame-000991.color.png 0.4582920968532562 -1.0747771263122559 0.611082136631012 0.96351158618927 0.18433764576911926 -0.09653766453266144 -0.16836194694042206
pumpkin/seq-07/frame-000992.color.png 0.4156433045864105 -1.0886974334716797 0.6094315052032471 0.9631263017654419 0.1637195497751236 -0.1291288435459137 -0.17002810537815094
pumpkin/seq-07/frame-000993.color.png 0.44294223189353943 -1.0946639776229858 0.5832703113555908 0.9617871046066284 0.17326371371746063 -0.13346536457538605 -0.16471949219703674
pumpkin/seq-07/frame-000994.color.png 0.44635534286499023 -1.0781080722808838 0.5729990601539612 0.9627153277397156 0.17094556987285614 -0.13535554707050323 -0.1601112335920334
pumpkin/seq-07/frame-000995.color.png 0.5002522468566895 -1.1034959554672241 0.5737120509147644 0.9582434296607971 0.18197336792945862 -0.1526692509651184 -0.1592072993516922
pumpkin/seq-07/frame-000996.color.png 0.4377056658267975 -1.0863314867019653 0.551941990852356 0.9509856104850769 0.18226192891597748 -0.18672356009483337 -0.16595591604709625
pumpkin/seq-07/frame-000997.color.png 0.47362738847732544 -1.1108659505844116 0.5694929957389832 0.9525673985481262 0.17588120698928833 -0.18951290845870972 -0.16051822900772095
pumpkin/seq-07/frame-000998.color.png 0.4818436801433563 -1.1101750135421753 0.580384373664856 0.9555337429046631 0.17015594244003296 -0.18276821076869965 -0.15683771669864655
pumpkin/seq-07/frame-000999.color.png 0.47194549441337585 -1.1199815273284912 0.5629625916481018 0.9530563354492188 0.1686170995235443 -0.19511118531227112 -0.1586931347846985
