fire/seq-03/frame-000000.color.png -0.17018339037895203 -0.3716335594654083 0.39563292264938354 0.9795023798942566 -0.15466240048408508 0.08653037250041962 0.09574525058269501
fire/seq-03/frame-000001.color.png -0.17229680716991425 -0.3661268651485443 0.38988059759140015 0.9800614714622498 -0.14827090501785278 0.09036479890346527 0.09659010171890259
fire/seq-03/frame-000002.color.png -0.17669405043125153 -0.3709811866283417 0.39044806361198425 0.9784566760063171 -0.15533293783664703 0.09664011746644974 0.09568119794130325
fire/seq-03/frame-000003.color.png -0.15812388062477112 -0.37111732363700867 0.38465988636016846 0.9774986505508423 -0.15751397609710693 0.10398691147565842 0.09419450908899307
fire/seq-03/frame-000004.color.png -0.1670762002468109 -0.3721233606338501 0.3941939175128937 0.9782310128211975 -0.15467819571495056 0.1006784588098526 0.09488298743963242
fire/seq-03/frame-000005.color.png -0.17123663425445557 -0.36892592906951904 0.39758527278900146 0.9787490367889404 -0.15043476223945618 0.10222651809453964 0.09470586478710175
fire/seq-03/frame-000006.color.png -0.1595216691493988 -0.36747491359710693 0.39326897263526917 0.9790231585502625 -0.1477426141500473 0.10485372692346573 0.09322947263717651
fire/seq-03/frame-000007.color.png -0.15778088569641113 -0.3654210865497589 0.3948265314102173 0.9788462519645691 -0.15081579983234406 0.10054222494363785 0.09489984065294266
fire/seq-03/frame-000008.color.png -0.1487465351819992 -0.3656449019908905 0.39789482951164246 0.9788429737091064 -0.15729230642318726 0.08929000049829483 0.0956699326634407
fire/seq-03/frame-000009.color.png -0.15439000725746155 -0.357298344373703 0.38939398527145386 0.9795064926147461 -0.16020333766937256 0.0788329541683197 0.09320588409900665
fire/seq-03/frame-000010.color.png -0.14842502772808075 -0.34840911626815796 0.3850341737270355 0.9789416790008545 -0.15787680447101593 0.08669799566268921 0.09608074277639389
fire/seq-03/frame-000011.color.png -0.141936257481575 -0.35011056065559387 0.4011731743812561 0.9789407253265381 -0.16007021069526672 0.0896826982498169 0.08949572592973709
fire/seq-03/frame-000012.color.png -0.155740886926651 -0.3573649227619171 0.3956238627433777 0.981269121170044 -0.14746366441249847 0.08680795878171921 0.08848568052053452
fire/seq-03/frame-000013.color.png -0.15709775686264038 -0.3618469536304474 0.40794453024864197 0.9792360067367554 -0.1527361124753952 0.0977979525923729 0.09057722985744476
fire/seq-03/frame-000014.color.png -0.15133513510227203 -0.3533024787902832 0.4090258777141571 0.980506956577301 -0.15266825258731842 0.08263791352510452 0.09203000366687775
fire/seq-03/frame-000015.color.png -0.15078718960285187 -0.36167389154434204 0.40801331400871277 0.9804753065109253 -0.15394142270088196 0.08282463252544403 0.09005864709615707
fire/seq-03/frame-000016.color.png -0.1344783753156662 -0.3420109748840332 0.40288764238357544 0.9792796969413757 -0.16081933677196503 0.08484905958175659 0.0891578420996666
fire/seq-03/frame-000017.color.png -0.1437477171421051 -0.32887202501296997 0.4042927026748657 0.9794012904167175 -0.15770328044891357 0.08900221437215805 0.08933981508016586
fire/seq-03/frame-000018.color.png -0.13205869495868683 -0.32427117228507996 0.4019620418548584 0.9775750041007996 -0.16451048851013184 0.09720326215028763 0.08851651102304459
fire/seq-03/frame-000019.color.png -0.1380494236946106 -0.3204568922519684 0.40725278854370117 0.9778345823287964 -0.16384153068065643 0.096124567091465 0.08806589990854263
fire/seq-03/frame-000020.color.png -0.12498454749584198 -0.32811686396598816 0.4017009735107422 0.9785532355308533 -0.16055965423583984 0.09606179594993591 0.08617677539587021
fire/seq-03/frame-000021.color.png -0.11772271990776062 -0.32771480083465576 0.4115528166294098 0.9802819490432739 -0.15778286755084991 0.08381182700395584 0.08442557603120804
fire/seq-03/frame-000022.color.png -0.12244424223899841 -0.3303984999656677 0.4259827733039856 0.9817474484443665 -0.1524309366941452 0.07533227652311325 0.08521627634763718
fire/seq-03/frame-000023.color.png -0.09806281328201294 -0.3345223069190979 0.42079511284828186 0.980882465839386 -0.16282445192337036 0.06560710072517395 0.08398502320051193
fire/seq-03/frame-000024.color.png -0.10304877161979675 -0.3345378637313843 0.4280618727207184 0.9809751510620117 -0.15966618061065674 0.06810472905635834 0.0869278833270073
fire/seq-03/frame-000025.color.png -0.07235780358314514 -0.3513713479042053 0.416766881942749 0.9797024726867676 -0.15976838767528534 0.08310822397470474 0.08803533017635345
fire/seq-03/frame-000026.color.png -0.0759696364402771 -0.3488426208496094 0.4316985309123993 0.9798624515533447 -0.15624673664569855 0.08983450382947922 0.08594448119401932
fire/seq-03/frame-000027.color.png -0.07178770005702972 -0.3374904990196228 0.42686840891838074 0.9816020727157593 -0.14254499971866608 0.08995194733142853 0.0897044837474823
fire/seq-03/frame-000028.color.png -0.07317660748958588 -0.320329487323761 0.4400150179862976 0.9805001616477966 -0.14383535087108612 0.09371637552976608 0.09564511477947235
fire/seq-03/frame-000029.color.png -0.09642066061496735 -0.3359757661819458 0.4636223018169403 0.9801163673400879 -0.14377334713935852 0.0993080735206604 0.09401622414588928
fire/seq-03/frame-000030.color.png -0.09844547510147095 -0.322745680809021 0.461815744638443 0.9816722869873047 -0.13647443056106567 0.09314315766096115 0.09496680647134781
fire/seq-03/frame-000031.color.png -0.08628985285758972 -0.31190213561058044 0.46008893847465515 0.9815651178359985 -0.1335097700357437 0.09524158388376236 0.09815426170825958
fire/seq-03/frame-000032.color.png -0.09759090840816498 -0.31740325689315796 0.4703277051448822 0.9805894494056702 -0.12781056761741638 0.10541260242462158 0.10486659407615662
fire/seq-03/frame-000033.color.png -0.08938121795654297 -0.29714491963386536 0.49108266830444336 0.9795210361480713 -0.1197088360786438 0.12076359987258911 0.10781706124544144
fire/seq-03/frame-000034.color.png -0.08239635825157166 -0.30078020691871643 0.5199884176254272 0.9770337343215942 -0.12715370953083038 0.1305253803730011 0.11045472323894501
fire/seq-03/frame-000035.color.png -0.10212484002113342 -0.31304699182510376 0.5437332987785339 0.9768510460853577 -0.12333385646343231 0.13306786119937897 0.1133299320936203
fire/seq-03/frame-000036.color.png -0.12152519822120667 -0.3447723388671875 0.5347466468811035 0.9754518270492554 -0.12119854241609573 0.14344225823879242 0.1150176078081131
fire/seq-03/frame-000037.color.png -0.1358138620853424 -0.33806759119033813 0.5650635361671448 0.9705644845962524 -0.13432788848876953 0.1629427671432495 0.11580275744199753
fire/seq-03/frame-000038.color.png -0.11915168166160583 -0.3284173607826233 0.598794162273407 0.9716776609420776 -0.14102226495742798 0.15361185371875763 0.11116974800825119
fire/seq-03/frame-000039.color.png -0.11484608054161072 -0.3265082538127899 0.6068581938743591 0.9704161882400513 -0.14837375283241272 0.15565092861652374 0.10977475345134735
fire/seq-03/frame-000040.color.png -0.1527923047542572 -0.3475867807865143 0.6104959845542908 0.9728618860244751 -0.14607933163642883 0.1444939821958542 0.10640593618154526
fire/seq-03/frame-000041.color.png -0.1478027105331421 -0.36681756377220154 0.622969925403595 0.9728272557258606 -0.14630869030952454 0.14642742276191711 0.10372962057590485
fire/seq-03/frame-000042.color.png -0.17524446547031403 -0.3552180230617523 0.6328287124633789 0.9700168371200562 -0.15639232099056244 0.15328796207904816 0.10541053861379623
fire/seq-03/frame-000043.color.png -0.20120753347873688 -0.3537404239177704 0.6444193124771118 0.9718115329742432 -0.14891250431537628 0.14835615456104279 0.10676075518131256
fire/seq-03/frame-000044.color.png -0.17791661620140076 -0.35488492250442505 0.6391156315803528 0.9737248420715332 -0.14908334612846375 0.13750194013118744 0.10357192158699036
fire/seq-03/frame-000045.color.png -0.18830937147140503 -0.3350452482700348 0.6393799185752869 0.9744939804077148 -0.14717502892017365 0.13550768792629242 0.10167902708053589
fire/seq-03/frame-000046.color.png -0.2065957933664322 -0.31762588024139404 0.6199825406074524 0.9746041893959045 -0.1447158306837082 0.13590165972709656 0.10360918939113617
fire/seq-03/frame-000047.color.png -0.21208803355693817 -0.3340539038181305 0.6209954619407654 0.9756345748901367 -0.14458101987838745 0.13102774322032928 0.1003267839550972
fire/seq-03/frame-000048.color.png -0.1162925660610199 -0.35908621549606323 0.6267358660697937 0.9784960746765137 -0.14287586510181427 0.11193681508302689 0.09799014776945114
fire/seq-03/frame-000049.color.png -0.10416854918003082 -0.3446669578552246 0.615013837814331 0.9741689562797546 -0.1576208919286728 0.1277121901512146 0.0991973727941513
fire/seq-03/frame-000050.color.png -0.14712509512901306 -0.35929006338119507 0.6111154556274414 0.9713703989982605 -0.16228321194648743 0.13935261964797974 0.10336654633283615
fire/seq-03/frame-000051.color.png -0.20438829064369202 -0.33976030349731445 0.61428302526474 0.9764879941940308 -0.14878639578819275 0.11818739771842957 0.1018114760518074
fire/seq-03/frame-000052.color.png -0.17531678080558777 -0.34216853976249695 0.6160759925842285 0.9779740571975708 -0.1438199281692505 0.11885237693786621 0.09357670694589615
fire/seq-03/frame-000053.color.png -0.1935601532459259 -0.3385784327983856 0.6052700281143188 0.9748525619506836 -0.1589399129152298 0.12255732715129852 0.0968518853187561
fire/seq-03/frame-000054.color.png -0.2117651402950287 -0.3542301654815674 0.6011973023414612 0.975708544254303 -0.1623748391866684 0.11235421150922775 0.09488844871520996
fire/seq-03/frame-000055.color.png -0.1958187222480774 -0.35669201612472534 0.6130079627037048 0.9791144132614136 -0.15483614802360535 0.09496276080608368 0.09133876860141754
fire/seq-03/frame-000056.color.png -0.25178563594818115 -0.3544252812862396 0.6110847592353821 0.9769240617752075 -0.1610325574874878 0.10594793409109116 0.09199473261833191
fire/seq-03/frame-000057.color.png -0.21888026595115662 -0.3415084183216095 0.6215944886207581 0.975806474685669 -0.16680485010147095 0.10833360254764557 0.09078425168991089
fire/seq-03/frame-000058.color.png -0.19173578917980194 -0.34541642665863037 0.6286678314208984 0.9775922298431396 -0.16821171343326569 0.0924919843673706 0.08639195561408997
fire/seq-03/frame-000059.color.png -0.19690832495689392 -0.3681381940841675 0.626465380191803 0.9795514345169067 -0.16140012443065643 0.0868162289261818 0.08301762491464615
fire/seq-03/frame-000060.color.png -0.17743262648582458 -0.3558463752269745 0.611352264881134 0.9786876440048218 -0.16775576770305634 0.08502814173698425 0.08245540410280228
fire/seq-03/frame-000061.color.png -0.11634254455566406 -0.3570834696292877 0.6052553057670593 0.9786964058876038 -0.16938704252243042 0.08340512216091156 0.08065440505743027
fire/seq-03/frame-000062.color.png -0.0846402496099472 -0.38003459572792053 0.6154705286026001 0.9803978204727173 -0.1648302972316742 0.07133067399263382 0.08101252466440201
fire/seq-03/frame-000063.color.png -0.05935649946331978 -0.4030454754829407 0.628561794757843 0.9815104603767395 -0.16711901128292084 0.053908202797174454 0.07617425918579102
fire/seq-03/frame-000064.color.png -0.027236975729465485 -0.3813977539539337 0.6133757829666138 0.9817479252815247 -0.1684505194425583 0.054204732179641724 0.0696956068277359
fire/seq-03/frame-000065.color.png 0.010483410209417343 -0.3807302415370941 0.6303293108940125 0.9796374440193176 -0.17637622356414795 0.061637032777071 0.07350483536720276
fire/seq-03/frame-000066.color.png 0.02863483875989914 -0.39024046063423157 0.6152682900428772 0.9813644289970398 -0.1736510843038559 0.04834264889359474 0.06657391786575317
fire/seq-03/frame-000067.color.png 0.04954173415899277 -0.37797725200653076 0.6364217400550842 0.9806204438209534 -0.17867127060890198 0.04231920838356018 0.06833355128765106
fire/seq-03/frame-000068.color.png 0.0539955236017704 -0.3984523117542267 0.6375176310539246 0.9812402725219727 -0.17977707087993622 0.028610071167349815 0.0634765625
fire/seq-03/frame-000069.color.png 0.03431118652224541 -0.3953738212585449 0.6274128556251526 0.9799766540527344 -0.18906104564666748 0.02813674509525299 0.05576669052243233
fire/seq-03/frame-000070.color.png 0.060546036809682846 -0.3973524570465088 0.6340025663375854 0.9796563982963562 -0.18995650112628937 0.03146551176905632 0.0565667487680912
fire/seq-03/frame-000071.color.png 0.11985483765602112 -0.40402770042419434 0.6529116630554199 0.9792759418487549 -0.19310493767261505 0.027690650895237923 0.05442708730697632
fire/seq-03/frame-000072.color.png 0.07606559246778488 -0.39152616262435913 0.6423296928405762 0.9796214699745178 -0.19262929260730743 0.02623092196881771 0.05047345906496048
fire/seq-03/frame-000073.color.png 0.08377619832754135 -0.3876159191131592 0.6630505919456482 0.9792022705078125 -0.19569315016269684 0.021344657987356186 0.049108292907476425
fire/seq-03/frame-000074.color.png 0.1820211261510849 -0.4024403691291809 0.687142014503479 0.9780454635620117 -0.20106667280197144 0.02561228536069393 0.048407431691884995
fire/seq-03/frame-000075.color.png 0.20997601747512817 -0.4207932651042938 0.7092258334159851 0.9770703911781311 -0.20633850991725922 0.022884191945195198 0.04726909101009369
fire/seq-03/frame-000076.color.png 0.1762714385986328 -0.4179994761943817 0.6875811815261841 0.9773967266082764 -0.20670533180236816 0.016022637486457825 0.04137604311108589
fire/seq-03/frame-000077.color.png 0.22682809829711914 -0.4319291114807129 0.6980897188186646 0.9779635667800903 -0.2033640593290329 0.015889810398221016 0.04447220265865326
fire/seq-03/frame-000078.color.png 0.2918071150779724 -0.4389597177505493 0.6901925802230835 0.9794753789901733 -0.1970674693584442 0.015008465386927128 0.039587512612342834
fire/seq-03/frame-000079.color.png 0.3175811469554901 -0.4397818148136139 0.701625406742096 0.9795964956283569 -0.1975681185722351 0.009376072324812412 0.03563513234257698
fire/seq-03/frame-000080.color.png 0.3004560172557831 -0.4201253652572632 0.6711986064910889 0.9771924614906311 -0.20957228541374207 0.003242305014282465 0.03411528095602989
fire/seq-03/frame-000081.color.png 0.3521292209625244 -0.41599684953689575 0.6379687190055847 0.9765753746032715 -0.21219313144683838 0.00096517225028947 0.035689376294612885
fire/seq-03/frame-000082.color.png 0.3521292209625244 -0.41599684953689575 0.6379687190055847 0.9765753746032715 -0.21219313144683838 0.00096517225028947 0.035689376294612885
fire/seq-03/frame-000083.color.png 0.4456290304660797 -0.4455350637435913 0.6623913645744324 0.9784579277038574 -0.2040695995092392 0.0002222222974523902 0.03123483620584011
fire/seq-03/frame-000084.color.png 0.4364701807498932 -0.43548691272735596 0.705471396446228 0.9791013598442078 -0.20032863318920135 0.0017781694186851382 0.03501223027706146
fire/seq-03/frame-000085.color.png 0.4499049186706543 -0.4335653781890869 0.7046273350715637 0.9777987003326416 -0.2066977173089981 0.003413126105442643 0.03426370769739151
fire/seq-03/frame-000086.color.png 0.4234863519668579 -0.40543901920318604 0.6693160533905029 0.9749857187271118 -0.2200109362602234 0.006083563901484013 0.03100106306374073
fire/seq-03/frame-000087.color.png 0.4057428538799286 -0.4065108299255371 0.6546476483345032 0.9759823679924011 -0.21569839119911194 -0.0009988326346501708 0.03051992505788803
fire/seq-03/frame-000088.color.png 0.4346424341201782 -0.40801796317100525 0.6639756560325623 0.9753628373146057 -0.21890009939670563 -0.002715034643188119 0.027254512533545494
fire/seq-03/frame-000089.color.png 0.5288580060005188 -0.4332883954048157 0.73220294713974 0.976443886756897 -0.21341298520565033 -0.010198501870036125 0.030138734728097916
fire/seq-03/frame-000090.color.png 0.5923546552658081 -0.44545984268188477 0.7540988922119141 0.9744137525558472 -0.2230493128299713 -0.002150226617231965 0.027607372030615807
fire/seq-03/frame-000091.color.png 0.5923546552658081 -0.44545984268188477 0.7540988922119141 0.9744137525558472 -0.2230493128299713 -0.002150226617231965 0.027607372030615807
fire/seq-03/frame-000092.color.png 0.551414430141449 -0.42779454588890076 0.754264235496521 0.9746312499046326 -0.22201868891716003 -0.007974553853273392 0.02716543897986412
fire/seq-03/frame-000093.color.png 0.5088213682174683 -0.4340827167034149 0.7940077185630798 0.9778043627738953 -0.20747904479503632 -0.008751828223466873 0.02783006615936756
fire/seq-03/frame-000094.color.png 0.5904330611228943 -0.39843159914016724 0.7719948291778564 0.9771718978881836 -0.2104337066411972 -0.0012896432308480144 0.02917587012052536
fire/seq-03/frame-000095.color.png 0.5115136504173279 -0.3980579376220703 0.7822685837745667 0.975088894367218 -0.21913675963878632 0.0030213105492293835 0.034226711839437485
fire/seq-03/frame-000096.color.png 0.4800708293914795 -0.42542898654937744 0.8103203773498535 0.9764580130577087 -0.21307715773582458 -0.005570102017372847 0.03312039375305176
fire/seq-03/frame-000097.color.png 0.4478447735309601 -0.4401025176048279 0.8242903351783752 0.9767559766769409 -0.21187831461429596 -0.0021150277461856604 0.032415907829999924
fire/seq-03/frame-000098.color.png 0.373319149017334 -0.4008514881134033 0.7992344498634338 0.9743317365646362 -0.2229621857404709 -0.0049545555375516415 0.03067333996295929
fire/seq-03/frame-000099.color.png 0.373319149017334 -0.4008514881134033 0.7992344498634338 0.9743317365646362 -0.2229621857404709 -0.0049545555375516415 0.03067333996295929
fire/seq-03/frame-000100.color.png 0.4521828591823578 -0.4205637276172638 0.8235412836074829 0.9763377904891968 -0.2141176164150238 -0.008698344230651855 0.029026992619037628
fire/seq-03/frame-000101.color.png 0.4525035619735718 -0.41414958238601685 0.8684020638465881 0.9774208068847656 -0.20937296748161316 -0.006725860293954611 0.027681490406394005
fire/seq-03/frame-000102.color.png 0.5020986199378967 -0.4085330069065094 0.8858263492584229 0.9765301942825317 -0.21434426307678223 -0.002470918232575059 0.020955702289938927
fire/seq-03/frame-000103.color.png 0.5689724683761597 -0.43542367219924927 0.8994022607803345 0.9733484387397766 -0.2279001921415329 -0.0025369012728333473 0.025457771494984627
fire/seq-03/frame-000104.color.png 0.4083087146282196 -0.4414719045162201 0.9280140995979309 0.9738664031028748 -0.22569705545902252 -0.009143918752670288 0.023693569004535675
fire/seq-03/frame-000105.color.png 0.42206883430480957 -0.4476221203804016 0.9328253269195557 0.9768719673156738 -0.21208222210407257 0.002449216553941369 0.02713395468890667
fire/seq-03/frame-000106.color.png 0.42206883430480957 -0.4476221203804016 0.9328253269195557 0.9768719673156738 -0.21208222210407257 0.002449216553941369 0.02713395468890667
fire/seq-03/frame-000107.color.png 0.43331319093704224 -0.39582738280296326 0.8715422749519348 0.9774781465530396 -0.20970167219638824 0.006655795034021139 0.022743092849850655
fire/seq-03/frame-000108.color.png 0.5466562509536743 -0.458130806684494 0.8696349263191223 0.9768816828727722 -0.21330441534519196 -0.0005025459686294198 0.014257870614528656
fire/seq-03/frame-000109.color.png 0.5823888778686523 -0.441396027803421 0.8895225524902344 0.9716178774833679 -0.23084624111652374 -0.051655370742082596 0.00046100994222797453
fire/seq-03/frame-000110.color.png 0.5072828531265259 -0.4522247016429901 0.9117347002029419 0.9781361818313599 -0.20669467747211456 -0.018292762339115143 0.013865193352103233
fire/seq-03/frame-000111.color.png 0.4404357969760895 -0.44009819626808167 0.8983059525489807 0.9784241318702698 -0.20558477938175201 0.006867786403745413 0.019341878592967987
fire/seq-03/frame-000112.color.png 0.551570475101471 -0.4436192512512207 0.8823345303535461 0.9788811206817627 -0.20301726460456848 0.00027598234009929 0.023991547524929047
fire/seq-03/frame-000113.color.png 0.551570475101471 -0.4436192512512207 0.8823345303535461 0.9788811206817627 -0.20301726460456848 0.00027598234009929 0.023991547524929047
fire/seq-03/frame-000114.color.png 0.6135224103927612 -0.4517981708049774 0.8657692670822144 0.9810065627098083 -0.19296032190322876 0.0001232512149726972 0.01980624347925186
fire/seq-03/frame-000115.color.png 0.6786631345748901 -0.4697793424129486 0.8565958142280579 0.9778246879577637 -0.20887692272663116 0.003894985653460026 0.014627542346715927
fire/seq-03/frame-000116.color.png 0.4854704439640045 -0.47158515453338623 0.8983191251754761 0.9792765378952026 -0.20182499289512634 -0.006618826650083065 0.015501038171350956
fire/seq-03/frame-000117.color.png 0.494610458612442 -0.45964789390563965 0.8599497675895691 0.9784626364707947 -0.20554639399051666 -0.004602308850735426 0.01845165342092514
fire/seq-03/frame-000118.color.png 0.538758397102356 -0.44080767035484314 0.8597493767738342 0.9798214435577393 -0.19983290135860443 -0.0023724737111479044 0.0033320451620966196
fire/seq-03/frame-000119.color.png 0.6952394843101501 -0.4781373143196106 0.8705176115036011 0.9788058400154114 -0.20271609723567963 -0.02479643002152443 0.015175447799265385
fire/seq-03/frame-000120.color.png 0.6952394843101501 -0.4781373143196106 0.8705176115036011 0.9788058400154114 -0.20271609723567963 -0.02479643002152443 0.015175447799265385
fire/seq-03/frame-000121.color.png 0.6109996438026428 -0.44739577174186707 0.8848012089729309 0.9803003072738647 -0.19653615355491638 -0.0158863328397274 0.01152002066373825
fire/seq-03/frame-000122.color.png 0.6205900311470032 -0.4373558461666107 0.8655877709388733 0.9832647442817688 -0.18128220736980438 0.00929034873843193 0.015525832772254944
fire/seq-03/frame-000123.color.png 0.6552644968032837 -0.43114006519317627 0.8641611933708191 0.9842485189437866 -0.17386595904827118 -0.027956468984484673 0.015620957128703594
fire/seq-03/frame-000124.color.png 0.6943732500076294 -0.47171562910079956 0.9011245965957642 0.9824820160865784 -0.18358121812343597 -0.02557753212749958 0.019306514412164688
fire/seq-03/frame-000125.color.png 0.6821470856666565 -0.46284571290016174 0.8759921193122864 0.978938639163971 -0.19806724786758423 -0.04942847415804863 0.00227914284914732
fire/seq-03/frame-000126.color.png 0.6261723637580872 -0.4793170392513275 0.8854560256004333 0.9813744425773621 -0.1866578608751297 -0.0453871451318264 0.0018046159530058503
fire/seq-03/frame-000127.color.png 0.6710304617881775 -0.4153599441051483 0.8388712406158447 0.9832283854484558 -0.18163210153579712 -0.015537072904407978 0.00551958242431283
fire/seq-03/frame-000128.color.png 0.7263039350509644 -0.46715742349624634 0.8410405516624451 0.983391523361206 -0.18060798943042755 -0.017513398081064224 0.003899493021890521
fire/seq-03/frame-000129.color.png 0.7263039350509644 -0.46715742349624634 0.8410405516624451 0.983391523361206 -0.18060798943042755 -0.017513398081064224 0.003899493021890521
fire/seq-03/frame-000130.color.png 0.6947819590568542 -0.4497576057910919 0.8504559993743896 0.9827145338058472 -0.18203754723072052 -0.03276524320244789 0.007806205656379461
fire/seq-03/frame-000131.color.png 0.6476141810417175 -0.4815462529659271 0.8870579600334167 0.9810301661491394 -0.1791742593050003 -0.0727347657084465 -0.013636110350489616
fire/seq-03/frame-000132.color.png 0.7876894474029541 -0.5284194350242615 0.8955062627792358 0.9874520897865295 -0.15673980116844177 -0.018488477915525436 -0.005412760190665722
fire/seq-03/frame-000133.color.png 0.6556452512741089 -0.4665634334087372 0.8655961751937866 0.9854135513305664 -0.16793763637542725 -0.02750556357204914 0.000802174094133079
fire/seq-03/frame-000134.color.png 0.5994409322738647 -0.5070611238479614 0.892493486404419 0.9854664206504822 -0.164628803730011 -0.04113549366593361 -0.007809677626937628
fire/seq-03/frame-000135.color.png 0.758621871471405 -0.4918789267539978 0.8366828560829163 0.9880329370498657 -0.15276752412319183 -0.015457489527761936 -0.014631137251853943
fire/seq-03/frame-000136.color.png 0.758621871471405 -0.4918789267539978 0.8366828560829163 0.9880329370498657 -0.15276752412319183 -0.015457489527761936 -0.014631137251853943
fire/seq-03/frame-000137.color.png 0.6417469382286072 -0.4686489999294281 0.8363192081451416 0.9869096279144287 -0.15679766237735748 -0.03517225384712219 -0.01367243006825447
fire/seq-03/frame-000138.color.png 0.5857930779457092 -0.48410141468048096 0.9173336625099182 0.9863821864128113 -0.15906250476837158 -0.03589474409818649 -0.021467192098498344
fire/seq-03/frame-000139.color.png 0.6908311247825623 -0.5338525772094727 0.9275506734848022 0.9860538244247437 -0.16374370455741882 -0.022344496101140976 -0.01966015435755253
fire/seq-03/frame-000140.color.png 0.6983580589294434 -0.5290783643722534 0.9409631490707397 0.9815835952758789 -0.18431103229522705 -0.04083479940891266 -0.02925180085003376
fire/seq-03/frame-000141.color.png 0.6966875195503235 -0.5560258030891418 0.9611822962760925 0.983288586139679 -0.17486914992332458 -0.04343897104263306 -0.026028409600257874
fire/seq-03/frame-000142.color.png 0.7629597187042236 -0.558843731880188 0.9882963299751282 0.9802283644676208 -0.18956682085990906 -0.04985705018043518 -0.02704070508480072
fire/seq-03/frame-000143.color.png 0.772293210029602 -0.5493792295455933 0.9785619974136353 0.9811564683914185 -0.18313588201999664 -0.05286162346601486 -0.03160683065652847
fire/seq-03/frame-000144.color.png 0.7170056700706482 -0.5353800058364868 0.9858158230781555 0.9808242917060852 -0.18334394693374634 -0.05866670608520508 -0.030446790158748627
fire/seq-03/frame-000145.color.png 0.6866153478622437 -0.5088047385215759 0.9544854760169983 0.9809731841087341 -0.18277238309383392 -0.05824398621916771 -0.029890893027186394
fire/seq-03/frame-000146.color.png 0.6561053395271301 -0.5222342014312744 0.9544933438301086 0.9797065258026123 -0.18172694742679596 -0.07683265954256058 -0.03531675785779953
fire/seq-03/frame-000147.color.png 0.6058943867683411 -0.5672573447227478 0.9759075045585632 0.9805039167404175 -0.18054315447807312 -0.06916249543428421 -0.03511147201061249
fire/seq-03/frame-000148.color.png 0.6037014126777649 -0.5364798903465271 0.952194094657898 0.9814913868904114 -0.1730939745903015 -0.06938360631465912 -0.04357970878481865
fire/seq-03/frame-000149.color.png 0.5732881426811218 -0.4963035583496094 0.9102160334587097 0.9787501692771912 -0.18384933471679688 -0.08126756548881531 -0.04053715988993645
fire/seq-03/frame-000150.color.png 0.43071362376213074 -0.5032251477241516 0.9420254826545715 0.9795171618461609 -0.16754740476608276 -0.1038895696401596 -0.04099816828966141
fire/seq-03/frame-000151.color.png 0.5450758337974548 -0.5523958206176758 0.9816133975982666 0.9774789214134216 -0.1898137927055359 -0.08219467848539352 -0.04183027148246765
fire/seq-03/frame-000152.color.png 0.4624633491039276 -0.5009175539016724 0.9347980618476868 0.9807726740837097 -0.1707511693239212 -0.08606814593076706 -0.03900086134672165
fire/seq-03/frame-000153.color.png 0.5227438807487488 -0.5668325424194336 0.9939514994621277 0.980263352394104 -0.1774289309978485 -0.07997207343578339 -0.034748829901218414
fire/seq-03/frame-000154.color.png 0.7737413048744202 -0.5455515384674072 0.9256016612052917 0.9753665328025818 -0.1971004158258438 -0.08859018236398697 -0.04430950805544853
fire/seq-03/frame-000155.color.png 0.7626472115516663 -0.5675354599952698 0.9532485008239746 0.9741144180297852 -0.19542841613292694 -0.10415063053369522 -0.04540437459945679
fire/seq-03/frame-000156.color.png 0.7782387733459473 -0.5593879222869873 0.9458650946617126 0.9721739292144775 -0.1946047991514206 -0.11928008496761322 -0.052718546241521835
fire/seq-03/frame-000157.color.png 0.6240944862365723 -0.5574486255645752 0.9502926468849182 0.9710583686828613 -0.19242478907108307 -0.13290174305438995 -0.048533618450164795
fire/seq-03/frame-000158.color.png 0.684838056564331 -0.5614109039306641 0.8921272158622742 0.9714545011520386 -0.1880812793970108 -0.1327657252550125 -0.0572257861495018
fire/seq-03/frame-000159.color.png 0.7645509839057922 -0.5704761743545532 0.8854312300682068 0.9668210744857788 -0.1891571283340454 -0.16321539878845215 -0.05326659977436066
fire/seq-03/frame-000160.color.png 0.8896206617355347 -0.5946377515792847 0.8931620717048645 0.9609658122062683 -0.18060588836669922 -0.20064009726047516 -0.060579802840948105
fire/seq-03/frame-000161.color.png 0.8843013644218445 -0.592042088508606 0.8966930508613586 0.9613694548606873 -0.1905924677848816 -0.18567687273025513 -0.07047917693853378
fire/seq-03/frame-000162.color.png 0.7505133152008057 -0.5305753946304321 0.8149539828300476 0.9596107602119446 -0.19768621027469635 -0.18703459203243256 -0.07131127268075943
fire/seq-03/frame-000163.color.png 0.8157458305358887 -0.5188542604446411 0.790012538433075 0.9583096504211426 -0.18630298972129822 -0.20286260545253754 -0.07602988183498383
fire/seq-03/frame-000164.color.png 0.9072494506835938 -0.5013295412063599 0.7571746706962585 0.9524128437042236 -0.1924034208059311 -0.22201944887638092 -0.08122894912958145
fire/seq-03/frame-000165.color.png 0.9817186594009399 -0.5265169143676758 0.7506952881813049 0.9501252174377441 -0.19643734395503998 -0.22313104569911957 -0.0942712277173996
fire/seq-03/frame-000166.color.png 0.9313802123069763 -0.5069438815116882 0.73634272813797 0.9493772983551025 -0.19099542498588562 -0.23035116493701935 -0.09561293572187424
fire/seq-03/frame-000167.color.png 0.9262336492538452 -0.5162221193313599 0.7299757599830627 0.9451414942741394 -0.18958118557929993 -0.24550043046474457 -0.10245026648044586
fire/seq-03/frame-000168.color.png 0.9510639309883118 -0.5585969090461731 0.7826136946678162 0.944185197353363 -0.19681255519390106 -0.2423022836446762 -0.10520812124013901
fire/seq-03/frame-000169.color.png 1.0114463567733765 -0.5575631856918335 0.7741730809211731 0.9378747344017029 -0.19674022495746613 -0.2612074613571167 -0.11599504202604294
fire/seq-03/frame-000170.color.png 0.9646414518356323 -0.5480369925498962 0.7416611909866333 0.9336763620376587 -0.19446727633476257 -0.27671122550964355 -0.11773727834224701
fire/seq-03/frame-000171.color.png 0.9692586660385132 -0.553026556968689 0.6801273822784424 0.9283111691474915 -0.1985950917005539 -0.29112306237220764 -0.11851497739553452
fire/seq-03/frame-000172.color.png 0.9983553290367126 -0.5897725224494934 0.7161117792129517 0.9230685830116272 -0.19491472840309143 -0.3080575466156006 -0.12269127368927002
fire/seq-03/frame-000173.color.png 1.0669312477111816 -0.6293165683746338 0.7596588730812073 0.924540102481842 -0.20754440128803253 -0.29362964630126953 -0.12622417509555817
fire/seq-03/frame-000174.color.png 1.1288191080093384 -0.6134544610977173 0.7693712711334229 0.9183861613273621 -0.20295195281505585 -0.320096880197525 -0.11364645510911942
fire/seq-03/frame-000175.color.png 1.1104305982589722 -0.613815188407898 0.7589540481567383 0.9172210693359375 -0.19819074869155884 -0.32410305738449097 -0.11993003636598587
fire/seq-03/frame-000176.color.png 1.1137093305587769 -0.6033580899238586 0.7280235886573792 0.9132857322692871 -0.20050734281539917 -0.3342375159263611 -0.1182844340801239
fire/seq-03/frame-000177.color.png 1.0818589925765991 -0.5832281708717346 0.7156089544296265 0.9141892194747925 -0.2039289027452469 -0.33003392815589905 -0.11725561320781708
fire/seq-03/frame-000178.color.png 1.0799416303634644 -0.5846962928771973 0.7369219660758972 0.9101543426513672 -0.21226203441619873 -0.33465346693992615 -0.1207103431224823
fire/seq-03/frame-000179.color.png 1.0935090780258179 -0.6018019914627075 0.7224527597427368 0.9100537300109863 -0.21082721650600433 -0.3368600010871887 -0.11781129240989685
fire/seq-03/frame-000180.color.png 1.0898258686065674 -0.6077013611793518 0.7270470261573792 0.9037957191467285 -0.21757414937019348 -0.34744295477867126 -0.12287526577711105
fire/seq-03/frame-000181.color.png 1.068226933479309 -0.6325703263282776 0.7353983521461487 0.901181697845459 -0.21271586418151855 -0.3578944802284241 -0.12056151777505875
fire/seq-03/frame-000182.color.png 1.0321391820907593 -0.6196850538253784 0.7128292322158813 0.8969442844390869 -0.228475421667099 -0.354307621717453 -0.1332521289587021
fire/seq-03/frame-000183.color.png 1.019310474395752 -0.6304352879524231 0.7546766400337219 0.8941816687583923 -0.2278631627559662 -0.36131757497787476 -0.1340419054031372
fire/seq-03/frame-000184.color.png 1.0476495027542114 -0.6175546050071716 0.7464022636413574 0.8889952898025513 -0.22778552770614624 -0.3734174072742462 -0.13550090789794922
fire/seq-03/frame-000185.color.png 1.0197116136550903 -0.5965480804443359 0.7657527923583984 0.8909923434257507 -0.21977931261062622 -0.3739096522331238 -0.13424384593963623
fire/seq-03/frame-000186.color.png 0.9950004816055298 -0.6159096956253052 0.7585626244544983 0.8823436498641968 -0.22727814316749573 -0.38692909479141235 -0.1417756974697113
fire/seq-03/frame-000187.color.png 0.9595288634300232 -0.6065164804458618 0.7875258922576904 0.8794801235198975 -0.23112069070339203 -0.3903903663158417 -0.14385227859020233
fire/seq-03/frame-000188.color.png 0.9473972320556641 -0.6185920834541321 0.7905750870704651 0.8787925243377686 -0.23436681926250458 -0.38878971338272095 -0.14710021018981934
fire/seq-03/frame-000189.color.png 0.9469008445739746 -0.6286454200744629 0.8008538484573364 0.8766095042228699 -0.24054017663002014 -0.39153918623924255 -0.14280477166175842
fire/seq-03/frame-000190.color.png 0.9561954736709595 -0.6563030481338501 0.8264093995094299 0.8679435849189758 -0.2459017038345337 -0.4052469730377197 -0.1482604742050171
fire/seq-03/frame-000191.color.png 0.9490652680397034 -0.6378980875015259 0.8403148651123047 0.8713443279266357 -0.24585813283920288 -0.397158145904541 -0.15025995671749115
fire/seq-03/frame-000192.color.png 0.9421086311340332 -0.6432897448539734 0.8964790105819702 0.8562546968460083 -0.24686571955680847 -0.42339643836021423 -0.16315896809101105
fire/seq-03/frame-000193.color.png 0.8689730167388916 -0.6509404182434082 0.9240774512290955 0.8534140586853027 -0.24382857978343964 -0.43220749497413635 -0.15946350991725922
fire/seq-03/frame-000194.color.png 0.8580765724182129 -0.6583808064460754 0.935100257396698 0.847019612789154 -0.259504109621048 -0.43335893750190735 -0.1655755639076233
fire/seq-03/frame-000195.color.png 0.8614813685417175 -0.6653083562850952 0.9508123993873596 0.8482784032821655 -0.25296568870544434 -0.4346937835216522 -0.1657508760690689
fire/seq-03/frame-000196.color.png 0.8591194152832031 -0.6625148057937622 0.9427253007888794 0.845944881439209 -0.2549392580986023 -0.43825194239616394 -0.16528263688087463
fire/seq-03/frame-000197.color.png 0.8143267035484314 -0.6620690822601318 0.963405191898346 0.8445941805839539 -0.24928031861782074 -0.4420456290245056 -0.17063304781913757
fire/seq-03/frame-000198.color.png 0.7977202534675598 -0.668555736541748 0.9682212471961975 0.8406392931938171 -0.26094770431518555 -0.4426678717136383 -0.17110562324523926
fire/seq-03/frame-000199.color.png 0.7639606595039368 -0.6771812438964844 0.9670460820198059 0.8412663340568542 -0.2554575502872467 -0.44452035427093506 -0.17150528728961945
fire/seq-03/frame-000200.color.png 0.745419442653656 -0.6915513277053833 0.9717687964439392 0.8505516648292542 -0.25891396403312683 -0.42664945125579834 -0.1658182293176651
fire/seq-03/frame-000201.color.png 0.7520490884780884 -0.6989445090293884 0.9908068776130676 0.851315438747406 -0.26650506258010864 -0.42149096727371216 -0.16304141283035278
fire/seq-03/frame-000202.color.png 0.7626275420188904 -0.7006767392158508 1.002501130104065 0.8481190800666809 -0.27188900113105774 -0.42512133717536926 -0.16137565672397614
fire/seq-03/frame-000203.color.png 0.7384437918663025 -0.7191737294197083 1.014288067817688 0.8479663133621216 -0.2710529565811157 -0.4251892566680908 -0.16339342296123505
fire/seq-03/frame-000204.color.png 0.7401366233825684 -0.7144953012466431 1.026645541191101 0.8469049334526062 -0.26859286427497864 -0.42819714546203613 -0.16509748995304108
fire/seq-03/frame-000205.color.png 0.7449151873588562 -0.70876145362854 1.0120011568069458 0.8463127613067627 -0.2748088538646698 -0.4259685277938843 -0.16366323828697205
fire/seq-03/frame-000206.color.png 0.7310656905174255 -0.7053881883621216 1.018320918083191 0.8518257141113281 -0.27458542585372925 -0.41508838534355164 -0.1633942574262619
fire/seq-03/frame-000207.color.png 0.7350772619247437 -0.7141741514205933 1.036363124847412 0.8472041487693787 -0.27468493580818176 -0.4228418171405792 -0.16732655465602875
fire/seq-03/frame-000208.color.png 0.7130174040794373 -0.7048301100730896 1.0391064882278442 0.84272301197052 -0.27208030223846436 -0.4326140880584717 -0.16921919584274292
fire/seq-03/frame-000209.color.png 0.6849560141563416 -0.7090276479721069 1.0449167490005493 0.8455362915992737 -0.2708738446235657 -0.4296592175960541 -0.1645854264497757
fire/seq-03/frame-000210.color.png 0.661014199256897 -0.7209178805351257 1.0419307947158813 0.856830358505249 -0.26642078161239624 -0.4110880494117737 -0.16083656251430511
fire/seq-03/frame-000211.color.png 0.6434460282325745 -0.72976154088974 1.0633492469787598 0.8550031185150146 -0.2739001214504242 -0.4107133448123932 -0.1589433252811432
fire/seq-03/frame-000212.color.png 0.643203616142273 -0.7120789289474487 1.088699221611023 0.8466888070106506 -0.2804744243621826 -0.4222143888473511 -0.16182436048984528
fire/seq-03/frame-000213.color.png 0.6541820168495178 -0.7093564867973328 1.1060312986373901 0.841456413269043 -0.2804153561592102 -0.4308325946331024 -0.16643789410591125
fire/seq-03/frame-000214.color.png 0.6246411204338074 -0.7020506858825684 1.125482201576233 0.8376948237419128 -0.27980443835258484 -0.43883585929870605 -0.1655292958021164
fire/seq-03/frame-000215.color.png 0.5821611881256104 -0.7254380583763123 1.1313998699188232 0.8409512639045715 -0.2727047801017761 -0.43725863099098206 -0.16503912210464478
fire/seq-03/frame-000216.color.png 0.5685615539550781 -0.7329561114311218 1.1490956544876099 0.8393910527229309 -0.27486884593963623 -0.4411449730396271 -0.15893688797950745
fire/seq-03/frame-000217.color.png 0.5870690941810608 -0.733812689781189 1.1609216928482056 0.8391982913017273 -0.27609983086586 -0.4398590326309204 -0.16136696934700012
fire/seq-03/frame-000218.color.png 0.5918549299240112 -0.711412250995636 1.166574478149414 0.8312236070632935 -0.27182960510253906 -0.4559498727321625 -0.16518428921699524
fire/seq-03/frame-000219.color.png 0.5555140376091003 -0.7138573527336121 1.1861411333084106 0.8353933691978455 -0.27548426389694214 -0.44777294993400574 -0.1603928655385971
fire/seq-03/frame-000220.color.png 0.554781436920166 -0.7142204642295837 1.2028542757034302 0.8253511786460876 -0.28830796480178833 -0.45654842257499695 -0.16503846645355225
fire/seq-03/frame-000221.color.png 0.5555769801139832 -0.7121421098709106 1.207217812538147 0.8194631338119507 -0.26947298645973206 -0.4761533737182617 -0.17071136832237244
fire/seq-03/frame-000222.color.png 0.531697154045105 -0.7061030268669128 1.1983320713043213 0.8160969018936157 -0.27392807602882385 -0.47946983575820923 -0.17046378552913666
fire/seq-03/frame-000223.color.png 0.5198429226875305 -0.7057742476463318 1.2108104228973389 0.817949652671814 -0.2726888358592987 -0.4768799841403961 -0.17083537578582764
fire/seq-03/frame-000224.color.png 0.48352882266044617 -0.6952852606773376 1.219814419746399 0.8148319125175476 -0.2732267677783966 -0.48160842061042786 -0.171608105301857
fire/seq-03/frame-000225.color.png 0.47668853402137756 -0.6944223642349243 1.2086058855056763 0.8132721781730652 -0.2792965769767761 -0.4798157513141632 -0.17423677444458008
fire/seq-03/frame-000226.color.png 0.4681665003299713 -0.6922063827514648 1.2194736003875732 0.8098567724227905 -0.27824175357818604 -0.4866160750389099 -0.17296941578388214
fire/seq-03/frame-000227.color.png 0.4610574543476105 -0.7129961848258972 1.202051043510437 0.8061720132827759 -0.2732985317707062 -0.49478399753570557 -0.1748814731836319
fire/seq-03/frame-000228.color.png 0.4376198947429657 -0.707714319229126 1.2078355550765991 0.8058143258094788 -0.26798608899116516 -0.4980314373970032 -0.1755315214395523
fire/seq-03/frame-000229.color.png 0.41406455636024475 -0.704802393913269 1.2022900581359863 0.8075538873672485 -0.273040771484375 -0.4936645030975342 -0.17204903066158295
fire/seq-03/frame-000230.color.png 0.3918232023715973 -0.7004325985908508 1.1939399242401123 0.8046275973320007 -0.2720384895801544 -0.4978407919406891 -0.17528261244297028
fire/seq-03/frame-000231.color.png 0.3928026854991913 -0.7089845538139343 1.2100924253463745 0.8061208128929138 -0.26824823021888733 -0.4952443242073059 -0.18150831758975983
fire/seq-03/frame-000232.color.png 0.36963969469070435 -0.6933936476707458 1.1921859979629517 0.8049712181091309 -0.2707850933074951 -0.4961289167404175 -0.18042439222335815
fire/seq-03/frame-000233.color.png 0.3727746903896332 -0.6880040764808655 1.1922178268432617 0.8005293011665344 -0.2700870633125305 -0.501561164855957 -0.1861245334148407
fire/seq-03/frame-000234.color.png 0.35949668288230896 -0.6822153925895691 1.1807063817977905 0.8021714687347412 -0.2705608904361725 -0.49943026900291443 -0.18408480286598206
fire/seq-03/frame-000235.color.png 0.34421998262405396 -0.6900667548179626 1.170754075050354 0.7951627969741821 -0.2655840218067169 -0.5130503177642822 -0.18428389728069305
fire/seq-03/frame-000236.color.png 0.34477555751800537 -0.6891965866088867 1.153016448020935 0.8017848134040833 -0.27706995606422424 -0.4989442825317383 -0.17727956175804138
fire/seq-03/frame-000237.color.png 0.345024973154068 -0.6885947585105896 1.1538342237472534 0.8051629066467285 -0.2699258327484131 -0.49852991104125977 -0.17412839829921722
fire/seq-03/frame-000238.color.png 0.3246590197086334 -0.689000129699707 1.147079348564148 0.803547203540802 -0.2677789032459259 -0.5013713240623474 -0.17672912776470184
fire/seq-03/frame-000239.color.png 0.30345410108566284 -0.7048743963241577 1.1333211660385132 0.803449809551239 -0.2672291398048401 -0.5018582940101624 -0.17662163078784943
fire/seq-03/frame-000240.color.png 0.27080848813056946 -0.703203558921814 1.1461092233657837 0.8035545349121094 -0.2623451352119446 -0.5050140619277954 -0.17445899546146393
fire/seq-03/frame-000241.color.png 0.26116833090782166 -0.6895478367805481 1.13886559009552 0.8043679594993591 -0.2566252052783966 -0.5070881247520447 -0.17319752275943756
fire/seq-03/frame-000242.color.png 0.2638319432735443 -0.687790036201477 1.1408528089523315 0.8057658076286316 -0.2645780146121979 -0.49975350499153137 -0.1760295331478119
fire/seq-03/frame-000243.color.png 0.2363390177488327 -0.6776250600814819 1.1304073333740234 0.8033355474472046 -0.2656090557575226 -0.5032113790512085 -0.17573267221450806
fire/seq-03/frame-000244.color.png 0.22335711121559143 -0.6874586939811707 1.1153254508972168 0.8005291819572449 -0.2636491358280182 -0.5073333978652954 -0.17959639430046082
fire/seq-03/frame-000245.color.png 0.22818025946617126 -0.6773619651794434 1.1195026636123657 0.7973794937133789 -0.25785839557647705 -0.5152957439422607 -0.1793471872806549
fire/seq-03/frame-000246.color.png 0.2108217030763626 -0.6811264753341675 1.1149743795394897 0.8014248609542847 -0.26127922534942627 -0.5092839598655701 -0.17343929409980774
fire/seq-03/frame-000247.color.png 0.18600016832351685 -0.6837834119796753 1.1181873083114624 0.7979122996330261 -0.2576908767223358 -0.515707790851593 -0.17600227892398834
fire/seq-03/frame-000248.color.png 0.14648708701133728 -0.6908687949180603 1.112884283065796 0.7999657392501831 -0.2608882784843445 -0.5121685862541199 -0.17226561903953552
fire/seq-03/frame-000249.color.png 0.12259593605995178 -0.695136547088623 1.0982859134674072 0.7984700202941895 -0.24998322129249573 -0.52180415391922 -0.16635622084140778
fire/seq-03/frame-000250.color.png 0.10899834334850311 -0.6864808797836304 1.0889184474945068 0.8077020645141602 -0.25458043813705444 -0.5054439306259155 -0.16532622277736664
fire/seq-03/frame-000251.color.png 0.07791928946971893 -0.6791709661483765 1.072746992111206 0.8040674924850464 -0.2511933147907257 -0.511525571346283 -0.16946643590927124
fire/seq-03/frame-000252.color.png 0.0628214031457901 -0.682655930519104 1.0923091173171997 0.8011925220489502 -0.2571304440498352 -0.5149010419845581 -0.16386403143405914
fire/seq-03/frame-000253.color.png 0.030282627791166306 -0.6845130324363708 1.0950157642364502 0.8025892972946167 -0.24912001192569733 -0.5165072083473206 -0.16434726119041443
fire/seq-03/frame-000254.color.png 0.048958249390125275 -0.6803399920463562 1.100026249885559 0.809738039970398 -0.23219750821590424 -0.5129636526107788 -0.1651574969291687
fire/seq-03/frame-000255.color.png 0.048894550651311874 -0.665348470211029 1.0827020406723022 0.8090758919715881 -0.24859292805194855 -0.5077100396156311 -0.1607116460800171
fire/seq-03/frame-000256.color.png 0.03862176463007927 -0.6699320077896118 1.0735676288604736 0.8022233247756958 -0.2532658874988556 -0.5150419473648071 -0.1643954962491989
fire/seq-03/frame-000257.color.png 0.032458771020174026 -0.684081494808197 1.0786794424057007 0.8068734407424927 -0.24269695580005646 -0.5122400522232056 -0.1663234978914261
fire/seq-03/frame-000258.color.png -0.008839663118124008 -0.674997091293335 1.048829436302185 0.8045972585678101 -0.2353636771440506 -0.519849956035614 -0.1642654538154602
fire/seq-03/frame-000259.color.png -0.023199591785669327 -0.6705532670021057 1.0485097169876099 0.8040291666984558 -0.23774388432502747 -0.5205363035202026 -0.16142114996910095
fire/seq-03/frame-000260.color.png -0.06213340535759926 -0.6672897338867188 1.04031240940094 0.8074517250061035 -0.2383424937725067 -0.5150870084762573 -0.16093431413173676
fire/seq-03/frame-000261.color.png -0.08664600551128387 -0.6627190709114075 1.0267888307571411 0.8128318190574646 -0.2321213185787201 -0.508568525314331 -0.16365283727645874
fire/seq-03/frame-000262.color.png -0.08348488807678223 -0.6622284054756165 1.0295438766479492 0.8151529431343079 -0.2335720658302307 -0.5055209994316101 -0.15943102538585663
fire/seq-03/frame-000263.color.png -0.0720239132642746 -0.6363323926925659 1.0338517427444458 0.8193550109863281 -0.2312345802783966 -0.4998204708099365 -0.15927132964134216
fire/seq-03/frame-000264.color.png -0.10412909090518951 -0.6418997645378113 1.0015019178390503 0.8219310641288757 -0.23027150332927704 -0.49526897072792053 -0.16159558296203613
fire/seq-03/frame-000265.color.png -0.1227736622095108 -0.6412208676338196 0.9885254502296448 0.8243400454521179 -0.2279469519853592 -0.4929876923561096 -0.15958352386951447
fire/seq-03/frame-000266.color.png -0.15300893783569336 -0.6263863444328308 0.9883195757865906 0.828468382358551 -0.22843880951404572 -0.48474109172821045 -0.1627321094274521
fire/seq-03/frame-000267.color.png -0.159257173538208 -0.6030014753341675 0.9698045253753662 0.8312142491340637 -0.2345341593027115 -0.4784083962440491 -0.15875166654586792
fire/seq-03/frame-000268.color.png -0.13944195210933685 -0.6045300364494324 0.9609284400939941 0.8216009736061096 -0.23716138303279877 -0.492682546377182 -0.16121453046798706
fire/seq-03/frame-000269.color.png -0.17419573664665222 -0.6108030676841736 0.9235303997993469 0.8235811591148376 -0.2337135523557663 -0.4895019829273224 -0.16577056050300598
fire/seq-03/frame-000270.color.png -0.22716346383094788 -0.5988599061965942 0.9055238366127014 0.8300425410270691 -0.24442601203918457 -0.4748857915401459 -0.16052675247192383
fire/seq-03/frame-000271.color.png -0.2215414047241211 -0.5885350704193115 0.8916589021682739 0.820974588394165 -0.24879753589630127 -0.4856712222099304 -0.16800032556056976
fire/seq-03/frame-000272.color.png -0.19257748126983643 -0.5755444765090942 0.8948984742164612 0.830720067024231 -0.2459598332643509 -0.47212308645248413 -0.16281189024448395
fire/seq-03/frame-000273.color.png -0.18746086955070496 -0.5660360455513 0.898676335811615 0.8362002372741699 -0.2447592318058014 -0.46360909938812256 -0.16102394461631775
fire/seq-03/frame-000274.color.png -0.1849234402179718 -0.5918165445327759 0.9203307032585144 0.8303034901618958 -0.24761515855789185 -0.47201067209243774 -0.162753626704216
fire/seq-03/frame-000275.color.png -0.22240546345710754 -0.5842434167861938 0.8922695517539978 0.8340247273445129 -0.24300867319107056 -0.46756312251091003 -0.16350631415843964
fire/seq-03/frame-000276.color.png -0.23020994663238525 -0.5862142443656921 0.8640572428703308 0.8436290621757507 -0.23571066558361053 -0.4574146270751953 -0.15330451726913452
fire/seq-03/frame-000277.color.png -0.29110801219940186 -0.6034561991691589 0.8663135766983032 0.8237823843955994 -0.23279023170471191 -0.4876880347728729 -0.17132283747196198
fire/seq-03/frame-000278.color.png -0.36253538727760315 -0.5930597186088562 0.8557601571083069 0.8380890488624573 -0.23765547573566437 -0.4624185562133789 -0.16521377861499786
fire/seq-03/frame-000279.color.png -0.35047218203544617 -0.5983375310897827 0.8579763770103455 0.8328467607498169 -0.23517176508903503 -0.46971455216407776 -0.1744386851787567
fire/seq-03/frame-000280.color.png -0.33265960216522217 -0.6028704643249512 0.8579846620559692 0.8266312479972839 -0.23456431925296783 -0.47912970185279846 -0.17915144562721252
fire/seq-03/frame-000281.color.png -0.343558132648468 -0.5940886735916138 0.8379037976264954 0.8314104676246643 -0.23057019710540771 -0.4740661382675171 -0.17565718293190002
fire/seq-03/frame-000282.color.png -0.3067338168621063 -0.5911738872528076 0.8532033562660217 0.8322977423667908 -0.22156377136707306 -0.47734084725379944 -0.17417116463184357
fire/seq-03/frame-000283.color.png -0.31783321499824524 -0.5990144610404968 0.8305314183235168 0.8272523880004883 -0.22909437119960785 -0.4794132709503174 -0.18257111310958862
fire/seq-03/frame-000284.color.png -0.33118340373039246 -0.5903576612472534 0.8387220501899719 0.8296941518783569 -0.22611981630325317 -0.47529101371765137 -0.18594585359096527
fire/seq-03/frame-000285.color.png -0.3546210825443268 -0.5932134985923767 0.8421221971511841 0.8319553732872009 -0.21979248523712158 -0.47502338886260986 -0.18410439789295197
fire/seq-03/frame-000286.color.png -0.3635391294956207 -0.6003261804580688 0.8325921297073364 0.834989607334137 -0.2185238152742386 -0.4694754481315613 -0.18609833717346191
fire/seq-03/frame-000287.color.png -0.3745462894439697 -0.607486367225647 0.8228213787078857 0.8425979018211365 -0.22571752965450287 -0.45511960983276367 -0.17873606085777283
fire/seq-03/frame-000288.color.png -0.40924376249313354 -0.5981428027153015 0.8197781443595886 0.8426027894020081 -0.2213648557662964 -0.4571916460990906 -0.17886853218078613
fire/seq-03/frame-000289.color.png -0.389546662569046 -0.6108264923095703 0.835220217704773 0.8424169421195984 -0.22397950291633606 -0.45819664001464844 -0.17384682595729828
fire/seq-03/frame-000290.color.png -0.38747185468673706 -0.6103585362434387 0.8311052918434143 0.8487040996551514 -0.22489693760871887 -0.4466443955898285 -0.172138050198555
fire/seq-03/frame-000291.color.png -0.4005473554134369 -0.6117518544197083 0.8227530717849731 0.850237250328064 -0.21901996433734894 -0.44712814688682556 -0.17088951170444489
fire/seq-03/frame-000292.color.png -0.4295951724052429 -0.6130098104476929 0.8259203433990479 0.8549599647521973 -0.22401387989521027 -0.4363710880279541 -0.16864559054374695
fire/seq-03/frame-000293.color.png -0.44586658477783203 -0.618178129196167 0.822022557258606 0.8562706112861633 -0.22648271918296814 -0.4337075650691986 -0.16554142534732819
fire/seq-03/frame-000294.color.png -0.4420122802257538 -0.6019489169120789 0.8112408518791199 0.8680330514907837 -0.22018209099769592 -0.4180169999599457 -0.15264439582824707
fire/seq-03/frame-000295.color.png -0.44661322236061096 -0.5982932448387146 0.8196476101875305 0.8673225045204163 -0.22414690256118774 -0.418755441904068 -0.14884120225906372
fire/seq-03/frame-000296.color.png -0.45448732376098633 -0.5893937349319458 0.8215906620025635 0.8754929304122925 -0.2277214229106903 -0.40281423926353455 -0.1392689198255539
fire/seq-03/frame-000297.color.png -0.4577863812446594 -0.5897724628448486 0.8084700107574463 0.8799077868461609 -0.22138802707195282 -0.40050965547561646 -0.12783469259738922
fire/seq-03/frame-000298.color.png -0.49325665831565857 -0.5870668292045593 0.7891634106636047 0.8739839792251587 -0.21804936230182648 -0.41269150376319885 -0.13524802029132843
fire/seq-03/frame-000299.color.png -0.4851795732975006 -0.6022867560386658 0.798134982585907 0.8916907906532288 -0.22157111763954163 -0.3760528564453125 -0.11990801244974136
fire/seq-03/frame-000300.color.png -0.4837663471698761 -0.5749744772911072 0.7969147562980652 0.8961431980133057 -0.21970875561237335 -0.3681197762489319 -0.11464358866214752
fire/seq-03/frame-000301.color.png -0.5063201785087585 -0.5932896137237549 0.7877551913261414 0.8978831171989441 -0.22548237442970276 -0.3598521649837494 -0.11606038361787796
fire/seq-03/frame-000302.color.png -0.5124121308326721 -0.5690780878067017 0.7794712781906128 0.9062628149986267 -0.2204088568687439 -0.3468150496482849 -0.0991300567984581
fire/seq-03/frame-000303.color.png -0.520758330821991 -0.5840696096420288 0.7770458459854126 0.9142475128173828 -0.21945638954639435 -0.3289805054664612 -0.08810405433177948
fire/seq-03/frame-000304.color.png -0.5315974950790405 -0.571807324886322 0.7924119234085083 0.9100420475006104 -0.2143632471561432 -0.34287843108177185 -0.09113939851522446
fire/seq-03/frame-000305.color.png -0.5362200140953064 -0.5764941573143005 0.7743502259254456 0.9154521226882935 -0.2154611051082611 -0.32665279507637024 -0.0939258262515068
fire/seq-03/frame-000306.color.png -0.5365616679191589 -0.5679497122764587 0.7718126773834229 0.9222965240478516 -0.20762228965759277 -0.3157236874103546 -0.08112115412950516
fire/seq-03/frame-000307.color.png -0.540880024433136 -0.5646288990974426 0.7680279612541199 0.9196643829345703 -0.20923152565956116 -0.3225483000278473 -0.08001431822776794
fire/seq-03/frame-000308.color.png -0.5554201602935791 -0.5398104786872864 0.7720347046852112 0.9125814437866211 -0.202703595161438 -0.343355655670166 -0.09062723070383072
fire/seq-03/frame-000309.color.png -0.5776465535163879 -0.5622299909591675 0.7700472474098206 0.9220709800720215 -0.21357032656669617 -0.311418354511261 -0.08480258285999298
fire/seq-03/frame-000310.color.png -0.5972470045089722 -0.5787986516952515 0.775675356388092 0.9264336228370667 -0.20841394364833832 -0.3055746853351593 -0.07005967944860458
fire/seq-03/frame-000311.color.png -0.6254774928092957 -0.5846696496009827 0.7895881533622742 0.9252407550811768 -0.20281676948070526 -0.31131860613822937 -0.07665254175662994
fire/seq-03/frame-000312.color.png -0.6387927532196045 -0.5865473747253418 0.7785840630531311 0.9286659359931946 -0.19897091388702393 -0.30588892102241516 -0.06649979948997498
fire/seq-03/frame-000313.color.png -0.6246531009674072 -0.580416202545166 0.7522154450416565 0.9323636889457703 -0.19802376627922058 -0.2973937690258026 -0.055149853229522705
fire/seq-03/frame-000314.color.png -0.6296709179878235 -0.5822630524635315 0.7617495059967041 0.9347586035728455 -0.1971088945865631 -0.29003164172172546 -0.057062577456235886
fire/seq-03/frame-000315.color.png -0.6314651966094971 -0.5557332038879395 0.7482157349586487 0.9355455636978149 -0.21115583181381226 -0.27586543560028076 -0.06376686692237854
fire/seq-03/frame-000316.color.png -0.6193384528160095 -0.5521479249000549 0.7419342994689941 0.9393486976623535 -0.2096530795097351 -0.2651485204696655 -0.05801574885845184
fire/seq-03/frame-000317.color.png -0.6199325919151306 -0.5618372559547424 0.7338801026344299 0.9413531422615051 -0.20553208887577057 -0.26237037777900696 -0.052654929459095
fire/seq-03/frame-000318.color.png -0.6182010769844055 -0.5466938614845276 0.7264177203178406 0.9443003535270691 -0.20422960817813873 -0.252677857875824 -0.052355267107486725
fire/seq-03/frame-000319.color.png -0.6127297878265381 -0.5598104596138 0.7379559874534607 0.9469120502471924 -0.21139347553253174 -0.23721982538700104 -0.04895975440740585
fire/seq-03/frame-000320.color.png -0.6332149505615234 -0.5563706159591675 0.7329732179641724 0.9460174441337585 -0.2145802080631256 -0.23782037198543549 -0.049473658204078674
fire/seq-03/frame-000321.color.png -0.635015606880188 -0.5410819053649902 0.7344398498535156 0.9488866329193115 -0.20689959824085236 -0.2332582324743271 -0.04896358773112297
fire/seq-03/frame-000322.color.png -0.6593040823936462 -0.5342797636985779 0.732666015625 0.956142783164978 -0.21243607997894287 -0.1989547461271286 -0.032846830785274506
fire/seq-03/frame-000323.color.png -0.6624736189842224 -0.5413995981216431 0.7429772615432739 0.955435037612915 -0.21465300023555756 -0.19996482133865356 -0.032893575727939606
fire/seq-03/frame-000324.color.png -0.6858398914337158 -0.5541855096817017 0.7165231108665466 0.9606024026870728 -0.20518742501735687 -0.1860254555940628 -0.023139216005802155
fire/seq-03/frame-000325.color.png -0.7170259952545166 -0.5464786291122437 0.7248659133911133 0.9612602591514587 -0.2094551920890808 -0.17725811898708344 -0.02620450221002102
fire/seq-03/frame-000326.color.png -0.7490742802619934 -0.560137152671814 0.6969672441482544 0.9640762209892273 -0.2069428414106369 -0.1647217571735382 -0.024461837485432625
fire/seq-03/frame-000327.color.png -0.7850390076637268 -0.5483291745185852 0.6602126955986023 0.9647018313407898 -0.1924401819705963 -0.17501200735569 -0.04108378663659096
fire/seq-03/frame-000328.color.png -0.747448742389679 -0.539554238319397 0.6434454917907715 0.9637245535850525 -0.19448906183242798 -0.17775602638721466 -0.04256685823202133
fire/seq-03/frame-000329.color.png -0.7708566188812256 -0.5481935739517212 0.6304094791412354 0.9647390842437744 -0.20714540779590607 -0.15995419025421143 -0.027998438104987144
fire/seq-03/frame-000330.color.png -0.7212223410606384 -0.5261201858520508 0.6507153511047363 0.9649093747138977 -0.19636614620685577 -0.17158277332782745 -0.03081311099231243
fire/seq-03/frame-000331.color.png -0.7445433735847473 -0.5413247346878052 0.6176050901412964 0.9683752655982971 -0.191025972366333 -0.15691721439361572 -0.03369751572608948
fire/seq-03/frame-000332.color.png -0.7231225967407227 -0.5443567037582397 0.6269175410270691 0.96775221824646 -0.19088983535766602 -0.15999016165733337 -0.037682853639125824
fire/seq-03/frame-000333.color.png -0.7348238229751587 -0.5613244771957397 0.62603360414505 0.9694361686706543 -0.19407042860984802 -0.14607787132263184 -0.034517817199230194
fire/seq-03/frame-000334.color.png -0.7556251883506775 -0.5690867304801941 0.5876197218894958 0.9672942161560059 -0.22112935781478882 -0.12102224677801132 -0.028236282989382744
fire/seq-03/frame-000335.color.png -0.7360050082206726 -0.563933253288269 0.5645634531974792 0.9718235731124878 -0.20040962100028992 -0.12236663699150085 -0.020524756982922554
fire/seq-03/frame-000336.color.png -0.7466365098953247 -0.5572986006736755 0.5509248971939087 0.9705038070678711 -0.21136337518692017 -0.11471071094274521 -0.01701497472822666
fire/seq-03/frame-000337.color.png -0.7672979235649109 -0.543621301651001 0.5389279723167419 0.966410756111145 -0.2189176380634308 -0.1323302537202835 -0.02477576956152916
fire/seq-03/frame-000338.color.png -0.7512708306312561 -0.572962760925293 0.5710604190826416 0.9688029289245605 -0.20641948282718658 -0.1347375214099884 -0.025647295638918877
fire/seq-03/frame-000339.color.png -0.7895916700363159 -0.5808698534965515 0.5782378911972046 0.9693108797073364 -0.20580662786960602 -0.1318695992231369 -0.02627537027001381
fire/seq-03/frame-000340.color.png -0.7383084893226624 -0.5856850147247314 0.5876511931419373 0.970194399356842 -0.201216921210289 -0.1288830190896988 -0.040294937789440155
fire/seq-03/frame-000341.color.png -0.7588292360305786 -0.5681387186050415 0.552169144153595 0.9690242409706116 -0.22829775512218475 -0.08654729276895523 -0.03716953843832016
fire/seq-03/frame-000342.color.png -0.7514633536338806 -0.5613227486610413 0.5375241637229919 0.9661989808082581 -0.22713196277618408 -0.11767575889825821 -0.0319846086204052
fire/seq-03/frame-000343.color.png -0.790037214756012 -0.5818309187889099 0.5344716906547546 0.968715250492096 -0.23158834874629974 -0.08436781913042068 -0.028981629759073257
fire/seq-03/frame-000344.color.png -0.7611322999000549 -0.5675251483917236 0.523888111114502 0.9669803977012634 -0.22713124752044678 -0.10991984605789185 -0.03574610874056816
fire/seq-03/frame-000345.color.png -0.7458376288414001 -0.5626839995384216 0.5181524753570557 0.9667385220527649 -0.2223355919122696 -0.12150226533412933 -0.03493807837367058
fire/seq-03/frame-000346.color.png -0.7572537660598755 -0.5749230980873108 0.523544430732727 0.9674230813980103 -0.22565136849880219 -0.10881780833005905 -0.036509305238723755
fire/seq-03/frame-000347.color.png -0.7875247597694397 -0.5756224989891052 0.5153416395187378 0.9663325548171997 -0.2332015186548233 -0.1051417738199234 -0.027633199468255043
fire/seq-03/frame-000348.color.png -0.7875247597694397 -0.5756224989891052 0.5153416395187378 0.9663325548171997 -0.2332015186548233 -0.1051417738199234 -0.027633199468255043
fire/seq-03/frame-000349.color.png -0.7674021124839783 -0.5652073621749878 0.5228883624076843 0.9654645919799805 -0.2383377104997635 -0.10050829499959946 -0.03116297908127308
fire/seq-03/frame-000350.color.png -0.7603436708450317 -0.5557059049606323 0.5210584998130798 0.9661182165145874 -0.23912709951400757 -0.09177901595830917 -0.03178824484348297
fire/seq-03/frame-000351.color.png -0.7520764470100403 -0.5691447854042053 0.522949755191803 0.9706062078475952 -0.22312533855438232 -0.08457411825656891 -0.031401850283145905
fire/seq-03/frame-000352.color.png -0.7680903673171997 -0.565088152885437 0.5281461477279663 0.9668644666671753 -0.23905494809150696 -0.08522854745388031 -0.027605604380369186
fire/seq-03/frame-000353.color.png -0.7680903673171997 -0.565088152885437 0.5281461477279663 0.9668644666671753 -0.23905494809150696 -0.08522854745388031 -0.027605604380369186
fire/seq-03/frame-000354.color.png -0.7748307585716248 -0.5629774332046509 0.5052462220191956 0.964622974395752 -0.24129877984523773 -0.10251951962709427 -0.0276961512863636
fire/seq-03/frame-000355.color.png -0.7739249467849731 -0.5582054853439331 0.504564642906189 0.9634492993354797 -0.24817349016666412 -0.09722632169723511 -0.026878641918301582
fire/seq-03/frame-000356.color.png -0.7764286398887634 -0.5540660619735718 0.5070200562477112 0.9646406173706055 -0.2440880537033081 -0.09530214220285416 -0.02841201424598694
fire/seq-03/frame-000357.color.png -0.7764286398887634 -0.5540660619735718 0.5070200562477112 0.9646406173706055 -0.2440880537033081 -0.09530214220285416 -0.02841201424598694
fire/seq-03/frame-000358.color.png -0.783392608165741 -0.5584322214126587 0.49999386072158813 0.9645274877548218 -0.24398857355117798 -0.09729732573032379 -0.02625884674489498
fire/seq-03/frame-000359.color.png -0.7793794274330139 -0.5739131569862366 0.5110582709312439 0.9670187830924988 -0.23883390426635742 -0.08390780538320541 -0.028151122853159904
fire/seq-03/frame-000360.color.png -0.8148559331893921 -0.5602748394012451 0.5015065670013428 0.9652004837989807 -0.245942160487175 -0.08349113911390305 -0.03049023263156414
fire/seq-03/frame-000361.color.png -0.8023371696472168 -0.5753967761993408 0.5024233460426331 0.9649592041969299 -0.24007833003997803 -0.10011757165193558 -0.034535445272922516
fire/seq-03/frame-000362.color.png -0.8023371696472168 -0.5753967761993408 0.5024233460426331 0.9649592041969299 -0.24007833003997803 -0.10011757165193558 -0.034535445272922516
fire/seq-03/frame-000363.color.png -0.8108542561531067 -0.579121470451355 0.5095406174659729 0.9640992879867554 -0.24975471198558807 -0.08565263450145721 -0.028262704610824585
fire/seq-03/frame-000364.color.png -0.8117177486419678 -0.5959534049034119 0.5202540755271912 0.9631528854370117 -0.25377950072288513 -0.08394960314035416 -0.02974989078938961
fire/seq-03/frame-000365.color.png -0.8058333992958069 -0.5798462629318237 0.5029608607292175 0.9613893032073975 -0.2596060633659363 -0.08583328872919083 -0.03111104667186737
fire/seq-03/frame-000366.color.png -0.7970521450042725 -0.5735580921173096 0.49283546209335327 0.962963342666626 -0.2544502913951874 -0.08484911173582077 -0.027520887553691864
fire/seq-03/frame-000367.color.png -0.7970521450042725 -0.5735580921173096 0.49283546209335327 0.962963342666626 -0.2544502913951874 -0.08484911173582077 -0.027520887553691864
fire/seq-03/frame-000368.color.png -0.7969090342521667 -0.5738716721534729 0.5009939670562744 0.961884617805481 -0.25777706503868103 -0.08617354184389114 -0.03005324676632881
fire/seq-03/frame-000369.color.png -0.8167445063591003 -0.5880777835845947 0.5049332976341248 0.9606806635856628 -0.2614603638648987 -0.08906856924295425 -0.028250908479094505
fire/seq-03/frame-000370.color.png -0.7888979911804199 -0.5847199559211731 0.5020427107810974 0.9633956551551819 -0.25906607508659363 -0.060767870396375656 -0.03257165104150772
fire/seq-03/frame-000371.color.png -0.8140851855278015 -0.5837356448173523 0.4945496916770935 0.9632802605628967 -0.2577882409095764 -0.06959792226552963 -0.028153128921985626
fire/seq-03/frame-000372.color.png -0.8196616768836975 -0.5737960338592529 0.4881897568702698 0.9619683027267456 -0.25691136717796326 -0.08870986104011536 -0.02727665938436985
fire/seq-03/frame-000373.color.png -0.8196616768836975 -0.5737960338592529 0.4881897568702698 0.9619683027267456 -0.25691136717796326 -0.08870986104011536 -0.02727665938436985
fire/seq-03/frame-000374.color.png -0.8428540825843811 -0.5822538137435913 0.5075340270996094 0.960172176361084 -0.2661234140396118 -0.0808926448225975 -0.02653466910123825
fire/seq-03/frame-000375.color.png -0.8411911129951477 -0.569347620010376 0.4841146767139435 0.9612391591072083 -0.26833775639533997 -0.059030335396528244 -0.02301500365138054
fire/seq-03/frame-000376.color.png -0.8203651309013367 -0.5618523359298706 0.4753902852535248 0.9648186564445496 -0.25343820452690125 -0.06664561480283737 -0.021270200610160828
fire/seq-03/frame-000377.color.png -0.8272994756698608 -0.5885969400405884 0.4910476803779602 0.9654957056045532 -0.255531907081604 -0.04566241428256035 -0.020884549245238304
fire/seq-03/frame-000378.color.png -0.8272994756698608 -0.5885969400405884 0.4910476803779602 0.9654957056045532 -0.255531907081604 -0.04566241428256035 -0.020884549245238304
fire/seq-03/frame-000379.color.png -0.8014059066772461 -0.5763357877731323 0.4795726239681244 0.9647738337516785 -0.2546910345554352 -0.062140099704265594 -0.021965274587273598
fire/seq-03/frame-000380.color.png -0.8105925917625427 -0.5749155282974243 0.47427552938461304 0.9643843770027161 -0.2545073628425598 -0.07056806236505508 -0.014453979209065437
fire/seq-03/frame-000381.color.png -0.8355751037597656 -0.5684267282485962 0.48874783515930176 0.9632285833358765 -0.2599688768386841 -0.06692232936620712 -0.01132151298224926
fire/seq-03/frame-000382.color.png -0.8446125984191895 -0.5731459259986877 0.48486703634262085 0.9634391069412231 -0.26103657484054565 -0.059538789093494415 -0.010007524862885475
fire/seq-03/frame-000383.color.png -0.8446125984191895 -0.5731459259986877 0.48486703634262085 0.9634391069412231 -0.26103657484054565 -0.059538789093494415 -0.010007524862885475
fire/seq-03/frame-000384.color.png -0.8561128973960876 -0.5843572616577148 0.4915980100631714 0.9655236601829529 -0.2566582262516022 -0.04304305836558342 -0.006153979804366827
fire/seq-03/frame-000385.color.png -0.8439412713050842 -0.5880070328712463 0.5014148354530334 0.9686095118522644 -0.2459147870540619 -0.03617022931575775 0.003639746690168977
fire/seq-03/frame-000386.color.png -0.8584294319152832 -0.5912697315216064 0.49791473150253296 0.9675191044807434 -0.24865588545799255 -0.04551665112376213 0.0022905729711055756
fire/seq-03/frame-000387.color.png -0.8522158265113831 -0.5845164060592651 0.4861900210380554 0.9663811922073364 -0.2533818483352661 -0.04264562949538231 0.00927294697612524
fire/seq-03/frame-000388.color.png -0.867253303527832 -0.5744717121124268 0.4756893515586853 0.9653798341751099 -0.25836649537086487 -0.034192442893981934 0.010924873873591423
fire/seq-03/frame-000389.color.png -0.8604391813278198 -0.5807797908782959 0.4783298969268799 0.9668384194374084 -0.2546594440937042 -0.016262313351035118 0.010376203805208206
fire/seq-03/frame-000390.color.png -0.8489086627960205 -0.586556613445282 0.4673161506652832 0.969940721988678 -0.2414034605026245 -0.025184988975524902 0.01746656931936741
fire/seq-03/frame-000391.color.png -0.8489086627960205 -0.586556613445282 0.4673161506652832 0.969940721988678 -0.2414034605026245 -0.025184988975524902 0.01746656931936741
fire/seq-03/frame-000392.color.png -0.8393641114234924 -0.5662387609481812 0.46764349937438965 0.9673460721969604 -0.25206083059310913 -0.019959665834903717 0.01756058633327484
fire/seq-03/frame-000393.color.png -0.8290659189224243 -0.572450578212738 0.46843042969703674 0.9696736931800842 -0.2430036962032318 -0.01928057335317135 0.01762041635811329
fire/seq-03/frame-000394.color.png -0.8440595269203186 -0.5715517401695251 0.47099459171295166 0.9689732789993286 -0.24612317979335785 -0.015000252984464169 0.017003608867526054
fire/seq-03/frame-000395.color.png -0.8367343544960022 -0.5817151665687561 0.46110332012176514 0.968858540058136 -0.24636998772621155 -0.011048818938434124 0.022202352061867714
fire/seq-03/frame-000396.color.png -0.8266186118125916 -0.5789591073989868 0.46281349658966064 0.9679789543151855 -0.249762162566185 -0.016295291483402252 0.01923631876707077
fire/seq-03/frame-000397.color.png -0.8322152495384216 -0.5778549909591675 0.46239903569221497 0.969022810459137 -0.24548837542533875 -0.013967754319310188 0.02313060872256756
fire/seq-03/frame-000398.color.png -0.8426882028579712 -0.5849738717079163 0.47180330753326416 0.9690452814102173 -0.24596743285655975 -0.010569784790277481 0.018427923321723938
fire/seq-03/frame-000399.color.png -0.8409683108329773 -0.5971400141716003 0.49008023738861084 0.970741331577301 -0.23938487470149994 0.0018740594387054443 0.018783507868647575
fire/seq-03/frame-000400.color.png -0.8409683108329773 -0.5971400141716003 0.49008023738861084 0.970741331577301 -0.23938487470149994 0.0018740594387054443 0.018783507868647575
fire/seq-03/frame-000401.color.png -0.8364813923835754 -0.5979869365692139 0.48516982793807983 0.9688206315040588 -0.2468724399805069 -0.012545824982225895 0.016829300671815872
fire/seq-03/frame-000402.color.png -0.8205029964447021 -0.5943641066551208 0.4757266640663147 0.9687261581420898 -0.24715669453144073 -0.01719007082283497 0.013700975105166435
fire/seq-03/frame-000403.color.png -0.8455985188484192 -0.631226122379303 0.49864089488983154 0.9686148762702942 -0.248153954744339 -0.006906881462782621 0.01252390444278717
fire/seq-03/frame-000404.color.png -0.8301107287406921 -0.602942168712616 0.4739263653755188 0.969310462474823 -0.24497687816619873 -0.008299139328300953 0.018830617889761925
fire/seq-03/frame-000405.color.png -0.825226366519928 -0.5987668037414551 0.46908727288246155 0.9695531129837036 -0.2436319887638092 -0.016528891399502754 0.01836053840816021
fire/seq-03/frame-000406.color.png -0.8352300524711609 -0.6044101119041443 0.48905736207962036 0.9679563045501709 -0.2501181960105896 -0.014422427862882614 0.017131103202700615
fire/seq-03/frame-000407.color.png -0.8496981859207153 -0.623948335647583 0.5142953395843506 0.9678642153739929 -0.2507833242416382 -0.00777104077860713 0.01692027784883976
fire/seq-03/frame-000408.color.png -0.857215166091919 -0.6022735834121704 0.47357434034347534 0.9730865955352783 -0.22913207113742828 -0.0019472388084977865 0.024440202862024307
fire/seq-03/frame-000409.color.png -0.8648391962051392 -0.5992380976676941 0.47431913018226624 0.973504900932312 -0.22725585103034973 -0.0011456594802439213 0.025333523750305176
fire/seq-03/frame-000410.color.png -0.8648391962051392 -0.5992380976676941 0.47431913018226624 0.973504900932312 -0.22725585103034973 -0.0011456594802439213 0.025333523750305176
fire/seq-03/frame-000411.color.png -0.8571587204933167 -0.600847601890564 0.4887368679046631 0.9715748429298401 -0.23564240336418152 -0.0024236442986875772 0.02256428264081478
fire/seq-03/frame-000412.color.png -0.8715540170669556 -0.6041622161865234 0.48473647236824036 0.9725910425186157 -0.2308376133441925 0.01045761164277792 0.025912534445524216
fire/seq-03/frame-000413.color.png -0.8863599300384521 -0.6049066185951233 0.46585559844970703 0.9757180213928223 -0.21682123839855194 0.0021066046319901943 0.030960040166974068
fire/seq-03/frame-000414.color.png -0.8961319327354431 -0.6201640367507935 0.4903295636177063 0.9756383299827576 -0.21738161146640778 0.0020636573899537325 0.02950999140739441
fire/seq-03/frame-000415.color.png -0.8713013529777527 -0.5975834131240845 0.4620254635810852 0.9738750457763672 -0.2253057062625885 0.012299228459596634 0.025562362745404243
fire/seq-03/frame-000416.color.png -0.8674055337905884 -0.6077249646186829 0.4822835326194763 0.9712411761283875 -0.23604349792003632 0.016192806884646416 0.026682764291763306
fire/seq-03/frame-000417.color.png -0.8656056523323059 -0.6250913739204407 0.48471248149871826 0.9744320511817932 -0.22251032292842865 0.007630160544067621 0.03021809458732605
fire/seq-03/frame-000418.color.png -0.861276388168335 -0.6082763075828552 0.4766896367073059 0.9752950668334961 -0.21858195960521698 0.010234903544187546 0.030280765146017075
fire/seq-03/frame-000419.color.png -0.8770548105239868 -0.6142452955245972 0.4927677512168884 0.9757713675498962 -0.21581508219242096 0.015569029375910759 0.03243367373943329
fire/seq-03/frame-000420.color.png -0.8721553087234497 -0.6348733305931091 0.48517516255378723 0.9736994504928589 -0.2250097393989563 0.00509899714961648 0.03541223332285881
fire/seq-03/frame-000421.color.png -0.8358040452003479 -0.6158996224403381 0.47650328278541565 0.9765267372131348 -0.2116166353225708 0.003748763119801879 0.040000297129154205
fire/seq-03/frame-000422.color.png -0.837853729724884 -0.6225667595863342 0.4857465922832489 0.9752755761146545 -0.21717937290668488 0.020966652780771255 0.03508782759308815
fire/seq-03/frame-000423.color.png -0.8430526256561279 -0.6127792000770569 0.49188971519470215 0.9753113389015198 -0.21684382855892181 0.020510131493210793 0.03641105443239212
fire/seq-03/frame-000424.color.png -0.8354200124740601 -0.6209885478019714 0.48653262853622437 0.9756218194961548 -0.21530942618846893 0.016240520402789116 0.03924724459648132
fire/seq-03/frame-000425.color.png -0.8249785304069519 -0.6298993229866028 0.49762189388275146 0.9744809865951538 -0.2198302149772644 0.022953806445002556 0.03917192295193672
fire/seq-03/frame-000426.color.png -0.8377177715301514 -0.6239781379699707 0.4912518262863159 0.9736394286155701 -0.22288495302200317 0.02575806900858879 0.04105057567358017
fire/seq-03/frame-000427.color.png -0.8595257997512817 -0.6161632537841797 0.4946538805961609 0.9759769439697266 -0.21156081557273865 0.017973152920603752 0.04886861890554428
fire/seq-03/frame-000428.color.png -0.8429114818572998 -0.6011157631874084 0.4980636239051819 0.9724615812301636 -0.22635763883590698 0.025601763278245926 0.04924777150154114
fire/seq-03/frame-000429.color.png -0.8247463703155518 -0.5927452445030212 0.49396586418151855 0.9717555046081543 -0.22819453477859497 0.03546759486198425 0.04858670011162758
fire/seq-03/frame-000430.color.png -0.8483031392097473 -0.6097884178161621 0.5025314092636108 0.9716951251029968 -0.22838029265403748 0.03714099898934364 0.04766065627336502
fire/seq-03/frame-000431.color.png -0.8242890238761902 -0.6120450496673584 0.48982107639312744 0.9729372262954712 -0.2231844961643219 0.03737134113907814 0.0467451810836792
fire/seq-03/frame-000432.color.png -0.8152911067008972 -0.6137948036193848 0.4892757534980774 0.97221440076828 -0.2257351577281952 0.03942951187491417 0.04783480614423752
fire/seq-03/frame-000433.color.png -0.8234569430351257 -0.6169959306716919 0.4978902339935303 0.9738296270370483 -0.2180919051170349 0.03727026656270027 0.05198701098561287
fire/seq-03/frame-000434.color.png -0.8266521096229553 -0.609484851360321 0.4937899708747864 0.9748095273971558 -0.2151651680469513 0.03263711556792259 0.04883980005979538
fire/seq-03/frame-000435.color.png -0.8140767812728882 -0.6056360006332397 0.48959773778915405 0.9738869667053223 -0.2182147204875946 0.0379999503493309 0.04982548579573631
fire/seq-03/frame-000436.color.png -0.7979294061660767 -0.6020835041999817 0.4770362973213196 0.9733543395996094 -0.22208797931671143 0.033607374876737595 0.046138327568769455
fire/seq-03/frame-000437.color.png -0.7728802561759949 -0.6027079224586487 0.474073201417923 0.9730903506278992 -0.22219239175319672 0.03379887342453003 0.05082782730460167
fire/seq-03/frame-000438.color.png -0.7685830593109131 -0.5825622081756592 0.4750503599643707 0.9720799922943115 -0.2263696789741516 0.039104197174310684 0.04783450812101364
fire/seq-03/frame-000439.color.png -0.7590604424476624 -0.5893866419792175 0.47354283928871155 0.9722681641578674 -0.22650744020938873 0.03323482349514961 0.0477939136326313
fire/seq-03/frame-000440.color.png -0.7574979662895203 -0.5932385921478271 0.4667809009552002 0.9735480546951294 -0.22074727714061737 0.02685907855629921 0.05247405543923378
fire/seq-03/frame-000441.color.png -0.721815288066864 -0.6058435440063477 0.48012399673461914 0.9704515933990479 -0.2340124249458313 0.03406404331326485 0.047974761575460434
fire/seq-03/frame-000442.color.png -0.7168778777122498 -0.5942108631134033 0.4735426902770996 0.9710284471511841 -0.23142610490322113 0.03273098170757294 0.04974313825368881
fire/seq-03/frame-000443.color.png -0.7135207653045654 -0.6056653261184692 0.46941447257995605 0.9712502956390381 -0.23064778745174408 0.027446527034044266 0.05216774344444275
fire/seq-03/frame-000444.color.png -0.7128287553787231 -0.6046685576438904 0.47169753909111023 0.9686052203178406 -0.24088045954704285 0.03455856442451477 0.05085352435708046
fire/seq-03/frame-000445.color.png -0.6855924725532532 -0.6046505570411682 0.4566601812839508 0.9701708555221558 -0.23515981435775757 0.025212671607732773 0.053223468363285065
fire/seq-03/frame-000446.color.png -0.6619700789451599 -0.6096273064613342 0.4603513777256012 0.9702382683753967 -0.23441675305366516 0.022808467969298363 0.05626843497157097
fire/seq-03/frame-000447.color.png -0.6569478511810303 -0.6055358052253723 0.4441874325275421 0.968142032623291 -0.24207505583763123 0.030821863561868668 0.05612979084253311
fire/seq-03/frame-000448.color.png -0.6216275095939636 -0.5938770771026611 0.45425787568092346 0.968492329120636 -0.23996739089488983 0.03676353022456169 0.05555938556790352
fire/seq-03/frame-000449.color.png -0.6092033386230469 -0.597752571105957 0.46552351117134094 0.9680903553962708 -0.241573765873909 0.03211531043052673 0.05841027572751045
fire/seq-03/frame-000450.color.png -0.576932966709137 -0.5993663668632507 0.46832671761512756 0.965674877166748 -0.2526610493659973 0.028273511677980423 0.05324537307024002
fire/seq-03/frame-000451.color.png -0.5795060992240906 -0.5888475179672241 0.4667775332927704 0.9678943753242493 -0.24270302057266235 0.03522706404328346 0.055088452994823456
fire/seq-03/frame-000452.color.png -0.5767305493354797 -0.6023039817810059 0.46858343482017517 0.9686504602432251 -0.24065208435058594 0.030442362651228905 0.05362962186336517
fire/seq-03/frame-000453.color.png -0.5276776552200317 -0.5964815616607666 0.4616757929325104 0.9671393632888794 -0.2465604692697525 0.02744653820991516 0.055643707513809204
fire/seq-03/frame-000454.color.png -0.5161564946174622 -0.5932242274284363 0.4425836503505707 0.9688950777053833 -0.2390783727169037 0.02467123419046402 0.058950889855623245
fire/seq-03/frame-000455.color.png -0.4934019148349762 -0.6092487573623657 0.445557564496994 0.9655092358589172 -0.25454890727996826 0.021088648587465286 0.05051702633500099
fire/seq-03/frame-000456.color.png -0.490737646818161 -0.5906267166137695 0.43720313906669617 0.9654074907302856 -0.2537538409233093 0.029417702928185463 0.05226701498031616
fire/seq-03/frame-000457.color.png -0.47057008743286133 -0.5920947194099426 0.4497322142124176 0.9636377096176147 -0.2601255774497986 0.03610916808247566 0.04932817444205284
fire/seq-03/frame-000458.color.png -0.4700620472431183 -0.5952093005180359 0.4580182433128357 0.9643473029136658 -0.2583993375301361 0.0287096556276083 0.04939667880535126
fire/seq-03/frame-000459.color.png -0.4507778286933899 -0.6058942675590515 0.4483015835285187 0.9630895256996155 -0.26252686977386475 0.035792574286460876 0.04750979691743851
fire/seq-03/frame-000460.color.png -0.4115327298641205 -0.5909691452980042 0.43707332015037537 0.9622268080711365 -0.26771432161331177 0.021282652392983437 0.04467353597283363
fire/seq-03/frame-000461.color.png -0.3917272388935089 -0.579116702079773 0.41892901062965393 0.9619227647781372 -0.26949653029441833 0.011465633288025856 0.04409860074520111
fire/seq-03/frame-000462.color.png -0.3538941740989685 -0.5953599810600281 0.43411678075790405 0.9633065462112427 -0.2636703550815582 0.016412774100899696 0.047425881028175354
fire/seq-03/frame-000463.color.png -0.3661085069179535 -0.5913241505622864 0.42029252648353577 0.9614806771278381 -0.2702702581882477 0.018140193074941635 0.04668741673231125
fire/seq-03/frame-000464.color.png -0.3551010489463806 -0.6031373143196106 0.3974614143371582 0.9636861681938171 -0.26231205463409424 0.01610639877617359 0.04735054820775986
fire/seq-03/frame-000465.color.png -0.3154207468032837 -0.6076596975326538 0.4032060503959656 0.9597811698913574 -0.27627018094062805 0.01890471763908863 0.0462334118783474
fire/seq-03/frame-000466.color.png -0.33013471961021423 -0.6133608222007751 0.4172505736351013 0.95631343126297 -0.2887120246887207 0.01965315453708172 0.04151669144630432
fire/seq-03/frame-000467.color.png -0.33967170119285583 -0.6149920225143433 0.4224882125854492 0.9521353840827942 -0.3025360703468323 0.020390987396240234 0.03865613788366318
fire/seq-03/frame-000468.color.png -0.3606158196926117 -0.6223396062850952 0.42865946888923645 0.9540669918060303 -0.2961708605289459 0.02269451506435871 0.039036691188812256
fire/seq-03/frame-000469.color.png -0.3561345636844635 -0.6197798252105713 0.4374697804450989 0.9557831883430481 -0.29081234335899353 0.023520926013588905 0.036788392812013626
fire/seq-03/frame-000470.color.png -0.35836267471313477 -0.620482861995697 0.43864527344703674 0.9545640349388123 -0.29453045129776 0.025464557111263275 0.037563078105449677
fire/seq-03/frame-000471.color.png -0.314052939414978 -0.6225925087928772 0.4352661073207855 0.9600801467895508 -0.27473700046539307 0.025264916941523552 0.046125806868076324
fire/seq-03/frame-000472.color.png -0.3125374913215637 -0.629582405090332 0.44511711597442627 0.9558120369911194 -0.28961610794067383 0.01872779242694378 0.04685342311859131
fire/seq-03/frame-000473.color.png -0.2986452877521515 -0.6333236694335938 0.4520074427127838 0.9564380645751953 -0.2873435914516449 0.020344935357570648 0.04739362373948097
fire/seq-03/frame-000474.color.png -0.2810499966144562 -0.6440490484237671 0.47169601917266846 0.9577621817588806 -0.2821369767189026 0.028059223666787148 0.047990839928388596
fire/seq-03/frame-000475.color.png -0.2564297616481781 -0.6409217119216919 0.48603034019470215 0.9584274291992188 -0.28033211827278137 0.025563569739460945 0.04666300117969513
fire/seq-03/frame-000476.color.png -0.2922196090221405 -0.6426045298576355 0.4733065068721771 0.9591382741928101 -0.27653828263282776 0.02508748695254326 0.054322823882102966
fire/seq-03/frame-000477.color.png -0.30487486720085144 -0.6370638012886047 0.4493960440158844 0.9582170844078064 -0.28021901845932007 0.029280152171850204 0.04939502850174904
fire/seq-03/frame-000478.color.png -0.2507682144641876 -0.6618069410324097 0.4983777403831482 0.9554193615913391 -0.28867828845977783 0.039626166224479675 0.0476299487054348
fire/seq-03/frame-000479.color.png -0.26435038447380066 -0.6471937298774719 0.4895722270011902 0.9558868408203125 -0.2870512008666992 0.03427860513329506 0.05202870070934296
fire/seq-03/frame-000480.color.png -0.260076105594635 -0.6346666216850281 0.47840410470962524 0.9579452872276306 -0.28054365515708923 0.032012589275836945 0.051101204007864
fire/seq-03/frame-000481.color.png -0.2543277442455292 -0.650071918964386 0.48635566234588623 0.956898033618927 -0.28421667218208313 0.030838744714856148 0.051147446036338806
fire/seq-03/frame-000482.color.png -0.2574302852153778 -0.6629103422164917 0.5048026442527771 0.9576305150985718 -0.28249505162239075 0.03145966678857803 0.046377167105674744
fire/seq-03/frame-000483.color.png -0.2449968159198761 -0.6610060334205627 0.4930902123451233 0.9579653143882751 -0.28124937415122986 0.02509251795709133 0.050710659474134445
fire/seq-03/frame-000484.color.png -0.25629183650016785 -0.65975421667099 0.47551390528678894 0.9583995938301086 -0.27931368350982666 0.029180143028497696 0.05101693794131279
fire/seq-03/frame-000485.color.png -0.25326022505760193 -0.6500381231307983 0.4580881893634796 0.9572375416755676 -0.2826496958732605 0.030459225177764893 0.05364440008997917
fire/seq-03/frame-000486.color.png -0.23720338940620422 -0.6604425311088562 0.4668494760990143 0.9544274806976318 -0.2929660975933075 0.02986518107354641 0.04844629764556885
fire/seq-03/frame-000487.color.png -0.21213915944099426 -0.661853551864624 0.46063709259033203 0.9542069435119629 -0.2931958734989166 0.02850048616528511 0.05208701267838478
fire/seq-03/frame-000488.color.png -0.20574602484703064 -0.662527859210968 0.4541648328304291 0.9554099440574646 -0.28942927718162537 0.031017903238534927 0.04960225149989128
fire/seq-03/frame-000489.color.png -0.22800445556640625 -0.6564381718635559 0.4533657133579254 0.9574229121208191 -0.2810744643211365 0.03497405722737312 0.05581508204340935
fire/seq-03/frame-000490.color.png -0.2146032601594925 -0.673432469367981 0.4497765302658081 0.9537835717201233 -0.29480114579200745 0.028517145663499832 0.05075507611036301
fire/seq-03/frame-000491.color.png -0.2004096806049347 -0.6816874742507935 0.4674701988697052 0.9545755982398987 -0.2916855216026306 0.032179094851017 0.051666196435689926
fire/seq-03/frame-000492.color.png -0.20239797234535217 -0.6760503649711609 0.4496743083000183 0.9585757255554199 -0.27760037779808044 0.028001146391034126 0.057326801121234894
fire/seq-03/frame-000493.color.png -0.2009698748588562 -0.6607766151428223 0.435170978307724 0.9559986591339111 -0.28766217827796936 0.0177980475127697 0.05477357283234596
fire/seq-03/frame-000494.color.png -0.17139357328414917 -0.6809257864952087 0.46399879455566406 0.954727292060852 -0.29289865493774414 0.018564889207482338 0.04859556630253792
fire/seq-03/frame-000495.color.png -0.16117742657661438 -0.6645635366439819 0.4750448763370514 0.9574759602546692 -0.28315481543540955 0.025206079706549644 0.049272459000349045
fire/seq-03/frame-000496.color.png -0.15020331740379333 -0.6481986045837402 0.45716267824172974 0.9584977030754089 -0.2792365550994873 0.015518207103013992 0.055391449481248856
fire/seq-03/frame-000497.color.png -0.15020331740379333 -0.6481986045837402 0.45716267824172974 0.9584977030754089 -0.2792365550994873 0.015518207103013992 0.055391449481248856
fire/seq-03/frame-000498.color.png -0.17368891835212708 -0.664749801158905 0.4578362703323364 0.9569225907325745 -0.2850494384765625 0.018607476726174355 0.05195736140012741
fire/seq-03/frame-000499.color.png -0.14361441135406494 -0.6692772507667542 0.4685104191303253 0.9570679068565369 -0.28398844599723816 0.021167775616049767 0.05406859517097473
fire/seq-03/frame-000500.color.png -0.13648980855941772 -0.6805254817008972 0.4683774709701538 0.9564715027809143 -0.2878176271915436 0.009926948696374893 0.04716729372739792
fire/seq-03/frame-000501.color.png -0.15037386119365692 -0.696071982383728 0.4625909626483917 0.9551567435264587 -0.29177287220954895 0.017459634691476822 0.047322314232587814
fire/seq-03/frame-000502.color.png -0.11848115921020508 -0.6810412406921387 0.44655466079711914 0.9572774171829224 -0.2852461636066437 0.006345072761178017 0.04705562815070152
fire/seq-03/frame-000503.color.png -0.11265015602111816 -0.6748036742210388 0.4439932703971863 0.9577118754386902 -0.28404074907302856 0.006899722386151552 0.04540051147341728
fire/seq-03/frame-000504.color.png -0.08652719855308533 -0.6854364275932312 0.45925694704055786 0.9566207528114319 -0.2876392900943756 0.00044550077291205525 0.04626082628965378
fire/seq-03/frame-000505.color.png -0.09381826221942902 -0.679255485534668 0.4452052116394043 0.9598199129104614 -0.27651429176330566 0.0013486037496477365 0.047787752002477646
fire/seq-03/frame-000506.color.png -0.11026301980018616 -0.6619075536727905 0.44121822714805603 0.9581981301307678 -0.28077101707458496 -0.001562400022521615 0.054969027638435364
fire/seq-03/frame-000507.color.png -0.0696665495634079 -0.6607904434204102 0.48532208800315857 0.9595531821250916 -0.2775786221027374 -0.00483082327991724 0.046737682074308395
fire/seq-03/frame-000508.color.png -0.08114618062973022 -0.6510788798332214 0.47645410895347595 0.9611461162567139 -0.2717134654521942 0.0055775768123567104 0.048359666019678116
fire/seq-03/frame-000509.color.png -0.06775858998298645 -0.6815480589866638 0.4812491536140442 0.9608483910560608 -0.27224987745285034 0.0004271976067684591 0.051481399685144424
fire/seq-03/frame-000510.color.png -0.05121849849820137 -0.6930172443389893 0.4892053008079529 0.960555911064148 -0.27345237135887146 -0.004854691214859486 0.05032483860850334
fire/seq-03/frame-000511.color.png -0.06488652527332306 -0.6847929954528809 0.48119238018989563 0.9584385752677917 -0.28145700693130493 0.0011830434668809175 0.046649686992168427
fire/seq-03/frame-000512.color.png -0.0894482433795929 -0.6804333329200745 0.4650946855545044 0.9573281407356262 -0.28531748056411743 0.005877028219401836 0.04563169553875923
fire/seq-03/frame-000513.color.png -0.0894482433795929 -0.6804333329200745 0.4650946855545044 0.9573281407356262 -0.28531748056411743 0.005877028219401836 0.04563169553875923
fire/seq-03/frame-000514.color.png -0.06227980926632881 -0.6930968761444092 0.49311357736587524 0.9588051438331604 -0.2802189290523529 -0.0015807445161044598 0.04655785113573074
fire/seq-03/frame-000515.color.png -0.03488674387335777 -0.7044269442558289 0.49924397468566895 0.9593040347099304 -0.2792724370956421 0.0030205463990569115 0.04163781926035881
fire/seq-03/frame-000516.color.png -0.013190485537052155 -0.704243004322052 0.4941602349281311 0.960214376449585 -0.27498412132263184 -0.0014271859545260668 0.04868313670158386
fire/seq-03/frame-000517.color.png -0.008810006082057953 -0.7043426036834717 0.5033989548683167 0.9618875980377197 -0.2688271403312683 -0.004213380627334118 0.04986415058374405
fire/seq-03/frame-000518.color.png -0.011958561837673187 -0.6946092247962952 0.48631155490875244 0.9609386920928955 -0.2719685435295105 -0.009758775122463703 0.05034607648849487
fire/seq-03/frame-000519.color.png -0.03797289356589317 -0.6904134154319763 0.47884488105773926 0.9621484875679016 -0.2681817412376404 -0.006698742508888245 0.04800015315413475
fire/seq-03/frame-000520.color.png -0.016433589160442352 -0.6934135556221008 0.4939824938774109 0.9620079398155212 -0.26911595463752747 -0.00651305727660656 0.04555114358663559
fire/seq-03/frame-000521.color.png -0.0334513895213604 -0.7004626989364624 0.48232877254486084 0.9640620946884155 -0.2616829574108124 -0.0035215301904827356 0.04576057195663452
fire/seq-03/frame-000522.color.png -0.003554999828338623 -0.7097167372703552 0.48216530680656433 0.9630982279777527 -0.2662281095981598 -0.003967772703617811 0.039354607462882996
fire/seq-03/frame-000523.color.png 0.037552155554294586 -0.6989436149597168 0.4755094647407532 0.9638615846633911 -0.2629038989543915 -0.00019461677584331483 0.04303775727748871
fire/seq-03/frame-000524.color.png 0.05270978435873985 -0.6932169795036316 0.49965161085128784 0.9645169377326965 -0.2607985734939575 0.0002688595268409699 0.04112565517425537
fire/seq-03/frame-000525.color.png 0.032319873571395874 -0.6920744776725769 0.4864499568939209 0.9655033946037292 -0.2573610842227936 -0.001998636405915022 0.039553940296173096
fire/seq-03/frame-000526.color.png 0.024201367050409317 -0.6832593083381653 0.4695216119289398 0.9632322192192078 -0.2664770781993866 -0.005581249948590994 0.03380165621638298
fire/seq-03/frame-000527.color.png 0.045064669102430344 -0.693209171295166 0.4676753878593445 0.9585711359977722 -0.2824186384677887 -0.018258582800626755 0.032371215522289276
fire/seq-03/frame-000528.color.png 0.07584938406944275 -0.7142835259437561 0.5027241706848145 0.9570837616920471 -0.2877309024333954 -0.006969616748392582 0.03395429253578186
fire/seq-03/frame-000529.color.png 0.07584938406944275 -0.7142835259437561 0.5027241706848145 0.9570837616920471 -0.2877309024333954 -0.006969616748392582 0.03395429253578186
fire/seq-03/frame-000530.color.png 0.05015426501631737 -0.7018238306045532 0.4883938431739807 0.9569368958473206 -0.2886386513710022 -0.01066546980291605 0.0290837325155735
fire/seq-03/frame-000531.color.png 0.08648103475570679 -0.7110574841499329 0.475521057844162 0.9569166302680969 -0.28746098279953003 -0.033242952078580856 0.023907624185085297
fire/seq-03/frame-000532.color.png 0.09411473572254181 -0.7007797360420227 0.5023831725120544 0.9510710835456848 -0.3079659938812256 -0.01653200201690197 0.01863781549036503
fire/seq-03/frame-000533.color.png 0.0882839560508728 -0.7148367762565613 0.5017799735069275 0.954128086566925 -0.29745912551879883 -0.024537844583392143 0.02356886677443981
fire/seq-03/frame-000534.color.png 0.11497779190540314 -0.6909626722335815 0.5173183679580688 0.9569024443626404 -0.28689563274383545 -0.04337409511208534 0.012139632366597652
fire/seq-03/frame-000535.color.png 0.14785444736480713 -0.7012657523155212 0.500922679901123 0.9498440623283386 -0.31123796105384827 -0.02941977232694626 0.007853138260543346
fire/seq-03/frame-000536.color.png 0.1462828665971756 -0.7229254245758057 0.528568685054779 0.9528137445449829 -0.30092525482177734 -0.0396275594830513 0.004420071374624968
fire/seq-03/frame-000537.color.png 0.11780481040477753 -0.7229638695716858 0.5235909223556519 0.955568790435791 -0.29076388478279114 -0.04841409996151924 -0.0008715693256817758
fire/seq-03/frame-000538.color.png 0.22176440060138702 -0.7310159206390381 0.5135202407836914 0.9524475336074829 -0.30182668566703796 -0.041660185903310776 -0.002964083570986986
fire/seq-03/frame-000539.color.png 0.25271669030189514 -0.7520473003387451 0.5275821089744568 0.9471022486686707 -0.31916067004203796 -0.03313582390546799 -0.005982315167784691
fire/seq-03/frame-000540.color.png 0.2640049159526825 -0.7414249777793884 0.521801769733429 0.9507599472999573 -0.30598801374435425 -0.04564279690384865 -0.01853610947728157
fire/seq-03/frame-000541.color.png 0.2654780447483063 -0.7094898819923401 0.5024407505989075 0.9485065937042236 -0.31261298060417175 -0.04898819327354431 -0.01443690899759531
fire/seq-03/frame-000542.color.png 0.2889789938926697 -0.7281855344772339 0.5280174612998962 0.9534105062484741 -0.2896643280982971 -0.08244390785694122 -0.01749158650636673
fire/seq-03/frame-000543.color.png 0.27911120653152466 -0.7273375988006592 0.5118001699447632 0.9536124467849731 -0.2819327712059021 -0.102450430393219 -0.025323744863271713
fire/seq-03/frame-000544.color.png 0.30885496735572815 -0.726531445980072 0.5092061758041382 0.9493728876113892 -0.3016330897808075 -0.08513853698968887 -0.021445566788315773
fire/seq-03/frame-000545.color.png 0.33452099561691284 -0.7181299328804016 0.5175541043281555 0.948725700378418 -0.3072880506515503 -0.06847431510686874 -0.028370575979351997
fire/seq-03/frame-000546.color.png 0.35040193796157837 -0.7148609757423401 0.520861029624939 0.9474480748176575 -0.30828726291656494 -0.07872409373521805 -0.033222347497940063
fire/seq-03/frame-000547.color.png 0.34514883160591125 -0.7193881869316101 0.5178545117378235 0.9468667507171631 -0.2985059916973114 -0.11002838611602783 -0.047237738966941833
fire/seq-03/frame-000548.color.png 0.3601734936237335 -0.7236737608909607 0.5219529271125793 0.9447924494743347 -0.2951977550983429 -0.13329197466373444 -0.049584485590457916
fire/seq-03/frame-000549.color.png 0.3555581569671631 -0.718392550945282 0.5121843218803406 0.9444460272789001 -0.2761324644088745 -0.16629688441753387 -0.0641726478934288
fire/seq-03/frame-000550.color.png 0.3619774281978607 -0.7084397673606873 0.508050799369812 0.9464345574378967 -0.3044811487197876 -0.09512122720479965 -0.0500483475625515
fire/seq-03/frame-000551.color.png 0.40437862277030945 -0.7050949335098267 0.5064173936843872 0.9462025165557861 -0.30526742339134216 -0.09508927911520004 -0.049703601747751236
fire/seq-03/frame-000552.color.png 0.4360186755657196 -0.7212173938751221 0.520002543926239 0.9478296041488647 -0.27722033858299255 -0.14499123394489288 -0.061198264360427856
fire/seq-03/frame-000553.color.png 0.38394907116889954 -0.709835946559906 0.5271691083908081 0.9472816586494446 -0.2829956114292145 -0.13413937389850616 -0.06765778362751007
fire/seq-03/frame-000554.color.png 0.40959081053733826 -0.7027100920677185 0.4908728003501892 0.9477464556694031 -0.29506510496139526 -0.10970783233642578 -0.05174430087208748
fire/seq-03/frame-000555.color.png 0.43660011887550354 -0.7316805124282837 0.4866098165512085 0.9518294930458069 -0.2785879373550415 -0.11370999366044998 -0.058987099677324295
fire/seq-03/frame-000556.color.png 0.5072327256202698 -0.7139178514480591 0.5276644825935364 0.9469022750854492 -0.2854391038417816 -0.12855416536331177 -0.07330942153930664
fire/seq-03/frame-000557.color.png 0.5288316011428833 -0.7147720456123352 0.5409579873085022 0.9424328207969666 -0.29622673988342285 -0.14083948731422424 -0.06507129222154617
fire/seq-03/frame-000558.color.png 0.524365246295929 -0.7247879505157471 0.5487208962440491 0.9429323077201843 -0.2813284397125244 -0.16191715002059937 -0.07426857948303223
fire/seq-03/frame-000559.color.png 0.5068989396095276 -0.7084640860557556 0.517368495464325 0.946162760257721 -0.28569963574409485 -0.13039012253284454 -0.0784236341714859
fire/seq-03/frame-000560.color.png 0.5053810477256775 -0.7047358155250549 0.522928774356842 0.9434782862663269 -0.29085421562194824 -0.14962562918663025 -0.05352345481514931
fire/seq-03/frame-000561.color.png 0.5231844186782837 -0.6901367902755737 0.5259846448898315 0.9437984824180603 -0.29351410269737244 -0.14260460436344147 -0.05251554399728775
fire/seq-03/frame-000562.color.png 0.5101017951965332 -0.6951438784599304 0.5254878997802734 0.9465427398681641 -0.2914334535598755 -0.12215983122587204 -0.06481067836284637
fire/seq-03/frame-000563.color.png 0.5435195565223694 -0.7107034921646118 0.5507699251174927 0.9501688480377197 -0.27653768658638 -0.12572552263736725 -0.06999386101961136
fire/seq-03/frame-000564.color.png 0.5785608291625977 -0.7145713567733765 0.5822332501411438 0.9463748931884766 -0.27486565709114075 -0.16074548661708832 -0.05462745204567909
fire/seq-03/frame-000565.color.png 0.5679551362991333 -0.7079877257347107 0.5843607187271118 0.9480133652687073 -0.2739894390106201 -0.1523757129907608 -0.05460936576128006
fire/seq-03/frame-000566.color.png 0.5967633724212646 -0.6950042247772217 0.5907455682754517 0.9475914835929871 -0.26717251539230347 -0.16380758583545685 -0.06209889426827431
fire/seq-03/frame-000567.color.png 0.6361067295074463 -0.7074701189994812 0.5929378271102905 0.9471320509910583 -0.27084800601005554 -0.1601279228925705 -0.06278008222579956
fire/seq-03/frame-000568.color.png 0.6305590867996216 -0.7117588520050049 0.6081161499023438 0.9514122009277344 -0.2579731345176697 -0.16195790469646454 -0.045104049146175385
fire/seq-03/frame-000569.color.png 0.6007773280143738 -0.719179093837738 0.6049826145172119 0.9528024196624756 -0.24972520768642426 -0.16166727244853973 -0.060568369925022125
fire/seq-03/frame-000570.color.png 0.6229047775268555 -0.7176432013511658 0.6101205945014954 0.9566358923912048 -0.24480143189430237 -0.14852401614189148 -0.053485676646232605
fire/seq-03/frame-000571.color.png 0.6575303673744202 -0.7269447445869446 0.6261152625083923 0.9545045495033264 -0.2459600865840912 -0.16001327335834503 -0.053106632083654404
fire/seq-03/frame-000572.color.png 0.6602349281311035 -0.7224770188331604 0.6412557363510132 0.9540252685546875 -0.24838371574878693 -0.15981729328632355 -0.050987184047698975
fire/seq-03/frame-000573.color.png 0.6630558371543884 -0.7212355136871338 0.6432498097419739 0.9511575102806091 -0.25484779477119446 -0.1660761535167694 -0.05263620987534523
fire/seq-03/frame-000574.color.png 0.6144876480102539 -0.7298617362976074 0.6320410966873169 0.9538933634757996 -0.24770686030387878 -0.16280287504196167 -0.047159336507320404
fire/seq-03/frame-000575.color.png 0.6381450295448303 -0.7167636156082153 0.6526784896850586 0.9564270973205566 -0.23496150970458984 -0.16724012792110443 -0.04551003500819206
fire/seq-03/frame-000576.color.png 0.6444168090820312 -0.7301617860794067 0.6616435050964355 0.9552815556526184 -0.24126741290092468 -0.1654655784368515 -0.04299325495958328
fire/seq-03/frame-000577.color.png 0.6455300450325012 -0.7229878902435303 0.6632600426673889 0.9572958946228027 -0.24422313272953033 -0.14999699592590332 -0.03795503452420235
fire/seq-03/frame-000578.color.png 0.6213473081588745 -0.7164655923843384 0.7135301232337952 0.9588139653205872 -0.23013333976268768 -0.16067032516002655 -0.04358262941241264
fire/seq-03/frame-000579.color.png 0.6240094900131226 -0.7198241949081421 0.716398298740387 0.958488404750824 -0.23220230638980865 -0.15853610634803772 -0.04741537570953369
fire/seq-03/frame-000580.color.png 0.6508327722549438 -0.7189233303070068 0.747978687286377 0.9605925679206848 -0.2343563586473465 -0.1439836025238037 -0.04009728878736496
fire/seq-03/frame-000581.color.png 0.6554627418518066 -0.717613935470581 0.7482109069824219 0.9583246111869812 -0.23428168892860413 -0.15794916450977325 -0.04216746613383293
fire/seq-03/frame-000582.color.png 0.6569421887397766 -0.717525839805603 0.7250617742538452 0.9589542150497437 -0.23803584277629852 -0.14812421798706055 -0.042484305799007416
fire/seq-03/frame-000583.color.png 0.6434082984924316 -0.7233355045318604 0.7177778482437134 0.9588499069213867 -0.24487127363681793 -0.13496015965938568 -0.049299389123916626
fire/seq-03/frame-000584.color.png 0.6372136473655701 -0.7145676612854004 0.7102196216583252 0.959952175617218 -0.23317311704158783 -0.14612935483455658 -0.05261557176709175
fire/seq-03/frame-000585.color.png 0.6468033790588379 -0.7091037631034851 0.7365365028381348 0.9580695629119873 -0.23710575699806213 -0.15149164199829102 -0.05416598170995712
fire/seq-03/frame-000586.color.png 0.639467716217041 -0.7247034311294556 0.7285151481628418 0.9588386416435242 -0.23924466967582703 -0.1425691694021225 -0.05535873770713806
fire/seq-03/frame-000587.color.png 0.653272271156311 -0.7148337960243225 0.738764762878418 0.9567721486091614 -0.23980861902236938 -0.15584146976470947 -0.052843786776065826
fire/seq-03/frame-000588.color.png 0.6605275869369507 -0.7187726497650146 0.7365164756774902 0.9603127837181091 -0.2310720831155777 -0.14411719143390656 -0.06029311940073967
fire/seq-03/frame-000589.color.png 0.670845091342926 -0.7088742256164551 0.7529256343841553 0.9607897400856018 -0.2268715500831604 -0.14867059886455536 -0.05752648785710335
fire/seq-03/frame-000590.color.png 0.6163309812545776 -0.6939630508422852 0.7552581429481506 0.9600175023078918 -0.21797767281532288 -0.16568812727928162 -0.05830533429980278
fire/seq-03/frame-000591.color.png 0.606820285320282 -0.7072765231132507 0.7892575860023499 0.9596776962280273 -0.22105097770690918 -0.1592179834842682 -0.0693175420165062
fire/seq-03/frame-000592.color.png 0.6652392745018005 -0.6857633590698242 0.7865792512893677 0.9574272632598877 -0.22858890891075134 -0.15895381569862366 -0.07624838501214981
fire/seq-03/frame-000593.color.png 0.6652392745018005 -0.6857633590698242 0.7865792512893677 0.9574272632598877 -0.22858890891075134 -0.15895381569862366 -0.07624838501214981
fire/seq-03/frame-000594.color.png 0.6548342108726501 -0.6910572052001953 0.7560781836509705 0.9576724171638489 -0.2241704761981964 -0.16119016706943512 -0.0814179852604866
fire/seq-03/frame-000595.color.png 0.7011440992355347 -0.6865021586418152 0.778509259223938 0.9507611393928528 -0.22137144207954407 -0.20081911981105804 -0.08197346329689026
fire/seq-03/frame-000596.color.png 0.6974464654922485 -0.6685530543327332 0.7821519374847412 0.9508599042892456 -0.22333994507789612 -0.19868658483028412 -0.08067477494478226
fire/seq-03/frame-000597.color.png 0.6918165683746338 -0.6635902523994446 0.7772372961044312 0.9484338760375977 -0.22765472531318665 -0.20275980234146118 -0.08680370450019836
fire/seq-03/frame-000598.color.png 0.7175607681274414 -0.6560003161430359 0.7856895923614502 0.9433525800704956 -0.2226155400276184 -0.229068323969841 -0.0897546336054802
fire/seq-03/frame-000599.color.png 0.7527856230735779 -0.6449398398399353 0.7642982006072998 0.9450087547302246 -0.22938236594200134 -0.21673360466957092 -0.085842065513134
fire/seq-03/frame-000600.color.png 0.7500367760658264 -0.6589974164962769 0.761471152305603 0.9401211142539978 -0.23808594048023224 -0.2275080531835556 -0.08790500462055206
fire/seq-03/frame-000601.color.png 0.7486457228660583 -0.6688446402549744 0.7508154511451721 0.938973605632782 -0.23597292602062225 -0.23345378041267395 -0.09024795144796371
fire/seq-03/frame-000602.color.png 0.7550209760665894 -0.6544773578643799 0.766370415687561 0.9356884360313416 -0.2346072793006897 -0.24743200838565826 -0.09068559110164642
fire/seq-03/frame-000603.color.png 0.7555783987045288 -0.6475851535797119 0.8090479373931885 0.9305239319801331 -0.23916693031787872 -0.2613377571105957 -0.09288201481103897
fire/seq-03/frame-000604.color.png 0.7667371034622192 -0.6653628349304199 0.7863842844963074 0.930173397064209 -0.2413983941078186 -0.26122480630874634 -0.09091604501008987
fire/seq-03/frame-000605.color.png 0.763264000415802 -0.6706486344337463 0.7938153743743896 0.9308552742004395 -0.2423199564218521 -0.2564944624900818 -0.0948687493801117
fire/seq-03/frame-000606.color.png 0.7355635762214661 -0.653012216091156 0.8159544467926025 0.9410040974617004 -0.22456727921962738 -0.22924260795116425 -0.10737099498510361
fire/seq-03/frame-000607.color.png 0.6889912486076355 -0.6424477100372314 0.7817044854164124 0.945232093334198 -0.23002636432647705 -0.20331133902072906 -0.11085394769906998
fire/seq-03/frame-000608.color.png 0.706403374671936 -0.6784919500350952 0.8183867931365967 0.9425088763237 -0.23076865077018738 -0.2204580157995224 -0.09910092502832413
fire/seq-03/frame-000609.color.png 0.6836618781089783 -0.6568952202796936 0.8025241494178772 0.9401878118515015 -0.23626567423343658 -0.22725774347782135 -0.09262458235025406
fire/seq-03/frame-000610.color.png 0.6835052371025085 -0.6792467832565308 0.8152713775634766 0.9430440664291382 -0.23848220705986023 -0.21453724801540375 -0.0881371945142746
fire/seq-03/frame-000611.color.png 0.6539543271064758 -0.6697160005569458 0.8361203074455261 0.9453747272491455 -0.23839342594146729 -0.20043006539344788 -0.0962442085146904
fire/seq-03/frame-000612.color.png 0.6662934422492981 -0.6816802024841309 0.8209890723228455 0.95821213722229 -0.22805915772914886 -0.1425146907567978 -0.09750955551862717
fire/seq-03/frame-000613.color.png 0.5868171453475952 -0.7011138200759888 0.8360214233398438 0.9559047818183899 -0.21728727221488953 -0.16968807578086853 -0.10118485242128372
fire/seq-03/frame-000614.color.png 0.6180270910263062 -0.6745143532752991 0.8602269887924194 0.9573206901550293 -0.22430796921253204 -0.15948070585727692 -0.08825496584177017
fire/seq-03/frame-000615.color.png 0.6066718101501465 -0.6469851732254028 0.8294579386711121 0.9595451951026917 -0.22151826322078705 -0.15235984325408936 -0.0836009681224823
fire/seq-03/frame-000616.color.png 0.5839760899543762 -0.655203104019165 0.816153883934021 0.9614566564559937 -0.20915448665618896 -0.15632399916648865 -0.08612947165966034
fire/seq-03/frame-000617.color.png 0.5839760899543762 -0.655203104019165 0.816153883934021 0.9614566564559937 -0.20915448665618896 -0.15632399916648865 -0.08612947165966034
fire/seq-03/frame-000618.color.png 0.5837609171867371 -0.6550788879394531 0.8370651006698608 0.9627605080604553 -0.21466638147830963 -0.1438743621110916 -0.07943959534168243
fire/seq-03/frame-000619.color.png 0.5769774913787842 -0.6647534966468811 0.8610197901725769 0.9636735320091248 -0.2160349041223526 -0.13643097877502441 -0.07777485996484756
fire/seq-03/frame-000620.color.png 0.5526400208473206 -0.6511522531509399 0.8688933253288269 0.9627541303634644 -0.22604620456695557 -0.12762455642223358 -0.07562941312789917
fire/seq-03/frame-000621.color.png 0.5437539219856262 -0.6580477952957153 0.8694637417793274 0.9609681963920593 -0.22085630893707275 -0.1504940241575241 -0.07151434570550919
fire/seq-03/frame-000622.color.png 0.5345068573951721 -0.6571704149246216 0.8779346346855164 0.9607954025268555 -0.21383178234100342 -0.16306716203689575 -0.06750783324241638
fire/seq-03/frame-000623.color.png 0.49046212434768677 -0.649253249168396 0.8816056251525879 0.9640564322471619 -0.21988119184970856 -0.13567452132701874 -0.06196627393364906
fire/seq-03/frame-000624.color.png 0.44844257831573486 -0.6543994545936584 0.8663139939308167 0.9660370945930481 -0.21992751955986023 -0.1237984299659729 -0.055480483919382095
fire/seq-03/frame-000625.color.png 0.44064077734947205 -0.6580083966255188 0.842904806137085 0.9674778580665588 -0.21565333008766174 -0.12550796568393707 -0.04157025367021561
fire/seq-03/frame-000626.color.png 0.42781051993370056 -0.6447004675865173 0.8510046005249023 0.9680604934692383 -0.2220214307308197 -0.10886498540639877 -0.04139745980501175
fire/seq-03/frame-000627.color.png 0.42781051993370056 -0.6447004675865173 0.8510046005249023 0.9680604934692383 -0.2220214307308197 -0.10886498540639877 -0.04139745980501175
fire/seq-03/frame-000628.color.png 0.40201881527900696 -0.6444270014762878 0.8525890707969666 0.9700441360473633 -0.22733549773693085 -0.07847383618354797 -0.034274742007255554
fire/seq-03/frame-000629.color.png 0.365826278924942 -0.6278749704360962 0.8915100693702698 0.9729520678520203 -0.21741729974746704 -0.07508327811956406 -0.021366076543927193
fire/seq-03/frame-000630.color.png 0.3135601580142975 -0.6209807991981506 0.9160444140434265 0.9770972728729248 -0.207194983959198 -0.04618062451481819 -0.014783404767513275
fire/seq-03/frame-000631.color.png 0.2193952053785324 -0.6090238094329834 0.8969942331314087 0.9768498539924622 -0.2105027735233307 -0.03760505095124245 -0.006233012769371271
fire/seq-03/frame-000632.color.png 0.2193952053785324 -0.6090238094329834 0.8969942331314087 0.9768498539924622 -0.2105027735233307 -0.03760505095124245 -0.006233012769371271
fire/seq-03/frame-000633.color.png 0.2046162188053131 -0.591617226600647 0.8749397993087769 0.9779538512229919 -0.20734448730945587 -0.024386269971728325 0.004465413745492697
fire/seq-03/frame-000634.color.png 0.13879930973052979 -0.5884495973587036 0.8688632249832153 0.9801954627037048 -0.19705167412757874 -0.012417512014508247 0.015272330492734909
fire/seq-03/frame-000635.color.png 0.1274213343858719 -0.6003245711326599 0.9035102128982544 0.9772929549217224 -0.21099497377872467 -0.00427916320040822 0.01900767721235752
fire/seq-03/frame-000636.color.png 0.07249051332473755 -0.5698977112770081 0.9020255208015442 0.9791946411132812 -0.2008950412273407 0.011510124430060387 0.026199039071798325
fire/seq-03/frame-000637.color.png 0.09763635694980621 -0.5551797151565552 0.9097054600715637 0.9779652953147888 -0.2036205679178238 0.03059365414083004 0.034449197351932526
fire/seq-03/frame-000638.color.png 0.09763635694980621 -0.5551797151565552 0.9097054600715637 0.9779652953147888 -0.2036205679178238 0.03059365414083004 0.034449197351932526
fire/seq-03/frame-000639.color.png 0.07255968451499939 -0.5548874139785767 0.9108930826187134 0.9785928726196289 -0.1980869323015213 0.04175456240773201 0.03706968203186989
fire/seq-03/frame-000640.color.png 0.06310463696718216 -0.5608325004577637 0.9102592468261719 0.979425847530365 -0.19553357362747192 0.02962532825767994 0.040173087269067764
fire/seq-03/frame-000641.color.png 0.08817063271999359 -0.5509577989578247 0.905831515789032 0.9790897369384766 -0.19785399734973907 0.030134929344058037 0.03645666316151619
fire/seq-03/frame-000642.color.png 0.06732654571533203 -0.5300599336624146 0.8918048739433289 0.979720950126648 -0.1927911341190338 0.03651019185781479 0.040565744042396545
fire/seq-03/frame-000643.color.png 0.03012486919760704 -0.5343998074531555 0.8945009112358093 0.9787294268608093 -0.19647926092147827 0.03958320617675781 0.043793097138404846
fire/seq-03/frame-000644.color.png 0.03012486919760704 -0.5343998074531555 0.8945009112358093 0.9787294268608093 -0.19647926092147827 0.03958320617675781 0.043793097138404846
fire/seq-03/frame-000645.color.png 0.04212973266839981 -0.5389721393585205 0.897746205329895 0.9795693755149841 -0.19289807975292206 0.03522859886288643 0.04464354366064072
fire/seq-03/frame-000646.color.png 0.038700610399246216 -0.5286496877670288 0.8732044100761414 0.9803804755210876 -0.18843434751033783 0.03306634724140167 0.0474662221968174
fire/seq-03/frame-000647.color.png 0.01385946199297905 -0.5211204290390015 0.8881248831748962 0.9791188836097717 -0.19481849670410156 0.02846122905611992 0.050613828003406525
fire/seq-03/frame-000648.color.png -0.025119978934526443 -0.5053029656410217 0.8667981028556824 0.9796304106712341 -0.19012989103794098 0.03952842950820923 0.051109250634908676
fire/seq-03/frame-000649.color.png 0.015683725476264954 -0.5110570192337036 0.8613399863243103 0.9793016910552979 -0.18909552693367004 0.048099517822265625 0.05382801592350006
fire/seq-03/frame-000650.color.png 0.0007431656122207642 -0.5176082849502563 0.8804651498794556 0.9805601239204407 -0.18078462779521942 0.05426139757037163 0.05361512303352356
fire/seq-03/frame-000651.color.png 0.0007431656122207642 -0.5176082849502563 0.8804651498794556 0.9805601239204407 -0.18078462779521942 0.05426139757037163 0.05361512303352356
fire/seq-03/frame-000652.color.png -0.003549322485923767 -0.504100501537323 0.8752616047859192 0.980516254901886 -0.18135736882686615 0.05052401125431061 0.056079547852277756
fire/seq-03/frame-000653.color.png 0.0223088301718235 -0.5077174305915833 0.8747017979621887 0.9798904061317444 -0.180479034781456 0.06149504333734512 0.05882691591978073
fire/seq-03/frame-000654.color.png -0.012950379401445389 -0.5215086340904236 0.8779627084732056 0.9824406504631042 -0.16556717455387115 0.05624343827366829 0.06507384777069092
fire/seq-03/frame-000655.color.png -0.02461174502968788 -0.4973362684249878 0.8761693239212036 0.9817152619361877 -0.1700495034456253 0.05562097579240799 0.06499794870615005
fire/seq-03/frame-000656.color.png -0.02500966563820839 -0.5072842836380005 0.8843976855278015 0.9823784232139587 -0.16860631108283997 0.05586276948451996 0.05817380174994469
fire/seq-03/frame-000657.color.png -0.01948990300297737 -0.5178736448287964 0.8815624117851257 0.980644702911377 -0.17159323394298553 0.06564114987850189 0.06769944727420807
fire/seq-03/frame-000658.color.png -0.01948990300297737 -0.5178736448287964 0.8815624117851257 0.980644702911377 -0.17159323394298553 0.06564114987850189 0.06769944727420807
fire/seq-03/frame-000659.color.png -0.055108968168497086 -0.5051186084747314 0.8953171968460083 0.9790499806404114 -0.1824353039264679 0.05912412330508232 0.06843171268701553
fire/seq-03/frame-000660.color.png -0.04538274183869362 -0.5198310017585754 0.9128947257995605 0.9800043106079102 -0.17124319076538086 0.07183956354856491 0.0714607834815979
fire/seq-03/frame-000661.color.png -0.057089004665613174 -0.4949359893798828 0.903896152973175 0.9802939891815186 -0.1717509627342224 0.06899479776620865 0.06902977079153061
fire/seq-03/frame-000662.color.png -0.05319955572485924 -0.5127001404762268 0.8826491832733154 0.9802418351173401 -0.16446416079998016 0.08068270981311798 0.07461737841367722
fire/seq-03/frame-000663.color.png -0.08975745737552643 -0.5162613987922668 0.9017459750175476 0.9784616231918335 -0.1668051779270172 0.09562669694423676 0.0751291885972023
fire/seq-03/frame-000664.color.png -0.08408878743648529 -0.5013370513916016 0.9168179035186768 0.9793031811714172 -0.16415157914161682 0.0883716344833374 0.07880286127328873
fire/seq-03/frame-000665.color.png -0.09618699550628662 -0.48216497898101807 0.8966184258460999 0.979637861251831 -0.15445858240127563 0.09787042438983917 0.08290676027536392
fire/seq-03/frame-000666.color.png -0.10512909293174744 -0.47206932306289673 0.8969350457191467 0.9764730334281921 -0.1579924374818802 0.11470711976289749 0.09154826402664185
fire/seq-03/frame-000667.color.png -0.07872995734214783 -0.4684837758541107 0.9047788977622986 0.9743404984474182 -0.16323162615299225 0.12463321536779404 0.09210201352834702
fire/seq-03/frame-000668.color.png -0.1103023886680603 -0.47622212767601013 0.8938797116279602 0.9741542339324951 -0.15884989500045776 0.12942321598529816 0.09507883340120316
fire/seq-03/frame-000669.color.png -0.14164352416992188 -0.47740092873573303 0.9047327041625977 0.9730940461158752 -0.15343278646469116 0.13869816064834595 0.101533904671669
fire/seq-03/frame-000670.color.png -0.1306748390197754 -0.47414153814315796 0.936267614364624 0.9703448414802551 -0.14874953031539917 0.1559911072254181 0.1094123050570488
fire/seq-03/frame-000671.color.png -0.13313335180282593 -0.4558076560497284 0.9231155514717102 0.969504714012146 -0.15549440681934357 0.1570005714893341 0.10598595440387726
fire/seq-03/frame-000672.color.png -0.15493491291999817 -0.4527182877063751 0.9181530475616455 0.9666875600814819 -0.159889817237854 0.16659338772296906 0.11043962836265564
fire/seq-03/frame-000673.color.png -0.1367313712835312 -0.43527448177337646 0.9346281290054321 0.968501627445221 -0.14663460850715637 0.1634974181652069 0.11735166609287262
fire/seq-03/frame-000674.color.png -0.13556525111198425 -0.4376707673072815 0.9426707625389099 0.9659297466278076 -0.14218072593212128 0.1756272166967392 0.12617187201976776
fire/seq-03/frame-000675.color.png -0.11551572382450104 -0.4337165653705597 0.9492466449737549 0.9650619029998779 -0.13899008929729462 0.17851325869560242 0.13217510282993317
fire/seq-03/frame-000676.color.png -0.1371203362941742 -0.43259015679359436 0.9496399760246277 0.9662318825721741 -0.14183805882930756 0.17391875386238098 0.1266106516122818
fire/seq-03/frame-000677.color.png -0.1362036168575287 -0.43329742550849915 0.9532807469367981 0.9616808295249939 -0.1470164656639099 0.18816107511520386 0.13472670316696167
fire/seq-03/frame-000678.color.png -0.1552559733390808 -0.4354802668094635 0.9547870755195618 0.9600968956947327 -0.1460520625114441 0.1936061829328537 0.13928116858005524
fire/seq-03/frame-000679.color.png -0.19634699821472168 -0.4537493884563446 0.9681455492973328 0.9596437811851501 -0.15149268507957458 0.18954890966415405 0.14214442670345306
fire/seq-03/frame-000680.color.png -0.21150487661361694 -0.4424309730529785 0.9614195227622986 0.9610291123390198 -0.15102070569992065 0.1831049770116806 0.14173297584056854
fire/seq-03/frame-000681.color.png -0.21150487661361694 -0.4424309730529785 0.9614195227622986 0.9610291123390198 -0.15102070569992065 0.1831049770116806 0.14173297584056854
fire/seq-03/frame-000682.color.png -0.21559709310531616 -0.44680243730545044 0.953362762928009 0.9611742496490479 -0.15027277171611786 0.18265902996063232 0.14211887121200562
fire/seq-03/frame-000683.color.png -0.23608559370040894 -0.43697497248649597 0.9517288208007812 0.9574414491653442 -0.14209407567977905 0.20390534400939941 0.1467570960521698
fire/seq-03/frame-000684.color.png -0.2448846399784088 -0.4291434586048126 0.9428063631057739 0.9564719200134277 -0.13321712613105774 0.20914870500564575 0.15385565161705017
fire/seq-03/frame-000685.color.png -0.22779887914657593 -0.4370696544647217 0.9537028670310974 0.9558361172676086 -0.13377904891967773 0.21096277236938477 0.1548396199941635
fire/seq-03/frame-000686.color.png -0.22374531626701355 -0.4375654458999634 0.9515452980995178 0.9552095532417297 -0.13764548301696777 0.21129070222377777 0.15486940741539001
fire/seq-03/frame-000687.color.png -0.22957974672317505 -0.43041542172431946 0.9465790390968323 0.954102098941803 -0.13967664539813995 0.21300643682479858 0.15750515460968018
fire/seq-03/frame-000688.color.png -0.21179348230361938 -0.4341840147972107 0.9365035891532898 0.9528459310531616 -0.13976989686489105 0.21819907426834106 0.15791794657707214
fire/seq-03/frame-000689.color.png -0.22665469348430634 -0.4320829510688782 0.9302904009819031 0.9486047625541687 -0.13594351708889008 0.23246648907661438 0.16621600091457367
fire/seq-03/frame-000690.color.png -0.2282404601573944 -0.4375246465206146 0.9323513507843018 0.9460316300392151 -0.13584434986114502 0.23927836120128632 0.17121949791908264
fire/seq-03/frame-000691.color.png -0.2283599078655243 -0.4479930102825165 0.9410445690155029 0.9411690831184387 -0.12350909411907196 0.2584117352962494 0.17935886979103088
fire/seq-03/frame-000692.color.png -0.23785093426704407 -0.4389811158180237 0.9356355667114258 0.9418449401855469 -0.12243419885635376 0.2557111084461212 0.18041551113128662
fire/seq-03/frame-000693.color.png -0.23123684525489807 -0.4473195970058441 0.9553471803665161 0.9408329725265503 -0.1228887140750885 0.25634318590164185 0.1844451129436493
fire/seq-03/frame-000694.color.png -0.21143028140068054 -0.44474220275878906 0.9540303349494934 0.9372419714927673 -0.13048511743545532 0.26542118191719055 0.18466906249523163
fire/seq-03/frame-000695.color.png -0.22149290144443512 -0.4316520392894745 0.9430318474769592 0.9343881011009216 -0.12713472545146942 0.2751063406467438 0.18727633357048035
fire/seq-03/frame-000696.color.png -0.23399832844734192 -0.42554906010627747 0.9388830661773682 0.9357249736785889 -0.12187033891677856 0.2691468298435211 0.1926821619272232
fire/seq-03/frame-000697.color.png -0.24890843033790588 -0.4373396635055542 0.9525123834609985 0.9302836060523987 -0.12456651031970978 0.2846433222293854 0.19502270221710205
fire/seq-03/frame-000698.color.png -0.23751303553581238 -0.4299519658088684 0.9508500099182129 0.9322155714035034 -0.13814669847488403 0.27326828241348267 0.1929088830947876
fire/seq-03/frame-000699.color.png -0.23069599270820618 -0.4366070330142975 0.9520241022109985 0.9277655482292175 -0.13168475031852722 0.28866010904312134 0.1964319795370102
fire/seq-03/frame-000700.color.png -0.23476025462150574 -0.4335686266422272 0.9458990693092346 0.9194762110710144 -0.13654977083206177 0.3037467896938324 0.20893888175487518
fire/seq-03/frame-000701.color.png -0.21509431302547455 -0.43181976675987244 0.9351280331611633 0.9172253608703613 -0.12134471535682678 0.3085990846157074 0.22077083587646484
fire/seq-03/frame-000702.color.png -0.23578736186027527 -0.42801013588905334 0.9367960691452026 0.9221144914627075 -0.12600389122962952 0.2955617308616638 0.21557173132896423
fire/seq-03/frame-000703.color.png -0.24036452174186707 -0.4384040832519531 0.9377896189689636 0.9191274642944336 -0.12365343421697617 0.3007320761680603 0.22242920100688934
fire/seq-03/frame-000704.color.png -0.2915482223033905 -0.42988741397857666 0.9324759244918823 0.9140034914016724 -0.1284748613834381 0.3121531009674072 0.22506111860275269
fire/seq-03/frame-000705.color.png -0.29047536849975586 -0.42083486914634705 0.9263774752616882 0.9118369817733765 -0.1357908397912979 0.3167545199394226 0.22311647236347198
fire/seq-03/frame-000706.color.png -0.29867643117904663 -0.4177485704421997 0.9375660419464111 0.9080924987792969 -0.1247037872672081 0.3263607919216156 0.2308802753686905
fire/seq-03/frame-000707.color.png -0.2929175794124603 -0.4283095598220825 0.9264082312583923 0.9048582315444946 -0.11925828456878662 0.33318445086479187 0.23663736879825592
fire/seq-03/frame-000708.color.png -0.26718994975090027 -0.4264258146286011 0.9265689253807068 0.898375928401947 -0.11719045788049698 0.3470373749732971 0.2423885017633438
fire/seq-03/frame-000709.color.png -0.2891843616962433 -0.43182840943336487 0.9186787605285645 0.890691876411438 -0.10575830936431885 0.3642418682575226 0.25062134861946106
fire/seq-03/frame-000710.color.png -0.31089314818382263 -0.4129732847213745 0.9328125715255737 0.8967493772506714 -0.11134861409664154 0.3471692204475403 0.2508297264575958
fire/seq-03/frame-000711.color.png -0.3184587359428406 -0.4224725365638733 0.9553934931755066 0.8919880390167236 -0.11113057285547256 0.36073827743530273 0.24874716997146606
fire/seq-03/frame-000712.color.png -0.3398177921772003 -0.4217918813228607 0.9569851160049438 0.8945162296295166 -0.11780350655317307 0.3526626527309418 0.2481773942708969
fire/seq-03/frame-000713.color.png -0.3280108571052551 -0.42842593789100647 0.9650943279266357 0.8960430026054382 -0.11711476743221283 0.3453257381916046 0.25326091051101685
fire/seq-03/frame-000714.color.png -0.3444269597530365 -0.41741183400154114 0.9636500477790833 0.892520546913147 -0.12434977293014526 0.35709261894226074 0.24582336843013763
fire/seq-03/frame-000715.color.png -0.34650173783302307 -0.4257924556732178 0.9685929417610168 0.8895058631896973 -0.11760327965021133 0.3643825352191925 0.24934765696525574
fire/seq-03/frame-000716.color.png -0.36451247334480286 -0.42997562885284424 0.9733759760856628 0.8833702802658081 -0.12055591493844986 0.3763674795627594 0.25193384289741516
fire/seq-03/frame-000717.color.png -0.3748689293861389 -0.427022248506546 0.9711817502975464 0.8844948410987854 -0.11138160526752472 0.3731456995010376 0.2569541335105896
fire/seq-03/frame-000718.color.png -0.35759681463241577 -0.4093317687511444 0.9662356972694397 0.8878078460693359 -0.12014941871166229 0.3649744391441345 0.2532886266708374
fire/seq-03/frame-000719.color.png -0.3656812012195587 -0.4161399006843567 0.9632290005683899 0.8872748017311096 -0.11243545264005661 0.36605092883110046 0.2571159303188324
fire/seq-03/frame-000720.color.png -0.3772999942302704 -0.41187745332717896 0.958984911441803 0.88861483335495 -0.11034534871578217 0.3623543679714203 0.2586249113082886
fire/seq-03/frame-000721.color.png -0.38722777366638184 -0.39773935079574585 0.9547454118728638 0.892952561378479 -0.11919915676116943 0.3553018867969513 0.24937447905540466
fire/seq-03/frame-000722.color.png -0.3943426311016083 -0.39928382635116577 0.9407170414924622 0.8961986303329468 -0.11896353960037231 0.34352633357048035 0.2542939782142639
fire/seq-03/frame-000723.color.png -0.3685537278652191 -0.3738284111022949 0.9499138593673706 0.8936583995819092 -0.1132199615240097 0.3449232876300812 0.2637878954410553
fire/seq-03/frame-000724.color.png -0.38039082288742065 -0.40013590455055237 0.9632062911987305 0.8849951028823853 -0.0947912409901619 0.36603155732154846 0.27169695496559143
fire/seq-03/frame-000725.color.png -0.38742396235466003 -0.39369794726371765 0.9514468312263489 0.8794558048248291 -0.10331296175718307 0.3807196319103241 0.26633912324905396
fire/seq-03/frame-000726.color.png -0.37474170327186584 -0.3844798803329468 0.9716350436210632 0.886652410030365 -0.09940125048160553 0.3659638464450836 0.2646458148956299
fire/seq-03/frame-000727.color.png -0.3947201669216156 -0.39160019159317017 0.9787288904190063 0.8879297971725464 -0.10956310480833054 0.3643246591091156 0.25854235887527466
fire/seq-03/frame-000728.color.png -0.38708797097206116 -0.3902186453342438 0.9713083505630493 0.8860177993774414 -0.10255296528339386 0.3686245381832123 0.2618614137172699
fire/seq-03/frame-000729.color.png -0.39072781801223755 -0.39515072107315063 0.9824219942092896 0.8872469663619995 -0.10104288905858994 0.36797094345092773 0.2591921091079712
fire/seq-03/frame-000730.color.png -0.39320310950279236 -0.3938703238964081 0.9852986931800842 0.8843924403190613 -0.10610167682170868 0.37615767121315 0.2551428973674774
fire/seq-03/frame-000731.color.png -0.3845365345478058 -0.3819899260997772 0.9805675148963928 0.886152446269989 -0.10462165623903275 0.3735642433166504 0.253452330827713
fire/seq-03/frame-000732.color.png -0.4004455804824829 -0.37812429666519165 0.9861207604408264 0.8840894103050232 -0.1068926751613617 0.3803407549858093 0.24960127472877502
fire/seq-03/frame-000733.color.png -0.3945881724357605 -0.3795563578605652 0.9810637831687927 0.8869854807853699 -0.10874083638191223 0.3746938109397888 0.24705637991428375
fire/seq-03/frame-000734.color.png -0.385581374168396 -0.38012072443962097 0.9883328080177307 0.8862826824188232 -0.10757820308208466 0.3756282925605774 0.24866335093975067
fire/seq-03/frame-000735.color.png -0.3869401514530182 -0.3844812214374542 0.9773473143577576 0.8880087733268738 -0.10845886170864105 0.37173864245414734 0.24796685576438904
fire/seq-03/frame-000736.color.png -0.39531245827674866 -0.37717190384864807 0.9694713950157166 0.8983872532844543 -0.11501945555210114 0.34741267561912537 0.24284812808036804
fire/seq-03/frame-000737.color.png -0.40125712752342224 -0.39471346139907837 0.9716433882713318 0.8973761200904846 -0.11529551446437836 0.34579867124557495 0.24868936836719513
fire/seq-03/frame-000738.color.png -0.41527828574180603 -0.3799821138381958 0.9666157364845276 0.8927126526832581 -0.11714066565036774 0.36386123299598694 0.23863622546195984
fire/seq-03/frame-000739.color.png -0.4149939715862274 -0.37525635957717896 0.9638300538063049 0.8923071622848511 -0.12032763659954071 0.36510318517684937 0.23666182160377502
fire/seq-03/frame-000740.color.png -0.431700199842453 -0.3700695037841797 0.9666145443916321 0.8926104307174683 -0.11760716885328293 0.36533501744270325 0.23652760684490204
fire/seq-03/frame-000741.color.png -0.44737696647644043 -0.373538076877594 0.9643236994743347 0.8913205862045288 -0.1125505194067955 0.3695879876613617 0.2372436374425888
fire/seq-03/frame-000742.color.png -0.4507552683353424 -0.3629705607891083 0.9552435874938965 0.8905483484268188 -0.11439131945371628 0.3699182868003845 0.23874391615390778
fire/seq-03/frame-000743.color.png -0.4512676000595093 -0.3665136694908142 0.9686969518661499 0.8904438614845276 -0.1210833340883255 0.3687404990196228 0.2376527488231659
fire/seq-03/frame-000744.color.png -0.4555426239967346 -0.360015332698822 0.9581314325332642 0.8884373903274536 -0.12394124269485474 0.3722496032714844 0.23821820318698883
fire/seq-03/frame-000745.color.png -0.4537604749202728 -0.35504376888275146 0.9528557658195496 0.889899492263794 -0.12353439629077911 0.3731851279735565 0.23141083121299744
fire/seq-03/frame-000746.color.png -0.4594053626060486 -0.3579789996147156 0.9567236304283142 0.8880748152732849 -0.12217230349779129 0.37504807114601135 0.23608507215976715
fire/seq-03/frame-000747.color.png -0.4605816602706909 -0.3588798940181732 0.9520730972290039 0.8901395797729492 -0.11766678094863892 0.3671758770942688 0.2428743690252304
fire/seq-03/frame-000748.color.png -0.46424150466918945 -0.35337263345718384 0.9603800773620605 0.8919883966445923 -0.11882831156253815 0.36471375823020935 0.2392081618309021
fire/seq-03/frame-000749.color.png -0.4758783280849457 -0.342721164226532 0.9544700980186462 0.8899328112602234 -0.11148260533809662 0.36620327830314636 0.247964546084404
fire/seq-03/frame-000750.color.png -0.48677363991737366 -0.33956819772720337 0.9533393383026123 0.8891123533248901 -0.11522340029478073 0.36574238538742065 0.24987052381038666
fire/seq-03/frame-000751.color.png -0.4875524342060089 -0.33350199460983276 0.9348458647727966 0.8962485194206238 -0.1189914271235466 0.35123226046562195 0.24334241449832916
fire/seq-03/frame-000752.color.png -0.5004334449768066 -0.3379131555557251 0.9433029294013977 0.8911827206611633 -0.11587020009756088 0.36664819717407227 0.24070030450820923
fire/seq-03/frame-000753.color.png -0.48835375905036926 -0.3447815477848053 0.952825665473938 0.8921070694923401 -0.12303272634744644 0.36281996965408325 0.23951974511146545
fire/seq-03/frame-000754.color.png -0.49229100346565247 -0.3444904386997223 0.9489814639091492 0.8888439536094666 -0.11404647678136826 0.36693471670150757 0.24961720407009125
fire/seq-03/frame-000755.color.png -0.49365320801734924 -0.3341582715511322 0.942444920539856 0.8912829756736755 -0.11592715978622437 0.36316734552383423 0.24552994966506958
fire/seq-03/frame-000756.color.png -0.4984339773654938 -0.3327846825122833 0.9264792203903198 0.8923064470291138 -0.11891994625329971 0.35887134075164795 0.24669520556926727
fire/seq-03/frame-000757.color.png -0.5200188159942627 -0.32157644629478455 0.9303327798843384 0.8894140720367432 -0.10260636359453201 0.3695978820323944 0.248619943857193
fire/seq-03/frame-000758.color.png -0.5135998725891113 -0.3245982229709625 0.9339299201965332 0.8908600807189941 -0.11108173429965973 0.36476659774780273 0.2469300627708435
fire/seq-03/frame-000759.color.png -0.5124855041503906 -0.3201959729194641 0.9277385473251343 0.8868650794029236 -0.10341031849384308 0.37484946846961975 0.249528706073761
fire/seq-03/frame-000760.color.png -0.5237268805503845 -0.311187744140625 0.9276782274246216 0.8887709379196167 -0.09991460293531418 0.369899719953537 0.2515500485897064
fire/seq-03/frame-000761.color.png -0.515414834022522 -0.30638667941093445 0.9180516600608826 0.8912373781204224 -0.10597091168165207 0.3658694922924042 0.2461821436882019
fire/seq-03/frame-000762.color.png -0.5347270369529724 -0.2977520525455475 0.9198681116104126 0.8880033493041992 -0.11305031180381775 0.37782254815101624 0.23647357523441315
fire/seq-03/frame-000763.color.png -0.5202667713165283 -0.3094211220741272 0.9391278028488159 0.894961953163147 -0.1104850322008133 0.36055245995521545 0.2384078949689865
fire/seq-03/frame-000764.color.png -0.5305899977684021 -0.3127727210521698 0.9303714036941528 0.8902095556259155 -0.12013503164052963 0.36987122893333435 0.23725514113903046
fire/seq-03/frame-000765.color.png -0.5283375978469849 -0.3125397562980652 0.9297364354133606 0.890064537525177 -0.11363621056079865 0.3673856556415558 0.24474403262138367
fire/seq-03/frame-000766.color.png -0.5293172597885132 -0.30476313829421997 0.9362409114837646 0.8878181576728821 -0.11328668892383575 0.3737609386444092 0.24340860545635223
fire/seq-03/frame-000767.color.png -0.5139563679695129 -0.321805864572525 0.9396827220916748 0.892507016658783 -0.11677578836679459 0.3597714602947235 0.24568060040473938
fire/seq-03/frame-000768.color.png -0.5240378379821777 -0.3116556406021118 0.9349682331085205 0.8841150403022766 -0.12103593349456787 0.37577149271965027 0.2499736249446869
fire/seq-03/frame-000769.color.png -0.5261871814727783 -0.2981807291507721 0.9398526549339294 0.8868451714515686 -0.11662379652261734 0.37256672978401184 0.24718116223812103
fire/seq-03/frame-000770.color.png -0.5247467756271362 -0.2934952974319458 0.9409725069999695 0.8922525644302368 -0.11469410359859467 0.3590795695781708 0.24858078360557556
fire/seq-03/frame-000771.color.png -0.5326148867607117 -0.28939151763916016 0.9342686533927917 0.8950574994087219 -0.11951614171266556 0.3578920066356659 0.23769982159137726
fire/seq-03/frame-000772.color.png -0.5409525036811829 -0.29091325402259827 0.932709813117981 0.893302857875824 -0.11378415673971176 0.3629710376262665 0.23940598964691162
fire/seq-03/frame-000773.color.png -0.5307323932647705 -0.2987859547138214 0.9262891411781311 0.892480194568634 -0.12190315872430801 0.35947686433792114 0.2437112182378769
fire/seq-03/frame-000774.color.png -0.5471735000610352 -0.28904104232788086 0.9279020428657532 0.8937399387359619 -0.12192174047231674 0.35738882422447205 0.24215084314346313
fire/seq-03/frame-000775.color.png -0.5531061887741089 -0.27778297662734985 0.940043568611145 0.9002140760421753 -0.12165426462888718 0.3447498381137848 0.2365640103816986
fire/seq-03/frame-000776.color.png -0.5659891963005066 -0.2633899450302124 0.9361658096313477 0.8951817750930786 -0.12479580193758011 0.3558705747127533 0.23755404353141785
fire/seq-03/frame-000777.color.png -0.5673955082893372 -0.2472812831401825 0.9311003088951111 0.8968815803527832 -0.1226314827799797 0.3507722318172455 0.23984096944332123
fire/seq-03/frame-000778.color.png -0.578755259513855 -0.25826820731163025 0.9273106455802917 0.8934255838394165 -0.11010253429412842 0.3605356812477112 0.24429932236671448
fire/seq-03/frame-000779.color.png -0.589356005191803 -0.2651176452636719 0.9251632690429688 0.9002946615219116 -0.11336137354373932 0.35018646717071533 0.23235346376895905
fire/seq-03/frame-000780.color.png -0.5911676287651062 -0.2658289968967438 0.9323545098304749 0.8980966806411743 -0.12107587605714798 0.3542426526546478 0.23081447184085846
fire/seq-03/frame-000781.color.png -0.5985087156295776 -0.24688038229942322 0.9292727112770081 0.90116947889328 -0.1279597133398056 0.3477189838886261 0.22496969997882843
fire/seq-03/frame-000782.color.png -0.6146922707557678 -0.22629708051681519 0.9212947487831116 0.9003227949142456 -0.11543706059455872 0.3520454168319702 0.22837930917739868
fire/seq-03/frame-000783.color.png -0.6281595230102539 -0.23968085646629333 0.9365721940994263 0.8975515961647034 -0.1241583600640297 0.3587552309036255 0.22423338890075684
fire/seq-03/frame-000784.color.png -0.6322270035743713 -0.2300088107585907 0.9260376691818237 0.9019047021865845 -0.11828868091106415 0.3516387641429901 0.2211924046278
fire/seq-03/frame-000785.color.png -0.6442409753799438 -0.23127901554107666 0.9195946455001831 0.9059827327728271 -0.11217605322599411 0.348087340593338 0.21318326890468597
fire/seq-03/frame-000786.color.png -0.6426730751991272 -0.23468439280986786 0.9210343956947327 0.9038199782371521 -0.1143256202340126 0.35365596413612366 0.21205347776412964
fire/seq-03/frame-000787.color.png -0.6322628855705261 -0.2265819013118744 0.9290061593055725 0.9105653166770935 -0.11411244422197342 0.3382023870944977 0.20849010348320007
fire/seq-03/frame-000788.color.png -0.6385719776153564 -0.2217639684677124 0.9226610660552979 0.9071629047393799 -0.11313671618700027 0.34330910444259644 0.2153938114643097
fire/seq-03/frame-000789.color.png -0.6513513922691345 -0.21453127264976501 0.9178593158721924 0.9045277237892151 -0.11533427983522415 0.35351040959358215 0.20870572328567505
fire/seq-03/frame-000790.color.png -0.6729340553283691 -0.21574737131595612 0.9190596342086792 0.9086048603057861 -0.11889465153217316 0.3405807316303253 0.21048948168754578
fire/seq-03/frame-000791.color.png -0.6779334545135498 -0.2100871056318283 0.9258740544319153 0.902808427810669 -0.11721121519804001 0.35793042182922363 0.20756752789020538
fire/seq-03/frame-000792.color.png -0.6707561612129211 -0.2306089699268341 0.9389625787734985 0.8999674916267395 -0.12039223313331604 0.3647247850894928 0.2062525749206543
fire/seq-03/frame-000793.color.png -0.6707814335823059 -0.2219085991382599 0.9481346607208252 0.9112042188644409 -0.11963415145874023 0.3391343355178833 0.20095396041870117
fire/seq-03/frame-000794.color.png -0.6707097291946411 -0.21369034051895142 0.9487614035606384 0.9139530062675476 -0.1156984269618988 0.3341866433620453 0.1990552693605423
fire/seq-03/frame-000795.color.png -0.689786970615387 -0.20961102843284607 0.9390001893043518 0.9084679484367371 -0.12167876213788986 0.3466482162475586 0.19928741455078125
fire/seq-03/frame-000796.color.png -0.7070493698120117 -0.20576198399066925 0.9413017630577087 0.9097787737846375 -0.12383485585451126 0.3441140353679657 0.19634956121444702
fire/seq-03/frame-000797.color.png -0.7070493698120117 -0.20576198399066925 0.9413017630577087 0.9097787737846375 -0.12383485585451126 0.3441140353679657 0.19634956121444702
fire/seq-03/frame-000798.color.png -0.6930463314056396 -0.22039979696273804 0.9457371830940247 0.9035953283309937 -0.12493590265512466 0.35864701867103577 0.1981891244649887
fire/seq-03/frame-000799.color.png -0.7082359790802002 -0.22198131680488586 0.9429648518562317 0.9039669036865234 -0.12518399953842163 0.35782092809677124 0.19783055782318115
fire/seq-03/frame-000800.color.png -0.7157198190689087 -0.21950802206993103 0.955738365650177 0.9047102928161621 -0.1286722868680954 0.3560177981853485 0.19543355703353882
fire/seq-03/frame-000801.color.png -0.7186999917030334 -0.235623300075531 0.9578702449798584 0.910038411617279 -0.11867238581180573 0.34746864438056946 0.19238635897636414
fire/seq-03/frame-000802.color.png -0.7322471737861633 -0.22207976877689362 0.9636119604110718 0.9101581573486328 -0.1181313693523407 0.3491325378417969 0.18911218643188477
fire/seq-03/frame-000803.color.png -0.7322471737861633 -0.22207976877689362 0.9636119604110718 0.9101581573486328 -0.1181313693523407 0.3491325378417969 0.18911218643188477
fire/seq-03/frame-000804.color.png -0.7174825668334961 -0.22751116752624512 0.9799124002456665 0.9111611843109131 -0.12308118492364883 0.343046098947525 0.19223874807357788
fire/seq-03/frame-000805.color.png -0.7171380519866943 -0.24874824285507202 0.9788220524787903 0.917435348033905 -0.11401699483394623 0.33309316635131836 0.185367614030838
fire/seq-03/frame-000806.color.png -0.7192437052726746 -0.2450476884841919 0.9942287802696228 0.9193617105484009 -0.11418872326612473 0.328544557094574 0.18383008241653442
fire/seq-03/frame-000807.color.png -0.7143306136131287 -0.24810358881950378 0.9923996329307556 0.9155141115188599 -0.1225452795624733 0.3354651629924774 0.18514789640903473
fire/seq-03/frame-000808.color.png -0.7143306136131287 -0.24810358881950378 0.9923996329307556 0.9155141115188599 -0.1225452795624733 0.3354651629924774 0.18514789640903473
fire/seq-03/frame-000809.color.png -0.7128224968910217 -0.239522784948349 0.9755122661590576 0.9152438640594482 -0.11814579367637634 0.33806508779525757 0.184613898396492
fire/seq-03/frame-000810.color.png -0.7173329591751099 -0.2410302460193634 0.9776126146316528 0.9163190126419067 -0.11809651553630829 0.3367479145526886 0.181696355342865
fire/seq-03/frame-000811.color.png -0.7088320255279541 -0.2309432178735733 0.9863771796226501 0.919617772102356 -0.12079223245382309 0.3276735246181488 0.17983967065811157
fire/seq-03/frame-000812.color.png -0.6919112801551819 -0.23813074827194214 0.9904209971427917 0.9163681268692017 -0.11404760181903839 0.3380642831325531 0.18159052729606628
fire/seq-03/frame-000813.color.png -0.6926337480545044 -0.24900799989700317 0.9839348793029785 0.91657954454422 -0.1162547841668129 0.33710211515426636 0.1809116154909134
fire/seq-03/frame-000814.color.png -0.6885797381401062 -0.24076396226882935 0.9762473702430725 0.9172927737236023 -0.12564699351787567 0.3332394063472748 0.1781524121761322
fire/seq-03/frame-000815.color.png -0.6885797381401062 -0.24076396226882935 0.9762473702430725 0.9172927737236023 -0.12564699351787567 0.3332394063472748 0.1781524121761322
fire/seq-03/frame-000816.color.png -0.7235140204429626 -0.22208581864833832 0.9715935587882996 0.915870189666748 -0.1219620630145073 0.33704259991645813 0.18085768818855286
fire/seq-03/frame-000817.color.png -0.7321887612342834 -0.22339773178100586 0.9568389058113098 0.9234550595283508 -0.1085796058177948 0.3223637640476227 0.17754653096199036
fire/seq-03/frame-000818.color.png -0.7294416427612305 -0.20820488035678864 0.9643672704696655 0.918001651763916 -0.11588859558105469 0.3355036973953247 0.17686226963996887
fire/seq-03/frame-000819.color.png -0.7460010647773743 -0.23551303148269653 0.9735593199729919 0.9250640273094177 -0.11765149235725403 0.3135732412338257 0.17912696301937103
fire/seq-03/frame-000820.color.png -0.7460010647773743 -0.23551303148269653 0.9735593199729919 0.9250640273094177 -0.11765149235725403 0.3135732412338257 0.17912696301937103
fire/seq-03/frame-000821.color.png -0.7372198104858398 -0.2572799623012543 0.9915514588356018 0.9261367917060852 -0.12213344126939774 0.3109115958213806 0.17518015205860138
fire/seq-03/frame-000822.color.png -0.7269712090492249 -0.2545054852962494 0.9799397587776184 0.927236795425415 -0.11755206435918808 0.31094545125961304 0.17241288721561432
fire/seq-03/frame-000823.color.png -0.7282463312149048 -0.25805726647377014 0.9690154790878296 0.923577606678009 -0.11975723505020142 0.32131460309028625 0.17152121663093567
fire/seq-03/frame-000824.color.png -0.7298106551170349 -0.2680319547653198 0.9766614437103271 0.9248731732368469 -0.11056242883205414 0.3206997811794281 0.17186440527439117
fire/seq-03/frame-000825.color.png -0.7298106551170349 -0.2680319547653198 0.9766614437103271 0.9248731732368469 -0.11056242883205414 0.3206997811794281 0.17186440527439117
fire/seq-03/frame-000826.color.png -0.7342336773872375 -0.2634166181087494 0.9594159126281738 0.9336437582969666 -0.0989217758178711 0.29914340376853943 0.17040273547172546
fire/seq-03/frame-000827.color.png -0.7357261180877686 -0.25183436274528503 0.9723171591758728 0.9332307577133179 -0.12319078296422958 0.291495680809021 0.1701013147830963
fire/seq-03/frame-000828.color.png -0.7476540207862854 -0.2517238259315491 0.9594216346740723 0.9304603338241577 -0.12365540117025375 0.29883378744125366 0.1721951812505722
fire/seq-03/frame-000829.color.png -0.7403106093406677 -0.25063544511795044 0.9563580751419067 0.9260205626487732 -0.11516070365905762 0.3169090449810028 0.16968367993831635
fire/seq-03/frame-000830.color.png -0.7403106093406677 -0.25063544511795044 0.9563580751419067 0.9260205626487732 -0.11516070365905762 0.3169090449810028 0.16968367993831635
fire/seq-03/frame-000831.color.png -0.7474644184112549 -0.24999192357063293 0.9757329821586609 0.9252846837043762 -0.11519134789705276 0.3172355890274048 0.17303438484668732
fire/seq-03/frame-000832.color.png -0.7510771155357361 -0.22242185473442078 0.9485504031181335 0.9248727560043335 -0.1266399472951889 0.3159068524837494 0.16963359713554382
fire/seq-03/frame-000833.color.png -0.747199535369873 -0.22211748361587524 0.9465478658676147 0.9290729761123657 -0.11493800580501556 0.30940482020378113 0.16697722673416138
fire/seq-03/frame-000834.color.png -0.7236117720603943 -0.23543041944503784 0.9597876071929932 0.9302555322647095 -0.11914746463298798 0.30401989817619324 0.1673326939344406
fire/seq-03/frame-000835.color.png -0.7236117720603943 -0.23543041944503784 0.9597876071929932 0.9302555322647095 -0.11914746463298798 0.30401989817619324 0.1673326939344406
fire/seq-03/frame-000836.color.png -0.7407463192939758 -0.24152177572250366 0.9661949276924133 0.9295143485069275 -0.11478643119335175 0.3074530363082886 0.16822557151317596
fire/seq-03/frame-000837.color.png -0.7518015503883362 -0.23431046307086945 0.9671898484230042 0.9290181398391724 -0.11795520037412643 0.30838459730148315 0.16706465184688568
fire/seq-03/frame-000838.color.png -0.7535960674285889 -0.22920182347297668 0.9552826285362244 0.9347598552703857 -0.12939958274364471 0.28661680221557617 0.1653193086385727
fire/seq-03/frame-000839.color.png -0.7532702088356018 -0.19750338792800903 0.9407674670219421 0.9338656663894653 -0.12050431966781616 0.29141274094581604 0.1686777025461197
fire/seq-03/frame-000840.color.png -0.7532702088356018 -0.19750338792800903 0.9407674670219421 0.9338656663894653 -0.12050431966781616 0.29141274094581604 0.1686777025461197
fire/seq-03/frame-000841.color.png -0.7700157761573792 -0.19314564764499664 0.9431430697441101 0.9322814345359802 -0.11698205024003983 0.2991400957107544 0.1663782298564911
fire/seq-03/frame-000842.color.png -0.7802807688713074 -0.19740471243858337 0.9488239288330078 0.9305752515792847 -0.1135968491435051 0.30519646406173706 0.1672736555337906
fire/seq-03/frame-000843.color.png -0.7931228280067444 -0.17746709287166595 0.9266196489334106 0.9286837577819824 -0.11172009259462357 0.310153603553772 0.16991160809993744
fire/seq-03/frame-000844.color.png -0.7581176161766052 -0.2054399698972702 0.9431774020195007 0.9327243566513062 -0.10012952238321304 0.30219680070877075 0.16934026777744293
fire/seq-03/frame-000845.color.png -0.7834855914115906 -0.18232010304927826 0.9673658013343811 0.930404543876648 -0.1048479825258255 0.3087834417819977 0.16735300421714783
fire/seq-03/frame-000846.color.png -0.7834855914115906 -0.18232010304927826 0.9673658013343811 0.930404543876648 -0.1048479825258255 0.3087834417819977 0.16735300421714783
fire/seq-03/frame-000847.color.png -0.7737069725990295 -0.173120379447937 0.9531539082527161 0.9308281540870667 -0.10616011172533035 0.30811578035354614 0.16538935899734497
fire/seq-03/frame-000848.color.png -0.772375762462616 -0.18906469643115997 0.9614332914352417 0.9336943030357361 -0.11117443442344666 0.2982231080532074 0.16406728327274323
fire/seq-03/frame-000849.color.png -0.769310712814331 -0.17594970762729645 0.956825315952301 0.934873640537262 -0.1284382939338684 0.2894614636898041 0.1603965312242508
fire/seq-03/frame-000850.color.png -0.8066303730010986 -0.1638806313276291 0.9612822532653809 0.9356042146682739 -0.13868074119091034 0.282219797372818 0.16051284968852997
fire/seq-03/frame-000851.color.png -0.7942283153533936 -0.13764996826648712 0.9395754337310791 0.9375063180923462 -0.1234264001250267 0.2828005254268646 0.1608467400074005
fire/seq-03/frame-000852.color.png -0.7942283153533936 -0.13764996826648712 0.9395754337310791 0.9375063180923462 -0.1234264001250267 0.2828005254268646 0.1608467400074005
fire/seq-03/frame-000853.color.png -0.781154990196228 -0.14253273606300354 0.9576836824417114 0.9358394742012024 -0.10740134865045547 0.2932371497154236 0.16334448754787445
fire/seq-03/frame-000854.color.png -0.7489951848983765 -0.13935120403766632 0.9586212635040283 0.9346814155578613 -0.10484969615936279 0.2998425364494324 0.1595984846353531
fire/seq-03/frame-000855.color.png -0.7656888365745544 -0.16622167825698853 0.9555573463439941 0.9382361173629761 -0.12145232409238815 0.28262045979499817 0.15839126706123352
fire/seq-03/frame-000856.color.png -0.7661892771720886 -0.14940178394317627 0.9489558935165405 0.9390799403190613 -0.12530839443206787 0.2796323597431183 0.15566779673099518
fire/seq-03/frame-000857.color.png -0.764132559299469 -0.1510544866323471 0.9367000460624695 0.936276376247406 -0.13303112983703613 0.2850220203399658 0.156370148062706
fire/seq-03/frame-000858.color.png -0.7767555117607117 -0.13692325353622437 0.9233846068382263 0.9369567632675171 -0.131774440407753 0.2856611907482147 0.15213562548160553
fire/seq-03/frame-000859.color.png -0.7720863223075867 -0.11714619398117065 0.9210976362228394 0.9405386447906494 -0.11626304686069489 0.2794800400733948 0.15414537489414215
fire/seq-03/frame-000860.color.png -0.7720863223075867 -0.11714619398117065 0.9210976362228394 0.9405386447906494 -0.11626304686069489 0.2794800400733948 0.15414537489414215
fire/seq-03/frame-000861.color.png -0.7779671549797058 -0.12612870335578918 0.911424994468689 0.9400166869163513 -0.11948341876268387 0.2792995274066925 0.15518952906131744
fire/seq-03/frame-000862.color.png -0.782765805721283 -0.11592499911785126 0.914232075214386 0.9390704035758972 -0.1399134248495102 0.27534815669059753 0.15084578096866608
fire/seq-03/frame-000863.color.png -0.7786284685134888 -0.09925110638141632 0.9082434773445129 0.938818633556366 -0.12836016714572906 0.27741456031799316 0.1586962789297104
fire/seq-03/frame-000864.color.png -0.7786284685134888 -0.09925110638141632 0.9082434773445129 0.938818633556366 -0.12836016714572906 0.27741456031799316 0.1586962789297104
fire/seq-03/frame-000865.color.png -0.7924140095710754 -0.10289392620325089 0.9343785643577576 0.9395221471786499 -0.1353415846824646 0.2746375501155853 0.15347598493099213
fire/seq-03/frame-000866.color.png -0.8033299446105957 -0.10814723372459412 0.9213223457336426 0.9440484046936035 -0.1190536692738533 0.268648236989975 0.14975605905056
fire/seq-03/frame-000867.color.png -0.7895255088806152 -0.11027269065380096 0.9238026738166809 0.9430413246154785 -0.12680688500404358 0.26880118250846863 0.14946261048316956
fire/seq-03/frame-000868.color.png -0.7914514541625977 -0.11068890988826752 0.9167826771736145 0.9457206130027771 -0.1273556351661682 0.2613796591758728 0.145167276263237
fire/seq-03/frame-000869.color.png -0.7914514541625977 -0.11068890988826752 0.9167826771736145 0.9457206130027771 -0.1273556351661682 0.2613796591758728 0.145167276263237
fire/seq-03/frame-000870.color.png -0.7968860268592834 -0.11807546019554138 0.9272894859313965 0.9421364068984985 -0.13591167330741882 0.26768070459365845 0.14917725324630737
fire/seq-03/frame-000871.color.png -0.8057994246482849 -0.12148822844028473 0.897441029548645 0.9417636394500732 -0.14972655475139618 0.26352575421333313 0.14566099643707275
fire/seq-03/frame-000872.color.png -0.8215923309326172 -0.11725857853889465 0.8950673937797546 0.9408360719680786 -0.1537172496318817 0.2655211389064789 0.14386452734470367
fire/seq-03/frame-000873.color.png -0.8024516105651855 -0.11188644170761108 0.8801521062850952 0.9435873031616211 -0.15089990198612213 0.26023292541503906 0.13838769495487213
fire/seq-03/frame-000874.color.png -0.81172114610672 -0.12104249000549316 0.8953264355659485 0.9418755173683167 -0.1485428661108017 0.2659381031990051 0.14171245694160461
fire/seq-03/frame-000875.color.png -0.81172114610672 -0.12104249000549316 0.8953264355659485 0.9418755173683167 -0.1485428661108017 0.2659381031990051 0.14171245694160461
fire/seq-03/frame-000876.color.png -0.7982921004295349 -0.12223008275032043 0.9132821559906006 0.9439722895622253 -0.14450430870056152 0.2626270651817322 0.13806451857089996
fire/seq-03/frame-000877.color.png -0.804496705532074 -0.14285621047019958 0.9038096070289612 0.946611225605011 -0.14827069640159607 0.24884773790836334 0.14148354530334473
fire/seq-03/frame-000878.color.png -0.8041790723800659 -0.1482730209827423 0.8861141800880432 0.950214684009552 -0.15692578256130219 0.22921952605247498 0.14115530252456665
fire/seq-03/frame-000879.color.png -0.821745753288269 -0.13804157078266144 0.8645873069763184 0.9502490162849426 -0.1613982617855072 0.2280334085226059 0.13776007294654846
fire/seq-03/frame-000880.color.png -0.821745753288269 -0.13804157078266144 0.8645873069763184 0.9502490162849426 -0.1613982617855072 0.2280334085226059 0.13776007294654846
fire/seq-03/frame-000881.color.png -0.8187066316604614 -0.16218292713165283 0.8878535628318787 0.9460376501083374 -0.14232036471366882 0.2530537545681 0.1439492553472519
fire/seq-03/frame-000882.color.png -0.8209431171417236 -0.14555294811725616 0.8982564210891724 0.9489104151725769 -0.13342520594596863 0.24988104403018951 0.13901817798614502
fire/seq-03/frame-000883.color.png -0.8090795278549194 -0.17572298645973206 0.8927220702171326 0.9464288353919983 -0.15634319186210632 0.24716414511203766 0.1368912309408188
fire/seq-03/frame-000884.color.png -0.834394633769989 -0.15073494613170624 0.8756893873214722 0.9482071995735168 -0.1599396914243698 0.2361321598291397 0.13987129926681519
fire/seq-03/frame-000885.color.png -0.834394633769989 -0.15073494613170624 0.8756893873214722 0.9482071995735168 -0.1599396914243698 0.2361321598291397 0.13987129926681519
fire/seq-03/frame-000886.color.png -0.8022699952125549 -0.168132945895195 0.8871353268623352 0.9492087960243225 -0.15634700655937195 0.23565301299095154 0.13793489336967468
fire/seq-03/frame-000887.color.png -0.8132702708244324 -0.15335822105407715 0.8819383978843689 0.9546929001808167 -0.1574106067419052 0.21331314742565155 0.1352066993713379
fire/seq-03/frame-000888.color.png -0.7980789542198181 -0.16391122341156006 0.886527955532074 0.9480742812156677 -0.15602414309978485 0.23754601180553436 0.14277073740959167
fire/seq-03/frame-000889.color.png -0.8224329948425293 -0.14735683798789978 0.8929866552352905 0.9460567235946655 -0.1631668359041214 0.24097886681556702 0.14241644740104675
fire/seq-03/frame-000890.color.png -0.8161104321479797 -0.1576749086380005 0.8865897059440613 0.9426077604293823 -0.16321909427642822 0.2534478008747101 0.14357726275920868
fire/seq-03/frame-000891.color.png -0.8161104321479797 -0.1576749086380005 0.8865897059440613 0.9426077604293823 -0.16321909427642822 0.2534478008747101 0.14357726275920868
fire/seq-03/frame-000892.color.png -0.8139215707778931 -0.16689516603946686 0.8790134787559509 0.9433503150939941 -0.17119085788726807 0.24541492760181427 0.14337123930454254
fire/seq-03/frame-000893.color.png -0.8119271993637085 -0.18404141068458557 0.8656759858131409 0.9430979490280151 -0.17361806333065033 0.2439776062965393 0.14456167817115784
fire/seq-03/frame-000894.color.png -0.8252035975456238 -0.20005053281784058 0.8577367067337036 0.9399604797363281 -0.18109343945980072 0.250792920589447 0.14416110515594482
fire/seq-03/frame-000895.color.png -0.8494171500205994 -0.19587650895118713 0.8597322702407837 0.9384412169456482 -0.18848775327205658 0.25059303641319275 0.1449257880449295
fire/seq-03/frame-000896.color.png -0.8494171500205994 -0.19587650895118713 0.8597322702407837 0.9384412169456482 -0.18848775327205658 0.25059303641319275 0.1449257880449295
fire/seq-03/frame-000897.color.png -0.844460666179657 -0.19052952527999878 0.8523690104484558 0.9390460252761841 -0.1917669028043747 0.2448265552520752 0.14655348658561707
fire/seq-03/frame-000898.color.png -0.8555675148963928 -0.20047424733638763 0.8527185320854187 0.9370240569114685 -0.197158545255661 0.24906393885612488 0.14519469439983368
fire/seq-03/frame-000899.color.png -0.8648014664649963 -0.17914459109306335 0.861039400100708 0.9365071654319763 -0.19997437298297882 0.24704711139202118 0.14809459447860718
fire/seq-03/frame-000900.color.png -0.8578856587409973 -0.18006041646003723 0.8397320508956909 0.9378904700279236 -0.20055460929870605 0.2427622228860855 0.14562201499938965
fire/seq-03/frame-000901.color.png -0.8578856587409973 -0.18006041646003723 0.8397320508956909 0.9378904700279236 -0.20055460929870605 0.2427622228860855 0.14562201499938965
fire/seq-03/frame-000902.color.png -0.8630189299583435 -0.18745043873786926 0.8325769901275635 0.9244062900543213 -0.2086038887500763 0.28256383538246155 0.14871127903461456
fire/seq-03/frame-000903.color.png -0.8776547312736511 -0.22127395868301392 0.8325285315513611 0.9235503077507019 -0.20694272220134735 0.2824406325817108 0.15638744831085205
fire/seq-03/frame-000904.color.png -0.879887044429779 -0.22120288014411926 0.8055976629257202 0.9264917373657227 -0.1973208338022232 0.2781349718570709 0.15911825001239777
fire/seq-03/frame-000905.color.png -0.8695436120033264 -0.20811352133750916 0.814682126045227 0.9330571889877319 -0.18239463865756989 0.26897984743118286 0.15422846376895905
fire/seq-03/frame-000906.color.png -0.8589656949043274 -0.23494797945022583 0.8404391407966614 0.9314225316047668 -0.16819047927856445 0.28098103404045105 0.15878890454769135
fire/seq-03/frame-000907.color.png -0.8589656949043274 -0.23494797945022583 0.8404391407966614 0.9314225316047668 -0.16819047927856445 0.28098103404045105 0.15878890454769135
fire/seq-03/frame-000908.color.png -0.8580612540245056 -0.21141360700130463 0.8658534288406372 0.92898029088974 -0.1773131936788559 0.280863493680954 0.16331413388252258
fire/seq-03/frame-000909.color.png -0.8620086312294006 -0.2388712465763092 0.8539864420890808 0.9291146993637085 -0.17796014249324799 0.2820710241794586 0.15972445905208588
fire/seq-03/frame-000910.color.png -0.8613672852516174 -0.22949828207492828 0.8538286089897156 0.9264352321624756 -0.17430895566940308 0.2893795967102051 0.16611360013484955
fire/seq-03/frame-000911.color.png -0.8283588290214539 -0.22518537938594818 0.8543558120727539 0.9209811687469482 -0.17343753576278687 0.3035115599632263 0.17202867567539215
fire/seq-03/frame-000912.color.png -0.8283588290214539 -0.22518537938594818 0.8543558120727539 0.9209811687469482 -0.17343753576278687 0.3035115599632263 0.17202867567539215
fire/seq-03/frame-000913.color.png -0.8200686573982239 -0.2106357216835022 0.8593862652778625 0.9229167103767395 -0.17001645267009735 0.2997722029685974 0.1716262698173523
fire/seq-03/frame-000914.color.png -0.8226404786109924 -0.2337874174118042 0.847649335861206 0.9200153350830078 -0.16837094724178314 0.3054632842540741 0.1786486953496933
fire/seq-03/frame-000915.color.png -0.7962533831596375 -0.23887935280799866 0.8466020822525024 0.9184609055519104 -0.1654694676399231 0.31118401885032654 0.17948241531848907
fire/seq-03/frame-000916.color.png -0.7962533831596375 -0.23887935280799866 0.8466020822525024 0.9184609055519104 -0.1654694676399231 0.31118401885032654 0.17948241531848907
fire/seq-03/frame-000917.color.png -0.7938129901885986 -0.21162468194961548 0.8614434599876404 0.917037308216095 -0.1645810902118683 0.31710219383239746 0.17720575630664825
fire/seq-03/frame-000918.color.png -0.8042395710945129 -0.2140958458185196 0.8714646697044373 0.91574627161026 -0.17083539068698883 0.3187784254550934 0.17494069039821625
fire/seq-03/frame-000919.color.png -0.7843577861785889 -0.21128703653812408 0.8853046894073486 0.9133786559104919 -0.16184957325458527 0.3256911337375641 0.18294654786586761
fire/seq-03/frame-000920.color.png -0.7796037197113037 -0.1853531301021576 0.8834733366966248 0.9130491614341736 -0.16079869866371155 0.329386442899704 0.1788562536239624
fire/seq-03/frame-000921.color.png -0.7796037197113037 -0.1853531301021576 0.8834733366966248 0.9130491614341736 -0.16079869866371155 0.329386442899704 0.1788562536239624
fire/seq-03/frame-000922.color.png -0.8055353164672852 -0.2132696807384491 0.867526650428772 0.9141592979431152 -0.16396218538284302 0.32554933428764343 0.17733219265937805
fire/seq-03/frame-000923.color.png -0.801435649394989 -0.21166744828224182 0.872556209564209 0.9128773212432861 -0.16291558742523193 0.33065831661224365 0.17543865740299225
fire/seq-03/frame-000924.color.png -0.8111501336097717 -0.18681246042251587 0.8727307915687561 0.9041522741317749 -0.17242060601711273 0.3427877128124237 0.18781979382038116
fire/seq-03/frame-000925.color.png -0.8111501336097717 -0.18681246042251587 0.8727307915687561 0.9041522741317749 -0.17242060601711273 0.3427877128124237 0.18781979382038116
fire/seq-03/frame-000926.color.png -0.7876303791999817 -0.18425436317920685 0.8773831725120544 0.900368869304657 -0.18063823878765106 0.3492300808429718 0.18639779090881348
fire/seq-03/frame-000927.color.png -0.8060346841812134 -0.17459189891815186 0.8760610818862915 0.9021338820457458 -0.15571117401123047 0.3546391427516937 0.19010470807552338
fire/seq-03/frame-000928.color.png -0.8039317727088928 -0.16537651419639587 0.9074167609214783 0.8966144919395447 -0.1591159850358963 0.3629652261734009 0.19753704965114594
fire/seq-03/frame-000929.color.png -0.8101660013198853 -0.17982766032218933 0.8957884907722473 0.8938086628913879 -0.15170226991176605 0.368038147687912 0.20649561285972595
fire/seq-03/frame-000930.color.png -0.8101660013198853 -0.17982766032218933 0.8957884907722473 0.8938086628913879 -0.15170226991176605 0.368038147687912 0.20649561285972595
fire/seq-03/frame-000931.color.png -0.8203028440475464 -0.1883227527141571 0.8953098654747009 0.8964763283729553 -0.14693805575370789 0.36147940158843994 0.20993374288082123
fire/seq-03/frame-000932.color.png -0.8108531832695007 -0.21763859689235687 0.8975720405578613 0.8895409107208252 -0.16844238340854645 0.37135636806488037 0.2060059756040573
fire/seq-03/frame-000933.color.png -0.799714207649231 -0.22929562628269196 0.8916162848472595 0.8884985446929932 -0.16105620563030243 0.3744859993457794 0.21069306135177612
fire/seq-03/frame-000934.color.png -0.7952045798301697 -0.2170044183731079 0.891549289226532 0.8853171467781067 -0.15919612348079681 0.3808846175670624 0.21400225162506104
fire/seq-03/frame-000935.color.png -0.7840631604194641 -0.18988841772079468 0.892932116985321 0.8838443756103516 -0.13885371387004852 0.3893764317035675 0.21891681849956512
fire/seq-03/frame-000936.color.png -0.7840631604194641 -0.18988841772079468 0.892932116985321 0.8838443756103516 -0.13885371387004852 0.3893764317035675 0.21891681849956512
fire/seq-03/frame-000937.color.png -0.7973583340644836 -0.1768151968717575 0.8829765915870667 0.8792970180511475 -0.1300967037677765 0.39726173877716064 0.2282423973083496
fire/seq-03/frame-000938.color.png -0.7961569428443909 -0.19430679082870483 0.8681156039237976 0.8719494938850403 -0.13897529244422913 0.4073975682258606 0.23327460885047913
fire/seq-03/frame-000939.color.png -0.7961569428443909 -0.19430679082870483 0.8681156039237976 0.8719494938850403 -0.13897529244422913 0.4073975682258606 0.23327460885047913
fire/seq-03/frame-000940.color.png -0.7849435210227966 -0.19481320679187775 0.8452709317207336 0.8757960200309753 -0.13423416018486023 0.3947303891181946 0.24320875108242035
fire/seq-03/frame-000941.color.png -0.7698428630828857 -0.17939384281635284 0.8466166853904724 0.8715602159500122 -0.11898258328437805 0.4044496417045593 0.25029295682907104
fire/seq-03/frame-000942.color.png -0.7714850306510925 -0.18842627108097076 0.8530153036117554 0.870628833770752 -0.13532665371894836 0.4067683815956116 0.24131245911121368
fire/seq-03/frame-000943.color.png -0.7718930840492249 -0.19881735742092133 0.8437908887863159 0.8734378218650818 -0.12170384079217911 0.40322089195251465 0.24435122311115265
fire/seq-03/frame-000944.color.png -0.7718930840492249 -0.19881735742092133 0.8437908887863159 0.8734378218650818 -0.12170384079217911 0.40322089195251465 0.24435122311115265
fire/seq-03/frame-000945.color.png -0.7451546788215637 -0.1429568976163864 0.8324613571166992 0.8763790726661682 -0.11404440551996231 0.4007297158241272 0.241597518324852
fire/seq-03/frame-000946.color.png -0.7681757211685181 -0.1692500114440918 0.8388814926147461 0.871299147605896 -0.1190011277794838 0.4074326157569885 0.24632328748703003
fire/seq-03/frame-000947.color.png -0.7509647011756897 -0.16411055624485016 0.8376672267913818 0.8649182915687561 -0.12115674465894699 0.4144382178783417 0.25588756799697876
fire/seq-03/frame-000948.color.png -0.7390419840812683 -0.15559905767440796 0.8505207896232605 0.8602891564369202 -0.12124180793762207 0.4232138991355896 0.25708550214767456
fire/seq-03/frame-000949.color.png -0.7390419840812683 -0.15559905767440796 0.8505207896232605 0.8602891564369202 -0.12124180793762207 0.4232138991355896 0.25708550214767456
fire/seq-03/frame-000950.color.png -0.7400768399238586 -0.13163092732429504 0.856939971446991 0.8590094447135925 -0.11542718857526779 0.4242834746837616 0.26222655177116394
fire/seq-03/frame-000951.color.png -0.7405533790588379 -0.13412657380104065 0.8621268272399902 0.8574173450469971 -0.11321564763784409 0.4280068576335907 0.2623506486415863
fire/seq-03/frame-000952.color.png -0.7405533790588379 -0.13412657380104065 0.8621268272399902 0.8574173450469971 -0.11321564763784409 0.4280068576335907 0.2623506486415863
fire/seq-03/frame-000953.color.png -0.6966831684112549 -0.13369274139404297 0.8526448011398315 0.8588053584098816 -0.11937132477760315 0.42425936460494995 0.26116663217544556
fire/seq-03/frame-000954.color.png -0.6498233675956726 -0.10797366499900818 0.8608419299125671 0.8575363755226135 -0.10842672735452652 0.42700478434562683 0.265597403049469
fire/seq-03/frame-000955.color.png -0.6572409868240356 -0.1069728434085846 0.8709387183189392 0.852969765663147 -0.1075783297419548 0.43131765723228455 0.27355894446372986
fire/seq-03/frame-000956.color.png -0.6486637592315674 -0.11048899590969086 0.8873872756958008 0.8508294224739075 -0.10673888027667999 0.43461841344833374 0.2753233015537262
fire/seq-03/frame-000957.color.png -0.6486637592315674 -0.11048899590969086 0.8873872756958008 0.8508294224739075 -0.10673888027667999 0.43461841344833374 0.2753233015537262
fire/seq-03/frame-000958.color.png -0.6480908989906311 -0.0961904525756836 0.889789342880249 0.8482475876808167 -0.09148012101650238 0.432961642742157 0.29094934463500977
fire/seq-03/frame-000959.color.png -0.6547566652297974 -0.12114149332046509 0.8690544366836548 0.8518064022064209 -0.10595674812793732 0.42716848850250244 0.28412333130836487
fire/seq-03/frame-000960.color.png -0.6318688988685608 -0.12416298687458038 0.8905688524246216 0.8533082604408264 -0.1245037093758583 0.43054190278053284 0.26645395159721375
fire/seq-03/frame-000961.color.png -0.6084396243095398 -0.10864591598510742 0.8897717595100403 0.8483762741088867 -0.11096489429473877 0.4346640110015869 0.2810901701450348
fire/seq-03/frame-000962.color.png -0.6084396243095398 -0.10864591598510742 0.8897717595100403 0.8483762741088867 -0.11096489429473877 0.4346640110015869 0.2810901701450348
fire/seq-03/frame-000963.color.png -0.5845862627029419 -0.09683270752429962 0.8861131072044373 0.8501613736152649 -0.0966695249080658 0.4311921000480652 0.2862761914730072
fire/seq-03/frame-000964.color.png -0.5867142081260681 -0.09805936366319656 0.8888044357299805 0.8541162014007568 -0.10266987234354019 0.43053877353668213 0.2730947732925415
fire/seq-03/frame-000965.color.png -0.600733757019043 -0.07656268775463104 0.9021635055541992 0.8552320599555969 -0.08778993040323257 0.429862916469574 0.27584215998649597
fire/seq-03/frame-000966.color.png -0.5738712549209595 -0.05429092422127724 0.8866507411003113 0.8577646017074585 -0.06709141284227371 0.42392414808273315 0.2828904986381531
fire/seq-03/frame-000967.color.png -0.5301132798194885 -0.07821725308895111 0.8784781694412231 0.8536129593849182 -0.09075228869915009 0.4306131899356842 0.27871376276016235
fire/seq-03/frame-000968.color.png -0.5301132798194885 -0.07821725308895111 0.8784781694412231 0.8536129593849182 -0.09075228869915009 0.4306131899356842 0.27871376276016235
fire/seq-03/frame-000969.color.png -0.5421644449234009 -0.09866316616535187 0.8741173148155212 0.8436071276664734 -0.08940890431404114 0.4434286952018738 0.2893165051937103
fire/seq-03/frame-000970.color.png -0.44562479853630066 -0.09350908547639847 0.890444815158844 0.842480480670929 -0.0846024602651596 0.4482955038547516 0.28653138875961304
fire/seq-03/frame-000971.color.png -0.5316078066825867 -0.07802427560091019 0.8930097222328186 0.8329595923423767 -0.07703213393688202 0.4665490388870239 0.2873612344264984
fire/seq-03/frame-000972.color.png -0.47717922925949097 -0.05605493113398552 0.8891952037811279 0.8427646160125732 -0.08865057677030563 0.4510450065135956 0.28008463978767395
fire/seq-03/frame-000973.color.png -0.4810088574886322 -0.06583885848522186 0.8925765156745911 0.8398354649543762 -0.08162576705217361 0.45004889369010925 0.2923520803451538
fire/seq-03/frame-000974.color.png -0.5662384033203125 -0.04000898450613022 0.8880375623703003 0.8432860970497131 -0.08517184853553772 0.44307684898376465 0.2920569181442261
fire/seq-03/frame-000975.color.png -0.4700031876564026 -0.013978826813399792 0.8882943987846375 0.8470461368560791 -0.07522906363010406 0.4485798478126526 0.27500832080841064
fire/seq-03/frame-000976.color.png -0.4582512080669403 -0.05495378002524376 0.9077376127243042 0.8453060388565063 -0.08101056516170502 0.45547428727149963 0.2672792971134186
fire/seq-03/frame-000977.color.png -0.47029465436935425 -0.0576767735183239 0.9087942838668823 0.8298079371452332 -0.08941996097564697 0.48258236050605774 0.26558834314346313
fire/seq-03/frame-000978.color.png -0.4491564929485321 -0.05188843980431557 0.9068524241447449 0.8374894261360168 -0.09467171132564545 0.469698041677475 0.2627406418323517
fire/seq-03/frame-000979.color.png -0.3789485692977905 -0.06890205293893814 0.9061638116836548 0.8350297808647156 -0.10880882292985916 0.47445350885391235 0.25647592544555664
fire/seq-03/frame-000980.color.png -0.41981059312820435 -0.022972699254751205 0.8915243744850159 0.8431884050369263 -0.08348306268453598 0.4551675319671631 0.27365386486053467
fire/seq-03/frame-000981.color.png -0.41592809557914734 -0.01469141524285078 0.8820682168006897 0.8462644219398499 -0.07998666912317276 0.4535761773586273 0.26778241991996765
fire/seq-03/frame-000982.color.png -0.3832772672176361 -0.03894549235701561 0.8948245644569397 0.8451132774353027 -0.09586412459611893 0.46171408891677856 0.2518210709095001
fire/seq-03/frame-000983.color.png -0.3832772672176361 -0.03894549235701561 0.8948245644569397 0.8451132774353027 -0.09586412459611893 0.46171408891677856 0.2518210709095001
fire/seq-03/frame-000984.color.png -0.4238530695438385 -0.06701883673667908 0.9147891402244568 0.8457696437835693 -0.10251735150814056 0.45922231674194336 0.25155237317085266
fire/seq-03/frame-000985.color.png -0.4396061897277832 -0.059892598539590836 0.9175989031791687 0.8483169078826904 -0.0893968716263771 0.44953587651252747 0.2651114761829376
fire/seq-03/frame-000986.color.png -0.45503538846969604 -0.06928186118602753 0.9355135560035706 0.8429001569747925 -0.087722547352314 0.46105271577835083 0.2631627321243286
fire/seq-03/frame-000987.color.png -0.43125852942466736 -0.05745686963200569 0.9290574193000793 0.850324809551239 -0.09080258756875992 0.44819560647010803 0.2604292333126068
fire/seq-03/frame-000988.color.png -0.4076355993747711 -0.047896381467580795 0.9138874411582947 0.84897381067276 -0.0885901227593422 0.45058152079582214 0.2614799737930298
fire/seq-03/frame-000989.color.png -0.43382248282432556 -0.05020039156079292 0.9216782450675964 0.8425488471984863 -0.09111066907644272 0.46181052923202515 0.26180386543273926
fire/seq-03/frame-000990.color.png -0.4120553433895111 -0.06484508514404297 0.918093740940094 0.8403080105781555 -0.09530068933963776 0.4647015929222107 0.262397825717926
fire/seq-03/frame-000991.color.png -0.47676730155944824 -0.0739620178937912 0.9373020529747009 0.8387414813041687 -0.09120551496744156 0.46947139501571655 0.26036688685417175
fire/seq-03/frame-000992.color.png -0.4585454761981964 -0.06988503038883209 0.9250641465187073 0.839414119720459 -0.09151637554168701 0.4662838280200958 0.2637953460216522
fire/seq-03/frame-000993.color.png -0.5126617550849915 -0.07401861250400543 0.9226194024085999 0.8529111742973328 -0.0942768082022667 0.44387659430503845 0.2581239342689514
fire/seq-03/frame-000994.color.png -0.3813270330429077 -0.0508824922144413 0.9027239084243774 0.8580254912376404 -0.09340014308691025 0.4430004060268402 0.24252700805664062
fire/seq-03/frame-000995.color.png -0.3722889721393585 -0.06852587312459946 0.908562183380127 0.857208788394928 -0.09909378737211227 0.44379740953445435 0.2416968047618866
fire/seq-03/frame-000996.color.png -0.3453424572944641 -0.06824104487895966 0.9033187031745911 0.8568718433380127 -0.0935792475938797 0.4406055510044098 0.2507595121860504
fire/seq-03/frame-000997.color.png -0.4120790660381317 -0.07100769877433777 0.9138241410255432 0.850962221622467 -0.08924514800310135 0.4495692849159241 0.2564881443977356
fire/seq-03/frame-000998.color.png -0.4030744731426239 -0.06969910115003586 0.924510657787323 0.8520069122314453 -0.09376249462366104 0.44657647609710693 0.25663676857948303
fire/seq-03/frame-000999.color.png -0.40476417541503906 -0.07522649317979813 0.9278139472007751 0.8578716516494751 -0.08780501037836075 0.436676025390625 0.2562430500984192
fire/seq-04/frame-000000.color.png 0.7274292707443237 -0.2934543788433075 0.571908712387085 0.9194492101669312 -0.2313419133424759 -0.27822381258010864 -0.15390083193778992
fire/seq-04/frame-000001.color.png 0.7295316457748413 -0.2886584401130676 0.5705689191818237 0.918737530708313 -0.2308715432882309 -0.2815055847167969 -0.15288709104061127
fire/seq-04/frame-000002.color.png 0.7324863076210022 -0.2969956696033478 0.5656748414039612 0.9170385003089905 -0.23325464129447937 -0.28494197130203247 -0.15310361981391907
fire/seq-04/frame-000003.color.png 0.7202484011650085 -0.2903475761413574 0.5756745934486389 0.9156785011291504 -0.23132996261119843 -0.2893918454647064 -0.1557936668395996
fire/seq-04/frame-000004.color.png 0.736624538898468 -0.2834174633026123 0.5795013904571533 0.9154773950576782 -0.22865165770053864 -0.29241272807121277 -0.1552884578704834
fire/seq-04/frame-000005.color.png 0.7409461736679077 -0.2722102999687195 0.5832151174545288 0.916347086429596 -0.22675985097885132 -0.29097792506217957 -0.1556272953748703
fire/seq-04/frame-000006.color.png 0.7535404562950134 -0.2746465802192688 0.5880293250083923 0.9158591032028198 -0.22643202543258667 -0.2924714982509613 -0.15617555379867554
fire/seq-04/frame-000007.color.png 0.7453624606132507 -0.2769899368286133 0.5827828049659729 0.9136114716529846 -0.22805356979370117 -0.3006429374217987 -0.1513916254043579
fire/seq-04/frame-000008.color.png 0.7603195905685425 -0.2916984260082245 0.5807741284370422 0.9173043966293335 -0.22514434158802032 -0.29510951042175293 -0.14412857592105865
fire/seq-04/frame-000009.color.png 0.7322307229042053 -0.29868564009666443 0.5593762993812561 0.9181276559829712 -0.2261999100446701 -0.29223358631134033 -0.14308933913707733
fire/seq-04/frame-000010.color.png 0.7442887425422668 -0.2868364751338959 0.5714514255523682 0.9204844832420349 -0.2235870361328125 -0.28724202513694763 -0.14215950667858124
fire/seq-04/frame-000011.color.png 0.7574180364608765 -0.30045223236083984 0.5651284456253052 0.9214500784873962 -0.220711812376976 -0.28845709562301636 -0.1378718614578247
fire/seq-04/frame-000012.color.png 0.7467191219329834 -0.30058401823043823 0.5655720829963684 0.9222453236579895 -0.2210407853126526 -0.2849481701850891 -0.13931584358215332
fire/seq-04/frame-000013.color.png 0.7465419769287109 -0.30105000734329224 0.5603571534156799 0.9187034964561462 -0.21756960451602936 -0.29874294996261597 -0.13928364217281342
fire/seq-04/frame-000014.color.png 0.7532197833061218 -0.3083243668079376 0.5541673898696899 0.9230139255523682 -0.21605485677719116 -0.28671616315841675 -0.13841822743415833
fire/seq-04/frame-000015.color.png 0.7283695936203003 -0.29299473762512207 0.5701588988304138 0.9251968860626221 -0.21796666085720062 -0.2832292914390564 -0.12760184705257416
fire/seq-04/frame-000016.color.png 0.7060014009475708 -0.28070467710494995 0.5718371868133545 0.9267632365226746 -0.21368339657783508 -0.28168511390686035 -0.1268969029188156
fire/seq-04/frame-000017.color.png 0.7289442420005798 -0.28928330540657043 0.5640208125114441 0.9244437217712402 -0.21957522630691528 -0.28461235761642456 -0.12722496688365936
fire/seq-04/frame-000018.color.png 0.7121257781982422 -0.2865975499153137 0.5823649168014526 0.9198722839355469 -0.2141672819852829 -0.30240684747695923 -0.12852007150650024
fire/seq-04/frame-000019.color.png 0.7082067131996155 -0.3077027201652527 0.592579185962677 0.9151844382286072 -0.2183486819267273 -0.3108488917350769 -0.1346629410982132
fire/seq-04/frame-000020.color.png 0.7404686808586121 -0.3050232529640198 0.5977587699890137 0.9108854532241821 -0.21222415566444397 -0.3264503479003906 -0.13666969537734985
fire/seq-04/frame-000021.color.png 0.7468198537826538 -0.30572447180747986 0.6013275384902954 0.9092779755592346 -0.20789536833763123 -0.33526337146759033 -0.13263334333896637
fire/seq-04/frame-000022.color.png 0.725574791431427 -0.3118322193622589 0.6005998253822327 0.9089094400405884 -0.20941267907619476 -0.3366541862487793 -0.12920568883419037
fire/seq-04/frame-000023.color.png 0.7246771454811096 -0.2874727249145508 0.6210591793060303 0.9064925909042358 -0.21647833287715912 -0.3360617160797119 -0.1359080821275711
fire/seq-04/frame-000024.color.png 0.7648070454597473 -0.2788556218147278 0.6308887004852295 0.9056755304336548 -0.21479184925556183 -0.3372403681278229 -0.1410152018070221
fire/seq-04/frame-000025.color.png 0.8114516735076904 -0.3008540868759155 0.6375526189804077 0.8978995680809021 -0.2120719701051712 -0.3593931794166565 -0.1401369571685791
fire/seq-04/frame-000026.color.png 0.7790194749832153 -0.2884462773799896 0.6428990364074707 0.8986443281173706 -0.21735483407974243 -0.35265010595321655 -0.14433635771274567
fire/seq-04/frame-000027.color.png 0.8066710829734802 -0.3076046407222748 0.6561228632926941 0.8894917368888855 -0.205704465508461 -0.38159051537513733 -0.14449499547481537
fire/seq-04/frame-000028.color.png 0.8109326362609863 -0.30664223432540894 0.6619383096694946 0.8885345458984375 -0.20112279057502747 -0.38561686873435974 -0.14613574743270874
fire/seq-04/frame-000029.color.png 0.809192419052124 -0.30672627687454224 0.6609804034233093 0.8853326439857483 -0.20507678389549255 -0.390133261680603 -0.14807374775409698
fire/seq-04/frame-000030.color.png 0.8239837884902954 -0.30366262793540955 0.6626725196838379 0.8857232928276062 -0.2042720913887024 -0.38764798641204834 -0.15328429639339447
fire/seq-04/frame-000031.color.png 0.8202494382858276 -0.31212764978408813 0.6754621267318726 0.8846930265426636 -0.20600835978984833 -0.3883802592754364 -0.15504707396030426
fire/seq-04/frame-000032.color.png 0.8173195719718933 -0.3106527328491211 0.6766507625579834 0.8836544156074524 -0.20286227762699127 -0.3928917944431305 -0.15374650061130524
fire/seq-04/frame-000033.color.png 0.8351595997810364 -0.3102087080478668 0.6825585961341858 0.883781909942627 -0.20146150887012482 -0.3939129114151001 -0.15223494172096252
fire/seq-04/frame-000034.color.png 0.8559244871139526 -0.32383090257644653 0.667622983455658 0.8885337710380554 -0.19927619397640228 -0.3849121034145355 -0.15046390891075134
fire/seq-04/frame-000035.color.png 0.8627236485481262 -0.338603675365448 0.6553752422332764 0.8879891037940979 -0.20172937214374542 -0.3858342170715332 -0.14802968502044678
fire/seq-04/frame-000036.color.png 0.8850982785224915 -0.3491455316543579 0.6596602201461792 0.8837798237800598 -0.19756904244422913 -0.3974321484565735 -0.14814646542072296
fire/seq-04/frame-000037.color.png 0.8793176412582397 -0.3453766107559204 0.6604668498039246 0.8793181777000427 -0.19441600143909454 -0.4086558520793915 -0.1483319252729416
fire/seq-04/frame-000038.color.png 0.8750961422920227 -0.34369534254074097 0.6630188226699829 0.8795163631439209 -0.19305720925331116 -0.4095759987831116 -0.14638087153434753
fire/seq-04/frame-000039.color.png 0.8680489659309387 -0.34880462288856506 0.6758114695549011 0.8809557557106018 -0.19631808996200562 -0.4061560332775116 -0.14287523925304413
fire/seq-04/frame-000040.color.png 0.8638383746147156 -0.34472694993019104 0.6779832243919373 0.8842712640762329 -0.1947677582502365 -0.39867502450942993 -0.14556071162223816
fire/seq-04/frame-000041.color.png 0.8665726780891418 -0.34843793511390686 0.6817454099655151 0.882212221622467 -0.1939391791820526 -0.4044766426086426 -0.1431358903646469
fire/seq-04/frame-000042.color.png 0.8744196891784668 -0.3597940504550934 0.6782707571983337 0.8849397897720337 -0.1903144121170044 -0.4017123579978943 -0.13888588547706604
fire/seq-04/frame-000043.color.png 0.8830033540725708 -0.35871651768684387 0.6912267804145813 0.8844923973083496 -0.1903868019580841 -0.4026019275188446 -0.1390603929758072
fire/seq-04/frame-000044.color.png 0.882124125957489 -0.356014221906662 0.6844043731689453 0.8836653232574463 -0.1889871209859848 -0.40628859400749207 -0.13545840978622437
fire/seq-04/frame-000045.color.png 0.9104347825050354 -0.3594508171081543 0.6909928321838379 0.8835211992263794 -0.18609948456287384 -0.40715160965919495 -0.1377853900194168
fire/seq-04/frame-000046.color.png 0.9121667146682739 -0.3699944019317627 0.6943244338035583 0.8852856159210205 -0.18124178051948547 -0.4058113098144531 -0.13688704371452332
fire/seq-04/frame-000047.color.png 0.9372295141220093 -0.36889421939849854 0.6922761797904968 0.8845033645629883 -0.18894946575164795 -0.40240368247032166 -0.14150376617908478
fire/seq-04/frame-000048.color.png 0.9645311832427979 -0.3820100426673889 0.7172998189926147 0.8755527138710022 -0.19838649034500122 -0.41317886114120483 -0.1527535319328308
fire/seq-04/frame-000049.color.png 0.9745946526527405 -0.3836124837398529 0.7226462960243225 0.8755205273628235 -0.20869861543178558 -0.4064268171787262 -0.15724484622478485
fire/seq-04/frame-000050.color.png 0.9891988039016724 -0.38118526339530945 0.7250986695289612 0.874299943447113 -0.20209269225597382 -0.41212794184684753 -0.1578250676393509
fire/seq-04/frame-000051.color.png 0.9995434880256653 -0.38558387756347656 0.7314188480377197 0.8711450695991516 -0.19795668125152588 -0.41890576481819153 -0.16259653866291046
fire/seq-04/frame-000052.color.png 1.020135760307312 -0.3932655453681946 0.7485154271125793 0.852440357208252 -0.1815871298313141 -0.4601142704486847 -0.16931235790252686
fire/seq-04/frame-000053.color.png 1.021424651145935 -0.387783020734787 0.745922327041626 0.8563016057014465 -0.18721789121627808 -0.44761157035827637 -0.1770334094762802
fire/seq-04/frame-000054.color.png 1.0153923034667969 -0.38843411207199097 0.746519923210144 0.8516529202461243 -0.18817992508411407 -0.453829288482666 -0.18252311646938324
fire/seq-04/frame-000055.color.png 1.0167667865753174 -0.38518089056015015 0.7721594572067261 0.8429229855537415 -0.19249002635478973 -0.46478167176246643 -0.190804585814476
fire/seq-04/frame-000056.color.png 1.013534426689148 -0.39761486649513245 0.7854465842247009 0.8408852815628052 -0.1945991814136505 -0.46723490953445435 -0.19166289269924164
fire/seq-04/frame-000057.color.png 1.028363585472107 -0.4115903377532959 0.7957574725151062 0.8379160761833191 -0.19614754617214203 -0.4723362922668457 -0.19058096408843994
fire/seq-04/frame-000058.color.png 1.0473203659057617 -0.41951197385787964 0.8188247084617615 0.82938551902771 -0.19408109784126282 -0.4872743785381317 -0.1923956722021103
fire/seq-04/frame-000059.color.png 1.0469260215759277 -0.41578441858291626 0.8153172135353088 0.8309929370880127 -0.18868762254714966 -0.48720526695251465 -0.19099365174770355
fire/seq-04/frame-000060.color.png 1.0407145023345947 -0.4159337878227234 0.8124887347221375 0.8270023465156555 -0.18328388035297394 -0.4964680075645447 -0.1897200345993042
fire/seq-04/frame-000061.color.png 1.056462287902832 -0.42034196853637695 0.8169959187507629 0.8288514018058777 -0.18439362943172455 -0.4938430190086365 -0.1874127984046936
fire/seq-04/frame-000062.color.png 1.094685435295105 -0.4378628134727478 0.8469381928443909 0.8194632530212402 -0.19278599321842194 -0.4996117353439331 -0.20421001315116882
fire/seq-04/frame-000063.color.png 1.1115014553070068 -0.43926286697387695 0.8588732481002808 0.8234408497810364 -0.19429732859134674 -0.49306508898735046 -0.20268326997756958
fire/seq-04/frame-000064.color.png 1.1293385028839111 -0.4507454037666321 0.8570551872253418 0.8197494745254517 -0.20052511990070343 -0.4956055283546448 -0.20536725223064423
fire/seq-04/frame-000065.color.png 1.1318014860153198 -0.45185619592666626 0.8843554854393005 0.8133412599563599 -0.19692814350128174 -0.5062479376792908 -0.2083464413881302
fire/seq-04/frame-000066.color.png 1.1282987594604492 -0.44509556889533997 0.8909816145896912 0.8113580942153931 -0.19994230568408966 -0.5099591612815857 -0.20411434769630432
fire/seq-04/frame-000067.color.png 1.1266343593597412 -0.4366215169429779 0.9002543687820435 0.8095420598983765 -0.20520223677158356 -0.5079694986343384 -0.21095187962055206
fire/seq-04/frame-000068.color.png 1.1375136375427246 -0.44645968079566956 0.9363624453544617 0.8088464140892029 -0.1940857619047165 -0.5112531781196594 -0.21614372730255127
fire/seq-04/frame-000069.color.png 1.1520624160766602 -0.4386661648750305 0.9338993430137634 0.8044290542602539 -0.19488678872585297 -0.5176388025283813 -0.21670956909656525
fire/seq-04/frame-000070.color.png 1.1428037881851196 -0.44286930561065674 0.9250894784927368 0.8026018142700195 -0.20249266922473907 -0.5170602798461914 -0.217889204621315
fire/seq-04/frame-000071.color.png 1.1717181205749512 -0.4707070291042328 0.9722645282745361 0.7964304685592651 -0.19466233253479004 -0.5275160074234009 -0.22255782783031464
fire/seq-04/frame-000072.color.png 1.1704652309417725 -0.4674580991268158 0.9773324728012085 0.7914665341377258 -0.1938309222459793 -0.5325897336006165 -0.22882041335105896
fire/seq-04/frame-000073.color.png 1.161243200302124 -0.48279306292533875 1.0087940692901611 0.7859764695167542 -0.18923147022724152 -0.5423691868782043 -0.22862228751182556
fire/seq-04/frame-000074.color.png 1.169358253479004 -0.5090551972389221 1.038136601448059 0.7768455743789673 -0.17893707752227783 -0.5552164316177368 -0.2371227741241455
fire/seq-04/frame-000075.color.png 1.158447504043579 -0.5155534744262695 1.0444018840789795 0.7732210755348206 -0.1828160136938095 -0.5581772327423096 -0.23905187845230103
fire/seq-04/frame-000076.color.png 1.154192328453064 -0.5445027947425842 1.0687898397445679 0.7711073160171509 -0.18542149662971497 -0.5612550973892212 -0.23665368556976318
fire/seq-04/frame-000077.color.png 1.1531926393508911 -0.5414551496505737 1.061318039894104 0.7579714059829712 -0.18953071534633636 -0.5693578124046326 -0.25571298599243164
fire/seq-04/frame-000078.color.png 1.1351523399353027 -0.5393438339233398 1.0915474891662598 0.7621743083000183 -0.18518999218940735 -0.5670071244239807 -0.2515904903411865
fire/seq-04/frame-000079.color.png 1.1450427770614624 -0.5497168302536011 1.1006042957305908 0.7646936774253845 -0.194027841091156 -0.5584485530853271 -0.25638243556022644
fire/seq-04/frame-000080.color.png 1.1826083660125732 -0.5605366230010986 1.099108099937439 0.757782518863678 -0.205919548869133 -0.5620192289352417 -0.25980237126350403
fire/seq-04/frame-000081.color.png 1.1865848302841187 -0.5608251094818115 1.1172736883163452 0.7668676376342773 -0.20833486318588257 -0.5496154427528381 -0.2577470541000366
fire/seq-04/frame-000082.color.png 1.1722272634506226 -0.559387743473053 1.119650959968567 0.771551787853241 -0.21763800084590912 -0.5406792759895325 -0.2549656629562378
fire/seq-04/frame-000083.color.png 1.177194356918335 -0.554531991481781 1.13594388961792 0.7621534466743469 -0.22143219411373138 -0.5501748323440552 -0.2596099078655243
fire/seq-04/frame-000084.color.png 1.1841425895690918 -0.5513314008712769 1.1297023296356201 0.7668887376785278 -0.22037039697170258 -0.5409471392631531 -0.26588496565818787
fire/seq-04/frame-000085.color.png 1.2233110666275024 -0.5616792440414429 1.1354122161865234 0.7676621675491333 -0.21791180968284607 -0.5405842065811157 -0.2664165794849396
fire/seq-04/frame-000086.color.png 1.203315019607544 -0.5588695406913757 1.1536310911178589 0.7754592895507812 -0.22206076979637146 -0.5320421457290649 -0.25745469331741333
fire/seq-04/frame-000087.color.png 1.2012395858764648 -0.56920325756073 1.161409616470337 0.7685928344726562 -0.22579535841941833 -0.5357550382614136 -0.26692336797714233
fire/seq-04/frame-000088.color.png 1.2324302196502686 -0.5915202498435974 1.1734018325805664 0.7607058882713318 -0.2273496687412262 -0.5439185500144958 -0.27164533734321594
fire/seq-04/frame-000089.color.png 1.2150144577026367 -0.5906029343605042 1.1894820928573608 0.7607312202453613 -0.22571703791618347 -0.544522762298584 -0.2717258334159851
fire/seq-04/frame-000090.color.png 1.2178601026535034 -0.6027764678001404 1.1920106410980225 0.7677505612373352 -0.22714461386203766 -0.5345399975776672 -0.270612508058548
fire/seq-04/frame-000091.color.png 1.223931074142456 -0.6069970726966858 1.179770827293396 0.7694157958030701 -0.21859429776668549 -0.5349898934364319 -0.27203261852264404
fire/seq-04/frame-000092.color.png 1.2029757499694824 -0.6082773208618164 1.1820275783538818 0.7631691694259644 -0.2205570489168167 -0.5415104031562805 -0.2751253843307495
fire/seq-04/frame-000093.color.png 1.2486017942428589 -0.6381227374076843 1.2004847526550293 0.7464439868927002 -0.21134255826473236 -0.5642536282539368 -0.28244227170944214
fire/seq-04/frame-000094.color.png 1.2304327487945557 -0.6472911238670349 1.2263423204421997 0.7490580081939697 -0.2142883986234665 -0.5551543831825256 -0.2911979556083679
fire/seq-04/frame-000095.color.png 1.2155965566635132 -0.6251946687698364 1.2234506607055664 0.756226658821106 -0.2154122292995453 -0.5437911152839661 -0.29327476024627686
fire/seq-04/frame-000096.color.png 1.1749227046966553 -0.6299508213996887 1.2286375761032104 0.7600146532058716 -0.21976114809513092 -0.5415871143341064 -0.2841942608356476
fire/seq-04/frame-000097.color.png 1.1686373949050903 -0.6541169285774231 1.2571126222610474 0.7702625393867493 -0.22749970853328705 -0.5267157554626465 -0.27840620279312134
fire/seq-04/frame-000098.color.png 1.185300350189209 -0.6416189670562744 1.221063256263733 0.7662156224250793 -0.21003201603889465 -0.5404040813446045 -0.277062326669693
fire/seq-04/frame-000099.color.png 1.1608442068099976 -0.6384989619255066 1.2560298442840576 0.7535841464996338 -0.20190954208374023 -0.5556641817092896 -0.2873687446117401
fire/seq-04/frame-000100.color.png 1.153626561164856 -0.6582680344581604 1.2875133752822876 0.7481087446212769 -0.2059890329837799 -0.5655415058135986 -0.27940040826797485
fire/seq-04/frame-000101.color.png 1.1437551975250244 -0.6556341648101807 1.2876009941101074 0.7536970973014832 -0.21064749360084534 -0.5547009706497192 -0.2826218903064728
fire/seq-04/frame-000102.color.png 1.0954018831253052 -0.6707554459571838 1.2991799116134644 0.7381162047386169 -0.20994293689727783 -0.5716403722763062 -0.2904060482978821
fire/seq-04/frame-000103.color.png 1.079993486404419 -0.6437429785728455 1.271848440170288 0.758039653301239 -0.21012459695339203 -0.5473562479019165 -0.2857005298137665
fire/seq-04/frame-000104.color.png 1.0530050992965698 -0.630405604839325 1.2060126066207886 0.7669333815574646 -0.2131941169500351 -0.536277174949646 -0.2806570827960968
fire/seq-04/frame-000105.color.png 1.0429749488830566 -0.6629641056060791 1.2723749876022339 0.7584645748138428 -0.20614168047904968 -0.5495144128799438 -0.28332141041755676
fire/seq-04/frame-000106.color.png 1.0120950937271118 -0.6717827320098877 1.2773493528366089 0.7612320184707642 -0.21494591236114502 -0.5402154922485352 -0.28721311688423157
fire/seq-04/frame-000107.color.png 1.021960735321045 -0.6246775388717651 1.2232848405838013 0.8058791160583496 -0.2144816666841507 -0.4697481691837311 -0.28964337706565857
fire/seq-04/frame-000108.color.png 0.9944541454315186 -0.6219125390052795 1.2187472581863403 0.7830520868301392 -0.20654699206352234 -0.5097278952598572 -0.29042258858680725
fire/seq-04/frame-000109.color.png 0.9366231560707092 -0.574470043182373 1.2387984991073608 0.8145341277122498 -0.22156861424446106 -0.47587090730667114 -0.24695856869220734
fire/seq-04/frame-000110.color.png 0.9377838969230652 -0.5572696924209595 1.2332913875579834 0.833286702632904 -0.2289881855249405 -0.44824883341789246 -0.22862781584262848
fire/seq-04/frame-000111.color.png 0.9035906791687012 -0.5605307221412659 1.2000454664230347 0.8583765625953674 -0.23487412929534912 -0.39935457706451416 -0.22031760215759277
fire/seq-04/frame-000112.color.png 0.9233267307281494 -0.5509434938430786 1.2005923986434937 0.8471434116363525 -0.22518429160118103 -0.4250379800796509 -0.2257942110300064
fire/seq-04/frame-000113.color.png 0.9045051336288452 -0.5789571404457092 1.2430065870285034 0.8466867208480835 -0.24040170013904572 -0.4257572591304779 -0.20990340411663055
fire/seq-04/frame-000114.color.png 0.8979673981666565 -0.5353512167930603 1.2177960872650146 0.8335824608802795 -0.22849920392036438 -0.449135959148407 -0.2262861430644989
fire/seq-04/frame-000115.color.png 0.9115571975708008 -0.5121182799339294 1.1694940328598022 0.8953191637992859 -0.22587595880031586 -0.3291197121143341 -0.19764567911624908
fire/seq-04/frame-000116.color.png 0.869520366191864 -0.5283112525939941 1.2110422849655151 0.8171917796134949 -0.21616528928279877 -0.47133469581604004 -0.25162211060523987
fire/seq-04/frame-000117.color.png 0.8481402397155762 -0.5480666756629944 1.245165228843689 0.8044788241386414 -0.2128956913948059 -0.48932552337646484 -0.26086392998695374
fire/seq-04/frame-000118.color.png 0.7663130164146423 -0.552839994430542 1.1917483806610107 0.8291234970092773 -0.214369997382164 -0.451947957277298 -0.24968555569648743
fire/seq-04/frame-000119.color.png 0.6886950135231018 -0.5509347319602966 1.1115484237670898 0.8464671969413757 -0.22487692534923553 -0.4243715703487396 -0.2298532873392105
fire/seq-04/frame-000120.color.png 0.7248237729072571 -0.5492761135101318 1.1747968196868896 0.839566707611084 -0.22375278174877167 -0.4332561790943146 -0.23948174715042114
fire/seq-04/frame-000121.color.png 0.7030708193778992 -0.5440563559532166 1.2020763158798218 0.8767849206924438 -0.22728052735328674 -0.371457576751709 -0.203988179564476
fire/seq-04/frame-000122.color.png 0.6838221549987793 -0.5624757409095764 1.184068202972412 0.8916452527046204 -0.22976480424404144 -0.34568819403648376 -0.18076661229133606
fire/seq-04/frame-000123.color.png 0.6211746335029602 -0.5593634843826294 1.175311803817749 0.8539586067199707 -0.2271328568458557 -0.41401898860931396 -0.21852661669254303
fire/seq-04/frame-000124.color.png 0.5814602375030518 -0.5370782613754272 1.1710819005966187 0.917776882648468 -0.22070138156414032 -0.2892732620239258 -0.15905223786830902
fire/seq-04/frame-000125.color.png 0.5347998738288879 -0.4643763601779938 1.112547755241394 0.9647753834724426 -0.21403232216835022 -0.1218181699514389 -0.09251478314399719
fire/seq-04/frame-000126.color.png 0.5119682550430298 -0.4579494893550873 1.1155112981796265 0.9406136870384216 -0.2264108955860138 -0.21155694127082825 -0.13866399228572845
fire/seq-04/frame-000127.color.png 0.5121444463729858 -0.4435274302959442 1.1194933652877808 0.9245467782020569 -0.23173320293426514 -0.2590140998363495 -0.15628363192081451
fire/seq-04/frame-000128.color.png 0.41698381304740906 -0.4005618989467621 1.0521653890609741 0.9288792610168457 -0.2292608618736267 -0.24432866275310516 -0.15788081288337708
fire/seq-04/frame-000129.color.png 0.361460417509079 -0.35732129216194153 1.0176430940628052 0.897468090057373 -0.23354096710681915 -0.32391244173049927 -0.18732453882694244
fire/seq-04/frame-000130.color.png 0.30304214358329773 -0.34415555000305176 0.9749422669410706 0.9307770133018494 -0.23104840517044067 -0.23966751992702484 -0.15109685063362122
fire/seq-04/frame-000131.color.png 0.26928937435150146 -0.3473418951034546 0.9603224396705627 0.9286115765571594 -0.22839076817035675 -0.24772006273269653 -0.15541191399097443
fire/seq-04/frame-000132.color.png 0.17381571233272552 -0.32964232563972473 0.9506131410598755 0.9416718482971191 -0.22657452523708344 -0.2029011845588684 -0.1440458446741104
fire/seq-04/frame-000133.color.png 0.13624638319015503 -0.3716726303100586 0.9459967613220215 0.8904563784599304 -0.23189185559749603 -0.33293822407722473 -0.20607197284698486
fire/seq-04/frame-000134.color.png 0.2172061800956726 -0.368798166513443 0.9690744876861572 0.9408749938011169 -0.21298985183238983 -0.22191832959651947 -0.14192216098308563
fire/seq-04/frame-000135.color.png 0.2501634359359741 -0.3319511413574219 0.931572437286377 0.9628245830535889 -0.21395432949066162 -0.12564849853515625 -0.10679307579994202
fire/seq-04/frame-000136.color.png 0.20976868271827698 -0.378065288066864 0.9540262222290039 0.9617810845375061 -0.2173037976026535 -0.13117466866970062 -0.10271049290895462
fire/seq-04/frame-000137.color.png 0.24364306032657623 -0.3436248004436493 0.9296088218688965 0.9751155376434326 -0.20113906264305115 0.09301642328500748 0.0063887289725244045
fire/seq-04/frame-000138.color.png 0.2692547142505646 -0.33677971363067627 0.9295902848243713 0.9748134613037109 -0.21959160268306732 -0.009946978650987148 -0.03767327964305878
fire/seq-04/frame-000139.color.png 0.23225630819797516 -0.31215929985046387 0.9299594759941101 0.9598715901374817 -0.22423090040683746 -0.13563662767410278 -0.09984931349754333
fire/seq-04/frame-000140.color.png 0.2528500258922577 -0.3532966375350952 0.9381192326545715 0.8981407284736633 -0.22714245319366455 -0.3188282549381256 -0.20024490356445312
fire/seq-04/frame-000141.color.png 0.1929059624671936 -0.3374582827091217 0.9169881939888 0.8711968064308167 -0.2232712358236313 -0.37469789385795593 -0.22531622648239136
fire/seq-04/frame-000142.color.png 0.1786801517009735 -0.3174067437648773 0.8977134823799133 0.9178608655929565 -0.2247363179922104 -0.26748770475387573 -0.18834906816482544
fire/seq-04/frame-000143.color.png 0.16597610712051392 -0.3138982653617859 0.8809472322463989 0.9100177884101868 -0.21747231483459473 -0.29693663120269775 -0.19079314172267914
fire/seq-04/frame-000144.color.png 0.19749805331230164 -0.30934253334999084 0.8869432806968689 0.9435284733772278 -0.21003489196300507 -0.21242296695709229 -0.14323364198207855
fire/seq-04/frame-000145.color.png 0.27378717064857483 -0.30873623490333557 0.9137848615646362 0.9447411298751831 -0.2086992859840393 -0.2070877104997635 -0.14499422907829285
fire/seq-04/frame-000146.color.png 0.28178730607032776 -0.3168213367462158 0.9235791563987732 0.9335963726043701 -0.22655124962329865 -0.22955849766731262 -0.15612593293190002
fire/seq-04/frame-000147.color.png 0.2027488499879837 -0.3202552795410156 0.9045969843864441 0.9241744875907898 -0.22804400324821472 -0.2514951229095459 -0.17506475746631622
fire/seq-04/frame-000148.color.png 0.21241840720176697 -0.32891377806663513 0.9321661591529846 0.9201380610466003 -0.22082853317260742 -0.27797651290893555 -0.1652568131685257
fire/seq-04/frame-000149.color.png 0.1788238286972046 -0.31709957122802734 0.9419556260108948 0.8746860027313232 -0.22230032086372375 -0.3717913031578064 -0.2174353450536728
fire/seq-04/frame-000150.color.png 0.2661980092525482 -0.3386777341365814 0.9456913471221924 0.9199831485748291 -0.23069341480731964 -0.26955997943878174 -0.16658015549182892
fire/seq-04/frame-000151.color.png 0.21862363815307617 -0.3040209114551544 0.966031014919281 0.967629611492157 -0.2072351723909378 -0.11515025049448013 -0.08652690798044205
fire/seq-04/frame-000152.color.png 0.21035772562026978 -0.3233141601085663 0.9599494934082031 0.94637531042099 -0.21694234013557434 -0.20114167034626007 -0.1298145204782486
fire/seq-04/frame-000153.color.png 0.1556982547044754 -0.27656906843185425 0.9713714122772217 0.927157461643219 -0.22268272936344147 -0.2559034526348114 -0.1590748131275177
fire/seq-04/frame-000154.color.png 0.11984996497631073 -0.2749180495738983 0.9427231550216675 0.9429202675819397 -0.21692347526550293 -0.2100689560174942 -0.1404164582490921
fire/seq-04/frame-000155.color.png 0.13136161863803864 -0.2834143340587616 0.9457360506057739 0.9095764756202698 -0.21726834774017334 -0.29993316531181335 -0.18842795491218567
fire/seq-04/frame-000156.color.png 0.08109162747859955 -0.2550796866416931 0.9428884387016296 0.9355064630508423 -0.22018282115459442 -0.23519164323806763 -0.14502409100532532
fire/seq-04/frame-000157.color.png 0.10774470865726471 -0.29223906993865967 0.9753099083900452 0.9080002903938293 -0.23334841430187225 -0.2988456189632416 -0.17825642228126526
fire/seq-04/frame-000158.color.png 0.11858080327510834 -0.30309098958969116 0.9906852841377258 0.9246755242347717 -0.22205117344856262 -0.265203058719635 -0.15917254984378815
fire/seq-04/frame-000159.color.png 0.15393133461475372 -0.2708640396595001 1.0018144845962524 0.9246021509170532 -0.22308607399463654 -0.26512953639030457 -0.1582716703414917
fire/seq-04/frame-000160.color.png 0.14695987105369568 -0.2788684070110321 1.0207040309906006 0.9205331206321716 -0.22748145461082458 -0.2730422914028168 -0.16223099827766418
fire/seq-04/frame-000161.color.png 0.1626354604959488 -0.2696995139122009 1.0151042938232422 0.8920722603797913 -0.22244249284267426 -0.3414207696914673 -0.19534142315387726
fire/seq-04/frame-000162.color.png 0.24211224913597107 -0.275646448135376 1.0344589948654175 0.914099395275116 -0.2275935560464859 -0.28481364250183105 -0.1774953007698059
fire/seq-04/frame-000163.color.png 0.2449544370174408 -0.30643054842948914 1.0361292362213135 0.9291234612464905 -0.22326615452766418 -0.25235143303871155 -0.15231715142726898
fire/seq-04/frame-000164.color.png 0.30616089701652527 -0.33708426356315613 1.0622138977050781 0.9126734137535095 -0.22199499607086182 -0.2945437729358673 -0.17603859305381775
fire/seq-04/frame-000165.color.png 0.36821141839027405 -0.3534187376499176 1.0781090259552002 0.8932163715362549 -0.22396016120910645 -0.3373779356479645 -0.195403590798378
fire/seq-04/frame-000166.color.png 0.4204101860523224 -0.3787267506122589 1.0784028768539429 0.8736427426338196 -0.2207217663526535 -0.3795240521430969 -0.20974200963974
fire/seq-04/frame-000167.color.png 0.4333505928516388 -0.390080988407135 1.0893992185592651 0.8787470459938049 -0.22403034567832947 -0.3682945966720581 -0.20487374067306519
fire/seq-04/frame-000168.color.png 0.4899907112121582 -0.41578081250190735 1.1188030242919922 0.8804055452346802 -0.22543682157993317 -0.3642200231552124 -0.2034894973039627
fire/seq-04/frame-000169.color.png 0.5182377099990845 -0.4140426218509674 1.1177517175674438 0.8569866418838501 -0.2131199687719345 -0.4127703905105591 -0.22310198843479156
fire/seq-04/frame-000170.color.png 0.5146804451942444 -0.4143390357494354 1.1278375387191772 0.8703494668006897 -0.21874435245990753 -0.3873906135559082 -0.21111875772476196
fire/seq-04/frame-000171.color.png 0.5046863555908203 -0.4257282316684723 1.1325105428695679 0.8681285977363586 -0.22087600827217102 -0.38836559653282166 -0.21619117259979248
fire/seq-04/frame-000172.color.png 0.5536880493164062 -0.4357241094112396 1.121101975440979 0.8508015871047974 -0.21243099868297577 -0.4199628531932831 -0.23375408351421356
fire/seq-04/frame-000173.color.png 0.5330522656440735 -0.41903993487358093 1.1171150207519531 0.8600567579269409 -0.2026320993900299 -0.40978971123695374 -0.2265283316373825
fire/seq-04/frame-000174.color.png 0.5205987691879272 -0.39495453238487244 1.0850489139556885 0.8399960994720459 -0.20889322459697723 -0.44430482387542725 -0.23100532591342926
fire/seq-04/frame-000175.color.png 0.5384595394134521 -0.37609246373176575 1.0695993900299072 0.8441523909568787 -0.20632311701774597 -0.43714189529418945 -0.23182877898216248
fire/seq-04/frame-000176.color.png 0.5251964926719666 -0.36874088644981384 1.0790090560913086 0.8509922027587891 -0.2121860235929489 -0.42365193367004395 -0.2265138030052185
fire/seq-04/frame-000177.color.png 0.5078417062759399 -0.37501052021980286 1.0755259990692139 0.8412230014801025 -0.20949555933475494 -0.439635306596756 -0.2348962128162384
fire/seq-04/frame-000178.color.png 0.5220574736595154 -0.37574633955955505 1.0714998245239258 0.8289637565612793 -0.2018183022737503 -0.46299585700035095 -0.2402569204568863
fire/seq-04/frame-000179.color.png 0.49786749482154846 -0.3801928758621216 1.0671184062957764 0.8280059695243835 -0.21748147904872894 -0.4584512412548065 -0.238600954413414
fire/seq-04/frame-000180.color.png 0.5482541918754578 -0.41583752632141113 1.1029071807861328 0.8299106955528259 -0.21357020735740662 -0.4590095579624176 -0.2344060093164444
fire/seq-04/frame-000181.color.png 0.5562236309051514 -0.4301149249076843 1.1006754636764526 0.8089172840118408 -0.21004703640937805 -0.4825831353664398 -0.2620048224925995
fire/seq-04/frame-000182.color.png 0.5385422706604004 -0.43893352150917053 1.1014516353607178 0.7888968586921692 -0.20442353188991547 -0.5049147605895996 -0.2844538688659668
fire/seq-04/frame-000183.color.png 0.5757970213890076 -0.44849368929862976 1.100811243057251 0.7598362565040588 -0.19862592220306396 -0.5426837205886841 -0.2978106737136841
fire/seq-04/frame-000184.color.png 0.5434387922286987 -0.44167545437812805 1.0935899019241333 0.7557989954948425 -0.2039889246225357 -0.5506702661514282 -0.28968751430511475
fire/seq-04/frame-000185.color.png 0.5266367197036743 -0.4650052785873413 1.1160866022109985 0.7584118843078613 -0.20747078955173492 -0.542495608329773 -0.29574641585350037
fire/seq-04/frame-000186.color.png 0.569545567035675 -0.4372286796569824 1.1124439239501953 0.7559127807617188 -0.2018582969903946 -0.5510383248329163 -0.2901826798915863
fire/seq-04/frame-000187.color.png 0.5502457022666931 -0.43022334575653076 1.0895158052444458 0.7539141178131104 -0.19995364546775818 -0.5535561442375183 -0.2919034957885742
fire/seq-04/frame-000188.color.png 0.5042290091514587 -0.4454558789730072 1.0959495306015015 0.751518964767456 -0.20113705098628998 -0.560900866985321 -0.2831138074398041
fire/seq-04/frame-000189.color.png 0.5580611824989319 -0.44741910696029663 1.1240882873535156 0.761380136013031 -0.18907099962234497 -0.5559788942337036 -0.2746630609035492
fire/seq-04/frame-000190.color.png 0.5399614572525024 -0.43001148104667664 1.0943888425827026 0.7549023032188416 -0.19517402350902557 -0.5640214681625366 -0.27186280488967896
fire/seq-04/frame-000191.color.png 0.5617132782936096 -0.42378467321395874 1.091962456703186 0.7640594244003296 -0.20125219225883484 -0.5493127703666687 -0.271967351436615
fire/seq-04/frame-000192.color.png 0.5964345335960388 -0.42736512422561646 1.0994914770126343 0.7656393647193909 -0.19619081914424896 -0.5507045388221741 -0.2683838903903961
fire/seq-04/frame-000193.color.png 0.6017065644264221 -0.4237072467803955 1.0889263153076172 0.7666904330253601 -0.19588521122932434 -0.5523332953453064 -0.26218822598457336
fire/seq-04/frame-000194.color.png 0.5955525040626526 -0.4124058783054352 1.0774590969085693 0.7640712261199951 -0.18576091527938843 -0.5624401569366455 -0.2556345462799072
fire/seq-04/frame-000195.color.png 0.5802052021026611 -0.4182123839855194 1.0840178728103638 0.7652654647827148 -0.18231849372386932 -0.5644987225532532 -0.24993973970413208
fire/seq-04/frame-000196.color.png 0.6051602363586426 -0.42760342359542847 1.097513198852539 0.77364182472229 -0.18116329610347748 -0.554994523525238 -0.24625016748905182
fire/seq-04/frame-000197.color.png 0.6245232820510864 -0.43417078256607056 1.090672492980957 0.7686526775360107 -0.17956629395484924 -0.5639345645904541 -0.24270731210708618
fire/seq-04/frame-000198.color.png 0.6338977217674255 -0.4012959599494934 1.063823938369751 0.7716146111488342 -0.16990914940834045 -0.5646361708641052 -0.23859535157680511
fire/seq-04/frame-000199.color.png 0.659026026725769 -0.4014618396759033 1.0619850158691406 0.7739956974983215 -0.16292476654052734 -0.5659945607185364 -0.23245741426944733
fire/seq-04/frame-000200.color.png 0.6591756939888 -0.4052436649799347 1.0401867628097534 0.7690548896789551 -0.17106686532497406 -0.570831298828125 -0.23117583990097046
fire/seq-04/frame-000201.color.png 0.6716477870941162 -0.4339972138404846 1.0580871105194092 0.7718846201896667 -0.15921369194984436 -0.573254406452179 -0.22410820424556732
fire/seq-04/frame-000202.color.png 0.675266683101654 -0.4514724314212799 1.0562139749526978 0.7730565667152405 -0.15293243527412415 -0.5739472508430481 -0.2226649820804596
fire/seq-04/frame-000203.color.png 0.6788840293884277 -0.4720480740070343 1.0690135955810547 0.7802444100379944 -0.15565945208072662 -0.5644919872283936 -0.21985816955566406
fire/seq-04/frame-000204.color.png 0.6884287595748901 -0.44193747639656067 1.0426993370056152 0.7819437980651855 -0.1361345499753952 -0.5686725974082947 -0.2159692496061325
fire/seq-04/frame-000205.color.png 0.7006952166557312 -0.43385204672813416 1.0368776321411133 0.7894416451454163 -0.13428056240081787 -0.5638685822486877 -0.20199646055698395
fire/seq-04/frame-000206.color.png 0.7098566889762878 -0.4260566532611847 1.0257071256637573 0.7872340083122253 -0.1322483867406845 -0.5678480267524719 -0.2008022665977478
fire/seq-04/frame-000207.color.png 0.7121361494064331 -0.4279096722602844 1.032133936882019 0.7866820096969604 -0.1389135867357254 -0.5665525794029236 -0.20212039351463318
fire/seq-04/frame-000208.color.png 0.6845436692237854 -0.4101652503013611 1.002394437789917 0.7873467803001404 -0.1287965178489685 -0.5674786567687988 -0.20362825691699982
fire/seq-04/frame-000209.color.png 0.6998159289360046 -0.40408089756965637 1.003104567527771 0.7879520654678345 -0.12219616025686264 -0.5687527656555176 -0.20179198682308197
fire/seq-04/frame-000210.color.png 0.7116721272468567 -0.3956878185272217 1.0000896453857422 0.7889958024024963 -0.12449980527162552 -0.5679446458816528 -0.19855523109436035
fire/seq-04/frame-000211.color.png 0.7126150131225586 -0.4029739499092102 0.9993017315864563 0.7903414368629456 -0.12028257548809052 -0.5680164098739624 -0.19557558000087738
fire/seq-04/frame-000212.color.png 0.7121200561523438 -0.40969252586364746 0.9952251315116882 0.7933581471443176 -0.11833741515874863 -0.5655422806739807 -0.1916799396276474
fire/seq-04/frame-000213.color.png 0.7476334571838379 -0.40222465991973877 0.9906834959983826 0.7994896769523621 -0.10994473099708557 -0.560672402381897 -0.18540458381175995
fire/seq-04/frame-000214.color.png 0.7590384483337402 -0.3870653212070465 0.980640172958374 0.7959250807762146 -0.11021368205547333 -0.5659586787223816 -0.18451832234859467
fire/seq-04/frame-000215.color.png 0.7658065557479858 -0.4128750264644623 0.9607691764831543 0.7984781265258789 -0.1019456535577774 -0.5652902722358704 -0.1802409142255783
fire/seq-04/frame-000216.color.png 0.7552224397659302 -0.42449480295181274 0.9576289057731628 0.7980784773826599 -0.09775149077177048 -0.5671880841255188 -0.17836202681064606
fire/seq-04/frame-000217.color.png 0.7797478437423706 -0.4202777147293091 0.9593690633773804 0.7980262041091919 -0.08685149252414703 -0.5704780220985413 -0.17368283867835999
fire/seq-04/frame-000218.color.png 0.764826774597168 -0.41352277994155884 0.9534227252006531 0.8029463887214661 -0.09187890589237213 -0.5650557279586792 -0.16597460210323334
fire/seq-04/frame-000219.color.png 0.7808452248573303 -0.4160478115081787 0.9479062557220459 0.8040592074394226 -0.08663272857666016 -0.5650721788406372 -0.1633307933807373
fire/seq-04/frame-000220.color.png 0.7722489237785339 -0.4058467447757721 0.9392228126525879 0.8096713423728943 -0.07763849943876266 -0.5590670108795166 -0.16077575087547302
fire/seq-04/frame-000221.color.png 0.7880337238311768 -0.3973144590854645 0.9302400350570679 0.8039935231208801 -0.0814276933670044 -0.567025363445282 -0.1595180630683899
fire/seq-04/frame-000222.color.png 0.7583718299865723 -0.4016124904155731 0.9058524966239929 0.8124489188194275 -0.07229446619749069 -0.5580312013626099 -0.1526481658220291
fire/seq-04/frame-000223.color.png 0.7889170050621033 -0.4023832082748413 0.901526689529419 0.8102902173995972 -0.07252825051546097 -0.5624719858169556 -0.14763015508651733
fire/seq-04/frame-000224.color.png 0.7862377166748047 -0.41607004404067993 0.8981272578239441 0.8129802346229553 -0.0782594308257103 -0.5566449165344238 -0.15193726122379303
fire/seq-04/frame-000225.color.png 0.8239197731018066 -0.41761723160743713 0.9109370112419128 0.8197759985923767 -0.07529836893081665 -0.5492015480995178 -0.14378884434700012
fire/seq-04/frame-000226.color.png 0.7897299528121948 -0.4423655867576599 0.9191592335700989 0.8194569945335388 -0.07453668862581253 -0.5498692989349365 -0.1434502899646759
fire/seq-04/frame-000227.color.png 0.7943350672721863 -0.4201069474220276 0.9051656723022461 0.8263410329818726 -0.0701460987329483 -0.5414968729019165 -0.13791713118553162
fire/seq-04/frame-000228.color.png 0.8123896718025208 -0.41398659348487854 0.8872650265693665 0.8312764763832092 -0.0737866535782814 -0.5343630909919739 -0.13413026928901672
fire/seq-04/frame-000229.color.png 0.8171041011810303 -0.42811089754104614 0.8860741853713989 0.8371716737747192 -0.07672180235385895 -0.5259561538696289 -0.12894822657108307
fire/seq-04/frame-000230.color.png 0.8433894515037537 -0.42354926466941833 0.8895031809806824 0.8404671549797058 -0.08788313716650009 -0.518926203250885 -0.12886902689933777
fire/seq-04/frame-000231.color.png 0.8324664831161499 -0.41915443539619446 0.8915279507637024 0.8468582034111023 -0.0835835412144661 -0.5106930732727051 -0.12262692302465439
fire/seq-04/frame-000232.color.png 0.8494861721992493 -0.42175495624542236 0.891115665435791 0.8444636464118958 -0.09151254594326019 -0.5137209892272949 -0.12082026898860931
fire/seq-04/frame-000233.color.png 0.8279117941856384 -0.4116709530353546 0.877650260925293 0.8488477468490601 -0.09072057902812958 -0.5069361329078674 -0.11934402585029602
fire/seq-04/frame-000234.color.png 0.8328699469566345 -0.41823557019233704 0.8574388027191162 0.8489862084388733 -0.09334782510995865 -0.505635142326355 -0.12182698398828506
fire/seq-04/frame-000235.color.png 0.8616396188735962 -0.41897696256637573 0.8659003973007202 0.853774905204773 -0.10127668082714081 -0.4953977167606354 -0.12406671792268753
fire/seq-04/frame-000236.color.png 0.8680338263511658 -0.43003836274147034 0.8735410571098328 0.8540681600570679 -0.08792037516832352 -0.49925366044044495 -0.11654751747846603
fire/seq-04/frame-000237.color.png 0.8474525809288025 -0.44258052110671997 0.8870477676391602 0.8583876490592957 -0.10211816430091858 -0.48724275827407837 -0.12384285777807236
fire/seq-04/frame-000238.color.png 0.8576167821884155 -0.42227068543434143 0.8741408586502075 0.8547272682189941 -0.09392477571964264 -0.49546173214912415 -0.1230316236615181
fire/seq-04/frame-000239.color.png 0.8388197422027588 -0.4220203161239624 0.8531433939933777 0.8569985628128052 -0.10277514904737473 -0.48867475986480713 -0.1272304505109787
fire/seq-04/frame-000240.color.png 0.855025589466095 -0.4161922335624695 0.8485056161880493 0.8632528185844421 -0.10380887985229492 -0.477190226316452 -0.12770184874534607
fire/seq-04/frame-000241.color.png 0.8787603974342346 -0.4189589321613312 0.8306617140769958 0.8611910343170166 -0.0924990177154541 -0.48574185371398926 -0.11768047511577606
fire/seq-04/frame-000242.color.png 0.8558502197265625 -0.4205424189567566 0.82242351770401 0.8558026552200317 -0.10968171805143356 -0.48802393674850464 -0.13192641735076904
fire/seq-04/frame-000243.color.png 0.8304200768470764 -0.40239840745925903 0.8000397086143494 0.8646906614303589 -0.09788365662097931 -0.4775037467479706 -0.12132143974304199
fire/seq-04/frame-000244.color.png 0.8684859871864319 -0.38714930415153503 0.7914780974388123 0.8616245985031128 -0.11131726205348969 -0.47698360681533813 -0.1330338567495346
fire/seq-04/frame-000245.color.png 0.8876225352287292 -0.37847986817359924 0.7856671810150146 0.8681553602218628 -0.10383035242557526 -0.4700230062007904 -0.12084675580263138
fire/seq-04/frame-000246.color.png 0.93075031042099 -0.3835310935974121 0.7867781519889832 0.8666117191314697 -0.13473163545131683 -0.46020618081092834 -0.1379920244216919
fire/seq-04/frame-000247.color.png 0.8908374905586243 -0.3962443470954895 0.7799316644668579 0.8682548999786377 -0.1317208856344223 -0.45967787504196167 -0.1322089284658432
fire/seq-04/frame-000248.color.png 0.8943548798561096 -0.4042472541332245 0.7702706456184387 0.8804616332054138 -0.12676210701465607 -0.44051554799079895 -0.12109744548797607
fire/seq-04/frame-000249.color.png 0.8917845487594604 -0.420688658952713 0.770585298538208 0.876887857913971 -0.14616654813289642 -0.43988460302352905 -0.12729670107364655
fire/seq-04/frame-000250.color.png 0.8742384314537048 -0.4318176507949829 0.752975344657898 0.8832468390464783 -0.14290587604045868 -0.4317750632762909 -0.11411909759044647
fire/seq-04/frame-000251.color.png 0.8903385400772095 -0.42673760652542114 0.7674384713172913 0.8866807818412781 -0.13390372693538666 -0.4278540015220642 -0.11317247152328491
fire/seq-04/frame-000252.color.png 0.8839306831359863 -0.4356701076030731 0.751427412033081 0.8925600051879883 -0.14353825151920319 -0.41271382570266724 -0.11135780066251755
fire/seq-04/frame-000253.color.png 0.9185319542884827 -0.4472197890281677 0.7437610030174255 0.8949846625328064 -0.15593013167381287 -0.4027422070503235 -0.11174482107162476
fire/seq-04/frame-000254.color.png 0.8818812966346741 -0.43469154834747314 0.7654024958610535 0.8913854360580444 -0.15094693005084991 -0.41160914301872253 -0.11500006169080734
fire/seq-04/frame-000255.color.png 0.8951853513717651 -0.4320071041584015 0.7536035776138306 0.8932473659515381 -0.15919071435928345 -0.40592068433761597 -0.10952506214380264
fire/seq-04/frame-000256.color.png 0.9218810796737671 -0.4505237638950348 0.741328775882721 0.88924241065979 -0.16947883367538452 -0.40870383381843567 -0.11612965911626816
fire/seq-04/frame-000257.color.png 0.9118425250053406 -0.4465324282646179 0.721251904964447 0.8826375007629395 -0.17211982607841492 -0.4196436107158661 -0.1233900785446167
fire/seq-04/frame-000258.color.png 0.9028282761573792 -0.4262457489967346 0.7178258299827576 0.8893982172012329 -0.17086856067180634 -0.4055803418159485 -0.12360973656177521
fire/seq-04/frame-000259.color.png 0.8893904685974121 -0.4102889895439148 0.717893123626709 0.8866260051727295 -0.1843966692686081 -0.40510663390159607 -0.12562163174152374
fire/seq-04/frame-000260.color.png 0.8994682431221008 -0.41253817081451416 0.70904141664505 0.8962167501449585 -0.19378496706485748 -0.38140571117401123 -0.11735640466213226
fire/seq-04/frame-000261.color.png 0.8995213508605957 -0.4436897933483124 0.7212425470352173 0.8984737396240234 -0.2020464688539505 -0.3710376024246216 -0.1193874180316925
fire/seq-04/frame-000262.color.png 0.8891785740852356 -0.40970379114151 0.7166458964347839 0.8945677876472473 -0.19632209837436676 -0.3813402056694031 -0.1256408393383026
fire/seq-04/frame-000263.color.png 0.8813996315002441 -0.42158859968185425 0.6857476234436035 0.8935413956642151 -0.2005329728126526 -0.3793582320213318 -0.13212792575359344
fire/seq-04/frame-000264.color.png 0.8796970844268799 -0.41175511479377747 0.6961749792098999 0.8973119854927063 -0.20431938767433167 -0.3691287338733673 -0.12972569465637207
fire/seq-04/frame-000265.color.png 0.8686709403991699 -0.40891075134277344 0.6749460101127625 0.9016620516777039 -0.2088940590620041 -0.35594800114631653 -0.12911204993724823
fire/seq-04/frame-000266.color.png 0.8563380837440491 -0.4130203127861023 0.6681420803070068 0.8971691727638245 -0.20917955040931702 -0.36383557319641113 -0.13767671585083008
fire/seq-04/frame-000267.color.png 0.8934472799301147 -0.4315134584903717 0.6422419548034668 0.9070034623146057 -0.20579780638217926 -0.34653788805007935 -0.12207943946123123
fire/seq-04/frame-000268.color.png 0.9325174689292908 -0.4437357187271118 0.6373984813690186 0.9222868084907532 -0.21657629311084747 -0.3015837073326111 -0.10737387835979462
fire/seq-04/frame-000269.color.png 0.917202889919281 -0.4334413707256317 0.6500394344329834 0.9154723882675171 -0.22157302498817444 -0.3176141381263733 -0.1092563048005104
fire/seq-04/frame-000270.color.png 0.9057296514511108 -0.42617905139923096 0.6454282402992249 0.9134008288383484 -0.21488098800182343 -0.32695046067237854 -0.11237569898366928
fire/seq-04/frame-000271.color.png 0.8981818556785583 -0.4135367274284363 0.6388565897941589 0.9119825959205627 -0.22305627167224884 -0.32311248779296875 -0.1188785657286644
fire/seq-04/frame-000272.color.png 0.9038084745407104 -0.41944366693496704 0.6265904903411865 0.9192742705345154 -0.23410384356975555 -0.2947339415550232 -0.11516046524047852
fire/seq-04/frame-000273.color.png 0.8854909539222717 -0.431402325630188 0.6135753393173218 0.9220441579818726 -0.24089553952217102 -0.2797014117240906 -0.11649423092603683
fire/seq-04/frame-000274.color.png 0.8802827000617981 -0.40046292543411255 0.6469366550445557 0.9167464375495911 -0.23211634159088135 -0.3031293749809265 -0.1175183579325676
fire/seq-04/frame-000275.color.png 0.8547419905662537 -0.4001406729221344 0.6348861455917358 0.9128991961479187 -0.23336336016654968 -0.3116743266582489 -0.12253867089748383
fire/seq-04/frame-000276.color.png 0.8653382062911987 -0.40197283029556274 0.6371265649795532 0.9141949415206909 -0.23280251026153564 -0.3087194561958313 -0.12142006307840347
fire/seq-04/frame-000277.color.png 0.8664435148239136 -0.4082132875919342 0.6142635345458984 0.9159330129623413 -0.2332087904214859 -0.3027707040309906 -0.12251607328653336
fire/seq-04/frame-000278.color.png 0.8770288825035095 -0.3940050005912781 0.6201353073120117 0.9149917960166931 -0.22446081042289734 -0.31025031208992004 -0.12709176540374756
fire/seq-04/frame-000279.color.png 0.837120532989502 -0.4153342843055725 0.6222248077392578 0.9137332439422607 -0.2240699827671051 -0.3166380524635315 -0.12093134224414825
fire/seq-04/frame-000280.color.png 0.8282131552696228 -0.4209144413471222 0.6238069534301758 0.9128116369247437 -0.22875818610191345 -0.312919557094574 -0.12855404615402222
fire/seq-04/frame-000281.color.png 0.8296895623207092 -0.4051744341850281 0.6102921366691589 0.9165459871292114 -0.22478756308555603 -0.304697722196579 -0.12873728573322296
fire/seq-04/frame-000282.color.png 0.8483826518058777 -0.42112022638320923 0.5938053727149963 0.9180331230163574 -0.22708362340927124 -0.3019396662712097 -0.12033585458993912
fire/seq-04/frame-000283.color.png 0.8202988505363464 -0.4270709156990051 0.6027012467384338 0.919479250907898 -0.21795396506786346 -0.3060102164745331 -0.11580895632505417
fire/seq-04/frame-000284.color.png 0.8138002753257751 -0.4218737483024597 0.5928511619567871 0.9215931296348572 -0.2269929200410843 -0.2907223105430603 -0.12091618776321411
fire/seq-04/frame-000285.color.png 0.7939939498901367 -0.40940946340560913 0.595592737197876 0.919875979423523 -0.23555009067058563 -0.2903231382369995 -0.11856149882078171
fire/seq-04/frame-000286.color.png 0.7914735078811646 -0.4242843985557556 0.5728744268417358 0.9219663739204407 -0.23703618347644806 -0.28316551446914673 -0.11665726453065872
fire/seq-04/frame-000287.color.png 0.7840195298194885 -0.4280467629432678 0.5685611367225647 0.9268955588340759 -0.2374195009469986 -0.26947644352912903 -0.10899186879396439
fire/seq-04/frame-000288.color.png 0.7870321869850159 -0.43830952048301697 0.5684606432914734 0.9287243485450745 -0.24563272297382355 -0.2568807303905487 -0.1055842712521553
fire/seq-04/frame-000289.color.png 0.7582906484603882 -0.45314764976501465 0.5654169917106628 0.9349400997161865 -0.2440192997455597 -0.23644639551639557 -0.10215013474225998
fire/seq-04/frame-000290.color.png 0.752411961555481 -0.42308133840560913 0.5814977288246155 0.932087242603302 -0.24707652628421783 -0.24423977732658386 -0.10253559798002243
fire/seq-04/frame-000291.color.png 0.7111141681671143 -0.38818368315696716 0.5805205702781677 0.9365329146385193 -0.243770569562912 -0.23298859596252441 -0.09590796381235123
fire/seq-04/frame-000292.color.png 0.682318925857544 -0.3968052566051483 0.5826642513275146 0.9398256540298462 -0.24475602805614471 -0.2221539467573166 -0.08642835170030594
fire/seq-04/frame-000293.color.png 0.6878453493118286 -0.39002206921577454 0.5783872604370117 0.9412755370140076 -0.24746349453926086 -0.2140761911869049 -0.08326856046915054
fire/seq-04/frame-000294.color.png 0.6886981725692749 -0.3998423218727112 0.5879886746406555 0.9400843381881714 -0.25626054406166077 -0.20794913172721863 -0.08560996502637863
fire/seq-04/frame-000295.color.png 0.6557648181915283 -0.37678730487823486 0.583393931388855 0.9431061744689941 -0.2547631561756134 -0.19870120286941528 -0.07851337641477585
fire/seq-04/frame-000296.color.png 0.6609542369842529 -0.37497496604919434 0.5632909536361694 0.9434844255447388 -0.2596074938774109 -0.1948099583387375 -0.06700752675533295
fire/seq-04/frame-000297.color.png 0.663107693195343 -0.37641146779060364 0.5764797329902649 0.9456239342689514 -0.2619241178035736 -0.18356984853744507 -0.05910467728972435
fire/seq-04/frame-000298.color.png 0.6198000907897949 -0.37582701444625854 0.5655854940414429 0.9451987147331238 -0.26437410712242126 -0.1810942441225052 -0.06253574788570404
fire/seq-04/frame-000299.color.png 0.6095120310783386 -0.38504308462142944 0.5666893124580383 0.9451590180397034 -0.2663373351097107 -0.1798972338438034 -0.05810121074318886
fire/seq-04/frame-000300.color.png 0.585205078125 -0.366929292678833 0.5722038745880127 0.9463836550712585 -0.26567405462265015 -0.17738154530525208 -0.048073213547468185
fire/seq-04/frame-000301.color.png 0.5709643363952637 -0.3607295751571655 0.582912802696228 0.9502207636833191 -0.26452669501304626 -0.15730608999729156 -0.048589929938316345
fire/seq-04/frame-000302.color.png 0.5534135699272156 -0.3490685522556305 0.5539110898971558 0.9500787258148193 -0.27030816674232483 -0.1503874808549881 -0.04083520174026489
fire/seq-04/frame-000303.color.png 0.5451800227165222 -0.38557881116867065 0.5417140126228333 0.947929322719574 -0.27578577399253845 -0.15612123906612396 -0.03159775584936142
fire/seq-04/frame-000304.color.png 0.5078932046890259 -0.40007442235946655 0.5566985011100769 0.9488242268562317 -0.2837953269481659 -0.1361679881811142 -0.02551250532269478
fire/seq-04/frame-000305.color.png 0.5133991837501526 -0.4189540445804596 0.57666015625 0.947555422782898 -0.2926825284957886 -0.12639498710632324 -0.022355742752552032
fire/seq-04/frame-000306.color.png 0.5066232085227966 -0.40597179532051086 0.5615618824958801 0.9466380476951599 -0.2901453971862793 -0.13951337337493896 -0.01510363258421421
fire/seq-04/frame-000307.color.png 0.5102700591087341 -0.3974863290786743 0.5599022507667542 0.9503337740898132 -0.28319117426872253 -0.12859755754470825 -0.011449641548097134
fire/seq-04/frame-000308.color.png 0.48162785172462463 -0.4024803340435028 0.5437694787979126 0.950131356716156 -0.28783801198005676 -0.11980517953634262 -0.006804549600929022
fire/seq-04/frame-000309.color.png 0.48851466178894043 -0.4336596131324768 0.5447818040847778 0.947773814201355 -0.29788273572921753 -0.11355332285165787 -0.009816683828830719
fire/seq-04/frame-000310.color.png 0.45470693707466125 -0.4319542646408081 0.5347177982330322 0.9492918252944946 -0.2959277331829071 -0.10613931715488434 0.002497595502063632
fire/seq-04/frame-000311.color.png 0.4513441026210785 -0.4195481240749359 0.5309306979179382 0.9514584541320801 -0.28543615341186523 -0.11499650031328201 0.005384344607591629
fire/seq-04/frame-000312.color.png 0.4552103877067566 -0.4251633286476135 0.5440945625305176 0.950253427028656 -0.29049986600875854 -0.11223608255386353 0.005621353629976511
fire/seq-04/frame-000313.color.png 0.44038569927215576 -0.40049654245376587 0.5445029139518738 0.9490459561347961 -0.29486414790153503 -0.11097240447998047 0.007202429231256247
fire/seq-04/frame-000314.color.png 0.44784829020500183 -0.39499402046203613 0.5425180196762085 0.9494696855545044 -0.29687783122062683 -0.10138943046331406 0.00953595619648695
fire/seq-04/frame-000315.color.png 0.4217338263988495 -0.3913162350654602 0.5515523552894592 0.9499637484550476 -0.2953505516052246 -0.10046663135290146 0.015598216094076633
fire/seq-04/frame-000316.color.png 0.4094834625720978 -0.40349262952804565 0.5630996823310852 0.9521701335906982 -0.29066935181617737 -0.09269970655441284 0.01703573949635029
fire/seq-04/frame-000317.color.png 0.4273824691772461 -0.40267837047576904 0.5775507092475891 0.9529493451118469 -0.28797784447669983 -0.0922662764787674 0.021048642694950104
fire/seq-04/frame-000318.color.png 0.3861987590789795 -0.4107239246368408 0.5788094401359558 0.9531435370445251 -0.2868296802043915 -0.09408170729875565 0.019868765026330948
fire/seq-04/frame-000319.color.png 0.3911915719509125 -0.41014978289604187 0.5761093497276306 0.9495572447776794 -0.3016221523284912 -0.08413618057966232 0.016918973997235298
fire/seq-04/frame-000320.color.png 0.385537326335907 -0.4146941602230072 0.5704872012138367 0.9496151208877563 -0.30300822854042053 -0.07814328372478485 0.017624011263251305
fire/seq-04/frame-000321.color.png 0.3703754246234894 -0.4249976873397827 0.5745601654052734 0.9504071474075317 -0.3019942045211792 -0.07127805054187775 0.021103084087371826
fire/seq-04/frame-000322.color.png 0.3600872755050659 -0.41789379715919495 0.5820438265800476 0.9503263235092163 -0.3023173213005066 -0.06942304223775864 0.025778664276003838
fire/seq-04/frame-000323.color.png 0.3410673141479492 -0.3981715142726898 0.5681608319282532 0.9492691159248352 -0.30110132694244385 -0.08442745357751846 0.03314081206917763
fire/seq-04/frame-000324.color.png 0.3190499544143677 -0.40827247500419617 0.5844038128852844 0.9514418840408325 -0.29300251603126526 -0.08470991253852844 0.041618335992097855
fire/seq-04/frame-000325.color.png 0.3122285306453705 -0.42713993787765503 0.591752827167511 0.9509556293487549 -0.29663243889808655 -0.08001909404993057 0.03590957075357437
fire/seq-04/frame-000326.color.png 0.297151654958725 -0.41637834906578064 0.594376266002655 0.9552130103111267 -0.2849830985069275 -0.069204181432724 0.039540018886327744
fire/seq-04/frame-000327.color.png 0.2956254780292511 -0.4354257583618164 0.6276945471763611 0.9561431407928467 -0.2831869125366211 -0.06220783293247223 0.041538745164871216
fire/seq-04/frame-000328.color.png 0.2956254780292511 -0.4354257583618164 0.6276945471763611 0.9561431407928467 -0.2831869125366211 -0.06220783293247223 0.041538745164871216
fire/seq-04/frame-000329.color.png 0.2826216518878937 -0.410347580909729 0.6041824817657471 0.9539602398872375 -0.2900407910346985 -0.06260740011930466 0.043778885155916214
fire/seq-04/frame-000330.color.png 0.2675195038318634 -0.4177984297275543 0.6200478076934814 0.9534122347831726 -0.2910041809082031 -0.06310290098190308 0.048370685428380966
fire/seq-04/frame-000331.color.png 0.258333295583725 -0.43144041299819946 0.6261643767356873 0.9569486975669861 -0.2795274257659912 -0.05922666937112808 0.051047515124082565
fire/seq-04/frame-000332.color.png 0.247088223695755 -0.4527520537376404 0.6280407309532166 0.9570230841636658 -0.27698397636413574 -0.06422296166419983 0.057115256786346436
fire/seq-04/frame-000333.color.png 0.247088223695755 -0.4527520537376404 0.6280407309532166 0.9570230841636658 -0.27698397636413574 -0.06422296166419983 0.057115256786346436
fire/seq-04/frame-000334.color.png 0.25319865345954895 -0.46348491311073303 0.6507161259651184 0.9573466777801514 -0.27775195240974426 -0.05558059737086296 0.05702437087893486
fire/seq-04/frame-000335.color.png 0.24811144173145294 -0.4414631724357605 0.6479713916778564 0.9583903551101685 -0.2767680287361145 -0.042129598557949066 0.05578939616680145
fire/seq-04/frame-000336.color.png 0.24556691944599152 -0.4576992988586426 0.6580246090888977 0.9593106508255005 -0.27365484833717346 -0.03984905779361725 0.05699071288108826
fire/seq-04/frame-000337.color.png 0.21460598707199097 -0.47409042716026306 0.6564909219741821 0.959492027759552 -0.2731366455554962 -0.03474505990743637 0.0596996434032917
fire/seq-04/frame-000338.color.png 0.21460598707199097 -0.47409042716026306 0.6564909219741821 0.959492027759552 -0.2731366455554962 -0.03474505990743637 0.0596996434032917
fire/seq-04/frame-000339.color.png 0.16577760875225067 -0.4889063239097595 0.6595624685287476 0.9560259580612183 -0.2842806279659271 -0.04005502164363861 0.05995410680770874
fire/seq-04/frame-000340.color.png 0.14666227996349335 -0.4753545820713043 0.6633905172348022 0.9558620452880859 -0.2826312184333801 -0.049770087003707886 0.0630107969045639
fire/seq-04/frame-000341.color.png 0.16734057664871216 -0.47451940178871155 0.6669966578483582 0.9591194987297058 -0.27033260464668274 -0.054009269922971725 0.06397635489702225
fire/seq-04/frame-000342.color.png 0.1186971366405487 -0.451271116733551 0.6592808365821838 0.964049756526947 -0.24955573678016663 -0.04201572388410568 0.08102232962846756
fire/seq-04/frame-000343.color.png 0.1186971366405487 -0.451271116733551 0.6592808365821838 0.964049756526947 -0.24955573678016663 -0.04201572388410568 0.08102232962846756
fire/seq-04/frame-000344.color.png 0.06376193463802338 -0.440466046333313 0.6862493753433228 0.9625794887542725 -0.25439774990081787 -0.03442412242293358 0.08681955188512802
fire/seq-04/frame-000345.color.png 0.037431154400110245 -0.4365476071834564 0.6622956395149231 0.9650360345840454 -0.24161899089813232 -0.025531921535730362 0.09835561364889145
fire/seq-04/frame-000346.color.png 0.07460378110408783 -0.47115838527679443 0.6639079451560974 0.9659137725830078 -0.23549805581569672 -0.042052287608385086 0.09890762716531754
fire/seq-04/frame-000347.color.png 0.07460378110408783 -0.47115838527679443 0.6639079451560974 0.9659137725830078 -0.23549805581569672 -0.042052287608385086 0.09890762716531754
fire/seq-04/frame-000348.color.png 0.0213552825152874 -0.47251027822494507 0.6329984664916992 0.9657406806945801 -0.2374802678823471 -0.03569647669792175 0.09835635125637054
fire/seq-04/frame-000349.color.png 0.00847284123301506 -0.468056857585907 0.6211414337158203 0.96637362241745 -0.23583035171031952 -0.023916883394122124 0.09966946393251419
fire/seq-04/frame-000350.color.png -0.002599179744720459 -0.4809098541736603 0.6017429232597351 0.96553635597229 -0.24411262571811676 -0.02892416901886463 0.08551067858934402
fire/seq-04/frame-000351.color.png -0.002599179744720459 -0.4809098541736603 0.6017429232597351 0.96553635597229 -0.24411262571811676 -0.02892416901886463 0.08551067858934402
fire/seq-04/frame-000352.color.png 0.010810796171426773 -0.5092123746871948 0.6245224475860596 0.9629490375518799 -0.2599547505378723 -0.022419946268200874 0.06819052994251251
fire/seq-04/frame-000353.color.png 0.024804018437862396 -0.5272772908210754 0.6561859250068665 0.9624935388565063 -0.2619377076625824 -0.02469938062131405 0.06621771305799484
fire/seq-04/frame-000354.color.png 0.027497805655002594 -0.5337050557136536 0.6549704670906067 0.9635802507400513 -0.25464269518852234 -0.021580800414085388 0.0787682980298996
fire/seq-04/frame-000355.color.png 0.06794419884681702 -0.5491346120834351 0.6695262789726257 0.9629055857658386 -0.2608024775981903 -0.020782653242349625 0.06605348736047745
fire/seq-04/frame-000356.color.png 0.10712556540966034 -0.5646049380302429 0.7053371071815491 0.9602010250091553 -0.27347248792648315 -0.004627364221960306 0.05661461129784584
fire/seq-04/frame-000357.color.png 0.09284868836402893 -0.555412769317627 0.6990380883216858 0.9614242911338806 -0.2699528932571411 -0.024286044761538506 0.04689311236143112
fire/seq-04/frame-000358.color.png 0.09284868836402893 -0.555412769317627 0.6990380883216858 0.9614242911338806 -0.2699528932571411 -0.024286044761538506 0.04689311236143112
fire/seq-04/frame-000359.color.png 0.076479971408844 -0.5528008341789246 0.6676962375640869 0.9598501920700073 -0.27492716908454895 -0.026400966569781303 0.04904672130942345
fire/seq-04/frame-000360.color.png 0.08896338939666748 -0.5577266812324524 0.6652704477310181 0.9570074677467346 -0.2852277159690857 -0.029236773028969765 0.0438968800008297
fire/seq-04/frame-000361.color.png 0.10466605424880981 -0.5860520601272583 0.6948654651641846 0.9518930912017822 -0.3041928708553314 -0.01964038982987404 0.031313225626945496
fire/seq-04/frame-000362.color.png 0.11924956738948822 -0.5811852216720581 0.6890203952789307 0.9518844485282898 -0.3041432499885559 -0.026421403512358665 0.026738781481981277
fire/seq-04/frame-000363.color.png 0.09094321727752686 -0.569359540939331 0.6606007814407349 0.9494588375091553 -0.3112914562225342 -0.03532909229397774 0.019428186118602753
fire/seq-04/frame-000364.color.png 0.06770777702331543 -0.567438542842865 0.6302517056465149 0.9517657160758972 -0.30546778440475464 -0.02667558379471302 0.010944110341370106
fire/seq-04/frame-000365.color.png 0.06770777702331543 -0.567438542842865 0.6302517056465149 0.9517657160758972 -0.30546778440475464 -0.02667558379471302 0.010944110341370106
fire/seq-04/frame-000366.color.png 0.08913275599479675 -0.5683823823928833 0.6293580532073975 0.948954164981842 -0.31269127130508423 -0.03766974061727524 0.01706022210419178
fire/seq-04/frame-000367.color.png 0.05816057696938515 -0.5750046968460083 0.651220440864563 0.948948085308075 -0.3114558160305023 -0.04762657359242439 0.01498462539166212
fire/seq-04/frame-000368.color.png 0.04485653340816498 -0.5698056817054749 0.610433042049408 0.94944167137146 -0.30924564599990845 -0.05256152153015137 0.012846444733440876
fire/seq-04/frame-000369.color.png 0.03311069682240486 -0.5553700923919678 0.6031396985054016 0.9497290849685669 -0.3079729676246643 -0.05596621707081795 0.00591539079323411
fire/seq-04/frame-000370.color.png 0.036878038197755814 -0.536706268787384 0.5992399454116821 0.9467986822128296 -0.315810889005661 -0.06192648410797119 -0.0009440359426662326
fire/seq-04/frame-000371.color.png 0.03041340783238411 -0.5582733154296875 0.5902969241142273 0.9468243718147278 -0.31610530614852905 -0.05999550595879555 -0.0012018237030133605
fire/seq-04/frame-000372.color.png -0.008867505937814713 -0.5542437434196472 0.5701873302459717 0.94841468334198 -0.3111879825592041 -0.06043427065014839 -0.004395520314574242
fire/seq-04/frame-000373.color.png -0.023316018283367157 -0.5598101019859314 0.5676164031028748 0.9487621188163757 -0.30739542841911316 -0.07305620610713959 -0.004593276884406805
fire/seq-04/frame-000374.color.png -0.023316018283367157 -0.5598101019859314 0.5676164031028748 0.9487621188163757 -0.30739542841911316 -0.07305620610713959 -0.004593276884406805
fire/seq-04/frame-000375.color.png -0.026720210909843445 -0.567846417427063 0.5582977533340454 0.9468901753425598 -0.31569579243659973 -0.06099909171462059 -0.0037910668179392815
fire/seq-04/frame-000376.color.png -0.009511176496744156 -0.5663000345230103 0.5764817595481873 0.9481360912322998 -0.30914321541786194 -0.07257732003927231 -0.0141737200319767
fire/seq-04/frame-000377.color.png -0.03427211940288544 -0.5515797734260559 0.5777572989463806 0.9496176242828369 -0.30105355381965637 -0.08463193476200104 -0.020748933777213097
fire/seq-04/frame-000378.color.png -0.037945594638586044 -0.5467559695243835 0.5785697102546692 0.9519276022911072 -0.29665234684944153 -0.07485710084438324 -0.015086590312421322
fire/seq-04/frame-000379.color.png -0.04954848065972328 -0.5624186396598816 0.5721160173416138 0.9486052393913269 -0.30546119809150696 -0.08041216433048248 -0.019371582195162773
fire/seq-04/frame-000380.color.png -0.06682299077510834 -0.5711180567741394 0.5542141795158386 0.9500129222869873 -0.3042105436325073 -0.06705812364816666 -0.020847197622060776
fire/seq-04/frame-000381.color.png -0.06682299077510834 -0.5711180567741394 0.5542141795158386 0.9500129222869873 -0.3042105436325073 -0.06705812364816666 -0.020847197622060776
fire/seq-04/frame-000382.color.png -0.07352419197559357 -0.5782778859138489 0.5507910847663879 0.9528191685676575 -0.2945162355899811 -0.06650391966104507 -0.031191302463412285
fire/seq-04/frame-000383.color.png -0.10270550847053528 -0.5645023584365845 0.538484513759613 0.9514862298965454 -0.2954789102077484 -0.08062511682510376 -0.029420988634228706
fire/seq-04/frame-000384.color.png -0.12431387603282928 -0.5665202736854553 0.5187895894050598 0.9514681100845337 -0.2901095747947693 -0.09631551057100296 -0.03561251610517502
fire/seq-04/frame-000385.color.png -0.10296449065208435 -0.5785806179046631 0.5149546265602112 0.9519069194793701 -0.28386902809143066 -0.11213450133800507 -0.026783201843500137
fire/seq-04/frame-000386.color.png -0.12565618753433228 -0.5658666491508484 0.4980659484863281 0.9529545903205872 -0.28046491742134094 -0.10613640397787094 -0.04418082907795906
fire/seq-04/frame-000387.color.png -0.12575803697109222 -0.5578547120094299 0.5152230262756348 0.9526203870773315 -0.27326440811157227 -0.12630291283130646 -0.04345758259296417
fire/seq-04/frame-000388.color.png -0.14955802261829376 -0.5515990853309631 0.5185871124267578 0.9512227773666382 -0.274426132440567 -0.13216423988342285 -0.048973117023706436
fire/seq-04/frame-000389.color.png -0.12543657422065735 -0.5343706607818604 0.5344589948654175 0.951038658618927 -0.2580854594707489 -0.16164293885231018 -0.052809055894613266
fire/seq-04/frame-000390.color.png -0.15795278549194336 -0.5153538584709167 0.5088933110237122 0.9509359002113342 -0.26338598132133484 -0.1516488492488861 -0.05789009854197502
fire/seq-04/frame-000391.color.png -0.15795278549194336 -0.5153538584709167 0.5088933110237122 0.9509359002113342 -0.26338598132133484 -0.1516488492488861 -0.05789009854197502
fire/seq-04/frame-000392.color.png -0.15116174519062042 -0.5242214798927307 0.5287801027297974 0.9499935507774353 -0.2618613541126251 -0.16130639612674713 -0.054047517478466034
fire/seq-04/frame-000393.color.png -0.1635749787092209 -0.5237030982971191 0.5287745594978333 0.9519043564796448 -0.2504062056541443 -0.1686454862356186 -0.05228359252214432
fire/seq-04/frame-000394.color.png -0.18129634857177734 -0.5053914785385132 0.5211742520332336 0.9544193148612976 -0.24535594880580902 -0.1622433215379715 -0.050607066601514816
fire/seq-04/frame-000395.color.png -0.19465185701847076 -0.5097532868385315 0.5177971720695496 0.954761803150177 -0.23769806325435638 -0.17386102676391602 -0.04125247523188591
fire/seq-04/frame-000396.color.png -0.2171347588300705 -0.5109395384788513 0.5057541728019714 0.954400897026062 -0.23788416385650635 -0.1758532077074051 -0.04007310792803764
fire/seq-04/frame-000397.color.png -0.22324058413505554 -0.5258945822715759 0.5027852654457092 0.9543842673301697 -0.24039562046527863 -0.1714850217103958 -0.044198352843523026
fire/seq-04/frame-000398.color.png -0.2387838065624237 -0.5188522934913635 0.5101807117462158 0.9533287286758423 -0.23638378083705902 -0.1827945113182068 -0.04327928647398949
fire/seq-04/frame-000399.color.png -0.2654537856578827 -0.5174872279167175 0.5100574493408203 0.9537713527679443 -0.24097640812397003 -0.17460188269615173 -0.04201037809252739
fire/seq-04/frame-000400.color.png -0.28071579337120056 -0.5201845765113831 0.5130966305732727 0.9550675749778748 -0.2324044406414032 -0.17997296154499054 -0.03799654170870781
fire/seq-04/frame-000401.color.png -0.28071579337120056 -0.5201845765113831 0.5130966305732727 0.9550675749778748 -0.2324044406414032 -0.17997296154499054 -0.03799654170870781
fire/seq-04/frame-000402.color.png -0.3062473237514496 -0.5067132711410522 0.5149832963943481 0.9532895684242249 -0.23576480150222778 -0.18364736437797546 -0.04390503466129303
fire/seq-04/frame-000403.color.png -0.3123340904712677 -0.49679863452911377 0.5146020650863647 0.9520217180252075 -0.23060883581638336 -0.19625307619571686 -0.04426175728440285
fire/seq-04/frame-000404.color.png -0.3564828336238861 -0.5080785155296326 0.5125102400779724 0.9520111680030823 -0.2249782532453537 -0.2027643471956253 -0.044112347066402435
fire/seq-04/frame-000405.color.png -0.35287871956825256 -0.5028749704360962 0.5262830257415771 0.9462199807167053 -0.23077188432216644 -0.22212636470794678 -0.04551878571510315
fire/seq-04/frame-000406.color.png -0.37200918793678284 -0.49433034658432007 0.5299690961837769 0.9472889304161072 -0.23069250583648682 -0.21618841588497162 -0.051836226135492325
fire/seq-04/frame-000407.color.png -0.38446393609046936 -0.4904406666755676 0.5198162198066711 0.9464433193206787 -0.21632815897464752 -0.2345442771911621 -0.0493566170334816
fire/seq-04/frame-000408.color.png -0.3905644118785858 -0.5073707103729248 0.5253864526748657 0.9444236159324646 -0.23175810277462006 -0.22693929076194763 -0.05339152738451958
fire/seq-04/frame-000409.color.png -0.3853709399700165 -0.519737720489502 0.5310263633728027 0.9477918148040771 -0.22828495502471924 -0.21652230620384216 -0.051911886781454086
fire/seq-04/frame-000410.color.png -0.38772737979888916 -0.5032175779342651 0.5497013926506042 0.9487203359603882 -0.22667832672595978 -0.2142294943332672 -0.051501091569662094
fire/seq-04/frame-000411.color.png -0.38922128081321716 -0.5014577507972717 0.5413073897361755 0.9478397965431213 -0.221837118268013 -0.22329726815223694 -0.05026157200336456
fire/seq-04/frame-000412.color.png -0.3655010759830475 -0.5104706883430481 0.544906497001648 0.9437660574913025 -0.23031772673130035 -0.2303122580051422 -0.05670539662241936
fire/seq-04/frame-000413.color.png -0.3978480398654938 -0.509581446647644 0.5288117527961731 0.9432355165481567 -0.23150666058063507 -0.23235519230365753 -0.05217611789703369
fire/seq-04/frame-000414.color.png -0.39767733216285706 -0.5415766835212708 0.5296326279640198 0.9406072497367859 -0.22827520966529846 -0.24653147161006927 -0.04869074001908302
fire/seq-04/frame-000415.color.png -0.41786786913871765 -0.5673684477806091 0.5516649484634399 0.940995991230011 -0.236159548163414 -0.23578891158103943 -0.05620300769805908
fire/seq-04/frame-000416.color.png -0.450056791305542 -0.5526784062385559 0.5404430627822876 0.943102240562439 -0.23922844231128693 -0.22585149109363556 -0.04815629497170448
fire/seq-04/frame-000417.color.png -0.4578593671321869 -0.5547742247581482 0.5489419102668762 0.9407753944396973 -0.23494036495685577 -0.23948264122009277 -0.048915304243564606
fire/seq-04/frame-000418.color.png -0.45239490270614624 -0.5497397780418396 0.5232893228530884 0.9441700577735901 -0.23422153294086456 -0.22591958940029144 -0.051415011286735535
fire/seq-04/frame-000419.color.png -0.48175182938575745 -0.5537148714065552 0.5324276685714722 0.9411585927009583 -0.22929616272449493 -0.24328824877738953 -0.049543894827365875
fire/seq-04/frame-000420.color.png -0.5312249660491943 -0.5608134865760803 0.5424420833587646 0.9407721757888794 -0.2369219958782196 -0.23733237385749817 -0.04988984018564224
fire/seq-04/frame-000421.color.png -0.5510491728782654 -0.5503520369529724 0.514349639415741 0.9429377317428589 -0.24183019995689392 -0.22380156815052032 -0.047954197973012924
fire/seq-04/frame-000422.color.png -0.5536400675773621 -0.5477027297019958 0.507949948310852 0.9410889744758606 -0.23728865385055542 -0.23574678599834442 -0.04968927800655365
fire/seq-04/frame-000423.color.png -0.5096570253372192 -0.5255771279335022 0.526748538017273 0.9414831399917603 -0.23971550166606903 -0.23284132778644562 -0.04394073039293289
fire/seq-04/frame-000424.color.png -0.5118767619132996 -0.5508948564529419 0.5454403758049011 0.9427250027656555 -0.24225182831287384 -0.22545121610164642 -0.041894637048244476
fire/seq-04/frame-000425.color.png -0.5027045607566833 -0.5587632656097412 0.5605380535125732 0.9408338665962219 -0.24143001437187195 -0.23219123482704163 -0.051288556307554245
fire/seq-04/frame-000426.color.png -0.5212605595588684 -0.5644923448562622 0.5898303389549255 0.9384813904762268 -0.23832939565181732 -0.24564649164676666 -0.045930106192827225
fire/seq-04/frame-000427.color.png -0.5581031441688538 -0.5556620359420776 0.5809194445610046 0.943611741065979 -0.2391391098499298 -0.22494105994701385 -0.042553357779979706
fire/seq-04/frame-000428.color.png -0.5563518404960632 -0.5624080896377563 0.601034939289093 0.944760799407959 -0.23189647495746613 -0.22760765254497528 -0.04296017438173294
fire/seq-04/frame-000429.color.png -0.5381413102149963 -0.5576953887939453 0.5921506285667419 0.9424160718917847 -0.22952042520046234 -0.23739247024059296 -0.05307712033390999
fire/seq-04/frame-000430.color.png -0.5576276183128357 -0.5651803612709045 0.5993017554283142 0.9452604055404663 -0.2325628250837326 -0.224386528134346 -0.045254990458488464
fire/seq-04/frame-000431.color.png -0.5865461230278015 -0.5637431740760803 0.6022477746009827 0.9481948018074036 -0.23224660754203796 -0.21372637152671814 -0.03617935627698898
fire/seq-04/frame-000432.color.png -0.6130037903785706 -0.5658048391342163 0.5786300897598267 0.9443451166152954 -0.22782281041145325 -0.23298965394496918 -0.04500024393200874
fire/seq-04/frame-000433.color.png -0.6082287430763245 -0.5521925687789917 0.5726333260536194 0.9449727535247803 -0.22471022605895996 -0.23409469425678253 -0.041612692177295685
fire/seq-04/frame-000434.color.png -0.6314132809638977 -0.5355128645896912 0.55190110206604 0.948665976524353 -0.2226535975933075 -0.22003886103630066 -0.045179616659879684
fire/seq-04/frame-000435.color.png -0.6399739980697632 -0.5241485238075256 0.5546919107437134 0.9508366584777832 -0.21983405947685242 -0.2145039290189743 -0.03963141515851021
fire/seq-04/frame-000436.color.png -0.6550232172012329 -0.5337292551994324 0.5499329566955566 0.9479176998138428 -0.2233479768037796 -0.22174081206321716 -0.048978403210639954
fire/seq-04/frame-000437.color.png -0.6406344771385193 -0.5376121401786804 0.561953604221344 0.9519106149673462 -0.21919983625411987 -0.2102525681257248 -0.040142983198165894
fire/seq-04/frame-000438.color.png -0.6836365461349487 -0.5320433974266052 0.5548138618469238 0.9509512186050415 -0.22322022914886475 -0.21111132204532623 -0.03600512444972992
fire/seq-04/frame-000439.color.png -0.6822424530982971 -0.5255416631698608 0.5681970715522766 0.9556273221969604 -0.2149912714958191 -0.199752539396286 -0.02557320147752762
fire/seq-04/frame-000440.color.png -0.6828113198280334 -0.5356875658035278 0.5725203156471252 0.9561904072761536 -0.22233955562114716 -0.18916071951389313 -0.021981999278068542
fire/seq-04/frame-000441.color.png -0.6828113198280334 -0.5356875658035278 0.5725203156471252 0.9561904072761536 -0.22233955562114716 -0.18916071951389313 -0.021981999278068542
fire/seq-04/frame-000442.color.png -0.6894741654396057 -0.518446147441864 0.5642812848091125 0.9588526487350464 -0.20621532201766968 -0.19434668123722076 -0.0175002608448267
fire/seq-04/frame-000443.color.png -0.69929438829422 -0.49928539991378784 0.5694754719734192 0.9636870622634888 -0.1988920122385025 -0.17776139080524445 -0.01225738413631916
fire/seq-04/frame-000444.color.png -0.7031108140945435 -0.5017270445823669 0.5794888138771057 0.9641040563583374 -0.20362462103366852 -0.16961227357387543 -0.016491305083036423
fire/seq-04/frame-000445.color.png -0.7318584322929382 -0.5026543736457825 0.5738393664360046 0.9638573527336121 -0.20713333785533905 -0.16633974015712738 -0.02014588937163353
fire/seq-04/frame-000446.color.png -0.7211437821388245 -0.520777702331543 0.5967391133308411 0.9646392464637756 -0.20502351224422455 -0.16454601287841797 -0.019003814086318016
fire/seq-04/frame-000447.color.png -0.7443022727966309 -0.528349757194519 0.5866812467575073 0.9651598334312439 -0.20444375276565552 -0.1624806523323059 -0.016403179615736008
fire/seq-04/frame-000448.color.png -0.7403680682182312 -0.5266812443733215 0.5893322229385376 0.9648920297622681 -0.19783392548561096 -0.17220138013362885 -0.013849098235368729
fire/seq-04/frame-000449.color.png -0.7423564791679382 -0.5424744486808777 0.5827648043632507 0.9657379388809204 -0.20142312347888947 -0.16248886287212372 -0.019395984709262848
fire/seq-04/frame-000450.color.png -0.7653812170028687 -0.5289314389228821 0.5725972652435303 0.9661667346954346 -0.196086585521698 -0.16647620499134064 -0.018911032006144524
fire/seq-04/frame-000451.color.png -0.8252072930335999 -0.534244954586029 0.5425989627838135 0.9671758413314819 -0.18915802240371704 -0.1691017895936966 -0.013961655087769032
fire/seq-04/frame-000452.color.png -0.8439379334449768 -0.5505699515342712 0.545335590839386 0.9714471101760864 -0.1846446692943573 -0.14848561584949493 -0.012202287092804909
fire/seq-04/frame-000453.color.png -0.8444133996963501 -0.5465294718742371 0.5743006467819214 0.9714476466178894 -0.18301600217819214 -0.1502029448747635 -0.015285703353583813
fire/seq-04/frame-000454.color.png -0.8380597233772278 -0.5406502485275269 0.585949182510376 0.9702897667884827 -0.1887662559747696 -0.1500471532344818 -0.019774017855525017
fire/seq-04/frame-000455.color.png -0.8380597233772278 -0.5406502485275269 0.585949182510376 0.9702897667884827 -0.1887662559747696 -0.1500471532344818 -0.019774017855525017
fire/seq-04/frame-000456.color.png -0.8142655491828918 -0.5473449230194092 0.5868586897850037 0.9708543419837952 -0.19601449370384216 -0.13746635615825653 -0.011104530654847622
fire/seq-04/frame-000457.color.png -0.8476587533950806 -0.5415658950805664 0.5637498497962952 0.9718388319015503 -0.1878834217786789 -0.14204521477222443 -0.007231564726680517
fire/seq-04/frame-000458.color.png -0.861538827419281 -0.5175489187240601 0.5656511783599854 0.9721769690513611 -0.18761956691741943 -0.1400376707315445 -0.007757069077342749
fire/seq-04/frame-000459.color.png -0.8669808506965637 -0.5190061330795288 0.5750681757926941 0.9750534892082214 -0.18101614713668823 -0.12840592861175537 -0.003969366196542978
fire/seq-04/frame-000460.color.png -0.8709816336631775 -0.5157126784324646 0.5467560291290283 0.9757456183433533 -0.18411877751350403 -0.11831849813461304 -0.00464149285107851
fire/seq-04/frame-000461.color.png -0.8690759539604187 -0.5194122195243835 0.5494096279144287 0.9785330295562744 -0.17601607739925385 -0.10718490928411484 0.0017240318702533841
fire/seq-04/frame-000462.color.png -0.8765339255332947 -0.5231639742851257 0.5616392493247986 0.9787805080413818 -0.17834971845149994 -0.10085758566856384 0.0027960282750427723
fire/seq-04/frame-000463.color.png -0.8560093641281128 -0.5208122730255127 0.5451349020004272 0.9815111756324768 -0.1737951636314392 -0.08001222461462021 0.00540632288902998
fire/seq-04/frame-000464.color.png -0.8560093641281128 -0.5208122730255127 0.5451349020004272 0.9815111756324768 -0.1737951636314392 -0.08001222461462021 0.00540632288902998
fire/seq-04/frame-000465.color.png -0.8921301364898682 -0.5284363031387329 0.5374019742012024 0.981033980846405 -0.1832687258720398 -0.06172429770231247 0.013236861675977707
fire/seq-04/frame-000466.color.png -0.8959197998046875 -0.5280351638793945 0.5382209420204163 0.9822847247123718 -0.18070702254772186 -0.04617083817720413 0.018167268484830856
fire/seq-04/frame-000467.color.png -0.8870618343353271 -0.5332313179969788 0.5490525364875793 0.9817384481430054 -0.18194608390331268 -0.052996210753917694 0.01662827469408512
fire/seq-04/frame-000468.color.png -0.8877000212669373 -0.5352261662483215 0.5590420365333557 0.9840189814567566 -0.1702698916196823 -0.043908607214689255 0.028053410351276398
fire/seq-04/frame-000469.color.png -0.8877000212669373 -0.5352261662483215 0.5590420365333557 0.9840189814567566 -0.1702698916196823 -0.043908607214689255 0.028053410351276398
fire/seq-04/frame-000470.color.png -0.8893449306488037 -0.513877272605896 0.5559846758842468 0.9850342273712158 -0.16656890511512756 -0.025953134521842003 0.03590097278356552
fire/seq-04/frame-000471.color.png -0.881072461605072 -0.49235910177230835 0.5718331336975098 0.9872081875801086 -0.1551431268453598 -0.017283925786614418 0.03243276849389076
fire/seq-04/frame-000472.color.png -0.8973917365074158 -0.4948214292526245 0.5735827088356018 0.9852204322814941 -0.16583047807216644 -0.008004953153431416 0.042152438312768936
fire/seq-04/frame-000473.color.png -0.8973917365074158 -0.4948214292526245 0.5735827088356018 0.9852204322814941 -0.16583047807216644 -0.008004953153431416 0.042152438312768936
fire/seq-04/frame-000474.color.png -0.8935054540634155 -0.48907846212387085 0.5723527669906616 0.9849942922592163 -0.16676941514015198 -0.0022011057008057833 0.04438002407550812
fire/seq-04/frame-000475.color.png -0.8998857140541077 -0.48707741498947144 0.563802182674408 0.9865744709968567 -0.15588027238845825 0.007070324383676052 0.04819028079509735
fire/seq-04/frame-000476.color.png -0.8718058466911316 -0.47623416781425476 0.5649505853652954 0.9875415563583374 -0.14930930733680725 0.011144221760332584 0.04841620847582817
fire/seq-04/frame-000477.color.png -0.8872054815292358 -0.48498010635375977 0.5634225010871887 0.9869076013565063 -0.1489153802394867 0.024148058146238327 0.057047128677368164
fire/seq-04/frame-000478.color.png -0.8872054815292358 -0.48498010635375977 0.5634225010871887 0.9869076013565063 -0.1489153802394867 0.024148058146238327 0.057047128677368164
fire/seq-04/frame-000479.color.png -0.8871518969535828 -0.48966366052627563 0.5678627490997314 0.9850581288337708 -0.15422086417675018 0.03866492956876755 0.0661928579211235
fire/seq-04/frame-000480.color.png -0.8773435950279236 -0.4870036244392395 0.5768522620201111 0.9826341271400452 -0.15991389751434326 0.06080938130617142 0.07183237373828888
fire/seq-04/frame-000481.color.png -0.8832866549491882 -0.4953455328941345 0.6013398766517639 0.9850768446922302 -0.15299494564533234 0.040637001395225525 0.06756208091974258
fire/seq-04/frame-000482.color.png -0.8832866549491882 -0.4953455328941345 0.6013398766517639 0.9850768446922302 -0.15299494564533234 0.040637001395225525 0.06756208091974258
fire/seq-04/frame-000483.color.png -0.878840982913971 -0.4621162712574005 0.6212570667266846 0.984110414981842 -0.14952276647090912 0.05725938826799393 0.0767541229724884
fire/seq-04/frame-000484.color.png -0.8699097633361816 -0.4839760661125183 0.6264249682426453 0.9816343784332275 -0.15080340206623077 0.08522877842187881 0.07992792129516602
fire/seq-04/frame-000485.color.png -0.8640221953392029 -0.4880340099334717 0.6636642813682556 0.9822307825088501 -0.1447872817516327 0.08771385997533798 0.08102870732545853
fire/seq-04/frame-000486.color.png -0.8705125451087952 -0.48153072595596313 0.6673016548156738 0.9811246395111084 -0.14244438707828522 0.09894919395446777 0.08551643043756485
fire/seq-04/frame-000487.color.png -0.8705125451087952 -0.48153072595596313 0.6673016548156738 0.9811246395111084 -0.14244438707828522 0.09894919395446777 0.08551643043756485
fire/seq-04/frame-000488.color.png -0.8960082530975342 -0.47654858231544495 0.6612063050270081 0.9771054983139038 -0.15492945909500122 0.11253349483013153 0.09272554516792297
fire/seq-04/frame-000489.color.png -0.8868202567100525 -0.4776564836502075 0.6662216782569885 0.9741684198379517 -0.15202708542346954 0.13461653888225555 0.0988040342926979
fire/seq-04/frame-000490.color.png -0.8661289811134338 -0.5057881474494934 0.6984667181968689 0.9725067019462585 -0.15753044188022614 0.14062398672103882 0.09818301349878311
fire/seq-04/frame-000491.color.png -0.8828116655349731 -0.4848260283470154 0.7120213508605957 0.9714516401290894 -0.15727116167545319 0.1446094661951065 0.10312984138727188
fire/seq-04/frame-000492.color.png -0.8772019147872925 -0.47593793272972107 0.7249612808227539 0.9694293737411499 -0.16137920320034027 0.15240655839443207 0.10457362234592438
fire/seq-04/frame-000493.color.png -0.8772019147872925 -0.47593793272972107 0.7249612808227539 0.9694293737411499 -0.16137920320034027 0.15240655839443207 0.10457362234592438
fire/seq-04/frame-000494.color.png -0.8731593489646912 -0.48181307315826416 0.7156816720962524 0.9683640003204346 -0.1606103777885437 0.1578696370124817 0.10748237371444702
fire/seq-04/frame-000495.color.png -0.8710146546363831 -0.48499780893325806 0.7012514472007751 0.9661657214164734 -0.16480231285095215 0.1609211266040802 0.1160534992814064
fire/seq-04/frame-000496.color.png -0.8746480345726013 -0.46912509202957153 0.7146682143211365 0.965647280216217 -0.15985025465488434 0.16810807585716248 0.11710257828235626
fire/seq-04/frame-000497.color.png -0.8930268883705139 -0.4682290554046631 0.7070959806442261 0.9672606587409973 -0.16055643558502197 0.15548589825630188 0.120219387114048
fire/seq-04/frame-000498.color.png -0.8930268883705139 -0.4682290554046631 0.7070959806442261 0.9672606587409973 -0.16055643558502197 0.15548589825630188 0.120219387114048
fire/seq-04/frame-000499.color.png -0.8903382420539856 -0.4763486981391907 0.7275665998458862 0.9621472954750061 -0.1617010235786438 0.18127134442329407 0.12355586886405945
fire/seq-04/frame-000500.color.png -0.8607004880905151 -0.4925674796104431 0.7464854121208191 0.9618726968765259 -0.16534677147865295 0.18038146197795868 0.12216267734766006
fire/seq-04/frame-000501.color.png -0.8781955242156982 -0.48972684144973755 0.7448835372924805 0.9606626629829407 -0.16379950940608978 0.18393151462078094 0.12831982970237732
fire/seq-04/frame-000502.color.png -0.8781955242156982 -0.48972684144973755 0.7448835372924805 0.9606626629829407 -0.16379950940608978 0.18393151462078094 0.12831982970237732
fire/seq-04/frame-000503.color.png -0.9073351621627808 -0.48718851804733276 0.7164980173110962 0.9605154395103455 -0.17065614461898804 0.17878827452659607 0.12775398790836334
fire/seq-04/frame-000504.color.png -0.9066749215126038 -0.4811958968639374 0.7333542704582214 0.9583877325057983 -0.15770556032657623 0.1986101269721985 0.1310565322637558
fire/seq-04/frame-000505.color.png -0.873440682888031 -0.5157299637794495 0.7625135183334351 0.9519459009170532 -0.1601862609386444 0.2182420939207077 0.1432124674320221
fire/seq-04/frame-000506.color.png -0.8931828737258911 -0.5111377835273743 0.7730498313903809 0.9556879997253418 -0.14738672971725464 0.21031102538108826 0.14389826357364655
fire/seq-04/frame-000507.color.png -0.9014254808425903 -0.4930849075317383 0.7918291687965393 0.9517799615859985 -0.1425965428352356 0.22878599166870117 0.14641781151294708
fire/seq-04/frame-000508.color.png -0.9014254808425903 -0.4930849075317383 0.7918291687965393 0.9517799615859985 -0.1425965428352356 0.22878599166870117 0.14641781151294708
fire/seq-04/frame-000509.color.png -0.8733332753181458 -0.47276949882507324 0.8180803656578064 0.9491235613822937 -0.14833322167396545 0.23394744098186493 0.14976803958415985
fire/seq-04/frame-000510.color.png -0.8757336735725403 -0.49245578050613403 0.7959253191947937 0.9415385127067566 -0.1440228819847107 0.2561975121498108 0.16469770669937134
fire/seq-04/frame-000511.color.png -0.8707655072212219 -0.49233776330947876 0.8093927502632141 0.9409138560295105 -0.1514197438955307 0.25637170672416687 0.16132763028144836
fire/seq-04/frame-000512.color.png -0.8793215155601501 -0.47295957803726196 0.8232850432395935 0.9390695691108704 -0.14438603818416595 0.2605036795139313 0.17157751321792603
fire/seq-04/frame-000513.color.png -0.8800557255744934 -0.4945695400238037 0.8070729374885559 0.9336988925933838 -0.15801064670085907 0.27212098240852356 0.17084763944149017
fire/seq-04/frame-000514.color.png -0.8745926022529602 -0.5190078020095825 0.8054917454719543 0.9271950721740723 -0.17277760803699493 0.2831322252750397 0.17404943704605103
fire/seq-04/frame-000515.color.png -0.877460241317749 -0.47838717699050903 0.8235885500907898 0.9275256395339966 -0.16849365830421448 0.2783459424972534 0.18392813205718994
fire/seq-04/frame-000516.color.png -0.867695152759552 -0.44184884428977966 0.8407453298568726 0.9202036261558533 -0.16338445246219635 0.30369850993156433 0.18519748747348785
fire/seq-04/frame-000517.color.png -0.8815945982933044 -0.47934490442276 0.8373509645462036 0.9155493378639221 -0.1662636548280716 0.3153352737426758 0.18625059723854065
fire/seq-04/frame-000518.color.png -0.8794504404067993 -0.4932330846786499 0.8367885947227478 0.9148951172828674 -0.16803020238876343 0.3186507225036621 0.18219365179538727
fire/seq-04/frame-000519.color.png -0.8863471150398254 -0.47809767723083496 0.8406325578689575 0.912980854511261 -0.16297997534275055 0.3220789134502411 0.1901807337999344
fire/seq-04/frame-000520.color.png -0.8882911801338196 -0.4558711647987366 0.8590275049209595 0.9102815985679626 -0.1653096079826355 0.3289232552051544 0.18939276039600372
fire/seq-04/frame-000521.color.png -0.887766420841217 -0.4356653094291687 0.8562291264533997 0.9078100919723511 -0.15861837565898895 0.33624082803726196 0.19407035410404205
fire/seq-04/frame-000522.color.png -0.8849150538444519 -0.43228986859321594 0.8634210228919983 0.9057421684265137 -0.1617787778377533 0.3393244445323944 0.1957491636276245
fire/seq-04/frame-000523.color.png -0.9077986478805542 -0.4436499774456024 0.8606418371200562 0.9084067940711975 -0.15950779616832733 0.334560364484787 0.1934521198272705
fire/seq-04/frame-000524.color.png -0.8913840651512146 -0.43130096793174744 0.8525580167770386 0.9053219556808472 -0.1571197807788849 0.33734366297721863 0.20470644533634186
fire/seq-04/frame-000525.color.png -0.8827157616615295 -0.41181546449661255 0.8534147143363953 0.9036100506782532 -0.15545275807380676 0.3468157649040222 0.1975906491279602
fire/seq-04/frame-000526.color.png -0.8925965428352356 -0.43397095799446106 0.8586956262588501 0.8959925770759583 -0.1667092889547348 0.3593426048755646 0.20069465041160583
fire/seq-04/frame-000527.color.png -0.8762782216072083 -0.43450668454170227 0.866033673286438 0.8964347839355469 -0.16923770308494568 0.35788288712501526 0.19920608401298523
fire/seq-04/frame-000528.color.png -0.8762885928153992 -0.4389270842075348 0.8720157742500305 0.8974952697753906 -0.15859748423099518 0.35572850704193115 0.20689719915390015
fire/seq-04/frame-000529.color.png -0.8721103072166443 -0.43886417150497437 0.8626922965049744 0.8978583812713623 -0.156363844871521 0.3539491593837738 0.2100493311882019
fire/seq-04/frame-000530.color.png -0.869515597820282 -0.4332062900066376 0.8745870590209961 0.8946865200996399 -0.1476392298936844 0.35956302285194397 0.22012081742286682
fire/seq-04/frame-000531.color.png -0.8611379861831665 -0.38935208320617676 0.8797174096107483 0.8940339088439941 -0.14440299570560455 0.3577672243118286 0.2277139574289322
fire/seq-04/frame-000532.color.png -0.8568239212036133 -0.36969250440597534 0.8508262634277344 0.8858650326728821 -0.14700832962989807 0.37695902585983276 0.22700969874858856
fire/seq-04/frame-000533.color.png -0.8423637747764587 -0.3650864362716675 0.8540686368942261 0.8831132650375366 -0.14793875813484192 0.38078340888023376 0.2307141274213791
fire/seq-04/frame-000534.color.png -0.8418147563934326 -0.3841473460197449 0.8740857839584351 0.8811058402061462 -0.1473647654056549 0.38561710715293884 0.23072831332683563
fire/seq-04/frame-000535.color.png -0.8544437885284424 -0.3753444254398346 0.8629162311553955 0.8809227347373962 -0.14088504016399384 0.38321352005004883 0.23931947350502014
fire/seq-04/frame-000536.color.png -0.8476046323776245 -0.3729605972766876 0.8642628788948059 0.880394697189331 -0.1435491293668747 0.37913385033607483 0.24608206748962402
fire/seq-04/frame-000537.color.png -0.8307525515556335 -0.37968525290489197 0.8477844595909119 0.8788021802902222 -0.148174449801445 0.38225242495536804 0.24420110881328583
fire/seq-04/frame-000538.color.png -0.8486793637275696 -0.38206151127815247 0.8646357655525208 0.8719933032989502 -0.14518919587135315 0.3976913094520569 0.24574284255504608
fire/seq-04/frame-000539.color.png -0.8572240471839905 -0.3816708028316498 0.8854163885116577 0.867401659488678 -0.1485338807106018 0.41149458289146423 0.23711635172367096
fire/seq-04/frame-000540.color.png -0.8460663557052612 -0.33757320046424866 0.8811554908752441 0.8597291707992554 -0.1277688443660736 0.42687103152275085 0.24964335560798645
fire/seq-04/frame-000541.color.png -0.8440088629722595 -0.33367490768432617 0.8817930817604065 0.8639525175094604 -0.1221461221575737 0.4203171730041504 0.24899764358997345
fire/seq-04/frame-000542.color.png -0.8122233748435974 -0.3348052203655243 0.8764291405677795 0.8711627721786499 -0.12087200582027435 0.4027351438999176 0.2535146474838257
fire/seq-04/frame-000543.color.png -0.8067553639411926 -0.3077477812767029 0.8711506724357605 0.8714939951896667 -0.11513203382492065 0.3998929262161255 0.25947752594947815
fire/seq-04/frame-000544.color.png -0.8113364577293396 -0.3007431924343109 0.881842315196991 0.867742657661438 -0.12032420188188553 0.41377541422843933 0.24765823781490326
fire/seq-04/frame-000545.color.png -0.8157357573509216 -0.29508310556411743 0.8909322619438171 0.847175121307373 -0.11669498682022095 0.44513699412345886 0.2655743360519409
fire/seq-04/frame-000546.color.png -0.8015966415405273 -0.2757669687271118 0.8972336649894714 0.8600478172302246 -0.1084749698638916 0.42497390508651733 0.26066845655441284
fire/seq-04/frame-000547.color.png -0.7612497806549072 -0.2828982174396515 0.8871029615402222 0.8686867356300354 -0.11605431139469147 0.4109939634799957 0.25099533796310425
fire/seq-04/frame-000548.color.png -0.7708413004875183 -0.28073227405548096 0.8837883472442627 0.86820387840271 -0.1020568460226059 0.4052008092403412 0.26761671900749207
fire/seq-04/frame-000549.color.png -0.759339451789856 -0.2987499535083771 0.8871069550514221 0.8573859930038452 -0.10394653677940369 0.4309273064136505 0.2615073025226593
fire/seq-04/frame-000550.color.png -0.7664116621017456 -0.27879798412323 0.8754578232765198 0.8592347502708435 -0.09526120871305466 0.43054622411727905 0.2593664824962616
fire/seq-04/frame-000551.color.png -0.7338654398918152 -0.2732312083244324 0.8693481087684631 0.8589011430740356 -0.09177720546722412 0.4313229024410248 0.2604350745677948
fire/seq-04/frame-000552.color.png -0.738717257976532 -0.2691653072834015 0.8760385513305664 0.8683639168739319 -0.10237246751785278 0.4148143231868744 0.25178027153015137
fire/seq-04/frame-000553.color.png -0.7586778998374939 -0.264407217502594 0.8638660907745361 0.8628467917442322 -0.10175581276416779 0.41964972019195557 0.2627458870410919
fire/seq-04/frame-000554.color.png -0.7621397376060486 -0.2673533260822296 0.8648102283477783 0.8569396138191223 -0.09275230020284653 0.429934024810791 0.2687157392501831
fire/seq-04/frame-000555.color.png -0.7577799558639526 -0.26405876874923706 0.8757638931274414 0.864372730255127 -0.0972762331366539 0.4238326847553253 0.2525133192539215
fire/seq-04/frame-000556.color.png -0.7638764381408691 -0.28034108877182007 0.8979019522666931 0.8595482110977173 -0.09196501225233078 0.43162140250205994 0.2577250599861145
fire/seq-04/frame-000557.color.png -0.7545539140701294 -0.29363903403282166 0.8836253881454468 0.8623923063278198 -0.08953440934419632 0.42510825395584106 0.25989624857902527
fire/seq-04/frame-000558.color.png -0.7397737503051758 -0.3033519983291626 0.8891979455947876 0.862590491771698 -0.0928918719291687 0.42153361439704895 0.2638528645038605
fire/seq-04/frame-000559.color.png -0.7353731393814087 -0.32125142216682434 0.9017881155014038 0.8693723082542419 -0.09254438430070877 0.41425347328186035 0.25302451848983765
fire/seq-04/frame-000560.color.png -0.714391827583313 -0.31168872117996216 0.9123455286026001 0.8643503785133362 -0.09113181382417679 0.42580127716064453 0.25156840682029724
fire/seq-04/frame-000561.color.png -0.7237502932548523 -0.3010202944278717 0.9049617648124695 0.8655872941017151 -0.0962943360209465 0.42219945788383484 0.2514633536338806
fire/seq-04/frame-000562.color.png -0.7278456687927246 -0.28968286514282227 0.8951885104179382 0.8678509593009949 -0.09875999391078949 0.41955670714378357 0.24708984792232513
fire/seq-04/frame-000563.color.png -0.7509357929229736 -0.28640812635421753 0.8866565227508545 0.8585237264633179 -0.08663128316402435 0.43346652388572693 0.2598823606967926
fire/seq-04/frame-000564.color.png -0.7467677593231201 -0.2797878384590149 0.8994218707084656 0.861139714717865 -0.11157584935426712 0.4262344241142273 0.2536008954048157
fire/seq-04/frame-000565.color.png -0.7671945691108704 -0.28444573283195496 0.8970292210578918 0.8613549470901489 -0.09246113896369934 0.4303123354911804 0.25367271900177
fire/seq-04/frame-000566.color.png -0.7220030426979065 -0.27233651280403137 0.8800965547561646 0.8813516497612 -0.11358506232500076 0.38708844780921936 0.2459276020526886
fire/seq-04/frame-000567.color.png -0.7200466394424438 -0.22769242525100708 0.8523789048194885 0.8744617104530334 -0.11638956516981125 0.4021441340446472 0.24505150318145752
fire/seq-04/frame-000568.color.png -0.7129632234573364 -0.26109370589256287 0.8860273957252502 0.8615866303443909 -0.10462384670972824 0.42842546105384827 0.25134459137916565
fire/seq-04/frame-000569.color.png -0.6816304922103882 -0.2640913426876068 0.8712179660797119 0.8733307123184204 -0.11288295686244965 0.40871506929397583 0.23979780077934265
fire/seq-04/frame-000570.color.png -0.6728560328483582 -0.2561955749988556 0.8537474274635315 0.8752023577690125 -0.11507956683635712 0.40527886152267456 0.23775310814380646
fire/seq-04/frame-000571.color.png -0.6616169214248657 -0.24941059947013855 0.8735170960426331 0.8815361261367798 -0.10798235237598419 0.39017578959465027 0.24289248883724213
fire/seq-04/frame-000572.color.png -0.6281150579452515 -0.24740523099899292 0.8780612945556641 0.8692055940628052 -0.1250450313091278 0.41331157088279724 0.24087125062942505
fire/seq-04/frame-000573.color.png -0.6276475787162781 -0.23735851049423218 0.8743302822113037 0.8956369757652283 -0.11865615099668503 0.36276185512542725 0.22838318347930908
fire/seq-04/frame-000574.color.png -0.6266587972640991 -0.25344517827033997 0.8857690095901489 0.8720520734786987 -0.11816416680812836 0.4088142216205597 0.24173030257225037
fire/seq-04/frame-000575.color.png -0.5853322148323059 -0.2885582745075226 0.8962801694869995 0.8683617115020752 -0.12431600689888 0.41674768924713135 0.23835861682891846
fire/seq-04/frame-000576.color.png -0.5577166080474854 -0.2671516239643097 0.8826932311058044 0.8927450180053711 -0.129867821931839 0.36777570843696594 0.22556956112384796
fire/seq-04/frame-000577.color.png -0.5436986684799194 -0.2775435149669647 0.8862985968589783 0.8802500367164612 -0.12722177803516388 0.38817715644836426 0.24143938720226288
fire/seq-04/frame-000578.color.png -0.525190532207489 -0.29344287514686584 0.896500289440155 0.9103142023086548 -0.1317225694656372 0.32326042652130127 0.22244082391262054
fire/seq-04/frame-000579.color.png -0.49067559838294983 -0.2753700613975525 0.9000442624092102 0.908419132232666 -0.13756640255451202 0.3247172236442566 0.22451944649219513
fire/seq-04/frame-000580.color.png -0.5092642903327942 -0.2983751893043518 0.878896951675415 0.8853463530540466 -0.12105301022529602 0.37931448221206665 0.24005962908267975
fire/seq-04/frame-000581.color.png -0.4946471154689789 -0.3339722156524658 0.8986004590988159 0.8890650868415833 -0.11692102998495102 0.37117892503738403 0.24107874929904938
fire/seq-04/frame-000582.color.png -0.4833163917064667 -0.3336290419101715 0.8971067070960999 0.9022042155265808 -0.12387117743492126 0.34221065044403076 0.23146368563175201
fire/seq-04/frame-000583.color.png -0.45533886551856995 -0.323503702878952 0.8952007293701172 0.8803605437278748 -0.10960422456264496 0.3903397023677826 0.2461443394422531
fire/seq-04/frame-000584.color.png -0.40552279353141785 -0.3290233612060547 0.904720664024353 0.9019545316696167 -0.12831749022006989 0.34397417306900024 0.22736406326293945
fire/seq-04/frame-000585.color.png -0.3523966073989868 -0.33929482102394104 0.911281406879425 0.8955444693565369 -0.1190757304430008 0.35687726736068726 0.23761267960071564
fire/seq-04/frame-000586.color.png -0.35254865884780884 -0.33572816848754883 0.9115177392959595 0.8756914734840393 -0.10970509797334671 0.3971419334411621 0.25180870294570923
fire/seq-04/frame-000587.color.png -0.32438358664512634 -0.3433682918548584 0.9085875749588013 0.8860955834388733 -0.11009611934423447 0.3762344419956207 0.2473074495792389
fire/seq-04/frame-000588.color.png -0.2918394207954407 -0.34668058156967163 0.9003559350967407 0.9562089443206787 -0.13868515193462372 0.18981017172336578 0.17436401546001434
fire/seq-04/frame-000589.color.png -0.30212196707725525 -0.3450146019458771 0.897240936756134 0.879606306552887 -0.11478564888238907 0.383401483297348 0.25713855028152466
fire/seq-04/frame-000590.color.png -0.2925843596458435 -0.3736620843410492 0.9085180759429932 0.8924424648284912 -0.11186695098876953 0.36132505536079407 0.2459198534488678
fire/seq-04/frame-000591.color.png -0.2854793071746826 -0.3529397249221802 0.889094889163971 0.9684284329414368 -0.14704737067222595 0.12310129404067993 0.1592780351638794
fire/seq-04/frame-000592.color.png -0.259996622800827 -0.33629313111305237 0.8700199127197266 0.9799700975418091 -0.15615695714950562 0.032742939889431 0.11917059868574142
fire/seq-04/frame-000593.color.png -0.23764336109161377 -0.34724003076553345 0.8759021162986755 0.9714803099632263 -0.19561150670051575 -0.10685569047927856 0.08089365065097809
fire/seq-04/frame-000594.color.png -0.2407303750514984 -0.33738064765930176 0.8721076846122742 0.9573949575424194 -0.14644038677215576 0.1600448191165924 0.1906193196773529
fire/seq-04/frame-000595.color.png -0.22148625552654266 -0.3344723582267761 0.8655416369438171 0.9581738114356995 -0.20047616958618164 -0.201006218791008 0.03617628663778305
fire/seq-04/frame-000596.color.png -0.18664628267288208 -0.34935471415519714 0.8735173344612122 0.9506991505622864 -0.19666002690792084 -0.23840077221393585 0.025709422305226326
fire/seq-04/frame-000597.color.png -0.19605091214179993 -0.35757097601890564 0.8755185008049011 0.9740726351737976 -0.19159871339797974 -0.10330112278461456 0.0616530142724514
fire/seq-04/frame-000598.color.png -0.1753397136926651 -0.35199564695358276 0.8835371136665344 0.9473897814750671 -0.19370996952056885 -0.25371676683425903 -0.023595500737428665
fire/seq-04/frame-000599.color.png -0.18589501082897186 -0.372437447309494 0.8976715803146362 0.9520816206932068 -0.12299731373786926 0.20868706703186035 0.18671374022960663
fire/seq-04/frame-000600.color.png -0.16913776099681854 -0.37328311800956726 0.8994653820991516 0.943946123123169 -0.11914250254631042 0.2377549260854721 0.195559561252594
fire/seq-04/frame-000601.color.png -0.14875198900699615 -0.38674357533454895 0.9085534811019897 0.974114179611206 -0.1830628663301468 -0.129048690199852 0.03059454821050167
fire/seq-04/frame-000602.color.png -0.13616758584976196 -0.36924877762794495 0.8987802267074585 0.9780659079551697 -0.1757151335477829 -0.10046808421611786 0.04916781559586525
fire/seq-04/frame-000603.color.png -0.14102452993392944 -0.3876193165779114 0.9078179001808167 0.9701645374298096 -0.1843634694814682 -0.15636545419692993 0.018457647413015366
fire/seq-04/frame-000604.color.png -0.1467260718345642 -0.3778114914894104 0.9109994173049927 0.9723758101463318 -0.15903300046920776 0.09333441406488419 0.14311595261096954
fire/seq-04/frame-000605.color.png -0.1602572500705719 -0.3876803517341614 0.9201986789703369 0.8797268867492676 -0.20928552746772766 -0.41046422719955444 -0.11746960878372192
fire/seq-04/frame-000606.color.png -0.11831194162368774 -0.400631844997406 0.9328943490982056 0.9164053201675415 -0.2054998278617859 -0.33740338683128357 -0.064264215528965
fire/seq-04/frame-000607.color.png -0.08129389584064484 -0.41006359457969666 0.9391101002693176 0.872789740562439 -0.21575064957141876 -0.42244306206703186 -0.11502888053655624
fire/seq-04/frame-000608.color.png -0.10980984568595886 -0.4184674620628357 0.9304274320602417 0.9686020016670227 -0.19195322692394257 -0.151884064078331 0.043537069112062454
fire/seq-04/frame-000609.color.png -0.14027751982212067 -0.4352639317512512 0.9301076531410217 0.9760274887084961 -0.1559683233499527 0.06870830804109573 0.1353636533021927
fire/seq-04/frame-000610.color.png -0.10318496823310852 -0.4634614586830139 0.9454686641693115 0.9767650365829468 -0.17802880704402924 -0.11029820144176483 0.04550006613135338
fire/seq-04/frame-000611.color.png -0.14052174985408783 -0.44182348251342773 0.9340349435806274 0.9800222516059875 -0.17540118098258972 -0.003909450490027666 0.0936775952577591
fire/seq-04/frame-000612.color.png -0.12885457277297974 -0.44965964555740356 0.9537014365196228 0.9780622124671936 -0.1703539937734604 0.04233923554420471 0.11216570436954498
fire/seq-04/frame-000613.color.png -0.13878467679023743 -0.47058939933776855 0.9502032995223999 0.9781278967857361 -0.16708727180957794 0.044732652604579926 0.11552788317203522
fire/seq-04/frame-000614.color.png -0.09787078201770782 -0.49660974740982056 0.9667769074440002 0.9781652092933655 -0.18394504487514496 -0.07441697269678116 0.06179921329021454
fire/seq-04/frame-000615.color.png -0.12169235944747925 -0.522132396697998 0.9448951482772827 0.9705470204353333 -0.1963845044374466 -0.1380165070295334 0.020570747554302216
fire/seq-04/frame-000616.color.png -0.08288845419883728 -0.5613511800765991 0.9567897915840149 0.9419665932655334 -0.21124403178691864 -0.25892797112464905 -0.032110873609781265
fire/seq-04/frame-000617.color.png 0.03796301782131195 -0.5241421461105347 0.9578461647033691 0.9186262488365173 -0.21563969552516937 -0.3229159712791443 -0.07314766943454742
fire/seq-04/frame-000618.color.png -0.05337490513920784 -0.5249643325805664 0.9840062856674194 0.9489914178848267 -0.2134779542684555 -0.23004989326000214 -0.03032168745994568
fire/seq-04/frame-000619.color.png 0.003999354317784309 -0.5251697897911072 0.9694423079490662 0.9792100787162781 -0.18688683211803436 -0.011303091421723366 0.07806002348661423
fire/seq-04/frame-000620.color.png 0.024156376719474792 -0.5401503443717957 0.985225260257721 0.8686830401420593 -0.2287699282169342 -0.4157339632511139 -0.1421951800584793
fire/seq-04/frame-000621.color.png -0.09712226688861847 -0.51888507604599 0.9838578104972839 0.9543992877006531 -0.20735767483711243 -0.21285253763198853 -0.02861255779862404
fire/seq-04/frame-000622.color.png -0.08715780079364777 -0.5394319295883179 0.9622421264648438 0.9288129210472107 -0.2123754322528839 -0.29408085346221924 -0.07562921196222305
fire/seq-04/frame-000623.color.png -0.11755642294883728 -0.5248448848724365 0.9838259816169739 0.911454975605011 -0.2178630530834198 -0.3355007767677307 -0.09604585915803909
fire/seq-04/frame-000624.color.png -0.1055229902267456 -0.5113927721977234 1.0000776052474976 0.9202702641487122 -0.11193709820508957 0.3035896122455597 0.2200143039226532
fire/seq-04/frame-000625.color.png -0.09797418117523193 -0.5263162851333618 0.9900787472724915 0.937375009059906 -0.10686196386814117 0.2642715275287628 0.200172558426857
fire/seq-04/frame-000626.color.png -0.09577763080596924 -0.5184476971626282 0.9745617508888245 0.9615376591682434 -0.15027634799480438 0.1675165891647339 0.157481849193573
fire/seq-04/frame-000627.color.png -0.1273672878742218 -0.5059935450553894 0.9692583084106445 0.9794650673866272 -0.18279890716075897 0.0027867055032402277 0.08500038087368011
fire/seq-04/frame-000628.color.png -0.18874821066856384 -0.4554770886898041 0.9363636374473572 0.9524101614952087 -0.13001440465450287 0.21221531927585602 0.17600014805793762
fire/seq-04/frame-000629.color.png -0.24282464385032654 -0.4534589946269989 0.9417052865028381 0.9333290457725525 -0.12435533106327057 0.27310776710510254 0.19709081947803497
fire/seq-04/frame-000630.color.png -0.281731516122818 -0.45232918858528137 0.9366586208343506 0.9190387725830078 -0.1171048954129219 0.3121117949485779 0.21033386886119843
fire/seq-04/frame-000631.color.png -0.28564900159835815 -0.4679487347602844 0.9219924211502075 0.9032658338546753 -0.09848146140575409 0.3514828085899353 0.22554855048656464
fire/seq-04/frame-000632.color.png -0.29432132840156555 -0.4458160400390625 0.9163575172424316 0.9465755820274353 -0.1268720030784607 0.2284095585346222 0.1890166997909546
fire/seq-04/frame-000633.color.png -0.29701846837997437 -0.38152822852134705 0.884432315826416 0.9472928643226624 -0.12395382672548294 0.23671765625476837 0.17673808336257935
fire/seq-04/frame-000634.color.png -0.2806946933269501 -0.39855286478996277 0.8971063494682312 0.9102109670639038 -0.10154107213020325 0.3393288254737854 0.21461914479732513
fire/seq-04/frame-000635.color.png -0.2936383783817291 -0.41750648617744446 0.9319550395011902 0.9456435441970825 -0.12158548086881638 0.24466104805469513 0.17639808356761932
fire/seq-04/frame-000636.color.png -0.29931309819221497 -0.38947808742523193 0.9220793843269348 0.9350188970565796 -0.11959180980920792 0.27316755056381226 0.19187773764133453
fire/seq-04/frame-000637.color.png -0.2853371202945709 -0.39281558990478516 0.9070711135864258 0.9833065867424011 -0.16229598224163055 0.028385931625962257 0.07721622288227081
fire/seq-04/frame-000638.color.png -0.30561959743499756 -0.3819732666015625 0.9064767956733704 0.9647329449653625 -0.14825895428657532 0.16519641876220703 0.1414903700351715
fire/seq-04/frame-000639.color.png -0.2592620551586151 -0.3904399871826172 0.9252589344978333 0.9727849364280701 -0.1630716621875763 0.11693845689296722 0.11585533618927002
fire/seq-04/frame-000640.color.png -0.26712456345558167 -0.380215585231781 0.9299149513244629 0.9437186121940613 -0.13341252505779266 0.2465725541114807 0.17549414932727814
fire/seq-04/frame-000641.color.png -0.3190709054470062 -0.37649017572402954 0.9229786396026611 0.9382901787757874 -0.12368318438529968 0.26682573556900024 0.18198361992835999
fire/seq-04/frame-000642.color.png -0.2838716506958008 -0.36646339297294617 0.9113438129425049 0.9423694610595703 -0.13763655722141266 0.24880121648311615 0.17633479833602905
fire/seq-04/frame-000643.color.png -0.279204785823822 -0.37874075770378113 0.9225351810455322 0.960252583026886 -0.15075638890266418 0.1793128252029419 0.15177062153816223
fire/seq-04/frame-000644.color.png -0.29273107647895813 -0.35411083698272705 0.9090102910995483 0.9432154893875122 -0.13563238084316254 0.24162176251411438 0.18321381509304047
fire/seq-04/frame-000645.color.png -0.30536285042762756 -0.3443191647529602 0.9245490431785583 0.9324191212654114 -0.130853071808815 0.27267754077911377 0.1977851837873459
fire/seq-04/frame-000646.color.png -0.2661067843437195 -0.3487755060195923 0.9297589659690857 0.9436505436897278 -0.15447454154491425 0.23364460468292236 0.1762714385986328
fire/seq-04/frame-000647.color.png -0.25560301542282104 -0.3413645625114441 0.9249957203865051 0.9465919137001038 -0.14996939897537231 0.23107443749904633 0.16756345331668854
fire/seq-04/frame-000648.color.png -0.2707557678222656 -0.35298168659210205 0.9423407316207886 0.9391695261001587 -0.15312108397483826 0.2505154013633728 0.1782037913799286
fire/seq-04/frame-000649.color.png -0.2530563771724701 -0.3623667061328888 0.9518427848815918 0.9367522597312927 -0.1592595875263214 0.2507869005203247 0.18503396213054657
fire/seq-04/frame-000650.color.png -0.24981766939163208 -0.352741003036499 0.950311005115509 0.9468801021575928 -0.16095170378684998 0.2135726660490036 0.17860311269760132
fire/seq-04/frame-000651.color.png -0.24278685450553894 -0.36614713072776794 0.9636296033859253 0.9422420859336853 -0.14495287835597992 0.2391965538263321 0.18426503241062164
fire/seq-04/frame-000652.color.png -0.2583811283111572 -0.3725121021270752 0.9711712002754211 0.9363122582435608 -0.15398913621902466 0.25448450446128845 0.1866663247346878
fire/seq-04/frame-000653.color.png -0.29198184609413147 -0.38005325198173523 0.9682090878486633 0.9371597170829773 -0.14682438969612122 0.25738778710365295 0.1841895878314972
fire/seq-04/frame-000654.color.png -0.29918351769447327 -0.3877721130847931 0.9777148365974426 0.9368890523910522 -0.14581885933876038 0.2526053190231323 0.19278565049171448
fire/seq-04/frame-000655.color.png -0.29519417881965637 -0.37808918952941895 0.9631091952323914 0.9384187459945679 -0.14645540714263916 0.25382453203201294 0.18301399052143097
fire/seq-04/frame-000656.color.png -0.28140994906425476 -0.38668447732925415 0.9695929884910583 0.9435331225395203 -0.1472920924425125 0.23508931696414948 0.18106189370155334
fire/seq-04/frame-000657.color.png -0.2911321818828583 -0.36821234226226807 0.9619165062904358 0.9455385208129883 -0.15506546199321747 0.2262776792049408 0.1752433329820633
fire/seq-04/frame-000658.color.png -0.28184834122657776 -0.3703617453575134 0.9741668701171875 0.9404957294464111 -0.14936840534210205 0.2429007887840271 0.1848132163286209
fire/seq-04/frame-000659.color.png -0.285538911819458 -0.3679845631122589 0.9687117338180542 0.940153181552887 -0.14746111631393433 0.25020259618759155 0.17822985351085663
fire/seq-04/frame-000660.color.png -0.25998470187187195 -0.37129777669906616 0.968075692653656 0.9418744444847107 -0.15651793777942657 0.23958297073841095 0.17599651217460632
fire/seq-04/frame-000661.color.png -0.2702605724334717 -0.3521161377429962 0.9520834684371948 0.9383248090744019 -0.14567168056964874 0.25383099913597107 0.1841094046831131
fire/seq-04/frame-000662.color.png -0.2713993191719055 -0.35762113332748413 0.9609692096710205 0.9434293508529663 -0.14513114094734192 0.23446501791477203 0.18413081765174866
fire/seq-04/frame-000663.color.png -0.2505331337451935 -0.363577663898468 0.9539799690246582 0.9441204071044922 -0.15354692935943604 0.23162080347537994 0.1772339642047882
fire/seq-04/frame-000664.color.png -0.26481059193611145 -0.35730597376823425 0.9518671035766602 0.9403044581413269 -0.14133545756340027 0.2548603117465973 0.1757781058549881
fire/seq-04/frame-000665.color.png -0.26108625531196594 -0.3743630051612854 0.9727771878242493 0.9423784017562866 -0.13996905088424683 0.2460750788450241 0.17826566100120544
fire/seq-04/frame-000666.color.png -0.2377835512161255 -0.3769865334033966 0.9784598350524902 0.9449525475502014 -0.14879994094371796 0.23314087092876434 0.17483867704868317
fire/seq-04/frame-000667.color.png -0.2430913746356964 -0.37040871381759644 0.9788557291030884 0.9455909729003906 -0.1489195078611374 0.23352615535259247 0.17072297632694244
fire/seq-04/frame-000668.color.png -0.2430913746356964 -0.37040871381759644 0.9788557291030884 0.9455909729003906 -0.1489195078611374 0.23352615535259247 0.17072297632694244
fire/seq-04/frame-000669.color.png -0.24695470929145813 -0.3673400580883026 0.9824776649475098 0.9473555088043213 -0.14537188410758972 0.22804205119609833 0.17141078412532806
fire/seq-04/frame-000670.color.png -0.2257131040096283 -0.3829419016838074 0.990468442440033 0.9457014203071594 -0.14697560667991638 0.23397375643253326 0.17118188738822937
fire/seq-04/frame-000671.color.png -0.22819218039512634 -0.38882461190223694 0.9874414801597595 0.9432714581489563 -0.15587344765663147 0.23931138217449188 0.16932927072048187
fire/seq-04/frame-000672.color.png -0.24717363715171814 -0.38558679819107056 0.9790366291999817 0.9499537348747253 -0.15914472937583923 0.21290501952171326 0.16411089897155762
fire/seq-04/frame-000673.color.png -0.25207507610321045 -0.37458592653274536 0.9786223769187927 0.9514725804328918 -0.15065740048885345 0.2126704454421997 0.1636267751455307
fire/seq-04/frame-000674.color.png -0.2547435462474823 -0.37449195981025696 0.9861419796943665 0.9525843858718872 -0.15901443362236023 0.20352503657341003 0.16085700690746307
fire/seq-04/frame-000675.color.png -0.2700332701206207 -0.36817318201065063 0.9864228367805481 0.9536804556846619 -0.15968523919582367 0.19713273644447327 0.16165688633918762
fire/seq-04/frame-000676.color.png -0.28882989287376404 -0.35378965735435486 0.9820703864097595 0.9494439363479614 -0.15642961859703064 0.21814419329166412 0.16278639435768127
fire/seq-04/frame-000677.color.png -0.28882989287376404 -0.35378965735435486 0.9820703864097595 0.9494439363479614 -0.15642961859703064 0.21814419329166412 0.16278639435768127
fire/seq-04/frame-000678.color.png -0.2934233546257019 -0.36864155530929565 0.9768930077552795 0.9561657309532166 -0.16405975818634033 0.1886230707168579 0.15248878300189972
fire/seq-04/frame-000679.color.png -0.28555625677108765 -0.36313939094543457 0.9698817729949951 0.9569944739341736 -0.16285209357738495 0.18846340477466583 0.14873631298542023
fire/seq-04/frame-000680.color.png -0.2863452136516571 -0.36259913444519043 0.9478738903999329 0.9582212567329407 -0.16664084792137146 0.18347828090190887 0.14275386929512024
fire/seq-04/frame-000681.color.png -0.3128984272480011 -0.3769996464252472 0.936754584312439 0.9580295085906982 -0.17851994931697845 0.17082229256629944 0.1453610509634018
fire/seq-04/frame-000682.color.png -0.3080011308193207 -0.36557644605636597 0.9632405042648315 0.9588370323181152 -0.1747194081544876 0.17285865545272827 0.14221270382404327
fire/seq-04/frame-000683.color.png -0.31706956028938293 -0.3538133502006531 0.9611758589744568 0.9611074924468994 -0.17185048758983612 0.16464126110076904 0.14011794328689575
fire/seq-04/frame-000684.color.png -0.31975820660591125 -0.3573416769504547 0.942787766456604 0.9593347311019897 -0.17473356425762177 0.17757880687713623 0.13270598649978638
fire/seq-04/frame-000685.color.png -0.31975820660591125 -0.3573416769504547 0.942787766456604 0.9593347311019897 -0.17473356425762177 0.17757880687713623 0.13270598649978638
fire/seq-04/frame-000686.color.png -0.33087804913520813 -0.35930895805358887 0.9016115069389343 0.9621953368186951 -0.18369556963443756 0.15260100364685059 0.13095445930957794
fire/seq-04/frame-000687.color.png -0.34134238958358765 -0.36613017320632935 0.9138346314430237 0.9593873620033264 -0.18588323891162872 0.16494297981262207 0.13348111510276794
fire/seq-04/frame-000688.color.png -0.36311885714530945 -0.36630699038505554 0.9228737950325012 0.9624327421188354 -0.18529245257377625 0.15729182958602905 0.12103386968374252
fire/seq-04/frame-000689.color.png -0.34705135226249695 -0.3620249629020691 0.898502767086029 0.959952712059021 -0.18767036497592926 0.16362588107585907 0.1284412145614624
fire/seq-04/frame-000690.color.png -0.33229976892471313 -0.3672885596752167 0.8580621480941772 0.9593806266784668 -0.18086688220500946 0.17407606542110443 0.1287376880645752
fire/seq-04/frame-000691.color.png -0.33229976892471313 -0.3672885596752167 0.8580621480941772 0.9593806266784668 -0.18086688220500946 0.17407606542110443 0.1287376880645752
fire/seq-04/frame-000692.color.png -0.34903520345687866 -0.3531826436519623 0.870234489440918 0.9596788883209229 -0.1771782487630844 0.17555321753025055 0.12963522970676422
fire/seq-04/frame-000693.color.png -0.369635671377182 -0.3559792935848236 0.8656163215637207 0.9568710327148438 -0.17719852924346924 0.18296340107917786 0.1397239714860916
fire/seq-04/frame-000694.color.png -0.3800637125968933 -0.3502386510372162 0.8511037230491638 0.9565842151641846 -0.199816033244133 0.16982431709766388 0.12720054388046265
fire/seq-04/frame-000695.color.png -0.39548036456108093 -0.3342314660549164 0.8334969282150269 0.9599923491477966 -0.17555749416351318 0.17061899602413177 0.1359541416168213
fire/seq-04/frame-000696.color.png -0.39548036456108093 -0.3342314660549164 0.8334969282150269 0.9599923491477966 -0.17555749416351318 0.17061899602413177 0.1359541416168213
fire/seq-04/frame-000697.color.png -0.3586769104003906 -0.35195687413215637 0.8487939238548279 0.9554122686386108 -0.18313302099704742 0.1859220713376999 0.13814036548137665
fire/seq-04/frame-000698.color.png -0.38223496079444885 -0.35731738805770874 0.8071566224098206 0.9562482833862305 -0.18446895480155945 0.1838711053133011 0.1332361251115799
fire/seq-04/frame-000699.color.png -0.42462098598480225 -0.34634774923324585 0.7973403930664062 0.9565565586090088 -0.18174704909324646 0.18337799608707428 0.13542532920837402
fire/seq-04/frame-000700.color.png -0.4458848536014557 -0.3210344910621643 0.8026703596115112 0.9559330344200134 -0.17908310890197754 0.18650247156620026 0.13906151056289673
fire/seq-04/frame-000701.color.png -0.44871944189071655 -0.3223415017127991 0.7884086966514587 0.9517109394073486 -0.1761087030172348 0.2083851844072342 0.14074023067951202
fire/seq-04/frame-000702.color.png -0.4490419328212738 -0.32456445693969727 0.7834274172782898 0.9531697034835815 -0.1854659467935562 0.19690214097499847 0.1352757215499878
fire/seq-04/frame-000703.color.png -0.47697505354881287 -0.3428961932659149 0.7753894329071045 0.9579105377197266 -0.1881471872329712 0.17999300360679626 0.12087449431419373
fire/seq-04/frame-000704.color.png -0.47423696517944336 -0.3505063056945801 0.7777934670448303 0.960362434387207 -0.17279687523841858 0.17741896212100983 0.1279364973306656
fire/seq-04/frame-000705.color.png -0.47204864025115967 -0.35755133628845215 0.7783243656158447 0.9559574127197266 -0.17569184303283691 0.19612382352352142 0.12966543436050415
fire/seq-04/frame-000706.color.png -0.48519209027290344 -0.35958507657051086 0.7518683671951294 0.9561274647712708 -0.17483633756637573 0.19990678131580353 0.12365160137414932
fire/seq-04/frame-000707.color.png -0.48290112614631653 -0.3550192713737488 0.7378340363502502 0.9565972685813904 -0.17402122914791107 0.19593192636966705 0.12747137248516083
fire/seq-04/frame-000708.color.png -0.48290112614631653 -0.3550192713737488 0.7378340363502502 0.9565972685813904 -0.17402122914791107 0.19593192636966705 0.12747137248516083
fire/seq-04/frame-000709.color.png -0.48778340220451355 -0.3631550669670105 0.7210239768028259 0.9569368362426758 -0.16656659543514252 0.19897712767124176 0.13013647496700287
fire/seq-04/frame-000710.color.png -0.4963863790035248 -0.3686133027076721 0.7013957500457764 0.9587984681129456 -0.18179745972156525 0.17896097898483276 0.12501314282417297
fire/seq-04/frame-000711.color.png -0.5016849637031555 -0.3731197416782379 0.7119941711425781 0.9593601822853088 -0.1887359768152237 0.1732201725244522 0.11832773685455322
fire/seq-04/frame-000712.color.png -0.5607284903526306 -0.398260235786438 0.666505753993988 0.9511155486106873 -0.19558390974998474 0.20688140392303467 0.11969184130430222
fire/seq-04/frame-000713.color.png -0.4992313086986542 -0.40018799901008606 0.6598448157310486 0.9544627666473389 -0.1841205656528473 0.19825921952724457 0.12567299604415894
fire/seq-04/frame-000714.color.png -0.49138322472572327 -0.38967642188072205 0.6626236438751221 0.9555134773254395 -0.19921258091926575 0.17776723206043243 0.12532800436019897
fire/seq-04/frame-000715.color.png -0.5206936001777649 -0.44002822041511536 0.6737696528434753 0.9535756707191467 -0.20932339131832123 0.1809423565864563 0.11889933049678802
fire/seq-04/frame-000716.color.png -0.5827195644378662 -0.4273791015148163 0.6232960224151611 0.9525370001792908 -0.21403972804546356 0.18200039863586426 0.11720119416713715
fire/seq-04/frame-000717.color.png -0.5827195644378662 -0.4273791015148163 0.6232960224151611 0.9525370001792908 -0.21403972804546356 0.18200039863586426 0.11720119416713715
fire/seq-04/frame-000718.color.png -0.5716087818145752 -0.38458251953125 0.5770877003669739 0.9532155394554138 -0.22264060378074646 0.16207264363765717 0.12467420846223831
fire/seq-04/frame-000719.color.png -0.5515989661216736 -0.3889073431491852 0.5584549903869629 0.9570087790489197 -0.21729141473770142 0.14838983118534088 0.12206180393695831
fire/seq-04/frame-000720.color.png -0.5014552474021912 -0.39116472005844116 0.5754163265228271 0.9559782147407532 -0.2280276119709015 0.1378098577260971 0.12295344471931458
fire/seq-04/frame-000721.color.png -0.49033161997795105 -0.40207570791244507 0.5646967887878418 0.9568549990653992 -0.24620993435382843 0.11453352123498917 0.10339902341365814
fire/seq-04/frame-000722.color.png -0.4796536862850189 -0.43579035997390747 0.5516967177391052 0.956685483455658 -0.2474297285079956 0.11744529008865356 0.09868177026510239
fire/seq-04/frame-000723.color.png -0.4796536862850189 -0.43579035997390747 0.5516967177391052 0.956685483455658 -0.2474297285079956 0.11744529008865356 0.09868177026510239
fire/seq-04/frame-000724.color.png -0.49966731667518616 -0.4334375858306885 0.5295062065124512 0.960270881652832 -0.23457276821136475 0.11086825281381607 0.10278061777353287
fire/seq-04/frame-000725.color.png -0.48998013138771057 -0.415256530046463 0.51261305809021 0.9631275534629822 -0.23804521560668945 0.08331505209207535 0.0936916247010231
fire/seq-04/frame-000726.color.png -0.45656201243400574 -0.42114102840423584 0.5112546682357788 0.9609839916229248 -0.24647152423858643 0.08634800463914871 0.09113549441099167
fire/seq-04/frame-000727.color.png -0.45656201243400574 -0.42114102840423584 0.5112546682357788 0.9609839916229248 -0.24647152423858643 0.08634800463914871 0.09113549441099167
fire/seq-04/frame-000728.color.png -0.46126362681388855 -0.43324995040893555 0.5028409957885742 0.9587715864181519 -0.2529567778110504 0.092667356133461 0.0904582068324089
fire/seq-04/frame-000729.color.png -0.4556964933872223 -0.42187994718551636 0.4810429513454437 0.961482048034668 -0.24940425157546997 0.07749152928590775 0.08570107817649841
fire/seq-04/frame-000730.color.png -0.4543375074863434 -0.41048839688301086 0.47331517934799194 0.9614872932434082 -0.2511868178844452 0.07157406210899353 0.0855829045176506
fire/seq-04/frame-000731.color.png -0.4543375074863434 -0.41048839688301086 0.47331517934799194 0.9614872932434082 -0.2511868178844452 0.07157406210899353 0.0855829045176506
fire/seq-04/frame-000732.color.png -0.4664710760116577 -0.42944037914276123 0.47030308842658997 0.9598448872566223 -0.262197345495224 0.06643613427877426 0.07440859079360962
fire/seq-04/frame-000733.color.png -0.4885297119617462 -0.41819047927856445 0.45328789949417114 0.9595249891281128 -0.26525193452835083 0.05869900807738304 0.07421363145112991
fire/seq-04/frame-000734.color.png -0.4755084812641144 -0.44412657618522644 0.4659089744091034 0.9638354182243347 -0.2470472902059555 0.0627300813794136 0.07780715078115463
fire/seq-04/frame-000735.color.png -0.4755084812641144 -0.44412657618522644 0.4659089744091034 0.9638354182243347 -0.2470472902059555 0.0627300813794136 0.07780715078115463
fire/seq-04/frame-000736.color.png -0.44473275542259216 -0.46130362153053284 0.4508431851863861 0.9602974653244019 -0.2646489441394806 0.04636985436081886 0.07509572803974152
fire/seq-04/frame-000737.color.png -0.4485010802745819 -0.4573461413383484 0.44506746530532837 0.9581611156463623 -0.2733827829360962 0.043771181255578995 0.07261651754379272
fire/seq-04/frame-000738.color.png -0.44850239157676697 -0.45867064595222473 0.44980859756469727 0.9569817781448364 -0.2801190912723541 0.04132911562919617 0.06333182752132416
fire/seq-04/frame-000739.color.png -0.43996864557266235 -0.4558252990245819 0.44272497296333313 0.9564719796180725 -0.28148162364959717 0.04683137312531471 0.06112455204129219
fire/seq-04/frame-000740.color.png -0.43996864557266235 -0.4558252990245819 0.44272497296333313 0.9564719796180725 -0.28148162364959717 0.04683137312531471 0.06112455204129219
fire/seq-04/frame-000741.color.png -0.4289402365684509 -0.47553208470344543 0.44868576526641846 0.9549781680107117 -0.28850024938583374 0.03576459735631943 0.05920498073101044
fire/seq-04/frame-000742.color.png -0.4500455856323242 -0.48850691318511963 0.4468299448490143 0.9553995132446289 -0.28657907247543335 0.04264179617166519 0.057146936655044556
fire/seq-04/frame-000743.color.png -0.43562546372413635 -0.5063349008560181 0.4503903090953827 0.9549435377120972 -0.2882367670536041 0.04113068804144859 0.05753873661160469
fire/seq-04/frame-000744.color.png -0.43562546372413635 -0.5063349008560181 0.4503903090953827 0.9549435377120972 -0.2882367670536041 0.04113068804144859 0.05753873661160469
fire/seq-04/frame-000745.color.png -0.4263771176338196 -0.5049989223480225 0.4411197006702423 0.9534700512886047 -0.29366323351860046 0.04282711446285248 0.05312862619757652
fire/seq-04/frame-000746.color.png -0.4095349609851837 -0.5186842083930969 0.44401830434799194 0.9503578543663025 -0.30733564496040344 0.028121985495090485 0.03967151418328285
fire/seq-04/frame-000747.color.png -0.4060988128185272 -0.5246132612228394 0.4277600347995758 0.9509652853012085 -0.30683329701423645 0.018533527851104736 0.034275639802217484
fire/seq-04/frame-000748.color.png -0.3930325508117676 -0.5166922807693481 0.42979392409324646 0.948857307434082 -0.31286102533340454 0.02625160664319992 0.033146023750305176
fire/seq-04/frame-000749.color.png -0.3930325508117676 -0.5166922807693481 0.42979392409324646 0.948857307434082 -0.31286102533340454 0.02625160664319992 0.033146023750305176
fire/seq-04/frame-000750.color.png -0.39727339148521423 -0.5293012857437134 0.41367581486701965 0.9500049948692322 -0.3100104033946991 0.02274652197957039 0.02943749725818634
fire/seq-04/frame-000751.color.png -0.3919941186904907 -0.5340969562530518 0.4155043065547943 0.9497581124305725 -0.31128180027008057 0.016001390293240547 0.028411248698830605
fire/seq-04/frame-000752.color.png -0.3984012305736542 -0.5482736825942993 0.4255596995353699 0.9529022574424744 -0.30002567172050476 0.02654169872403145 0.03546077013015747
fire/seq-04/frame-000753.color.png -0.4013969600200653 -0.5367206335067749 0.42001914978027344 0.9496895670890808 -0.30862611532211304 0.03926582634449005 0.03602458909153938
fire/seq-04/frame-000754.color.png -0.39462459087371826 -0.537119448184967 0.41970551013946533 0.9480985999107361 -0.31485694646835327 0.0266745463013649 0.03553451970219612
fire/seq-04/frame-000755.color.png -0.39462459087371826 -0.537119448184967 0.41970551013946533 0.9480985999107361 -0.31485694646835327 0.0266745463013649 0.03553451970219612
fire/seq-04/frame-000756.color.png -0.4076225161552429 -0.5301575660705566 0.4127844274044037 0.947519063949585 -0.31684598326683044 0.028519773855805397 0.03166798874735832
fire/seq-04/frame-000757.color.png -0.4004911184310913 -0.5328701734542847 0.3985000252723694 0.9496790766716003 -0.3105001449584961 0.02734186127781868 0.030849464237689972
fire/seq-04/frame-000758.color.png -0.39882704615592957 -0.5252264738082886 0.3958505690097809 0.9502882361412048 -0.30855199694633484 0.027102334424853325 0.03183284401893616
fire/seq-04/frame-000759.color.png -0.3944353759288788 -0.5276006460189819 0.39464226365089417 0.9477930068969727 -0.3152885138988495 0.0359921008348465 0.0314035639166832
fire/seq-04/frame-000760.color.png -0.41065049171447754 -0.5241904258728027 0.39355096220970154 0.9482808709144592 -0.314115434885025 0.03299785032868385 0.03171522915363312
fire/seq-04/frame-000761.color.png -0.41416776180267334 -0.5236618518829346 0.39661329984664917 0.9481878280639648 -0.3154014050960541 0.027175504714250565 0.026893557980656624
fire/seq-04/frame-000762.color.png -0.4141596257686615 -0.5308656692504883 0.3957313597202301 0.9499194025993347 -0.309705913066864 0.02932148240506649 0.029590902850031853
fire/seq-04/frame-000763.color.png -0.4295521378517151 -0.5265939235687256 0.3966911733150482 0.9484972357749939 -0.31314903497695923 0.03787708282470703 0.029255133122205734
fire/seq-04/frame-000764.color.png -0.4283502399921417 -0.5258845090866089 0.38719767332077026 0.9439851641654968 -0.3282683491706848 0.022378243505954742 0.025122471153736115
fire/seq-04/frame-000765.color.png -0.4216245710849762 -0.5244019031524658 0.37631040811538696 0.9437785744667053 -0.3288900554180145 0.02286604978144169 0.024296490475535393
fire/seq-04/frame-000766.color.png -0.41678738594055176 -0.5436042547225952 0.3756457269191742 0.9431974291801453 -0.33040371537208557 0.028811797499656677 0.01953505165874958
fire/seq-04/frame-000767.color.png -0.42786872386932373 -0.5596994161605835 0.37186792492866516 0.9428572058677673 -0.3322286307811737 0.020612020045518875 0.014813140034675598
fire/seq-04/frame-000768.color.png -0.4318293631076813 -0.5537834167480469 0.3681928515434265 0.9432510137557983 -0.33152103424072266 0.015132873319089413 0.011922608129680157
fire/seq-04/frame-000769.color.png -0.41935834288597107 -0.5605592131614685 0.36842843890190125 0.9442857503890991 -0.3284823000431061 0.016886256635189056 0.011772165074944496
fire/seq-04/frame-000770.color.png -0.4184785485267639 -0.5503211617469788 0.37573984265327454 0.9441192746162415 -0.3291017711162567 0.010380329564213753 0.014928271993994713
fire/seq-04/frame-000771.color.png -0.4024337828159332 -0.5504338145256042 0.3686584234237671 0.9419986009597778 -0.334860235452652 0.018062936142086983 0.01345121394842863
fire/seq-04/frame-000772.color.png -0.39339354634284973 -0.5533623099327087 0.3783451318740845 0.9459037184715271 -0.323144793510437 0.02298882231116295 0.01774580031633377
fire/seq-04/frame-000773.color.png -0.4107590317726135 -0.561586856842041 0.3824782073497772 0.9449020028114319 -0.32546576857566833 0.02927001565694809 0.019377050921320915
fire/seq-04/frame-000774.color.png -0.40578898787498474 -0.5754033923149109 0.3941568434238434 0.9454951882362366 -0.32335078716278076 0.03620197996497154 0.013125413097441196
fire/seq-04/frame-000775.color.png -0.40271222591400146 -0.5744249820709229 0.38269081711769104 0.9491589069366455 -0.31296634674072266 0.02778366208076477 0.01942477747797966
fire/seq-04/frame-000776.color.png -0.4112049639225006 -0.583207368850708 0.3865406811237335 0.9472081661224365 -0.3182985484600067 0.03311295062303543 0.019651921465992928
fire/seq-04/frame-000777.color.png -0.39767032861709595 -0.5868770480155945 0.384459912776947 0.9471138715744019 -0.3186900317668915 0.028429221361875534 0.024571003392338753
fire/seq-04/frame-000778.color.png -0.3662748336791992 -0.5924663543701172 0.38375207781791687 0.946044385433197 -0.32242411375045776 0.02346319705247879 0.022186217829585075
fire/seq-04/frame-000779.color.png -0.37066957354545593 -0.6063609719276428 0.3846074938774109 0.9456484317779541 -0.3234947919845581 0.026642929762601852 0.01975799724459648
fire/seq-04/frame-000780.color.png -0.35315871238708496 -0.6013315320014954 0.38958317041397095 0.9440557360649109 -0.3274805247783661 0.03667527809739113 0.013048234395682812
fire/seq-04/frame-000781.color.png -0.36386075615882874 -0.6018581390380859 0.38349372148513794 0.9475155472755432 -0.31846174597740173 0.024202320724725723 0.014508786611258984
fire/seq-04/frame-000782.color.png -0.33990761637687683 -0.6002655029296875 0.37842699885368347 0.9482685923576355 -0.3158596456050873 0.026523925364017487 0.01776779070496559
fire/seq-04/frame-000783.color.png -0.33381524682044983 -0.6172608733177185 0.37492889165878296 0.9492242336273193 -0.3134100139141083 0.025862982496619225 0.00886179506778717
fire/seq-04/frame-000784.color.png -0.32718411087989807 -0.6344814896583557 0.3727266192436218 0.9501926302909851 -0.3109946846961975 0.01835828833281994 0.008894921280443668
fire/seq-04/frame-000785.color.png -0.29721516370773315 -0.6434776186943054 0.36021655797958374 0.9456014633178711 -0.324787974357605 0.017818355932831764 -0.005746143404394388
fire/seq-04/frame-000786.color.png -0.27725091576576233 -0.6509057879447937 0.34155240654945374 0.9414913654327393 -0.33439478278160095 0.03542281687259674 -0.022786257788538933
fire/seq-04/frame-000787.color.png -0.26274189352989197 -0.652634859085083 0.33663928508758545 0.9435804486274719 -0.3299778699874878 0.013189459219574928 -0.024426111951470375
fire/seq-04/frame-000788.color.png -0.23902836441993713 -0.6538915634155273 0.33887916803359985 0.943525493144989 -0.32901912927627563 0.014981512911617756 -0.03579975292086601
fire/seq-04/frame-000789.color.png -0.24040931463241577 -0.6418260335922241 0.3454124331474304 0.9474193453788757 -0.31775733828544617 0.0040278309024870396 -0.037555985152721405
fire/seq-04/frame-000790.color.png -0.22512799501419067 -0.6557169556617737 0.35269445180892944 0.9498953819274902 -0.30919426679611206 -0.005542376544326544 -0.04546166956424713
fire/seq-04/frame-000791.color.png -0.21337765455245972 -0.6473575234413147 0.3374275863170624 0.9502068161964417 -0.30696719884872437 -0.00984650943428278 -0.05273780599236488
fire/seq-04/frame-000792.color.png -0.19106930494308472 -0.6515225768089294 0.345716267824173 0.9512999653816223 -0.3022727966308594 -0.009597336873412132 -0.059728000313043594
fire/seq-04/frame-000793.color.png -0.20029500126838684 -0.6411230564117432 0.34604647755622864 0.9492855668067932 -0.3085024058818817 0.009593314491212368 -0.059924956411123276
fire/seq-04/frame-000794.color.png -0.17793646454811096 -0.6464431881904602 0.3327418863773346 0.9524744749069214 -0.29684898257255554 0.0024932140950113535 -0.06831301748752594
fire/seq-04/frame-000795.color.png -0.1625719964504242 -0.6562017202377319 0.3381865322589874 0.9541083574295044 -0.2917429506778717 0.004104649648070335 -0.06742909550666809
fire/seq-04/frame-000796.color.png -0.14675098657608032 -0.6596518754959106 0.3338542878627777 0.9576745629310608 -0.27882835268974304 -0.007402968592941761 -0.07113078236579895
fire/seq-04/frame-000797.color.png -0.1632237732410431 -0.6696363091468811 0.32371291518211365 0.9561840891838074 -0.28223273158073425 -0.01794980652630329 -0.07572630792856216
fire/seq-04/frame-000798.color.png -0.13313288986682892 -0.6698210835456848 0.3221987783908844 0.956414520740509 -0.28067678213119507 0.005927293561398983 -0.0803537592291832
fire/seq-04/frame-000799.color.png -0.13026104867458344 -0.6370383501052856 0.3211849331855774 0.9617011547088623 -0.26251688599586487 -0.019101791083812714 -0.07649095356464386
fire/seq-04/frame-000800.color.png -0.11519080400466919 -0.6397785544395447 0.3528438210487366 0.9634344577789307 -0.2550530731678009 -0.036631494760513306 -0.07348691672086716
fire/seq-04/frame-000801.color.png -0.10468873381614685 -0.6490470170974731 0.3456403613090515 0.9639568328857422 -0.25135475397109985 -0.035938236862421036 -0.07947630435228348
fire/seq-04/frame-000802.color.png -0.10768547654151917 -0.6504896283149719 0.33699628710746765 0.9639160633087158 -0.2492629885673523 -0.04668800160288811 -0.08095801621675491
fire/seq-04/frame-000803.color.png -0.07750694453716278 -0.6529731154441833 0.3293508291244507 0.9631257057189941 -0.2526227533817291 -0.046399928629398346 -0.0801108330488205
fire/seq-04/frame-000804.color.png -0.08366425335407257 -0.645449161529541 0.33745843172073364 0.9645677804946899 -0.24199771881103516 -0.06421639025211334 -0.08319951593875885
fire/seq-04/frame-000805.color.png -0.0717889815568924 -0.6419323086738586 0.33621180057525635 0.966000497341156 -0.23514291644096375 -0.06653153896331787 -0.08440572023391724
fire/seq-04/frame-000806.color.png -0.06694486737251282 -0.6435135006904602 0.3453735113143921 0.9654225707054138 -0.2346547693014145 -0.07772939652204514 -0.08279190957546234
fire/seq-04/frame-000807.color.png -0.036013420671224594 -0.6307400465011597 0.36142802238464355 0.9651171565055847 -0.2299128621816635 -0.09757788479328156 -0.07853274792432785
fire/seq-04/frame-000808.color.png -0.02329762652516365 -0.6209897398948669 0.3518579304218292 0.9664447903633118 -0.2236543893814087 -0.1006385013461113 -0.07638633251190186
fire/seq-04/frame-000809.color.png -0.02865060418844223 -0.6204308271408081 0.35855832695961 0.9663087725639343 -0.22215783596038818 -0.09994295239448547 -0.08309489488601685
fire/seq-04/frame-000810.color.png -0.010496597737073898 -0.6115062832832336 0.35639238357543945 0.9670245051383972 -0.22308748960494995 -0.08943526446819305 -0.08424423635005951
fire/seq-04/frame-000811.color.png 0.008728276938199997 -0.6031100153923035 0.35639744997024536 0.9683170914649963 -0.21833555400371552 -0.08574727177619934 -0.08566822111606598
fire/seq-04/frame-000812.color.png 0.013006232678890228 -0.6037435531616211 0.3700650930404663 0.9681602716445923 -0.2148263305425644 -0.09684395790100098 -0.08447827398777008
fire/seq-04/frame-000813.color.png -0.008108783513307571 -0.591263473033905 0.37157106399536133 0.9683573246002197 -0.21572114527225494 -0.09311481565237045 -0.08413044363260269
fire/seq-04/frame-000814.color.png 0.00239640474319458 -0.5940374135971069 0.36766257882118225 0.9684857726097107 -0.21465592086315155 -0.09576782584190369 -0.08238165825605392
fire/seq-04/frame-000815.color.png -0.0020126141607761383 -0.5873426198959351 0.366544246673584 0.9675862193107605 -0.21679720282554626 -0.10075082629919052 -0.08139587938785553
fire/seq-04/frame-000816.color.png 0.005469564348459244 -0.586003303527832 0.36553916335105896 0.9665417671203613 -0.2202831506729126 -0.1033111959695816 -0.08123491704463959
fire/seq-04/frame-000817.color.png 0.015089891850948334 -0.5846138000488281 0.3705500066280365 0.9681695699691772 -0.21886512637138367 -0.09194321930408478 -0.07932338863611221
fire/seq-04/frame-000818.color.png 0.014569826424121857 -0.5906519889831543 0.3651072680950165 0.9698539972305298 -0.2062036693096161 -0.10574151575565338 -0.07537928968667984
fire/seq-04/frame-000819.color.png 0.015346724539995193 -0.5935264229774475 0.3779943287372589 0.9679549932479858 -0.2133721262216568 -0.10981375724077225 -0.07400466501712799
fire/seq-04/frame-000820.color.png 0.02444591000676155 -0.5958408713340759 0.39393749833106995 0.9669502973556519 -0.21828719973564148 -0.10549456626176834 -0.0789220780134201
fire/seq-04/frame-000821.color.png 0.031489063054323196 -0.5864658355712891 0.38493165373802185 0.9676186442375183 -0.21352118253707886 -0.11292578279972076 -0.07328342646360397
fire/seq-04/frame-000822.color.png 0.03298581764101982 -0.5887075066566467 0.39673924446105957 0.9679922461509705 -0.21170175075531006 -0.11346183717250824 -0.07280004024505615
fire/seq-04/frame-000823.color.png 0.03954846411943436 -0.5853137969970703 0.40685710310935974 0.9677414298057556 -0.20957480370998383 -0.11721976101398468 -0.07625231146812439
fire/seq-04/frame-000824.color.png 0.04781127721071243 -0.5828139185905457 0.41076382994651794 0.9674050211906433 -0.20639152824878693 -0.12719976902008057 -0.0731450542807579
fire/seq-04/frame-000825.color.png 0.03462584689259529 -0.5757549405097961 0.400337278842926 0.9681693315505981 -0.20712697505950928 -0.11868632584810257 -0.07523416727781296
fire/seq-04/frame-000826.color.png 0.04695318266749382 -0.5859653353691101 0.4019753336906433 0.9716762900352478 -0.19548766314983368 -0.11133069545030594 -0.07235407084226608
fire/seq-04/frame-000827.color.png 0.01480170339345932 -0.583983302116394 0.39453232288360596 0.9705783128738403 -0.20118336379528046 -0.11144078522920609 -0.0713021531701088
fire/seq-04/frame-000828.color.png 0.02881593629717827 -0.5744786858558655 0.4084421992301941 0.9681084752082825 -0.201673686504364 -0.12816351652145386 -0.07528472691774368
fire/seq-04/frame-000829.color.png 0.029853880405426025 -0.5629042983055115 0.41160476207733154 0.9681150913238525 -0.20208346843719482 -0.12709440290927887 -0.07590960711240768
fire/seq-04/frame-000830.color.png 0.03463577479124069 -0.5580116510391235 0.41164639592170715 0.9656262397766113 -0.20122458040714264 -0.1470157355070114 -0.07389825582504272
fire/seq-04/frame-000831.color.png 0.04133767634630203 -0.561028242111206 0.4207025170326233 0.968677282333374 -0.194840669631958 -0.1347847878932953 -0.0743926540017128
fire/seq-04/frame-000832.color.png 0.025993283838033676 -0.5526750087738037 0.40672799944877625 0.9693475961685181 -0.19796082377433777 -0.12592759728431702 -0.07293244451284409
fire/seq-04/frame-000833.color.png 0.041582364588975906 -0.5491227507591248 0.41456589102745056 0.9693845510482788 -0.19356092810630798 -0.13470757007598877 -0.06842190027236938
fire/seq-04/frame-000834.color.png 0.028840381652116776 -0.540916919708252 0.41107723116874695 0.9691574573516846 -0.1874425709247589 -0.1445527821779251 -0.06858319044113159
fire/seq-04/frame-000835.color.png 0.025535278022289276 -0.5321828126907349 0.40151867270469666 0.97095787525177 -0.18537010252475739 -0.13633398711681366 -0.06551283597946167
fire/seq-04/frame-000836.color.png 0.024330172687768936 -0.5247845649719238 0.3958021104335785 0.971290111541748 -0.18676453828811646 -0.13303852081298828 -0.06336648762226105
fire/seq-04/frame-000837.color.png 0.018233250826597214 -0.5328183174133301 0.39910441637039185 0.9716054201126099 -0.18706169724464417 -0.13230624794960022 -0.059041090309619904
fire/seq-04/frame-000838.color.png 0.033056002110242844 -0.5280982255935669 0.4164270758628845 0.9703867435455322 -0.19512180984020233 -0.12839026749134064 -0.06158833205699921
fire/seq-04/frame-000839.color.png 0.01710902526974678 -0.5276309251785278 0.4059413969516754 0.9723523259162903 -0.19054652750492096 -0.12196628749370575 -0.05785580724477768
fire/seq-04/frame-000840.color.png 0.025998346507549286 -0.5185794830322266 0.41204360127449036 0.9724673628807068 -0.1864069104194641 -0.12829026579856873 -0.05568953976035118
fire/seq-04/frame-000841.color.png 0.0007830038666725159 -0.5147029757499695 0.39878109097480774 0.9740254878997803 -0.1843850165605545 -0.12239395081996918 -0.04792105779051781
fire/seq-04/frame-000842.color.png 0.015645917505025864 -0.5120300650596619 0.4051239788532257 0.9724841117858887 -0.19310082495212555 -0.12223425507545471 -0.04522757977247238
fire/seq-04/frame-000843.color.png 0.018295645713806152 -0.49697768688201904 0.38920050859451294 0.9725247621536255 -0.18875373899936676 -0.12894165515899658 -0.044063352048397064
fire/seq-04/frame-000844.color.png 0.030328620225191116 -0.4954914450645447 0.40117600560188293 0.9739340543746948 -0.18285104632377625 -0.12775520980358124 -0.04118851572275162
fire/seq-04/frame-000845.color.png 0.02418869361281395 -0.48515886068344116 0.3994786739349365 0.9733032584190369 -0.18490026891231537 -0.1292310655117035 -0.042331065982580185
fire/seq-04/frame-000846.color.png 0.02087702602148056 -0.47584617137908936 0.39782771468162537 0.9714884757995605 -0.19675232470035553 -0.12698201835155487 -0.03706815466284752
fire/seq-04/frame-000847.color.png 0.019705329090356827 -0.4514521658420563 0.3954349756240845 0.9730230569839478 -0.1926465928554535 -0.12182857096195221 -0.03565678372979164
fire/seq-04/frame-000848.color.png 0.04669798165559769 -0.44014057517051697 0.39205271005630493 0.9716243147850037 -0.1904342919588089 -0.13637228310108185 -0.03291800990700722
fire/seq-04/frame-000849.color.png 0.032229457050561905 -0.4280010163784027 0.38722988963127136 0.9717267155647278 -0.1837131530046463 -0.14485540986061096 -0.03183743357658386
fire/seq-04/frame-000850.color.png 0.011981409043073654 -0.4315270781517029 0.3861050009727478 0.9722979068756104 -0.1952614039182663 -0.12354064732789993 -0.03531968966126442
fire/seq-04/frame-000851.color.png -0.0008110515773296356 -0.4209953844547272 0.38038522005081177 0.9698525667190552 -0.19614896178245544 -0.14112485945224762 -0.031550079584121704
fire/seq-04/frame-000852.color.png -0.006618045270442963 -0.4129979610443115 0.3692014515399933 0.9708768129348755 -0.18928790092468262 -0.14398093521595 -0.028948772698640823
fire/seq-04/frame-000853.color.png -0.01837032660841942 -0.4160342514514923 0.3644593358039856 0.9714435935020447 -0.18673540651798248 -0.14420515298843384 -0.02514413557946682
fire/seq-04/frame-000854.color.png -0.040461305528879166 -0.4133070111274719 0.3619955778121948 0.9727752804756165 -0.19275033473968506 -0.1263716220855713 -0.024206601083278656
fire/seq-04/frame-000855.color.png -0.02439308539032936 -0.4007788300514221 0.3694067895412445 0.9719687104225159 -0.19343046844005585 -0.13211549818515778 -0.02017546258866787
fire/seq-04/frame-000856.color.png -0.03621538728475571 -0.386136531829834 0.37251389026641846 0.9747976064682007 -0.18472419679164886 -0.12366741895675659 -0.018787868320941925
fire/seq-04/frame-000857.color.png -0.034594208002090454 -0.38771769404411316 0.3658880591392517 0.9748711585998535 -0.18634727597236633 -0.12133952975273132 -0.013324115425348282
fire/seq-04/frame-000858.color.png -0.044807273894548416 -0.38452547788619995 0.3629089295864105 0.9742221832275391 -0.1894247680902481 -0.12205883860588074 -0.010542996227741241
fire/seq-04/frame-000859.color.png -0.034930914640426636 -0.3725396990776062 0.3560290038585663 0.974105954170227 -0.1827777773141861 -0.1327119767665863 -0.009879354387521744
fire/seq-04/frame-000860.color.png -0.03766811266541481 -0.36984431743621826 0.356082558631897 0.9766546487808228 -0.18290871381759644 -0.11223088204860687 -0.009721263311803341
fire/seq-04/frame-000861.color.png -0.05385619029402733 -0.3601078987121582 0.35251593589782715 0.9754789471626282 -0.1797378808259964 -0.12690095603466034 -0.005610644351691008
fire/seq-04/frame-000862.color.png -0.047402236610651016 -0.35597753524780273 0.3520696461200714 0.9770634174346924 -0.17092502117156982 -0.12699072062969208 -0.0022099895868450403
fire/seq-04/frame-000863.color.png -0.06355603039264679 -0.3553481101989746 0.35208773612976074 0.9796494245529175 -0.1703728288412094 -0.10609421879053116 -0.002026990754529834
fire/seq-04/frame-000864.color.png -0.07128587365150452 -0.34992945194244385 0.34973931312561035 0.9814310073852539 -0.16795051097869873 -0.09265616536140442 -0.0008282733615487814
fire/seq-04/frame-000865.color.png -0.07374146580696106 -0.3386535942554474 0.35550403594970703 0.9798887372016907 -0.17789651453495026 -0.09029044955968857 0.0042795101180672646
fire/seq-04/frame-000866.color.png -0.0940709114074707 -0.34355810284614563 0.3514607548713684 0.9783563613891602 -0.18308672308921814 -0.09614702314138412 0.007338669616729021
fire/seq-04/frame-000867.color.png -0.09438347816467285 -0.3373781442642212 0.3521557152271271 0.9805691838264465 -0.1708880364894867 -0.09586908668279648 0.009515938349068165
fire/seq-04/frame-000868.color.png -0.09209226071834564 -0.33904385566711426 0.3589511811733246 0.9833685755729675 -0.16690906882286072 -0.06978485733270645 0.01604701392352581
fire/seq-04/frame-000869.color.png -0.08155101537704468 -0.3275128901004791 0.3510446846485138 0.9808642864227295 -0.1839488446712494 -0.062418729066848755 0.013120687566697598
fire/seq-04/frame-000870.color.png -0.08921568095684052 -0.32027551531791687 0.35709714889526367 0.9819320440292358 -0.17731723189353943 -0.06352847814559937 0.018219029530882835
fire/seq-04/frame-000871.color.png -0.09583650529384613 -0.31440338492393494 0.36384493112564087 0.9829802513122559 -0.17269262671470642 -0.05757642537355423 0.024737097322940826
fire/seq-04/frame-000872.color.png -0.12529915571212769 -0.30474862456321716 0.3620016276836395 0.9837860465049744 -0.16515164077281952 -0.06342495232820511 0.029451126232743263
fire/seq-04/frame-000873.color.png -0.12529915571212769 -0.30474862456321716 0.3620016276836395 0.9837860465049744 -0.16515164077281952 -0.06342495232820511 0.029451126232743263
fire/seq-04/frame-000874.color.png -0.12320756912231445 -0.30195748805999756 0.3642033338546753 0.9830314517021179 -0.16927692294120789 -0.06409601122140884 0.0297656562179327
fire/seq-04/frame-000875.color.png -0.1476588100194931 -0.2923915386199951 0.35325464606285095 0.984398365020752 -0.16515575349330902 -0.05118498206138611 0.032613594084978104
fire/seq-04/frame-000876.color.png -0.1486242711544037 -0.29539361596107483 0.36088815331459045 0.9832254648208618 -0.16749207675457 -0.06319242715835571 0.03494027256965637
fire/seq-04/frame-000877.color.png -0.15179896354675293 -0.2787614166736603 0.34978124499320984 0.9861246943473816 -0.15410080552101135 -0.050562985241413116 0.03541862964630127
fire/seq-04/frame-000878.color.png -0.15723371505737305 -0.28571024537086487 0.3525506854057312 0.9858097434043884 -0.15616077184677124 -0.04809621348977089 0.03846832364797592
fire/seq-04/frame-000879.color.png -0.16699840128421783 -0.27893611788749695 0.35786324739456177 0.9855926036834717 -0.15671692788600922 -0.04737420007586479 0.042458225041627884
fire/seq-04/frame-000880.color.png -0.1567525565624237 -0.2658815085887909 0.35799816250801086 0.986527144908905 -0.15170690417289734 -0.04206250235438347 0.04449676349759102
fire/seq-04/frame-000881.color.png -0.1686725616455078 -0.25830644369125366 0.3565080761909485 0.9878745079040527 -0.14304287731647491 -0.038564182817935944 0.04642677679657936
fire/seq-04/frame-000882.color.png -0.17025521397590637 -0.26183539628982544 0.3569319248199463 0.9886393547058105 -0.13572992384433746 -0.03873632475733757 0.0516621395945549
fire/seq-04/frame-000883.color.png -0.17771995067596436 -0.25515466928482056 0.3572409451007843 0.9869676232337952 -0.1443561613559723 -0.04392290487885475 0.05592131242156029
fire/seq-04/frame-000884.color.png -0.16800516843795776 -0.25273972749710083 0.3509480357170105 0.9875611066818237 -0.1413242518901825 -0.04294460266828537 0.053909268230199814
fire/seq-04/frame-000885.color.png -0.16800516843795776 -0.25273972749710083 0.3509480357170105 0.9875611066818237 -0.1413242518901825 -0.04294460266828537 0.053909268230199814
fire/seq-04/frame-000886.color.png -0.1792534738779068 -0.24984627962112427 0.3400118947029114 0.9893898367881775 -0.1258670687675476 -0.05006498470902443 0.05252198502421379
fire/seq-04/frame-000887.color.png -0.17580926418304443 -0.23662999272346497 0.33250394463539124 0.9890444874763489 -0.13264553248882294 -0.03923453763127327 0.05154389888048172
fire/seq-04/frame-000888.color.png -0.16842836141586304 -0.223019078373909 0.33519184589385986 0.9887722730636597 -0.13531284034252167 -0.044576771557331085 0.0450858511030674
fire/seq-04/frame-000889.color.png -0.16975489258766174 -0.2103976160287857 0.33077773451805115 0.9885950088500977 -0.1374547779560089 -0.03955070674419403 0.04713599383831024
fire/seq-04/frame-000890.color.png -0.16289380192756653 -0.21237167716026306 0.33544811606407166 0.9885807037353516 -0.13412632048130035 -0.04610779881477356 0.050916217267513275
fire/seq-04/frame-000891.color.png -0.1635444313287735 -0.20394571125507355 0.3401552736759186 0.9899356365203857 -0.1237124428153038 -0.04793842136859894 0.049237508326768875
fire/seq-04/frame-000892.color.png -0.1711266189813614 -0.19387662410736084 0.33936235308647156 0.989944577217102 -0.12735359370708466 -0.0392703041434288 0.047419171780347824
fire/seq-04/frame-000893.color.png -0.170362189412117 -0.19557225704193115 0.33344900608062744 0.9888026714324951 -0.13592484593391418 -0.04012132063508034 0.046734519302845
fire/seq-04/frame-000894.color.png -0.17172418534755707 -0.19036366045475006 0.3450671434402466 0.9896032214164734 -0.1299062967300415 -0.04110247269272804 0.04604858160018921
fire/seq-04/frame-000895.color.png -0.1644132435321808 -0.1759442538022995 0.35667604207992554 0.9893267750740051 -0.13081559538841248 -0.03991826996207237 0.050261687487363815
fire/seq-04/frame-000896.color.png -0.167842835187912 -0.1613304316997528 0.343817800283432 0.9898373484611511 -0.12036054581403732 -0.05474282428622246 0.05233105272054672
fire/seq-04/frame-000897.color.png -0.1611185222864151 -0.14353130757808685 0.3429372012615204 0.9886209964752197 -0.13322989642620087 -0.0483219176530838 0.05043146759271622
fire/seq-04/frame-000898.color.png -0.1611185222864151 -0.14353130757808685 0.3429372012615204 0.9886209964752197 -0.13322989642620087 -0.0483219176530838 0.05043146759271622
fire/seq-04/frame-000899.color.png -0.1559171974658966 -0.13901536166667938 0.3486495316028595 0.9875160455703735 -0.14591102302074432 -0.03950536623597145 0.04428914934396744
fire/seq-04/frame-000900.color.png -0.15450355410575867 -0.12492980062961578 0.3467610478401184 0.9888643026351929 -0.1352900117635727 -0.04187481850385666 0.04572020471096039
fire/seq-04/frame-000901.color.png -0.15863186120986938 -0.10476673394441605 0.347143292427063 0.9896987676620483 -0.12585313618183136 -0.05130569636821747 0.04499935358762741
fire/seq-04/frame-000902.color.png -0.1518152505159378 -0.10128968954086304 0.35057955980300903 0.9882662892341614 -0.13717633485794067 -0.05451839044690132 0.039244022220373154
fire/seq-04/frame-000903.color.png -0.14951291680335999 -0.1057259812951088 0.3528727889060974 0.9869326949119568 -0.14720341563224792 -0.053109124302864075 0.038398079574108124
fire/seq-04/frame-000904.color.png -0.15447260439395905 -0.10639889538288116 0.34573784470558167 0.9872310161590576 -0.1386631578207016 -0.07028624415397644 0.03474464640021324
fire/seq-04/frame-000905.color.png -0.13929709792137146 -0.09051099419593811 0.34211403131484985 0.9882400035858154 -0.1311444640159607 -0.07190781086683273 0.031816694885492325
fire/seq-04/frame-000906.color.png -0.13511922955513 -0.08228740096092224 0.3335809111595154 0.9850102066993713 -0.1566658616065979 -0.0663701519370079 0.028378501534461975
fire/seq-04/frame-000907.color.png -0.13511922955513 -0.08228740096092224 0.3335809111595154 0.9850102066993713 -0.1566658616065979 -0.0663701519370079 0.028378501534461975
fire/seq-04/frame-000908.color.png -0.12331664562225342 -0.06745723634958267 0.34755939245224 0.9872533679008484 -0.14032167196273804 -0.0685245469212532 0.030742835253477097
fire/seq-04/frame-000909.color.png -0.13801196217536926 -0.05635467544198036 0.3380815088748932 0.9880350232124329 -0.13279204070568085 -0.07231760770082474 0.03038126975297928
fire/seq-04/frame-000910.color.png -0.14048978686332703 -0.053271401673555374 0.33301490545272827 0.98743736743927 -0.144832044839859 -0.05717527121305466 0.026870742440223694
fire/seq-04/frame-000911.color.png -0.16010645031929016 -0.05335508659482002 0.3389339745044708 0.986743152141571 -0.15446078777313232 -0.042829304933547974 0.025404002517461777
fire/seq-04/frame-000912.color.png -0.16845938563346863 -0.06309597939252853 0.3494960367679596 0.986459493637085 -0.1550293266773224 -0.04921320080757141 0.021016627550125122
fire/seq-04/frame-000913.color.png -0.15725046396255493 -0.05763852223753929 0.33746421337127686 0.9863791465759277 -0.15187346935272217 -0.059857532382011414 0.02019144594669342
fire/seq-04/frame-000914.color.png -0.13818369805812836 -0.0503721721470356 0.3399260938167572 0.9866785407066345 -0.15235711634159088 -0.05382611230015755 0.018857399001717567
fire/seq-04/frame-000915.color.png -0.13818369805812836 -0.0503721721470356 0.3399260938167572 0.9866785407066345 -0.15235711634159088 -0.05382611230015755 0.018857399001717567
fire/seq-04/frame-000916.color.png -0.13654878735542297 -0.034953758120536804 0.35536009073257446 0.9868378639221191 -0.15287241339683533 -0.04803905263543129 0.021760039031505585
fire/seq-04/frame-000917.color.png -0.14938504993915558 -0.022223982959985733 0.3628959059715271 0.9875563383102417 -0.14642047882080078 -0.053556472063064575 0.020620279014110565
fire/seq-04/frame-000918.color.png -0.16488255560398102 -0.008882607333362103 0.3648015856742859 0.9866726398468018 -0.14915533363819122 -0.06231025606393814 0.01862991414964199
fire/seq-04/frame-000919.color.png -0.16642379760742188 -0.009855075739324093 0.365970253944397 0.9870812296867371 -0.1507202386856079 -0.05193585157394409 0.016027020290493965
fire/seq-04/frame-000920.color.png -0.1735384464263916 -0.007128461264073849 0.36644211411476135 0.9875916242599487 -0.14613114297389984 -0.05549272149801254 0.015137842856347561
fire/seq-04/frame-000921.color.png -0.1900859773159027 -0.012507463805377483 0.37970227003097534 0.9869316816329956 -0.15392428636550903 -0.045997995883226395 0.012552636675536633
fire/seq-04/frame-000922.color.png -0.21374700963497162 0.0010493220761418343 0.35263487696647644 0.9830685257911682 -0.1773785799741745 -0.04431119188666344 0.012235954403877258
fire/seq-04/frame-000923.color.png -0.19113236665725708 0.004485351033508778 0.3585529327392578 0.9858531355857849 -0.15810446441173553 -0.054778099060058594 0.009799087420105934
fire/seq-04/frame-000924.color.png -0.19113236665725708 0.004485351033508778 0.3585529327392578 0.9858531355857849 -0.15810446441173553 -0.054778099060058594 0.009799087420105934
fire/seq-04/frame-000925.color.png -0.19947433471679688 0.0016250619664788246 0.35376760363578796 0.9854366183280945 -0.16630961000919342 -0.03409167379140854 0.009667621925473213
fire/seq-04/frame-000926.color.png -0.20039863884449005 -0.01677749678492546 0.3492124676704407 0.9849144220352173 -0.16883909702301025 -0.03581663593649864 0.012420165352523327
fire/seq-04/frame-000927.color.png -0.20244738459587097 -0.019885100424289703 0.3324507474899292 0.982848048210144 -0.17756794393062592 -0.04807078093290329 0.012982339598238468
fire/seq-04/frame-000928.color.png -0.18458765745162964 -0.0015650643035769463 0.3626237213611603 0.9867214560508728 -0.15947064757347107 -0.02582687698304653 0.016814591363072395
fire/seq-04/frame-000929.color.png -0.20087775588035583 0.0011046389117836952 0.35321173071861267 0.9854697585105896 -0.16607888042926788 -0.03196024149656296 0.015672387555241585
fire/seq-04/frame-000930.color.png -0.2552315592765808 -0.004392835311591625 0.34210172295570374 0.9841804504394531 -0.17563924193382263 -0.011256981641054153 0.0203227736055851
fire/seq-04/frame-000931.color.png -0.2552315592765808 -0.004392835311591625 0.34210172295570374 0.9841804504394531 -0.17563924193382263 -0.011256981641054153 0.0203227736055851
fire/seq-04/frame-000932.color.png -0.24955669045448303 -0.006527974270284176 0.36822032928466797 0.9841526746749878 -0.170974999666214 -0.04287189990282059 0.0193182323127985
fire/seq-04/frame-000933.color.png -0.28081604838371277 -0.0030869459733366966 0.36722928285598755 0.9838082194328308 -0.17342649400234222 -0.04025808721780777 0.020592372864484787
fire/seq-04/frame-000934.color.png -0.2965235710144043 -0.00875153299421072 0.3615260422229767 0.981103777885437 -0.19168411195278168 -0.019379034638404846 0.017806118354201317
fire/seq-04/frame-000935.color.png -0.28590139746665955 -0.010192877613008022 0.3712175488471985 0.9831629395484924 -0.17907434701919556 -0.026951005682349205 0.024429861456155777
fire/seq-04/frame-000936.color.png -0.28938916325569153 -0.00835497584193945 0.3713025152683258 0.9834146499633789 -0.1782637983560562 -0.014930776320397854 0.029914673417806625
fire/seq-04/frame-000937.color.png -0.3205905556678772 -0.025140445679426193 0.37931957840919495 0.9853196740150452 -0.16591832041740417 -0.029642051085829735 0.027161523699760437
fire/seq-04/frame-000938.color.png -0.3559260666370392 -0.011482316069304943 0.36972281336784363 0.983105480670929 -0.17953741550445557 -0.0007834911230020225 0.03562917187809944
fire/seq-04/frame-000939.color.png -0.36248451471328735 -0.022489044815301895 0.3680742383003235 0.9873265027999878 -0.1541065126657486 -0.016431303694844246 0.034170567989349365
fire/seq-04/frame-000940.color.png -0.3389315605163574 -0.020679540932178497 0.38464465737342834 0.9860734939575195 -0.1617686152458191 -0.00411309115588665 0.03838084638118744
fire/seq-04/frame-000941.color.png -0.3389315605163574 -0.020679540932178497 0.38464465737342834 0.9860734939575195 -0.1617686152458191 -0.00411309115588665 0.03838084638118744
fire/seq-04/frame-000942.color.png -0.35314446687698364 -0.023216277360916138 0.38730770349502563 0.9856771230697632 -0.16450636088848114 0.00029139546677470207 0.03712046518921852
fire/seq-04/frame-000943.color.png -0.34418198466300964 -0.03549123927950859 0.3880848288536072 0.9864293932914734 -0.15881763398647308 0.018502378836274147 0.037306610494852066
fire/seq-04/frame-000944.color.png -0.3714122772216797 -0.03367810323834419 0.38766205310821533 0.9824657440185547 -0.18073122203350067 0.022221088409423828 0.04004134610295296
fire/seq-04/frame-000945.color.png -0.3633793890476227 -0.03797680884599686 0.38934168219566345 0.9839906096458435 -0.17200666666030884 0.016958676278591156 0.04345795139670372
fire/seq-04/frame-000946.color.png -0.3913315236568451 -0.054094161838293076 0.40455228090286255 0.9835226535797119 -0.17223702371120453 0.02261742763221264 0.05005907267332077
fire/seq-04/frame-000947.color.png -0.4187510907649994 -0.07168900966644287 0.40763652324676514 0.9855548739433289 -0.1620415449142456 0.02404322475194931 0.04296596348285675
fire/seq-04/frame-000948.color.png -0.4057234227657318 -0.06388155370950699 0.40617552399635315 0.984613835811615 -0.1668996661901474 0.026326466351747513 0.044573862105607986
fire/seq-04/frame-000949.color.png -0.42459818720817566 -0.06701380014419556 0.41863638162612915 0.9836074113845825 -0.17297028005123138 0.023124288767576218 0.04542078822851181
fire/seq-04/frame-000950.color.png -0.4202776849269867 -0.07610525190830231 0.41485893726348877 0.9838528633117676 -0.16355736553668976 0.04982362687587738 0.05291501432657242
fire/seq-04/frame-000951.color.png -0.3485603630542755 -0.061793845146894455 0.4151420295238495 0.9840155839920044 -0.16528426110744476 0.04696105793118477 0.04678814485669136
fire/seq-04/frame-000952.color.png -0.37978672981262207 -0.0622650571167469 0.40335410833358765 0.9822307825088501 -0.17081372439861298 0.0617990717291832 0.04718329384922981
fire/seq-04/frame-000953.color.png -0.4036169946193695 -0.0470830574631691 0.41558489203453064 0.9840855002403259 -0.15032947063446045 0.07947862148284912 0.05157315731048584
fire/seq-04/frame-000954.color.png -0.40726375579833984 -0.03735267370939255 0.4161061942577362 0.9835459589958191 -0.15663132071495056 0.07399290055036545 0.05127560347318649
fire/seq-04/frame-000955.color.png -0.36266645789146423 -0.056287188082933426 0.40127792954444885 0.9825669527053833 -0.16883298754692078 0.06363283842802048 0.04481808468699455
fire/seq-04/frame-000956.color.png -0.4499303102493286 -0.044997893273830414 0.39932143688201904 0.9817325472831726 -0.1604904979467392 0.09309671819210052 0.04215265437960625
fire/seq-04/frame-000957.color.png -0.4093330204486847 -0.04519863799214363 0.38560613989830017 0.9811617136001587 -0.16107863187789917 0.09481155872344971 0.048850059509277344
fire/seq-04/frame-000958.color.png -0.43220824003219604 -0.07099711894989014 0.3831079602241516 0.9798416495323181 -0.16237688064575195 0.10339005291461945 0.05343056842684746
fire/seq-04/frame-000959.color.png -0.43839141726493835 -0.07278268784284592 0.38741371035575867 0.9805636405944824 -0.15934161841869354 0.09727134555578232 0.06036023795604706
fire/seq-04/frame-000960.color.png -0.45189550518989563 -0.09614374488592148 0.38853904604911804 0.9783465266227722 -0.16316284239292145 0.11377359926700592 0.05719873681664467
fire/seq-04/frame-000961.color.png -0.4909014403820038 -0.09718549251556396 0.39159688353538513 0.9789800047874451 -0.16403646767139435 0.10651770234107971 0.057827699929475784
fire/seq-04/frame-000962.color.png -0.49068501591682434 -0.10501466691493988 0.4102609157562256 0.9799379706382751 -0.15297093987464905 0.11456087231636047 0.056545406579971313
fire/seq-04/frame-000963.color.png -0.48355379700660706 -0.09881044924259186 0.42188990116119385 0.979525089263916 -0.15295033156871796 0.11692026257514954 0.05887860804796219
fire/seq-04/frame-000964.color.png -0.517131507396698 -0.08199812471866608 0.4255124628543854 0.9794589877128601 -0.1583346426486969 0.11276429146528244 0.05361334979534149
fire/seq-04/frame-000965.color.png -0.5598511695861816 -0.05816299095749855 0.431436687707901 0.9758232235908508 -0.1590481996536255 0.13622665405273438 0.0625687688589096
fire/seq-04/frame-000966.color.png -0.5222694873809814 -0.05508102849125862 0.43272268772125244 0.9762148261070251 -0.1566866636276245 0.13702288269996643 0.060651421546936035
fire/seq-04/frame-000967.color.png -0.5574909448623657 -0.047318581491708755 0.44764283299446106 0.9759050011634827 -0.16117632389068604 0.1346069723367691 0.05926809087395668
fire/seq-04/frame-000968.color.png -0.5218874216079712 -0.07285592705011368 0.43901386857032776 0.9719085097312927 -0.15084506571292877 0.168110191822052 0.06617091596126556
fire/seq-04/frame-000969.color.png -0.5134556293487549 -0.0711926817893982 0.4662976861000061 0.973395049571991 -0.15002630650997162 0.15909208357334137 0.06843993812799454
fire/seq-04/frame-000970.color.png -0.5410600900650024 -0.06249547377228737 0.48333030939102173 0.9762821197509766 -0.13456276059150696 0.15952607989311218 0.05759841203689575
fire/seq-04/frame-000971.color.png -0.5482129454612732 -0.02810927852988243 0.48733609914779663 0.9676805138587952 -0.12210937589406967 0.20874856412410736 0.07146987318992615
fire/seq-04/frame-000972.color.png -0.561414361000061 -0.0447298139333725 0.5149970650672913 0.973042905330658 -0.11923152953386307 0.18750736117362976 0.061745207756757736
fire/seq-04/frame-000973.color.png -0.579497218132019 -0.027736328542232513 0.5064478516578674 0.9738414287567139 -0.11447225511074066 0.18511740863323212 0.06527290493249893
fire/seq-04/frame-000974.color.png -0.6046040654182434 -0.025310050696134567 0.5158462524414062 0.9686806201934814 -0.11459428817033768 0.20708289742469788 0.07511689513921738
fire/seq-04/frame-000975.color.png -0.5851239562034607 -0.029467090964317322 0.5237802863121033 0.9704237580299377 -0.11137208342552185 0.1993798166513443 0.07824195176362991
fire/seq-04/frame-000976.color.png -0.6391184329986572 -0.021279040724039078 0.537956953048706 0.9704123139381409 -0.10189748555421829 0.2016162872314453 0.085251584649086
fire/seq-04/frame-000977.color.png -0.6610662341117859 -0.020281706005334854 0.5418382287025452 0.9660158753395081 -0.0944497361779213 0.22411999106407166 0.0875377357006073
fire/seq-04/frame-000978.color.png -0.6697461605072021 -0.02448710799217224 0.5470015406608582 0.9651480913162231 -0.11510951817035675 0.21873922646045685 0.08597637712955475
fire/seq-04/frame-000979.color.png -0.6656594276428223 -0.019442211836576462 0.5311993360519409 0.9691253304481506 -0.10385367274284363 0.2048778384923935 0.08964228630065918
fire/seq-04/frame-000980.color.png -0.6838213205337524 -0.010746306739747524 0.5489606261253357 0.9697338342666626 -0.10028516501188278 0.2051212638616562 0.08651323616504669
fire/seq-04/frame-000981.color.png -0.693091869354248 -0.008428811095654964 0.5449554324150085 0.9682583808898926 -0.09991742670536041 0.21082890033721924 0.08968447893857956
fire/seq-04/frame-000982.color.png -0.7022511959075928 -0.016261909157037735 0.5494988560676575 0.9644900560379028 -0.09544554352760315 0.22747862339019775 0.09435343742370605
fire/seq-04/frame-000983.color.png -0.6953754425048828 -0.005605666898190975 0.5504809617996216 0.9693588018417358 -0.08268678933382034 0.21217051148414612 0.09214136749505997
fire/seq-04/frame-000984.color.png -0.6994507908821106 0.0017986977472901344 0.5515586137771606 0.9672611951828003 -0.08476284146308899 0.2215839922428131 0.09012112766504288
fire/seq-04/frame-000985.color.png -0.6903224587440491 0.0009256871417164803 0.5589001774787903 0.9643440246582031 -0.08839693665504456 0.23066255450248718 0.09498195350170135
fire/seq-04/frame-000986.color.png -0.7139836549758911 -0.00715384166687727 0.5780184864997864 0.9590469002723694 -0.08732376247644424 0.25006088614463806 0.10036472976207733
fire/seq-04/frame-000987.color.png -0.7214100956916809 -0.009933839552104473 0.5767468810081482 0.9627131223678589 -0.07971886545419693 0.23719322681427002 0.10279969871044159
fire/seq-04/frame-000988.color.png -0.7325772047042847 -0.026457972824573517 0.5818310379981995 0.9601368308067322 -0.08772996813058853 0.24400590360164642 0.10441215336322784
fire/seq-04/frame-000989.color.png -0.756911039352417 -0.021545451134443283 0.5840282440185547 0.9597567319869995 -0.06665332615375519 0.25159984827041626 0.10546049475669861
fire/seq-04/frame-000990.color.png -0.7544881105422974 -0.02779824659228325 0.5720202326774597 0.9583017230033875 -0.08250975608825684 0.2565571963787079 0.09501689672470093
fire/seq-04/frame-000991.color.png -0.7484248280525208 -0.02855442464351654 0.5640405416488647 0.9608461856842041 -0.0864386036992073 0.24250665307044983 0.10243731737136841
fire/seq-04/frame-000992.color.png -0.7597993016242981 -0.02351655811071396 0.5776222944259644 0.9599300622940063 -0.07223942130804062 0.250282883644104 0.10331517457962036
fire/seq-04/frame-000993.color.png -0.7469707131385803 -0.033929016441106796 0.5764814615249634 0.9609474539756775 -0.08746837079524994 0.24476544559001923 0.09496874362230301
fire/seq-04/frame-000994.color.png -0.751318633556366 -0.07260426878929138 0.5990249514579773 0.9612719416618347 -0.08406858146190643 0.24683596193790436 0.08922342956066132
fire/seq-04/frame-000995.color.png -0.7593162059783936 -0.06416905671358109 0.6075159311294556 0.9555865526199341 -0.08162325620651245 0.2656936049461365 0.09797385334968567
fire/seq-04/frame-000996.color.png -0.7543925046920776 -0.06704405695199966 0.6351432800292969 0.9581043720245361 -0.08911348134279251 0.25115349888801575 0.1049603670835495
fire/seq-04/frame-000997.color.png -0.7490677237510681 -0.06439628452062607 0.640526294708252 0.960658609867096 -0.08164309710264206 0.24489736557006836 0.10244359821081161
fire/seq-04/frame-000998.color.png -0.7788540124893188 -0.05106057599186897 0.6405444145202637 0.9581308364868164 -0.08040985465049744 0.2533053755760193 0.10656462609767914
fire/seq-04/frame-000999.color.png -0.7884441614151001 -0.04899105802178383 0.653335690498352 0.9545647501945496 -0.07610053569078445 0.2656526267528534 0.11155062913894653
