redkitchen/seq-03/frame-000000.color.png -0.3211178779602051 -0.20677930116653442 0.5748972296714783 0.9457172751426697 0.12663276493549347 -0.28406715393066406 -0.09428099542856216
redkitchen/seq-03/frame-000001.color.png -0.37008365988731384 -0.18049731850624084 0.5580180883407593 0.9434115290641785 0.1251128762960434 -0.29267367720603943 -0.09307864308357239
redkitchen/seq-03/frame-000002.color.png -0.31470921635627747 -0.20599128305912018 0.5924625396728516 0.9447753429412842 0.12091928720474243 -0.2887321412563324 -0.09701361507177353
redkitchen/seq-03/frame-000003.color.png -0.34075599908828735 -0.18577302992343903 0.5995904207229614 0.9434382319450378 0.12157819420099258 -0.2926732003688812 -0.09739304333925247
redkitchen/seq-03/frame-000004.color.png -0.3809896409511566 -0.18418484926223755 0.5686141848564148 0.9442313313484192 0.12269774079322815 -0.289452463388443 -0.09792713075876236
redkitchen/seq-03/frame-000005.color.png -0.36027708649635315 -0.18193572759628296 0.5749816298484802 0.9433556795120239 0.12696540355682373 -0.2912119925022125 -0.09568445384502411
redkitchen/seq-03/frame-000006.color.png -0.3256289064884186 -0.18049658834934235 0.5952657461166382 0.9425802230834961 0.12353682518005371 -0.2948724031448364 -0.09660028666257858
redkitchen/seq-03/frame-000007.color.png -0.36570021510124207 -0.173891082406044 0.5683063268661499 0.9435321092605591 0.12349724024534225 -0.29084643721580505 -0.09951812028884888
redkitchen/seq-03/frame-000008.color.png -0.33089229464530945 -0.19041317701339722 0.6111376881599426 0.9438269734382629 0.1205877736210823 -0.29123684763908386 -0.09914751350879669
redkitchen/seq-03/frame-000009.color.png -0.3606071472167969 -0.17229673266410828 0.5752121210098267 0.9426140785217285 0.11865103989839554 -0.29519757628440857 -0.10128641873598099
redkitchen/seq-03/frame-000010.color.png -0.3772880434989929 -0.1725476086139679 0.5748957991600037 0.943767249584198 0.11884486675262451 -0.2925000488758087 -0.09809655696153641
redkitchen/seq-03/frame-000011.color.png -0.3968369662761688 -0.16866712272167206 0.5577375292778015 0.9434822797775269 0.12245690077543259 -0.2920423448085785 -0.09775801002979279
redkitchen/seq-03/frame-000012.color.png -0.4404466450214386 -0.15806791186332703 0.5562167167663574 0.9450935125350952 0.11661478877067566 -0.2879506051540375 -0.10140884667634964
redkitchen/seq-03/frame-000013.color.png -0.44444540143013 -0.15285535156726837 0.5468499064445496 0.9454520344734192 0.1218092292547226 -0.2863999903202057 -0.09621978551149368
redkitchen/seq-03/frame-000014.color.png -0.47859326004981995 -0.14445872604846954 0.5237118601799011 0.9432075023651123 0.12074331939220428 -0.2937311828136444 -0.09748122096061707
redkitchen/seq-03/frame-000015.color.png -0.4748311936855316 -0.14008933305740356 0.5396654605865479 0.9401665329933167 0.1194595992565155 -0.3031066060066223 -0.0997125431895256
redkitchen/seq-03/frame-000016.color.png -0.4781075417995453 -0.150817409157753 0.5473242402076721 0.9418966770172119 0.12003056704998016 -0.29881006479263306 -0.09558229893445969
redkitchen/seq-03/frame-000017.color.png -0.482656329870224 -0.1253475844860077 0.540278434753418 0.9441018104553223 0.12311393767595291 -0.29114505648612976 -0.09353630244731903
redkitchen/seq-03/frame-000018.color.png -0.4534280598163605 -0.1445506513118744 0.5477492213249207 0.9446348547935486 0.12460844218730927 -0.28801944851875305 -0.09582485258579254
redkitchen/seq-03/frame-000019.color.png -0.5235869288444519 -0.11985929310321808 0.5230780839920044 0.9451785087585449 0.12246707081794739 -0.2868264317512512 -0.09679929167032242
redkitchen/seq-03/frame-000020.color.png -0.5620856881141663 -0.13657915592193604 0.4958499073982239 0.9456793069839478 0.12051086872816086 -0.2870470881462097 -0.09365774691104889
redkitchen/seq-03/frame-000021.color.png -0.5047137141227722 -0.13126911222934723 0.5063038468360901 0.9496921300888062 0.1203673854470253 -0.2743273079395294 -0.0913296788930893
redkitchen/seq-03/frame-000022.color.png -0.5182791352272034 -0.13139955699443817 0.5030909180641174 0.9459210634231567 0.12085577845573425 -0.28647851943969727 -0.09250526130199432
redkitchen/seq-03/frame-000023.color.png -0.4996226131916046 -0.1315840482711792 0.4844333231449127 0.9438344836235046 0.1290009617805481 -0.2902674973011017 -0.09099362790584564
redkitchen/seq-03/frame-000024.color.png -0.5570257902145386 -0.11888612806797028 0.48468464612960815 0.9460572004318237 0.13535672426223755 -0.2824579179286957 -0.08289673924446106
redkitchen/seq-03/frame-000025.color.png -0.5787853002548218 -0.12433333694934845 0.47241872549057007 0.947645902633667 0.13886578381061554 -0.27646732330322266 -0.07905247062444687
redkitchen/seq-03/frame-000026.color.png -0.5894641876220703 -0.12920433282852173 0.47355782985687256 0.9441268444061279 0.13893429934978485 -0.286607027053833 -0.08472483605146408
redkitchen/seq-03/frame-000027.color.png -0.5797813534736633 -0.17928099632263184 0.5111715793609619 0.9493655562400818 0.13456737995147705 -0.2713626027107239 -0.08342179656028748
redkitchen/seq-03/frame-000028.color.png -0.5969546437263489 -0.16233927011489868 0.5052300691604614 0.9525544047355652 0.13336686789989471 -0.2615818381309509 -0.08017634600400925
redkitchen/seq-03/frame-000029.color.png -0.6314096450805664 -0.17877930402755737 0.4749377369880676 0.9509860873222351 0.14172129333019257 -0.2643906772136688 -0.07508669793605804
redkitchen/seq-03/frame-000030.color.png -0.6452589631080627 -0.16893619298934937 0.455123633146286 0.9531018733978271 0.14290602505207062 -0.25549647212028503 -0.0767870768904686
redkitchen/seq-03/frame-000031.color.png -0.6323336958885193 -0.13164541125297546 0.4534146785736084 0.9532256126403809 0.14261634647846222 -0.2567708492279053 -0.07134540379047394
redkitchen/seq-03/frame-000032.color.png -0.6437578797340393 -0.13064870238304138 0.4678936004638672 0.9535048007965088 0.13827909529209137 -0.256844162940979 -0.07575269043445587
redkitchen/seq-03/frame-000033.color.png -0.6508761048316956 -0.12064085900783539 0.4745156466960907 0.9478487968444824 0.13792645931243896 -0.2772314250469208 -0.07551055401563644
redkitchen/seq-03/frame-000034.color.png -0.6785784363746643 -0.11915251612663269 0.4671788811683655 0.9490851759910583 0.13586513698101044 -0.27315816283226013 -0.07850304245948792
redkitchen/seq-03/frame-000035.color.png -0.6965802907943726 -0.09642478823661804 0.4634365439414978 0.9465695023536682 0.13291454315185547 -0.28447240591049194 -0.07358967512845993
redkitchen/seq-03/frame-000036.color.png -0.7194849848747253 -0.10319924354553223 0.46266546845436096 0.9463942050933838 0.13462021946907043 -0.28313279151916504 -0.07778934389352798
redkitchen/seq-03/frame-000037.color.png -0.68256014585495 -0.11234596371650696 0.47100746631622314 0.9444482326507568 0.13838207721710205 -0.2863706648349762 -0.08282370865345001
redkitchen/seq-03/frame-000038.color.png -0.7307624816894531 -0.11368225514888763 0.4774746894836426 0.9382171034812927 0.14351224899291992 -0.3039860129356384 -0.08213096857070923
redkitchen/seq-03/frame-000039.color.png -0.7382517457008362 -0.10763756185770035 0.4909259080886841 0.9442349672317505 0.14445415139198303 -0.2856043875217438 -0.07735151797533035
redkitchen/seq-03/frame-000040.color.png -0.6890289783477783 -0.1519322693347931 0.49053865671157837 0.938647985458374 0.1352808028459549 -0.3053039610385895 -0.08618824928998947
redkitchen/seq-03/frame-000041.color.png -0.7391047477722168 -0.1242934912443161 0.49068593978881836 0.9388084411621094 0.1424294412136078 -0.30227896571159363 -0.08354716747999191
redkitchen/seq-03/frame-000042.color.png -0.7501338720321655 -0.11719007790088654 0.5033178925514221 0.9310581684112549 0.12988367676734924 -0.3273305594921112 -0.09547512978315353
redkitchen/seq-03/frame-000043.color.png -0.7803058624267578 -0.09424211084842682 0.5150810480117798 0.9342451691627502 0.14433152973651886 -0.31397029757499695 -0.0881890133023262
redkitchen/seq-03/frame-000044.color.png -0.807066798210144 -0.10056754946708679 0.5409302711486816 0.9364166259765625 0.1531251072883606 -0.3052346408367157 -0.08067462593317032
redkitchen/seq-03/frame-000045.color.png -0.8145502209663391 -0.10978306829929352 0.5416926741600037 0.9339824318885803 0.1448512226343155 -0.3166208565235138 -0.08028801530599594
redkitchen/seq-03/frame-000046.color.png -0.8309937715530396 -0.09704107791185379 0.5258631706237793 0.9238858819007874 0.14546656608581543 -0.34240999817848206 -0.08960855007171631
redkitchen/seq-03/frame-000047.color.png -0.8155689239501953 -0.10631891340017319 0.5398420691490173 0.9329541325569153 0.15354306995868683 -0.31434664130210876 -0.08489502221345901
redkitchen/seq-03/frame-000048.color.png -0.8078926205635071 -0.10675102472305298 0.5488126873970032 0.9288727641105652 0.15277071297168732 -0.3268049359321594 -0.08399487286806107
redkitchen/seq-03/frame-000049.color.png -0.8317770957946777 -0.1059608981013298 0.5458060503005981 0.9269379377365112 0.14700648188591003 -0.33376428484916687 -0.08818411082029343
redkitchen/seq-03/frame-000050.color.png -0.8605073094367981 -0.10628871619701385 0.5521349906921387 0.9276311993598938 0.15782982110977173 -0.32782649993896484 -0.08438002318143845
redkitchen/seq-03/frame-000051.color.png -0.8548107743263245 -0.11592142283916473 0.5578855872154236 0.9243967533111572 0.14801593124866486 -0.3396899998188019 -0.09051268547773361
redkitchen/seq-03/frame-000052.color.png -0.839582085609436 -0.10295391082763672 0.5402246713638306 0.9202432036399841 0.14508680999279022 -0.3527783751487732 -0.08746355772018433
redkitchen/seq-03/frame-000053.color.png -0.8394662141799927 -0.10848400741815567 0.5522240400314331 0.9187420010566711 0.14184467494487762 -0.3583446443080902 -0.08592044562101364
redkitchen/seq-03/frame-000054.color.png -0.8494504690170288 -0.11356504261493683 0.5644223690032959 0.9191901087760925 0.13853684067726135 -0.3580246865749359 -0.08783765137195587
redkitchen/seq-03/frame-000055.color.png -0.8563047051429749 -0.11264865100383759 0.5588315725326538 0.9219073057174683 0.140831857919693 -0.35023200511932373 -0.0871252492070198
redkitchen/seq-03/frame-000056.color.png -0.8644376397132874 -0.11382851004600525 0.5569745898246765 0.9159398078918457 0.14185592532157898 -0.3649282455444336 -0.08808201551437378
redkitchen/seq-03/frame-000057.color.png -0.8554860353469849 -0.1331942230463028 0.5892335772514343 0.9105585217475891 0.14499227702617645 -0.3772212266921997 -0.08697442710399628
redkitchen/seq-03/frame-000058.color.png -0.848657488822937 -0.13697078824043274 0.5833039879798889 0.9111620187759399 0.14211323857307434 -0.3775728940963745 -0.08382443338632584
redkitchen/seq-03/frame-000059.color.png -0.8429467082023621 -0.14531509578227997 0.6038525104522705 0.9071858525276184 0.1392378807067871 -0.38764050602912903 -0.08579840511083603
redkitchen/seq-03/frame-000060.color.png -0.8334239721298218 -0.1460658460855484 0.6122866272926331 0.9063060283660889 0.13989204168319702 -0.38846349716186523 -0.0901990681886673
redkitchen/seq-03/frame-000061.color.png -0.8448315262794495 -0.16108658909797668 0.6279554963111877 0.9137117266654968 0.13732846081256866 -0.37254905700683594 -0.08648151159286499
redkitchen/seq-03/frame-000062.color.png -0.8345304131507874 -0.15620556473731995 0.6196374297142029 0.9112741947174072 0.13790704309940338 -0.37932950258255005 -0.08167089521884918
redkitchen/seq-03/frame-000063.color.png -0.8410418629646301 -0.16086997091770172 0.629673957824707 0.9113668203353882 0.13807545602321625 -0.3777453303337097 -0.08748888224363327
redkitchen/seq-03/frame-000064.color.png -0.8451909422874451 -0.1588769257068634 0.6315021514892578 0.9103672504425049 0.13219621777534485 -0.37932753562927246 -0.09932882338762283
redkitchen/seq-03/frame-000065.color.png -0.8398025631904602 -0.15746277570724487 0.630664050579071 0.9158613085746765 0.1337573379278183 -0.3641294538974762 -0.10352230072021484
redkitchen/seq-03/frame-000066.color.png -0.8496100306510925 -0.16188789904117584 0.6322169303894043 0.9052215218544006 0.1257248818874359 -0.3916429281234741 -0.10669120401144028
redkitchen/seq-03/frame-000067.color.png -0.8724028468132019 -0.16494737565517426 0.6305497288703918 0.9069597721099854 0.13410843908786774 -0.3865883946418762 -0.09994181990623474
redkitchen/seq-03/frame-000068.color.png -0.8667598366737366 -0.16711166501045227 0.6348881721496582 0.9014972448348999 0.13651707768440247 -0.39812350273132324 -0.10081474483013153
redkitchen/seq-03/frame-000069.color.png -0.8689329624176025 -0.15813376009464264 0.6150206327438354 0.9078815579414368 0.13261258602142334 -0.3860641419887543 -0.09549599885940552
redkitchen/seq-03/frame-000070.color.png -0.8643580675125122 -0.1535940170288086 0.6073232293128967 0.9094025492668152 0.11798092722892761 -0.38559144735336304 -0.10191601514816284
redkitchen/seq-03/frame-000071.color.png -0.8493369221687317 -0.16764801740646362 0.6239724159240723 0.9109422564506531 0.11833605170249939 -0.3820236921310425 -0.10118583589792252
redkitchen/seq-03/frame-000072.color.png -0.8306413888931274 -0.15927685797214508 0.622485876083374 0.9126162528991699 0.12230178713798523 -0.37854915857315063 -0.094204381108284
redkitchen/seq-03/frame-000073.color.png -0.8164113163948059 -0.15316586196422577 0.6366688013076782 0.9048430323600769 0.11762233078479767 -0.39804449677467346 -0.09478693455457687
redkitchen/seq-03/frame-000074.color.png -0.8320561647415161 -0.15222832560539246 0.6356597542762756 0.9065500497817993 0.11508655548095703 -0.39520540833473206 -0.0934596061706543
redkitchen/seq-03/frame-000075.color.png -0.8172399401664734 -0.15472140908241272 0.6336537003517151 0.9066106677055359 0.11501147598028183 -0.394596666097641 -0.09551338851451874
redkitchen/seq-03/frame-000076.color.png -0.8116668462753296 -0.1535469889640808 0.6393881440162659 0.9137728810310364 0.11193826049566269 -0.38091957569122314 -0.08596104383468628
redkitchen/seq-03/frame-000077.color.png -0.8056675791740417 -0.16627058386802673 0.653557300567627 0.9135125279426575 0.12242468446493149 -0.37808525562286377 -0.0869411751627922
redkitchen/seq-03/frame-000078.color.png -0.821424663066864 -0.16954806447029114 0.6643418073654175 0.9190104603767395 0.1232755109667778 -0.3636804223060608 -0.08921652287244797
redkitchen/seq-03/frame-000079.color.png -0.8152866363525391 -0.16692718863487244 0.6678877472877502 0.920432984828949 0.12725064158439636 -0.35865694284439087 -0.08930633217096329
redkitchen/seq-03/frame-000080.color.png -0.8422872424125671 -0.16489127278327942 0.6574735045433044 0.9165635704994202 0.12287945300340652 -0.3698153793811798 -0.08971262723207474
redkitchen/seq-03/frame-000081.color.png -0.8380349278450012 -0.16657650470733643 0.6593888401985168 0.9244269132614136 0.12279661744832993 -0.3495367467403412 -0.0904427245259285
redkitchen/seq-03/frame-000082.color.png -0.8575003743171692 -0.15658986568450928 0.6440756916999817 0.9276968836784363 0.1206265538930893 -0.3413311243057251 -0.09121786803007126
redkitchen/seq-03/frame-000083.color.png -0.8617580533027649 -0.15393193066120148 0.6270018219947815 0.9355779886245728 0.12775613367557526 -0.3173244297504425 -0.08761972188949585
redkitchen/seq-03/frame-000084.color.png -0.8634650707244873 -0.15247884392738342 0.6265634298324585 0.9380020499229431 0.13037243485450745 -0.31032153964042664 -0.08279785513877869
redkitchen/seq-03/frame-000085.color.png -0.8769229054450989 -0.16785185039043427 0.6391264796257019 0.9399055242538452 0.1285870224237442 -0.3044886589050293 -0.08561123162508011
redkitchen/seq-03/frame-000086.color.png -0.8670248985290527 -0.17398960888385773 0.658448338508606 0.9378267526626587 0.13208791613578796 -0.3102489113807678 -0.08233798295259476
redkitchen/seq-03/frame-000087.color.png -0.8887538909912109 -0.1619194597005844 0.6464857459068298 0.9379879832267761 0.14172732830047607 -0.3075311481952667 -0.07427354902029037
redkitchen/seq-03/frame-000088.color.png -0.8877661228179932 -0.17157483100891113 0.662666380405426 0.941063642501831 0.1381978988647461 -0.29934385418891907 -0.0754576101899147
redkitchen/seq-03/frame-000089.color.png -0.8869226574897766 -0.18108472228050232 0.6618722081184387 0.944839358329773 0.13704651594161987 -0.2869727909564972 -0.07837926596403122
redkitchen/seq-03/frame-000090.color.png -0.917849063873291 -0.18605080246925354 0.6602628231048584 0.9452407360076904 0.13792335987091064 -0.2854543626308441 -0.07754283398389816
redkitchen/seq-03/frame-000091.color.png -0.9388565421104431 -0.16999858617782593 0.643919825553894 0.9462354183197021 0.14148928225040436 -0.2813655436038971 -0.07384293526411057
redkitchen/seq-03/frame-000092.color.png -0.9436019062995911 -0.17572519183158875 0.6475856304168701 0.9503570199012756 0.14304955303668976 -0.266781210899353 -0.0720154196023941
redkitchen/seq-03/frame-000093.color.png -0.9538827538490295 -0.17811132967472076 0.6530337333679199 0.9463949203491211 0.14904433488845825 -0.2777535319328308 -0.07053633034229279
redkitchen/seq-03/frame-000094.color.png -0.9575666189193726 -0.16784171760082245 0.6357635855674744 0.9422129392623901 0.1392713338136673 -0.2944391369819641 -0.07838317006826401
redkitchen/seq-03/frame-000095.color.png -0.9622575640678406 -0.16983582079410553 0.6461854577064514 0.9423316717147827 0.13916844129562378 -0.29404062032699585 -0.07863537967205048
redkitchen/seq-03/frame-000096.color.png -0.9691566228866577 -0.17727288603782654 0.6517953872680664 0.9431552886962891 0.1411542445421219 -0.29028719663619995 -0.07916340231895447
redkitchen/seq-03/frame-000097.color.png -0.9692221879959106 -0.17853426933288574 0.655399739742279 0.9419615268707275 0.1413419246673584 -0.29368162155151367 -0.08051063865423203
redkitchen/seq-03/frame-000098.color.png -1.0054503679275513 -0.18328744173049927 0.6524563431739807 0.9470934867858887 0.14230221509933472 -0.27795928716659546 -0.07417856156826019
redkitchen/seq-03/frame-000099.color.png -1.0151275396347046 -0.18616138398647308 0.6532018780708313 0.9455760717391968 0.1368282586336136 -0.28474095463752747 -0.07801739126443863
redkitchen/seq-03/frame-000100.color.png -1.0167111158370972 -0.1792633980512619 0.6503686308860779 0.9506133198738098 0.1396716833114624 -0.2674091160297394 -0.07292624562978745
redkitchen/seq-03/frame-000101.color.png -1.0362364053726196 -0.177310511469841 0.6603201627731323 0.9463088512420654 0.13541309535503387 -0.28321078419685364 -0.0771651640534401
redkitchen/seq-03/frame-000102.color.png -1.0310989618301392 -0.1881171017885208 0.6735264658927917 0.9462833404541016 0.13720856606960297 -0.28302812576293945 -0.07494547218084335
redkitchen/seq-03/frame-000103.color.png -1.0541523694992065 -0.1924712210893631 0.6728590130805969 0.9495518207550049 0.1395266354084015 -0.2708921432495117 -0.07416940480470657
redkitchen/seq-03/frame-000104.color.png -1.0429133176803589 -0.19297021627426147 0.6738093495368958 0.9498310089111328 0.14129804074764252 -0.2686974108219147 -0.07521703094244003
redkitchen/seq-03/frame-000105.color.png -1.0434472560882568 -0.19201497733592987 0.6760923266410828 0.9524699449539185 0.15139928460121155 -0.25498077273368835 -0.06974219530820847
redkitchen/seq-03/frame-000106.color.png -1.058423638343811 -0.19673892855644226 0.6811224818229675 0.9519717693328857 0.1505575180053711 -0.2570349872112274 -0.07081804424524307
redkitchen/seq-03/frame-000107.color.png -1.067163348197937 -0.1893785446882248 0.6660693287849426 0.9520716667175293 0.143711119890213 -0.25925853848457336 -0.07544317841529846
redkitchen/seq-03/frame-000108.color.png -1.0655295848846436 -0.19117127358913422 0.6692364811897278 0.9516460299491882 0.14330723881721497 -0.26016393303871155 -0.07840582728385925
redkitchen/seq-03/frame-000109.color.png -1.0780221223831177 -0.1925419420003891 0.6794861555099487 0.9510923027992249 0.1388624608516693 -0.2645733058452606 -0.0783689022064209
redkitchen/seq-03/frame-000110.color.png -1.0705687999725342 -0.18817704916000366 0.6805548667907715 0.9503960609436035 0.13376714289188385 -0.26955172419548035 -0.07871115952730179
redkitchen/seq-03/frame-000111.color.png -1.0875000953674316 -0.19332128763198853 0.685938835144043 0.9502655267715454 0.13982346653938293 -0.26703929901123047 -0.078325554728508
redkitchen/seq-03/frame-000112.color.png -1.0879400968551636 -0.20094919204711914 0.7019174695014954 0.9465919137001038 0.14154645800590515 -0.2796768844127655 -0.0755576491355896
redkitchen/seq-03/frame-000113.color.png -1.0950828790664673 -0.19479751586914062 0.6921377778053284 0.9447889924049377 0.13725082576274872 -0.2867882251739502 -0.07929922640323639
redkitchen/seq-03/frame-000114.color.png -1.0962047576904297 -0.19845154881477356 0.6912233829498291 0.9488692879676819 0.13939188420772552 -0.27194562554359436 -0.07913678139448166
redkitchen/seq-03/frame-000115.color.png -1.1068124771118164 -0.20949874818325043 0.7071974873542786 0.947348415851593 0.14177124202251434 -0.27599433064460754 -0.07911372929811478
redkitchen/seq-03/frame-000116.color.png -1.1128790378570557 -0.21132820844650269 0.7051650881767273 0.945810854434967 0.1355150192975998 -0.28402501344680786 -0.08004599064588547
redkitchen/seq-03/frame-000117.color.png -1.107276201248169 -0.2087104469537735 0.7022744417190552 0.9466464519500732 0.13134299218654633 -0.28352612257003784 -0.07888302206993103
redkitchen/seq-03/frame-000118.color.png -1.1019365787506104 -0.20446531474590302 0.69699627161026 0.944406270980835 0.13333280384540558 -0.2885243594646454 -0.08409997820854187
redkitchen/seq-03/frame-000119.color.png -1.1117844581604004 -0.2076532542705536 0.701502799987793 0.9410750269889832 0.13378871977329254 -0.2991659343242645 -0.08353511244058609
redkitchen/seq-03/frame-000120.color.png -1.1203863620758057 -0.212031289935112 0.7090805768966675 0.9394577145576477 0.1314394325017929 -0.3051077425479889 -0.083978071808815
redkitchen/seq-03/frame-000121.color.png -1.1285698413848877 -0.21463914215564728 0.7116178870201111 0.9407859444618225 0.13121122121810913 -0.3007117807865143 -0.08530950546264648
redkitchen/seq-03/frame-000122.color.png -1.1135210990905762 -0.21947085857391357 0.7174708843231201 0.9426466226577759 0.1330869495868683 -0.2928963899612427 -0.0889764055609703
redkitchen/seq-03/frame-000123.color.png -1.1279408931732178 -0.22179022431373596 0.7275300621986389 0.940595805644989 0.13180795311927795 -0.3008924126625061 -0.08584816753864288
redkitchen/seq-03/frame-000124.color.png -1.1157294511795044 -0.22227729856967926 0.72496098279953 0.9393396973609924 0.12655720114707947 -0.305349737405777 -0.09157531708478928
redkitchen/seq-03/frame-000125.color.png -1.1223698854446411 -0.23230023682117462 0.7257353067398071 0.9363350868225098 0.12120729684829712 -0.31592127680778503 -0.09369657188653946
redkitchen/seq-03/frame-000126.color.png -1.1273677349090576 -0.23309379816055298 0.7326850891113281 0.9334083199501038 0.12569928169250488 -0.32295095920562744 -0.09301242977380753
redkitchen/seq-03/frame-000127.color.png -1.1415760517120361 -0.2400132715702057 0.7408372759819031 0.9374817609786987 0.12575970590114594 -0.31065845489501953 -0.09382766485214233
redkitchen/seq-03/frame-000128.color.png -1.1415700912475586 -0.2541068196296692 0.7378737330436707 0.9433642029762268 0.1320553421974182 -0.29191964864730835 -0.08607111126184464
redkitchen/seq-03/frame-000129.color.png -1.1046202182769775 -0.2621418237686157 0.766281247138977 0.9445395469665527 0.13034898042678833 -0.2901138961315155 -0.08177986741065979
redkitchen/seq-03/frame-000130.color.png -1.0893549919128418 -0.2598457336425781 0.7627199292182922 0.943193256855011 0.12001954019069672 -0.2973939776420593 -0.08682399988174438
redkitchen/seq-03/frame-000131.color.png -1.114574670791626 -0.26357361674308777 0.7735546827316284 0.9432932734489441 0.12675076723098755 -0.2942177951335907 -0.08699404448270798
redkitchen/seq-03/frame-000132.color.png -1.1270216703414917 -0.2680608630180359 0.7994990944862366 0.9456195831298828 0.12671002745628357 -0.2885042726993561 -0.08070728927850723
redkitchen/seq-03/frame-000133.color.png -1.1342709064483643 -0.27163609862327576 0.8066800832748413 0.9468140602111816 0.12296076118946075 -0.2861044704914093 -0.0810430496931076
redkitchen/seq-03/frame-000134.color.png -1.1362557411193848 -0.2752207815647125 0.8080862760543823 0.9451631903648376 0.12767158448696136 -0.290677011013031 -0.07663729041814804
redkitchen/seq-03/frame-000135.color.png -1.1408004760742188 -0.28636232018470764 0.8233887553215027 0.9459447860717773 0.13240744173526764 -0.2868378162384033 -0.07335404306650162
redkitchen/seq-03/frame-000136.color.png -1.1393564939498901 -0.2925463020801544 0.8249473571777344 0.9465805292129517 0.13613758981227875 -0.28361281752586365 -0.07082059234380722
redkitchen/seq-03/frame-000137.color.png -1.1421829462051392 -0.28895303606987 0.8270642161369324 0.9452106356620789 0.13763964176177979 -0.2875134348869324 -0.07048670202493668
redkitchen/seq-03/frame-000138.color.png -1.158360481262207 -0.30129575729370117 0.8348714113235474 0.9479115605354309 0.1398145705461502 -0.27862754464149475 -0.06543741375207901
redkitchen/seq-03/frame-000139.color.png -1.1632239818572998 -0.2899620234966278 0.8275352120399475 0.9482279419898987 0.14342287182807922 -0.2766307294368744 -0.061394236981868744
redkitchen/seq-03/frame-000140.color.png -1.1513946056365967 -0.3034391701221466 0.8216926455497742 0.9482154846191406 0.14767242968082428 -0.2749658226966858 -0.058941800147295
redkitchen/seq-03/frame-000141.color.png -1.149827003479004 -0.3118748068809509 0.8374008536338806 0.9432352185249329 0.14963391423225403 -0.2898840010166168 -0.0623227059841156
redkitchen/seq-03/frame-000142.color.png -1.159195065498352 -0.32014137506484985 0.8463994860649109 0.9431478381156921 0.15074694156646729 -0.28980082273483276 -0.0613446943461895
redkitchen/seq-03/frame-000143.color.png -1.1636683940887451 -0.33314305543899536 0.8375125527381897 0.9484142661094666 0.1512649655342102 -0.2724093794822693 -0.05850009620189667
redkitchen/seq-03/frame-000144.color.png -1.1668496131896973 -0.32389378547668457 0.8543462753295898 0.9501128196716309 0.14410391449928284 -0.2703988254070282 -0.0583442822098732
redkitchen/seq-03/frame-000145.color.png -1.1589641571044922 -0.33078712224960327 0.8379256129264832 0.9453660845756531 0.14797468483448029 -0.2838246822357178 -0.06188638135790825
redkitchen/seq-03/frame-000146.color.png -1.1755551099777222 -0.3460981845855713 0.852644145488739 0.9490767121315002 0.14355792105197906 -0.2734702229499817 -0.06211728975176811
redkitchen/seq-03/frame-000147.color.png -1.1761846542358398 -0.34771817922592163 0.8730975985527039 0.9456562399864197 0.14489643275737762 -0.2836236357688904 -0.06555186957120895
redkitchen/seq-03/frame-000148.color.png -1.1640739440917969 -0.35361409187316895 0.8531606197357178 0.9423154592514038 0.1472761034965515 -0.2920123040676117 -0.07127562165260315
redkitchen/seq-03/frame-000149.color.png -1.1789944171905518 -0.3575788736343384 0.8600519299507141 0.9429582357406616 0.14829730987548828 -0.2895808517932892 -0.07057356089353561
redkitchen/seq-03/frame-000150.color.png -1.1711502075195312 -0.35875600576400757 0.863299548625946 0.9438233971595764 0.15013529360294342 -0.2865805923938751 -0.0672931894659996
redkitchen/seq-03/frame-000151.color.png -1.17669677734375 -0.3581317365169525 0.8576310873031616 0.9411543607711792 0.14257512986660004 -0.2972882390022278 -0.07430031150579453
redkitchen/seq-03/frame-000152.color.png -1.1906955242156982 -0.35650965571403503 0.8711420893669128 0.9429613947868347 0.14265279471874237 -0.2918512225151062 -0.07277856767177582
redkitchen/seq-03/frame-000153.color.png -1.1895538568496704 -0.36365801095962524 0.870627760887146 0.947238028049469 0.14164038002490997 -0.2782750129699707 -0.0723940059542656
redkitchen/seq-03/frame-000154.color.png -1.1895538568496704 -0.36365801095962524 0.870627760887146 0.947238028049469 0.14164038002490997 -0.2782750129699707 -0.0723940059542656
redkitchen/seq-03/frame-000155.color.png -1.2086900472640991 -0.3826115131378174 0.8895456790924072 0.9458073973655701 0.13849112391471863 -0.2844127118587494 -0.07333438843488693
redkitchen/seq-03/frame-000156.color.png -1.2008882761001587 -0.37980228662490845 0.8731368184089661 0.9447571039199829 0.13957715034484863 -0.28688672184944153 -0.07515472918748856
redkitchen/seq-03/frame-000157.color.png -1.1992870569229126 -0.37446239590644836 0.8908959031105042 0.9459942579269409 0.13898998498916626 -0.2833026349544525 -0.07427182793617249
redkitchen/seq-03/frame-000158.color.png -1.22514009475708 -0.3904401361942291 0.9056143760681152 0.944660484790802 0.1414787471294403 -0.2867710292339325 -0.07322937995195389
redkitchen/seq-03/frame-000159.color.png -1.2516902685165405 -0.38328996300697327 0.9063934683799744 0.9494941830635071 0.1452479362487793 -0.2683999240398407 -0.07297420501708984
redkitchen/seq-03/frame-000160.color.png -1.2692712545394897 -0.4065234065055847 0.9337847232818604 0.947002649307251 0.13825669884681702 -0.2804924547672272 -0.07345113903284073
redkitchen/seq-03/frame-000161.color.png -1.2821390628814697 -0.408587783575058 0.9319296479225159 0.9432143568992615 0.13336396217346191 -0.2931840121746063 -0.08126434683799744
redkitchen/seq-03/frame-000162.color.png -1.2959786653518677 -0.40391600131988525 0.9378272294998169 0.9517696499824524 0.13104721903800964 -0.2662922143936157 -0.07778008282184601
redkitchen/seq-03/frame-000163.color.png -1.3074896335601807 -0.4240187704563141 0.9465139508247375 0.9527090787887573 0.1232377290725708 -0.26600977778434753 -0.07997903972864151
redkitchen/seq-03/frame-000164.color.png -1.3074896335601807 -0.4240187704563141 0.9465139508247375 0.9527090787887573 0.1232377290725708 -0.26600977778434753 -0.07997903972864151
redkitchen/seq-03/frame-000165.color.png -1.3051639795303345 -0.43556830286979675 0.9548234343528748 0.9562364816665649 0.1231502816081047 -0.2544364035129547 -0.0755506306886673
redkitchen/seq-03/frame-000166.color.png -1.2983994483947754 -0.44171905517578125 0.9747271537780762 0.9542004466056824 0.12052696198225021 -0.2628442943096161 -0.07673215121030807
redkitchen/seq-03/frame-000167.color.png -1.2965342998504639 -0.45008981227874756 0.9742656350135803 0.9502472877502441 0.12380344420671463 -0.27473053336143494 -0.07890506833791733
redkitchen/seq-03/frame-000168.color.png -1.317013144493103 -0.45533910393714905 0.9654626846313477 0.9557101130485535 0.1283981055021286 -0.2555925250053406 -0.06931404024362564
redkitchen/seq-03/frame-000169.color.png -1.3342485427856445 -0.45531773567199707 0.9902200102806091 0.9580585360527039 0.13264641165733337 -0.2440856695175171 -0.07036235183477402
redkitchen/seq-03/frame-000170.color.png -1.3438478708267212 -0.4636177718639374 1.0196698904037476 0.9541453719139099 0.13253167271614075 -0.2599950134754181 -0.06666766852140427
redkitchen/seq-03/frame-000171.color.png -1.3438478708267212 -0.4636177718639374 1.0196698904037476 0.9541453719139099 0.13253167271614075 -0.2599950134754181 -0.06666766852140427
redkitchen/seq-03/frame-000172.color.png -1.3462905883789062 -0.46116212010383606 0.9993613362312317 0.9562307000160217 0.13124597072601318 -0.25196319818496704 -0.07008513808250427
redkitchen/seq-03/frame-000173.color.png -1.3824609518051147 -0.44556084275245667 1.0037033557891846 0.9599045515060425 0.13282053172588348 -0.2383311539888382 -0.06434398889541626
redkitchen/seq-03/frame-000174.color.png -1.382452368736267 -0.47829779982566833 1.0162266492843628 0.9609814882278442 0.13060666620731354 -0.23612594604492188 -0.06083473190665245
redkitchen/seq-03/frame-000175.color.png -1.380985975265503 -0.4774857461452484 1.0178260803222656 0.960434079170227 0.12708920240402222 -0.23791590332984924 -0.06936004012823105
redkitchen/seq-03/frame-000176.color.png -1.3886607885360718 -0.43947678804397583 1.0190691947937012 0.9647610187530518 0.1282239705324173 -0.22207334637641907 -0.05897526443004608
redkitchen/seq-03/frame-000177.color.png -1.383712649345398 -0.44201722741127014 1.0178651809692383 0.9642652869224548 0.12951315939426422 -0.22362810373306274 -0.05838816240429878
redkitchen/seq-03/frame-000178.color.png -1.383712649345398 -0.44201722741127014 1.0178651809692383 0.9642652869224548 0.12951315939426422 -0.22362810373306274 -0.05838816240429878
redkitchen/seq-03/frame-000179.color.png -1.3933969736099243 -0.45731014013290405 1.0412929058074951 0.9674988985061646 0.13155151903629303 -0.2086390107870102 -0.05576591566205025
redkitchen/seq-03/frame-000180.color.png -1.4058879613876343 -0.46240654587745667 1.0419986248016357 0.9673952460289001 0.12672919034957886 -0.21156427264213562 -0.05767811834812164
redkitchen/seq-03/frame-000181.color.png -1.418127417564392 -0.4563635289669037 1.043816089630127 0.9693654179573059 0.13078200817108154 -0.2005431354045868 -0.054856013506650925
redkitchen/seq-03/frame-000182.color.png -1.427012324333191 -0.4453297555446625 1.0395079851150513 0.9722153544425964 0.1264028251171112 -0.1892867237329483 -0.05468320846557617
redkitchen/seq-03/frame-000183.color.png -1.4211812019348145 -0.4574974477291107 1.0559191703796387 0.9705299139022827 0.12693732976913452 -0.19865675270557404 -0.049941010773181915
redkitchen/seq-03/frame-000184.color.png -1.418203592300415 -0.454660564661026 1.058836579322815 0.9712116122245789 0.12830166518688202 -0.19534094631671906 -0.04613567516207695
redkitchen/seq-03/frame-000185.color.png -1.4350481033325195 -0.45524996519088745 1.0543233156204224 0.9750714302062988 0.12392757087945938 -0.1784244179725647 -0.04519059136509895
redkitchen/seq-03/frame-000186.color.png -1.4350481033325195 -0.45524996519088745 1.0543233156204224 0.9750714302062988 0.12392757087945938 -0.1784244179725647 -0.04519059136509895
redkitchen/seq-03/frame-000187.color.png -1.4217880964279175 -0.4637254774570465 1.0608627796173096 0.9753691554069519 0.12690921127796173 -0.17510294914245605 -0.04345250129699707
redkitchen/seq-03/frame-000188.color.png -1.4483366012573242 -0.4541439414024353 1.0824440717697144 0.9766708612442017 0.126771479845047 -0.16863341629505157 -0.04007060453295708
redkitchen/seq-03/frame-000189.color.png -1.4399226903915405 -0.46495795249938965 1.088411808013916 0.9733734726905823 0.13062062859535217 -0.1844663769006729 -0.038136232644319534
redkitchen/seq-03/frame-000190.color.png -1.450689435005188 -0.46263569593429565 1.0992976427078247 0.9731495380401611 0.12952178716659546 -0.1864960640668869 -0.03772710636258125
redkitchen/seq-03/frame-000191.color.png -1.493393898010254 -0.47145771980285645 1.1078485250473022 0.9731531739234924 0.13109266757965088 -0.18507657945156097 -0.03916981816291809
redkitchen/seq-03/frame-000192.color.png -1.493393898010254 -0.47145771980285645 1.1078485250473022 0.9731531739234924 0.13109266757965088 -0.18507657945156097 -0.03916981816291809
redkitchen/seq-03/frame-000193.color.png -1.5128482580184937 -0.47237324714660645 1.1185280084609985 0.9739392399787903 0.1231207475066185 -0.185833141207695 -0.04182983189821243
redkitchen/seq-03/frame-000194.color.png -1.5123507976531982 -0.47883495688438416 1.1363775730133057 0.9737510681152344 0.12426551431417465 -0.18496008217334747 -0.046438708901405334
redkitchen/seq-03/frame-000195.color.png -1.5119662284851074 -0.4812473952770233 1.1413599252700806 0.9742015600204468 0.12132158875465393 -0.1848459094762802 -0.04521336033940315
redkitchen/seq-03/frame-000196.color.png -1.512783408164978 -0.47850486636161804 1.1291717290878296 0.9737050533294678 0.12199300527572632 -0.1864747554063797 -0.047362398356199265
redkitchen/seq-03/frame-000197.color.png -1.518737554550171 -0.49229592084884644 1.1471607685089111 0.9736672639846802 0.11792628467082977 -0.18854233622550964 -0.05017322674393654
redkitchen/seq-03/frame-000198.color.png -1.5196915864944458 -0.4907228946685791 1.152501106262207 0.9757736325263977 0.11661122739315033 -0.1783681958913803 -0.04952247813344002
redkitchen/seq-03/frame-000199.color.png -1.5196915864944458 -0.4907228946685791 1.152501106262207 0.9757736325263977 0.11661122739315033 -0.1783681958913803 -0.04952247813344002
redkitchen/seq-03/frame-000200.color.png -1.5243052244186401 -0.4988802671432495 1.1671565771102905 0.9735493659973145 0.11467206478118896 -0.19078531861305237 -0.05150655657052994
redkitchen/seq-03/frame-000201.color.png -1.528125524520874 -0.494162917137146 1.1533879041671753 0.9730615615844727 0.11448082327842712 -0.1919144243001938 -0.05669291689991951
redkitchen/seq-03/frame-000202.color.png -1.5274639129638672 -0.5104034543037415 1.1692627668380737 0.9732049107551575 0.1084761694073677 -0.19400186836719513 -0.058892909437417984
redkitchen/seq-03/frame-000203.color.png -1.5276210308074951 -0.5140329003334045 1.1667523384094238 0.97489333152771 0.10848985612392426 -0.18470531702041626 -0.06080182269215584
redkitchen/seq-03/frame-000204.color.png -1.5241879224777222 -0.5118436217308044 1.1647733449935913 0.9764523506164551 0.10667349398136139 -0.17796650528907776 -0.05907201021909714
redkitchen/seq-03/frame-000205.color.png -1.5192805528640747 -0.5130484104156494 1.1721934080123901 0.9764236211776733 0.10873763263225555 -0.17718903720378876 -0.05811149626970291
redkitchen/seq-03/frame-000206.color.png -1.5192805528640747 -0.5130484104156494 1.1721934080123901 0.9764236211776733 0.10873763263225555 -0.17718903720378876 -0.05811149626970291
redkitchen/seq-03/frame-000207.color.png -1.5246455669403076 -0.512445867061615 1.175537347793579 0.9756807684898376 0.10203371942043304 -0.1836499124765396 -0.06252217292785645
redkitchen/seq-03/frame-000208.color.png -1.5306586027145386 -0.5044986009597778 1.1762495040893555 0.9746419787406921 0.10694032907485962 -0.1872699111700058 -0.05972275882959366
redkitchen/seq-03/frame-000209.color.png -1.5309442281723022 -0.509255051612854 1.1870826482772827 0.9751374125480652 0.10374715179204941 -0.18707962334156036 -0.05783632770180702
redkitchen/seq-03/frame-000210.color.png -1.5341428518295288 -0.5098661780357361 1.1901966333389282 0.9738090634346008 0.10575564205646515 -0.19226457178592682 -0.05954761803150177
redkitchen/seq-03/frame-000211.color.png -1.5337036848068237 -0.516886293888092 1.1988235712051392 0.9722237586975098 0.10399163514375687 -0.19929178059101105 -0.06518629193305969
redkitchen/seq-03/frame-000212.color.png -1.5418486595153809 -0.5172187089920044 1.2017860412597656 0.972215473651886 0.10085144639015198 -0.20077085494995117 -0.06570437550544739
redkitchen/seq-03/frame-000213.color.png -1.5320954322814941 -0.5339891910552979 1.2363160848617554 0.9738861918449402 0.10057757049798965 -0.19372832775115967 -0.06244443729519844
redkitchen/seq-03/frame-000214.color.png -1.5320954322814941 -0.5339891910552979 1.2363160848617554 0.9738861918449402 0.10057757049798965 -0.19372832775115967 -0.06244443729519844
redkitchen/seq-03/frame-000215.color.png -1.5318206548690796 -0.5225182175636292 1.2141597270965576 0.9743134379386902 0.11116503924131393 -0.187082439661026 -0.057929832488298416
redkitchen/seq-03/frame-000216.color.png -1.5384997129440308 -0.5270729660987854 1.2294617891311646 0.9745973944664001 0.10911069810390472 -0.1876257210969925 -0.05523896962404251
redkitchen/seq-03/frame-000217.color.png -1.5391558408737183 -0.5354847311973572 1.2482199668884277 0.9765708446502686 0.1109299287199974 -0.17716436088085175 -0.05115475878119469
redkitchen/seq-03/frame-000218.color.png -1.5193811655044556 -0.5468418598175049 1.282702088356018 0.9793930649757385 0.10950592905282974 -0.16103889048099518 -0.05351780354976654
redkitchen/seq-03/frame-000219.color.png -1.5193811655044556 -0.5468418598175049 1.282702088356018 0.9793930649757385 0.10950592905282974 -0.16103889048099518 -0.05351780354976654
redkitchen/seq-03/frame-000220.color.png -1.5109788179397583 -0.5476478934288025 1.282533049583435 0.9801154136657715 0.10575256496667862 -0.15913870930671692 -0.0535275936126709
redkitchen/seq-03/frame-000221.color.png -1.5181955099105835 -0.5434738397598267 1.2747077941894531 0.9793916344642639 0.11261850595474243 -0.1600046455860138 -0.05007646605372429
redkitchen/seq-03/frame-000222.color.png -1.5288771390914917 -0.5506184101104736 1.281906008720398 0.9796783328056335 0.10998283326625824 -0.1603883057832718 -0.049087267369031906
redkitchen/seq-03/frame-000223.color.png -1.5265986919403076 -0.5639419555664062 1.3041211366653442 0.9809691905975342 0.10819593071937561 -0.15406528115272522 -0.04750773310661316
redkitchen/seq-03/frame-000224.color.png -1.5246891975402832 -0.5768991112709045 1.3088276386260986 0.9822333455085754 0.10228724777698517 -0.15121065080165863 -0.04347718507051468
redkitchen/seq-03/frame-000225.color.png -1.5246891975402832 -0.5768991112709045 1.3088276386260986 0.9822333455085754 0.10228724777698517 -0.15121065080165863 -0.04347718507051468
redkitchen/seq-03/frame-000226.color.png -1.5204932689666748 -0.5550845861434937 1.2654050588607788 0.9797234535217285 0.11389309167861938 -0.16025075316429138 -0.03859979286789894
redkitchen/seq-03/frame-000227.color.png -1.5165215730667114 -0.567225456237793 1.2775628566741943 0.9793335795402527 0.11369581520557404 -0.16293635964393616 -0.03782479092478752
redkitchen/seq-03/frame-000228.color.png -1.5084166526794434 -0.5784237384796143 1.2929000854492188 0.9811374545097351 0.10880334675312042 -0.15479692816734314 -0.03961201757192612
redkitchen/seq-03/frame-000229.color.png -1.5173834562301636 -0.5848724842071533 1.294331669807434 0.9821524620056152 0.11314099282026291 -0.14477793872356415 -0.04018733650445938
redkitchen/seq-03/frame-000230.color.png -1.5265434980392456 -0.5729425549507141 1.2761502265930176 0.9818613529205322 0.11041683703660965 -0.14810271561145782 -0.04268546774983406
redkitchen/seq-03/frame-000231.color.png -1.5153640508651733 -0.583427369594574 1.2843513488769531 0.9811426997184753 0.110543392598629 -0.15226279199123383 -0.04421926289796829
redkitchen/seq-03/frame-000232.color.png -1.5274161100387573 -0.5879044532775879 1.2966080904006958 0.980749249458313 0.11378926038742065 -0.15305876731872559 -0.04190348833799362
redkitchen/seq-03/frame-000233.color.png -1.5274161100387573 -0.5879044532775879 1.2966080904006958 0.980749249458313 0.11378926038742065 -0.15305876731872559 -0.04190348833799362
redkitchen/seq-03/frame-000234.color.png -1.5469943284988403 -0.5889194011688232 1.3224084377288818 0.9802356362342834 0.1160692349076271 -0.15509779751300812 -0.04013554006814957
redkitchen/seq-03/frame-000235.color.png -1.5504862070083618 -0.5963925719261169 1.3378771543502808 0.981488049030304 0.11429846286773682 -0.14836791157722473 -0.040050264447927475
redkitchen/seq-03/frame-000236.color.png -1.5448004007339478 -0.596504807472229 1.3441853523254395 0.983531653881073 0.10787315666675568 -0.13931968808174133 -0.040236201137304306
redkitchen/seq-03/frame-000237.color.png -1.5448004007339478 -0.596504807472229 1.3441853523254395 0.983531653881073 0.10787315666675568 -0.13931968808174133 -0.040236201137304306
redkitchen/seq-03/frame-000238.color.png -1.5376081466674805 -0.5989728569984436 1.354506492614746 0.9835061430931091 0.10473231971263885 -0.1414462924003601 -0.04171116650104523
redkitchen/seq-03/frame-000239.color.png -1.5369611978530884 -0.6117833852767944 1.364142656326294 0.9842082262039185 0.10548137128353119 -0.13482566177845 -0.04505495727062225
redkitchen/seq-03/frame-000240.color.png -1.5285135507583618 -0.6123701333999634 1.3594480752944946 0.985136091709137 0.10549316555261612 -0.12892308831214905 -0.0419161431491375
redkitchen/seq-03/frame-000241.color.png -1.5422762632369995 -0.6133731603622437 1.3665984869003296 0.9847055077552795 0.10172226279973984 -0.13418149948120117 -0.044754352420568466
redkitchen/seq-03/frame-000242.color.png -1.5422762632369995 -0.6133731603622437 1.3665984869003296 0.9847055077552795 0.10172226279973984 -0.13418149948120117 -0.044754352420568466
redkitchen/seq-03/frame-000243.color.png -1.544162392616272 -0.6130486726760864 1.3777211904525757 0.9856119155883789 0.10461656749248505 -0.12590543925762177 -0.042099639773368835
redkitchen/seq-03/frame-000244.color.png -1.549155354499817 -0.6354528069496155 1.4037635326385498 0.9867621064186096 0.10059890896081924 -0.11982584744691849 -0.04268767684698105
redkitchen/seq-03/frame-000245.color.png -1.5418152809143066 -0.6317472457885742 1.3878933191299438 0.9845865368843079 0.10792669653892517 -0.13003376126289368 -0.045084141194820404
redkitchen/seq-03/frame-000246.color.png -1.556309461593628 -0.6378724575042725 1.405180811882019 0.983476459980011 0.11554723232984543 -0.13362179696559906 -0.03959915414452553
redkitchen/seq-03/frame-000247.color.png -1.556309461593628 -0.6378724575042725 1.405180811882019 0.983476459980011 0.11554723232984543 -0.13362179696559906 -0.03959915414452553
redkitchen/seq-03/frame-000248.color.png -1.5552905797958374 -0.6368173956871033 1.420231580734253 0.9826835989952087 0.1165245994925499 -0.13948237895965576 -0.036050427705049515
redkitchen/seq-03/frame-000249.color.png -1.5444539785385132 -0.6380699872970581 1.414616346359253 0.9867817759513855 0.10579615086317062 -0.11620824784040451 -0.039556652307510376
redkitchen/seq-03/frame-000250.color.png -1.5661925077438354 -0.6286370158195496 1.4168751239776611 0.9876905679702759 0.10157628357410431 -0.11211695522069931 -0.03974256291985512
redkitchen/seq-03/frame-000251.color.png -1.5661925077438354 -0.6286370158195496 1.4168751239776611 0.9876905679702759 0.10157628357410431 -0.11211695522069931 -0.03974256291985512
redkitchen/seq-03/frame-000252.color.png -1.5746164321899414 -0.6457585096359253 1.4460572004318237 0.9867241382598877 0.11001108586788177 -0.11409540474414825 -0.035430893301963806
redkitchen/seq-03/frame-000253.color.png -1.5707480907440186 -0.6457881927490234 1.4469866752624512 0.9868788123130798 0.11149168014526367 -0.11216197907924652 -0.03255048021674156
redkitchen/seq-03/frame-000254.color.png -1.567372441291809 -0.6402496695518494 1.4308185577392578 0.9877083897590637 0.10712356865406036 -0.10771246254444122 -0.03680674731731415
redkitchen/seq-03/frame-000255.color.png -1.567372441291809 -0.6402496695518494 1.4308185577392578 0.9877083897590637 0.10712356865406036 -0.10771246254444122 -0.03680674731731415
redkitchen/seq-03/frame-000256.color.png -1.5582873821258545 -0.6491971015930176 1.4398696422576904 0.9878457188606262 0.10701695084571838 -0.10554656386375427 -0.03959862142801285
redkitchen/seq-03/frame-000257.color.png -1.5762385129928589 -0.6477518081665039 1.4579670429229736 0.9891795516014099 0.10136193782091141 -0.09795166552066803 -0.04068247973918915
redkitchen/seq-03/frame-000258.color.png -1.5766223669052124 -0.6525131464004517 1.4733573198318481 0.9884779453277588 0.10443741828203201 -0.10126465559005737 -0.041831061244010925
redkitchen/seq-03/frame-000259.color.png -1.5703123807907104 -0.6584517955780029 1.477770447731018 0.9901050925254822 0.10184015333652496 -0.08874045312404633 -0.038022205233573914
redkitchen/seq-03/frame-000260.color.png -1.5703123807907104 -0.6584517955780029 1.477770447731018 0.9901050925254822 0.10184015333652496 -0.08874045312404633 -0.038022205233573914
redkitchen/seq-03/frame-000261.color.png -1.5704905986785889 -0.6694820523262024 1.4979217052459717 0.9905661940574646 0.09776294231414795 -0.08622397482395172 -0.04226617142558098
redkitchen/seq-03/frame-000262.color.png -1.5768760442733765 -0.6677594780921936 1.4991307258605957 0.9887945652008057 0.10019028931856155 -0.10045164823532104 -0.04643983393907547
redkitchen/seq-03/frame-000263.color.png -1.5768760442733765 -0.6677594780921936 1.4991307258605957 0.9887945652008057 0.10019028931856155 -0.10045164823532104 -0.04643983393907547
redkitchen/seq-03/frame-000264.color.png -1.586362600326538 -0.669836163520813 1.5069293975830078 0.990943193435669 0.09938520938158035 -0.08015487343072891 -0.04158453270792961
redkitchen/seq-03/frame-000265.color.png -1.5868865251541138 -0.6783084273338318 1.5083873271942139 0.9905778169631958 0.10339454561471939 -0.07971379905939102 -0.041364625096321106
redkitchen/seq-03/frame-000266.color.png -1.5846314430236816 -0.6829485893249512 1.5314441919326782 0.9916119575500488 0.09677091985940933 -0.07386698573827744 -0.04341354966163635
redkitchen/seq-03/frame-000267.color.png -1.5781444311141968 -0.6954972147941589 1.5402112007141113 0.9928486943244934 0.09358008950948715 -0.062468383461236954 -0.03990057110786438
redkitchen/seq-03/frame-000268.color.png -1.5781444311141968 -0.6954972147941589 1.5402112007141113 0.9928486943244934 0.09358008950948715 -0.062468383461236954 -0.03990057110786438
redkitchen/seq-03/frame-000269.color.png -1.590770959854126 -0.6965907216072083 1.545578122138977 0.9929693341255188 0.09333447366952896 -0.06051144003868103 -0.040484316647052765
redkitchen/seq-03/frame-000270.color.png -1.583187460899353 -0.7153759598731995 1.575506567955017 0.9928494691848755 0.09777364879846573 -0.0583343468606472 -0.0358806848526001
redkitchen/seq-03/frame-000271.color.png -1.583187460899353 -0.7153759598731995 1.575506567955017 0.9928494691848755 0.09777364879846573 -0.0583343468606472 -0.0358806848526001
redkitchen/seq-03/frame-000272.color.png -1.5720818042755127 -0.7226374745368958 1.588377833366394 0.9936513900756836 0.09158624708652496 -0.05575341731309891 -0.03406583145260811
redkitchen/seq-03/frame-000273.color.png -1.5656546354293823 -0.7154636979103088 1.5676645040512085 0.994208812713623 0.09298614412546158 -0.04191093519330025 -0.033851221203804016
redkitchen/seq-03/frame-000274.color.png -1.5656546354293823 -0.7154636979103088 1.5676645040512085 0.994208812713623 0.09298614412546158 -0.04191093519330025 -0.033851221203804016
redkitchen/seq-03/frame-000275.color.png -1.5687593221664429 -0.7263187170028687 1.5831547975540161 0.9937504529953003 0.09587671607732773 -0.048264279961586 -0.030632060021162033
redkitchen/seq-03/frame-000276.color.png -1.5640658140182495 -0.7330240607261658 1.5898995399475098 0.9939735531806946 0.09616699814796448 -0.041837841272354126 -0.03191055357456207
redkitchen/seq-03/frame-000277.color.png -1.5640658140182495 -0.7330240607261658 1.5898995399475098 0.9939735531806946 0.09616699814796448 -0.041837841272354126 -0.03191055357456207
redkitchen/seq-03/frame-000278.color.png -1.5592973232269287 -0.7456294298171997 1.6035484075546265 0.9941326975822449 0.09528987109661102 -0.039917755872011185 -0.0320424884557724
redkitchen/seq-03/frame-000279.color.png -1.5655025243759155 -0.7494198679924011 1.6107151508331299 0.995042085647583 0.08934101462364197 -0.03199993073940277 -0.02975834719836712
redkitchen/seq-03/frame-000280.color.png -1.5728700160980225 -0.7254258990287781 1.575748085975647 0.9943735599517822 0.09946727752685547 -0.027730153873562813 -0.0236351378262043
redkitchen/seq-03/frame-000281.color.png -1.5728700160980225 -0.7254258990287781 1.575748085975647 0.9943735599517822 0.09946727752685547 -0.027730153873562813 -0.0236351378262043
redkitchen/seq-03/frame-000282.color.png -1.564525842666626 -0.7307181358337402 1.5757278203964233 0.9950394630432129 0.09388367831707001 -0.028674937784671783 -0.016132788732647896
redkitchen/seq-03/frame-000283.color.png -1.5629593133926392 -0.7392218112945557 1.585646390914917 0.9949687719345093 0.09594593942165375 -0.02367846481502056 -0.016458384692668915
redkitchen/seq-03/frame-000284.color.png -1.5534718036651611 -0.7431624531745911 1.5892713069915771 0.9948098659515381 0.09644611924886703 -0.026356466114521027 -0.018886350095272064
redkitchen/seq-03/frame-000285.color.png -1.5534718036651611 -0.7431624531745911 1.5892713069915771 0.9948098659515381 0.09644611924886703 -0.026356466114521027 -0.018886350095272064
redkitchen/seq-03/frame-000286.color.png -1.5522384643554688 -0.7361229658126831 1.5801138877868652 0.9956533312797546 0.08854649215936661 -0.022044988349080086 -0.01864749565720558
redkitchen/seq-03/frame-000287.color.png -1.5686020851135254 -0.7265428304672241 1.5783880949020386 0.9950184226036072 0.09515724331140518 -0.023940470069646835 -0.01761646196246147
redkitchen/seq-03/frame-000288.color.png -1.5686020851135254 -0.7265428304672241 1.5783880949020386 0.9950184226036072 0.09515724331140518 -0.023940470069646835 -0.01761646196246147
redkitchen/seq-03/frame-000289.color.png -1.56978178024292 -0.7175453901290894 1.5617603063583374 0.9946709275245667 0.09927870333194733 -0.021178042516112328 -0.018028635531663895
redkitchen/seq-03/frame-000290.color.png -1.561543583869934 -0.7263501286506653 1.5700017213821411 0.9954825639724731 0.0922909751534462 -0.012310117483139038 -0.01857757195830345
redkitchen/seq-03/frame-000291.color.png -1.561543583869934 -0.7263501286506653 1.5700017213821411 0.9954825639724731 0.0922909751534462 -0.012310117483139038 -0.01857757195830345
redkitchen/seq-03/frame-000292.color.png -1.563179850578308 -0.7220625877380371 1.5691949129104614 0.995729386806488 0.08942996710538864 -0.00633998541161418 -0.022025274112820625
redkitchen/seq-03/frame-000293.color.png -1.5571554899215698 -0.7291319966316223 1.5889025926589966 0.9957519173622131 0.08958855271339417 -0.0061711883172392845 -0.020344680175185204
redkitchen/seq-03/frame-000294.color.png -1.5571554899215698 -0.7291319966316223 1.5889025926589966 0.9957519173622131 0.08958855271339417 -0.0061711883172392845 -0.020344680175185204
redkitchen/seq-03/frame-000295.color.png -1.53513503074646 -0.7372902035713196 1.589625597000122 0.9962867498397827 0.08361023664474487 -0.0005797720514237881 -0.020533910021185875
redkitchen/seq-03/frame-000296.color.png -1.5233345031738281 -0.7262679934501648 1.5688161849975586 0.9962838292121887 0.08404771983623505 -0.0013994912151247263 -0.018774697557091713
redkitchen/seq-03/frame-000297.color.png -1.5233345031738281 -0.7262679934501648 1.5688161849975586 0.9962838292121887 0.08404771983623505 -0.0013994912151247263 -0.018774697557091713
redkitchen/seq-03/frame-000298.color.png -1.5384671688079834 -0.7133843898773193 1.5676989555358887 0.9956037402153015 0.09198786318302155 -0.0008320161141455173 -0.017629899084568024
redkitchen/seq-03/frame-000299.color.png -1.5384671688079834 -0.7133843898773193 1.5676989555358887 0.9956037402153015 0.09198786318302155 -0.0008320161141455173 -0.017629899084568024
redkitchen/seq-03/frame-000300.color.png -1.5380059480667114 -0.7192142605781555 1.5800697803497314 0.9954544305801392 0.09349320828914642 -0.004162317607551813 -0.017668623477220535
redkitchen/seq-03/frame-000301.color.png -1.522405743598938 -0.736301839351654 1.5957386493682861 0.9955766797065735 0.09200172126293182 -0.001674309023655951 -0.01897476799786091
redkitchen/seq-03/frame-000302.color.png -1.522405743598938 -0.736301839351654 1.5957386493682861 0.9955766797065735 0.09200172126293182 -0.001674309023655951 -0.01897476799786091
redkitchen/seq-03/frame-000303.color.png -1.5404376983642578 -0.7340147495269775 1.6071099042892456 0.9960477948188782 0.08716747909784317 0.0010273196967318654 -0.017017340287566185
redkitchen/seq-03/frame-000304.color.png -1.5503242015838623 -0.7351472973823547 1.6096584796905518 0.9954419136047363 0.09398947656154633 0.005140047986060381 -0.015334980562329292
redkitchen/seq-03/frame-000305.color.png -1.5503242015838623 -0.7351472973823547 1.6096584796905518 0.9954419136047363 0.09398947656154633 0.005140047986060381 -0.015334980562329292
redkitchen/seq-03/frame-000306.color.png -1.5424059629440308 -0.7376395463943481 1.6187727451324463 0.9953697323799133 0.09456693381071091 0.008441127836704254 -0.015001428313553333
redkitchen/seq-03/frame-000307.color.png -1.5156915187835693 -0.7447757720947266 1.6169453859329224 0.9954700469970703 0.09375403821468353 0.01360804308205843 -0.008026806637644768
redkitchen/seq-03/frame-000308.color.png -1.5156915187835693 -0.7447757720947266 1.6169453859329224 0.9954700469970703 0.09375403821468353 0.01360804308205843 -0.008026806637644768
redkitchen/seq-03/frame-000309.color.png -1.5216234922409058 -0.7385163307189941 1.6169803142547607 0.9953338503837585 0.09547420591115952 0.008958060294389725 -0.010720756836235523
redkitchen/seq-03/frame-000310.color.png -1.5234087705612183 -0.7411857843399048 1.628108024597168 0.9955593943595886 0.09309805184602737 0.005032591987401247 -0.012995145283639431
redkitchen/seq-03/frame-000311.color.png -1.5234087705612183 -0.7411857843399048 1.628108024597168 0.9955593943595886 0.09309805184602737 0.005032591987401247 -0.012995145283639431
redkitchen/seq-03/frame-000312.color.png -1.5323647260665894 -0.7539508938789368 1.643477201461792 0.9958090782165527 0.09026723355054855 0.007732930593192577 -0.012511620298027992
redkitchen/seq-03/frame-000313.color.png -1.5323647260665894 -0.7539508938789368 1.643477201461792 0.9958090782165527 0.09026723355054855 0.007732930593192577 -0.012511620298027992
redkitchen/seq-03/frame-000314.color.png -1.5138287544250488 -0.7515294551849365 1.6395440101623535 0.9959160685539246 0.08887913078069687 0.010894110426306725 -0.01153191365301609
redkitchen/seq-03/frame-000315.color.png -1.5060487985610962 -0.7476027011871338 1.6437628269195557 0.995843231678009 0.0855131596326828 0.0286871325224638 -0.012685180641710758
redkitchen/seq-03/frame-000316.color.png -1.5060487985610962 -0.7476027011871338 1.6437628269195557 0.995843231678009 0.0855131596326828 0.0286871325224638 -0.012685180641710758
redkitchen/seq-03/frame-000317.color.png -1.5235848426818848 -0.7480196356773376 1.6435922384262085 0.9958893060684204 0.0860079973936081 0.026421446353197098 -0.01044874545186758
redkitchen/seq-03/frame-000318.color.png -1.5175970792770386 -0.7600952982902527 1.6596604585647583 0.9953368306159973 0.09068931639194489 0.03182302415370941 -0.008202843368053436
redkitchen/seq-03/frame-000319.color.png -1.5175970792770386 -0.7600952982902527 1.6596604585647583 0.9953368306159973 0.09068931639194489 0.03182302415370941 -0.008202843368053436
redkitchen/seq-03/frame-000320.color.png -1.5148271322250366 -0.760030210018158 1.6656019687652588 0.995735228061676 0.08740799129009247 0.029177876189351082 -0.00447371369227767
redkitchen/seq-03/frame-000321.color.png -1.503631591796875 -0.7735092043876648 1.6729273796081543 0.9960267543792725 0.08322059363126755 0.031196502968668938 -0.005635653622448444
redkitchen/seq-03/frame-000322.color.png -1.503631591796875 -0.7735092043876648 1.6729273796081543 0.9960267543792725 0.08322059363126755 0.031196502968668938 -0.005635653622448444
redkitchen/seq-03/frame-000323.color.png -1.4917384386062622 -0.7747353315353394 1.6799190044403076 0.9951263666152954 0.08987226337194443 0.039805829524993896 -0.007871636189520359
redkitchen/seq-03/frame-000324.color.png -1.4941271543502808 -0.775209903717041 1.669732689857483 0.9955305457115173 0.08618567138910294 0.03767826408147812 -0.008444325998425484
redkitchen/seq-03/frame-000325.color.png -1.4915070533752441 -0.7840793132781982 1.687811017036438 0.9955682158470154 0.08156085014343262 0.046590451151132584 -0.004596429411321878
redkitchen/seq-03/frame-000326.color.png -1.4915070533752441 -0.7840793132781982 1.687811017036438 0.9955682158470154 0.08156085014343262 0.046590451151132584 -0.004596429411321878
redkitchen/seq-03/frame-000327.color.png -1.4928804636001587 -0.7818352580070496 1.6811668872833252 0.9956867694854736 0.08120548725128174 0.04407103359699249 -0.008434582501649857
redkitchen/seq-03/frame-000328.color.png -1.4855438470840454 -0.7960627675056458 1.7016316652297974 0.9944682121276855 0.08773206174373627 0.05750753730535507 -0.005379495210945606
redkitchen/seq-03/frame-000329.color.png -1.4855438470840454 -0.7960627675056458 1.7016316652297974 0.9944682121276855 0.08773206174373627 0.05750753730535507 -0.005379495210945606
redkitchen/seq-03/frame-000330.color.png -1.4928841590881348 -0.7953866720199585 1.7007365226745605 0.994279682636261 0.09222777932882309 0.05375213921070099 -0.0035652618389576674
redkitchen/seq-03/frame-000331.color.png -1.4777686595916748 -0.8031436204910278 1.7094746828079224 0.9944004416465759 0.08525111526250839 0.06228691339492798 -0.004511773586273193
redkitchen/seq-03/frame-000332.color.png -1.4777686595916748 -0.8031436204910278 1.7094746828079224 0.9944004416465759 0.08525111526250839 0.06228691339492798 -0.004511773586273193
redkitchen/seq-03/frame-000333.color.png -1.4728049039840698 -0.8134421706199646 1.7246760129928589 0.9942950010299683 0.08583046495914459 0.06291081756353378 -0.007271948736160994
redkitchen/seq-03/frame-000334.color.png -1.468122959136963 -0.8151444792747498 1.729081153869629 0.9940751791000366 0.08615653216838837 0.06577419489622116 -0.008082335814833641
redkitchen/seq-03/frame-000335.color.png -1.468122959136963 -0.8151444792747498 1.729081153869629 0.9940751791000366 0.08615653216838837 0.06577419489622116 -0.008082335814833641
redkitchen/seq-03/frame-000336.color.png -1.4703952074050903 -0.8207613825798035 1.7238333225250244 0.9934770464897156 0.08792967349290848 0.07247355580329895 -0.004397320561110973
redkitchen/seq-03/frame-000337.color.png -1.458024501800537 -0.8258816599845886 1.7273427248001099 0.9923655986785889 0.089119553565979 0.08524367213249207 -0.0013278460828587413
redkitchen/seq-03/frame-000338.color.png -1.458024501800537 -0.8258816599845886 1.7273427248001099 0.9923655986785889 0.089119553565979 0.08524367213249207 -0.0013278460828587413
redkitchen/seq-03/frame-000339.color.png -1.444272756576538 -0.834501326084137 1.7306463718414307 0.992469072341919 0.0849137008190155 0.08815095573663712 0.0049310303293168545
redkitchen/seq-03/frame-000340.color.png -1.444272756576538 -0.834501326084137 1.7306463718414307 0.992469072341919 0.0849137008190155 0.08815095573663712 0.0049310303293168545
redkitchen/seq-03/frame-000341.color.png -1.4472702741622925 -0.8392953872680664 1.7353934049606323 0.9923752546310425 0.0858856663107872 0.08837375044822693 0.0022435011342167854
redkitchen/seq-03/frame-000342.color.png -1.4639583826065063 -0.839185357093811 1.747648000717163 0.9920598864555359 0.08903178572654724 0.08868308365345001 0.005064764525741339
redkitchen/seq-03/frame-000343.color.png -1.4639583826065063 -0.839185357093811 1.747648000717163 0.9920598864555359 0.08903178572654724 0.08868308365345001 0.005064764525741339
redkitchen/seq-03/frame-000344.color.png -1.441977858543396 -0.8461750745773315 1.750836968421936 0.9908667206764221 0.09552016854286194 0.09503800421953201 0.005179939325898886
redkitchen/seq-03/frame-000345.color.png -1.4207227230072021 -0.8438969254493713 1.7409350872039795 0.9916020035743713 0.09214161336421967 0.09069374948740005 0.0032016420736908913
redkitchen/seq-03/frame-000346.color.png -1.4207227230072021 -0.8438969254493713 1.7409350872039795 0.9916020035743713 0.09214161336421967 0.09069374948740005 0.0032016420736908913
redkitchen/seq-03/frame-000347.color.png -1.4235084056854248 -0.8470914363861084 1.7472971677780151 0.9905107021331787 0.09175405651330948 0.10210532695055008 0.006661786697804928
redkitchen/seq-03/frame-000348.color.png -1.4188958406448364 -0.8532945513725281 1.7510814666748047 0.9889212846755981 0.09355693310499191 0.1149144098162651 0.008751445449888706
redkitchen/seq-03/frame-000349.color.png -1.4188958406448364 -0.8532945513725281 1.7510814666748047 0.9889212846755981 0.09355693310499191 0.1149144098162651 0.008751445449888706
redkitchen/seq-03/frame-000350.color.png -1.4090511798858643 -0.8547056913375854 1.7546764612197876 0.988667905330658 0.09242027252912521 0.11787304282188416 0.010006928816437721
redkitchen/seq-03/frame-000351.color.png -1.4098871946334839 -0.8553836345672607 1.7554432153701782 0.9880379438400269 0.08959447592496872 0.125105082988739 0.010121536441147327
redkitchen/seq-03/frame-000352.color.png -1.4098871946334839 -0.8553836345672607 1.7554432153701782 0.9880379438400269 0.08959447592496872 0.125105082988739 0.010121536441147327
redkitchen/seq-03/frame-000353.color.png -1.4047839641571045 -0.8697671294212341 1.7614003419876099 0.9881297945976257 0.0897865742444992 0.12379100918769836 0.0146189508959651
redkitchen/seq-03/frame-000354.color.png -1.3840397596359253 -0.885715663433075 1.7827845811843872 0.9881261587142944 0.08979655802249908 0.12282180041074753 0.021400878205895424
redkitchen/seq-03/frame-000355.color.png -1.3840397596359253 -0.885715663433075 1.7827845811843872 0.9881261587142944 0.08979655802249908 0.12282180041074753 0.021400878205895424
redkitchen/seq-03/frame-000356.color.png -1.3813154697418213 -0.8863269686698914 1.7758668661117554 0.9878919720649719 0.08960675448179245 0.12467978149652481 0.022245774045586586
redkitchen/seq-03/frame-000357.color.png -1.377474308013916 -0.887519121170044 1.7793214321136475 0.9866961240768433 0.08910512179136276 0.13383084535598755 0.024089321494102478
redkitchen/seq-03/frame-000358.color.png -1.377474308013916 -0.887519121170044 1.7793214321136475 0.9866961240768433 0.08910512179136276 0.13383084535598755 0.024089321494102478
redkitchen/seq-03/frame-000359.color.png -1.3823553323745728 -0.8699020147323608 1.7691895961761475 0.9861113429069519 0.08625761419534683 0.14006952941417694 0.02290503680706024
redkitchen/seq-03/frame-000360.color.png -1.3837337493896484 -0.8786120414733887 1.7821462154388428 0.9848397970199585 0.0941808670759201 0.14402370154857635 0.021855510771274567
redkitchen/seq-03/frame-000361.color.png -1.3837337493896484 -0.8786120414733887 1.7821462154388428 0.9848397970199585 0.0941808670759201 0.14402370154857635 0.021855510771274567
redkitchen/seq-03/frame-000362.color.png -1.3808726072311401 -0.8691980838775635 1.7846800088882446 0.9854924082756042 0.09538394957780838 0.13832780718803406 0.023916589096188545
redkitchen/seq-03/frame-000363.color.png -1.380658745765686 -0.8777083158493042 1.7892072200775146 0.9841984510421753 0.09782116115093231 0.14549250900745392 0.02482837252318859
redkitchen/seq-03/frame-000364.color.png -1.37288498878479 -0.8843671083450317 1.801053524017334 0.9837533235549927 0.09770259261131287 0.14853143692016602 0.02493857778608799
redkitchen/seq-03/frame-000365.color.png -1.37288498878479 -0.8843671083450317 1.801053524017334 0.9837533235549927 0.09770259261131287 0.14853143692016602 0.02493857778608799
redkitchen/seq-03/frame-000366.color.png -1.3610222339630127 -0.8888057470321655 1.8094650506973267 0.9839544296264648 0.09349935501813889 0.15000088512897491 0.02431672252714634
redkitchen/seq-03/frame-000367.color.png -1.3617075681686401 -0.8987777233123779 1.8152074813842773 0.9840823411941528 0.08840876072645187 0.15222808718681335 0.024338247254490852
redkitchen/seq-03/frame-000368.color.png -1.3604928255081177 -0.8923859000205994 1.817852258682251 0.9828853607177734 0.09187057614326477 0.15693937242031097 0.02942986972630024
redkitchen/seq-03/frame-000369.color.png -1.3604928255081177 -0.8923859000205994 1.817852258682251 0.9828853607177734 0.09187057614326477 0.15693937242031097 0.02942986972630024
redkitchen/seq-03/frame-000370.color.png -1.3570157289505005 -0.8844982385635376 1.817455530166626 0.9830948114395142 0.09772933274507523 0.15105435252189636 0.03400254622101784
redkitchen/seq-03/frame-000371.color.png -1.3583654165267944 -0.8820652961730957 1.812743902206421 0.983528733253479 0.09300971031188965 0.15086334943771362 0.03550301864743233
redkitchen/seq-03/frame-000372.color.png -1.3588780164718628 -0.8883719444274902 1.8217425346374512 0.982977032661438 0.09750408679246902 0.15150964260101318 0.0359710231423378
redkitchen/seq-03/frame-000373.color.png -1.3588780164718628 -0.8883719444274902 1.8217425346374512 0.982977032661438 0.09750408679246902 0.15150964260101318 0.0359710231423378
redkitchen/seq-03/frame-000374.color.png -1.3415287733078003 -0.9003592133522034 1.832765817642212 0.9832037091255188 0.09415387362241745 0.15215663611888885 0.03596927598118782
redkitchen/seq-03/frame-000375.color.png -1.3524137735366821 -0.891871452331543 1.8338828086853027 0.9831481575965881 0.09041383862495422 0.15401053428649902 0.03905954584479332
redkitchen/seq-03/frame-000376.color.png -1.3524137735366821 -0.891871452331543 1.8338828086853027 0.9831481575965881 0.09041383862495422 0.15401053428649902 0.03905954584479332
redkitchen/seq-03/frame-000377.color.png -1.345025658607483 -0.8961457014083862 1.832149863243103 0.9824355244636536 0.08215997368097305 0.16218458116054535 0.04202677682042122
redkitchen/seq-03/frame-000378.color.png -1.3417088985443115 -0.8880182504653931 1.832401156425476 0.9820594191551208 0.08170068264007568 0.16501697897911072 0.040664464235305786
redkitchen/seq-03/frame-000379.color.png -1.3517428636550903 -0.8885576128959656 1.8274339437484741 0.9825767874717712 0.08439520001411438 0.15987195074558258 0.04314234480261803
redkitchen/seq-03/frame-000380.color.png -1.3517428636550903 -0.8885576128959656 1.8274339437484741 0.9825767874717712 0.08439520001411438 0.15987195074558258 0.04314234480261803
redkitchen/seq-03/frame-000381.color.png -1.3435850143432617 -0.8942115306854248 1.8316198587417603 0.9819896817207336 0.08733762800693512 0.16143342852592468 0.044809192419052124
redkitchen/seq-03/frame-000382.color.png -1.333736538887024 -0.9007503986358643 1.8433336019515991 0.9821968674659729 0.08601412177085876 0.16015169024467468 0.047354619950056076
redkitchen/seq-03/frame-000383.color.png -1.3388235569000244 -0.8927719593048096 1.8366440534591675 0.9818364977836609 0.09339825063943863 0.15818633139133453 0.04744474217295647
redkitchen/seq-03/frame-000384.color.png -1.3388235569000244 -0.8927719593048096 1.8366440534591675 0.9818364977836609 0.09339825063943863 0.15818633139133453 0.04744474217295647
redkitchen/seq-03/frame-000385.color.png -1.3416399955749512 -0.8891608119010925 1.8361899852752686 0.9800325036048889 0.09389755874872208 0.16660332679748535 0.05443194881081581
redkitchen/seq-03/frame-000386.color.png -1.3333024978637695 -0.8890292048454285 1.836997389793396 0.978791356086731 0.09364478290081024 0.17173273861408234 0.06087740138173103
redkitchen/seq-03/frame-000387.color.png -1.3333024978637695 -0.8890292048454285 1.836997389793396 0.978791356086731 0.09364478290081024 0.17173273861408234 0.06087740138173103
redkitchen/seq-03/frame-000388.color.png -1.3431390523910522 -0.8944272994995117 1.8339725732803345 0.9797253012657166 0.09200900793075562 0.16748282313346863 0.06018433719873428
redkitchen/seq-03/frame-000389.color.png -1.3313193321228027 -0.8867403864860535 1.8374583721160889 0.979543149471283 0.08842584490776062 0.17016860842704773 0.06098173186182976
redkitchen/seq-03/frame-000390.color.png -1.3476357460021973 -0.8755217790603638 1.8269213438034058 0.9795141816139221 0.08258979022502899 0.17318986356258392 0.06112341582775116
redkitchen/seq-03/frame-000391.color.png -1.343880534172058 -0.8829986453056335 1.8359051942825317 0.9784090518951416 0.09758996963500977 0.16755422949790955 0.07153622806072235
redkitchen/seq-03/frame-000392.color.png -1.343880534172058 -0.8829986453056335 1.8359051942825317 0.9784090518951416 0.09758996963500977 0.16755422949790955 0.07153622806072235
redkitchen/seq-03/frame-000393.color.png -1.3371931314468384 -0.889960527420044 1.842606782913208 0.9775277972221375 0.08409422636032104 0.1795959323644638 0.07150564342737198
redkitchen/seq-03/frame-000394.color.png -1.3581504821777344 -0.881218433380127 1.8321177959442139 0.9755176901817322 0.08453444391489029 0.19227173924446106 0.06519842892885208
redkitchen/seq-03/frame-000395.color.png -1.362218976020813 -0.8913885951042175 1.8334845304489136 0.9761806130409241 0.08407175540924072 0.18803901970386505 0.0681525319814682
redkitchen/seq-03/frame-000396.color.png -1.348258376121521 -0.897143542766571 1.8436832427978516 0.9787768721580505 0.08486660569906235 0.17585450410842896 0.062199436128139496
redkitchen/seq-03/frame-000397.color.png -1.348258376121521 -0.897143542766571 1.8436832427978516 0.9787768721580505 0.08486660569906235 0.17585450410842896 0.062199436128139496
redkitchen/seq-03/frame-000398.color.png -1.3472925424575806 -0.8931930065155029 1.8414050340652466 0.9793893694877625 0.08630138635635376 0.17170515656471252 0.062176790088415146
redkitchen/seq-03/frame-000399.color.png -1.3426501750946045 -0.8981519937515259 1.8451887369155884 0.9776067733764648 0.08288674056529999 0.18144570291042328 0.06702272593975067
redkitchen/seq-03/frame-000400.color.png -1.3217415809631348 -0.8925194144248962 1.8502540588378906 0.9785471558570862 0.07870513945817947 0.17888452112674713 0.06520093977451324
redkitchen/seq-03/frame-000401.color.png -1.3217415809631348 -0.8925194144248962 1.8502540588378906 0.9785471558570862 0.07870513945817947 0.17888452112674713 0.06520093977451324
redkitchen/seq-03/frame-000402.color.png -1.3234522342681885 -0.8960365653038025 1.8410894870758057 0.9775158166885376 0.07518911361694336 0.18571221828460693 0.06573067605495453
redkitchen/seq-03/frame-000403.color.png -1.3132438659667969 -0.8949728608131409 1.8481475114822388 0.9792453646659851 0.09086433053016663 0.1685202270746231 0.0665072351694107
redkitchen/seq-03/frame-000404.color.png -1.305686116218567 -0.894765317440033 1.8541584014892578 0.9789110422134399 0.08480272442102432 0.17285513877868652 0.0682864561676979
redkitchen/seq-03/frame-000405.color.png -1.2909027338027954 -0.9038827419281006 1.8579494953155518 0.9783080220222473 0.07457326352596283 0.1817227303981781 0.06579526513814926
redkitchen/seq-03/frame-000406.color.png -1.2909027338027954 -0.9038827419281006 1.8579494953155518 0.9783080220222473 0.07457326352596283 0.1817227303981781 0.06579526513814926
redkitchen/seq-03/frame-000407.color.png -1.3118952512741089 -0.8985780477523804 1.8492156267166138 0.9782199859619141 0.07913512736558914 0.17949938774108887 0.06784672290086746
redkitchen/seq-03/frame-000408.color.png -1.282362461090088 -0.9016885757446289 1.8614835739135742 0.9779220223426819 0.0784248411655426 0.1806611865758896 0.06985275447368622
redkitchen/seq-03/frame-000409.color.png -1.273878574371338 -0.9124627709388733 1.8577840328216553 0.9776514768600464 0.0842241570353508 0.17949990928173065 0.06988304853439331
redkitchen/seq-03/frame-000410.color.png -1.2858269214630127 -0.9018403887748718 1.8443663120269775 0.9762086272239685 0.08318611234426498 0.1858951598405838 0.07443004846572876
redkitchen/seq-03/frame-000411.color.png -1.2858269214630127 -0.9018403887748718 1.8443663120269775 0.9762086272239685 0.08318611234426498 0.1858951598405838 0.07443004846572876
redkitchen/seq-03/frame-000412.color.png -1.2599413394927979 -0.9126115441322327 1.8519611358642578 0.9776533842086792 0.08895512670278549 0.17792093753814697 0.06800591200590134
redkitchen/seq-03/frame-000413.color.png -1.2620079517364502 -0.9223979711532593 1.852781891822815 0.9767987728118896 0.09222745150327682 0.1815587878227234 0.06629332154989243
redkitchen/seq-03/frame-000414.color.png -1.2479603290557861 -0.9201576709747314 1.8450127840042114 0.9772015810012817 0.08963992446660995 0.18022578954696655 0.0675312802195549
redkitchen/seq-03/frame-000415.color.png -1.2479603290557861 -0.9201576709747314 1.8450127840042114 0.9772015810012817 0.08963992446660995 0.18022578954696655 0.0675312802195549
redkitchen/seq-03/frame-000416.color.png -1.259220004081726 -0.9215160608291626 1.8453656435012817 0.9752103686332703 0.09591975808143616 0.18669335544109344 0.07006856054067612
redkitchen/seq-03/frame-000417.color.png -1.2471827268600464 -0.9359991550445557 1.839996337890625 0.9778236746788025 0.09167452156543732 0.17603574693202972 0.06684397906064987
redkitchen/seq-03/frame-000418.color.png -1.2349399328231812 -0.9287369251251221 1.8470243215560913 0.9793033003807068 0.0933038666844368 0.1667703241109848 0.06668496876955032
redkitchen/seq-03/frame-000419.color.png -1.2209532260894775 -0.9279584884643555 1.8484711647033691 0.9807430505752563 0.09322886914014816 0.16056601703166962 0.06057951971888542
redkitchen/seq-03/frame-000420.color.png -1.2209532260894775 -0.9279584884643555 1.8484711647033691 0.9807430505752563 0.09322886914014816 0.16056601703166962 0.06057951971888542
redkitchen/seq-03/frame-000421.color.png -1.2140699625015259 -0.9182267189025879 1.8459784984588623 0.9789385199546814 0.08962060511112213 0.17345865070819855 0.0596604086458683
redkitchen/seq-03/frame-000422.color.png -1.229887843132019 -0.907204270362854 1.8364211320877075 0.978096604347229 0.09143708646297455 0.17484129965305328 0.06630738079547882
redkitchen/seq-03/frame-000423.color.png -1.2208653688430786 -0.909933865070343 1.8423666954040527 0.9775123596191406 0.08741790056228638 0.18092156946659088 0.06399120390415192
redkitchen/seq-03/frame-000424.color.png -1.2208653688430786 -0.909933865070343 1.8423666954040527 0.9775123596191406 0.08741790056228638 0.18092156946659088 0.06399120390415192
redkitchen/seq-03/frame-000425.color.png -1.2125622034072876 -0.9181037545204163 1.8418395519256592 0.9785246253013611 0.09350418299436569 0.1737004816532135 0.059789061546325684
redkitchen/seq-03/frame-000426.color.png -1.2127724885940552 -0.9121272563934326 1.8453526496887207 0.978537917137146 0.09154010564088821 0.1727694272994995 0.06507459282875061
redkitchen/seq-03/frame-000427.color.png -1.2127724885940552 -0.9121272563934326 1.8453526496887207 0.978537917137146 0.09154010564088821 0.1727694272994995 0.06507459282875061
redkitchen/seq-03/frame-000428.color.png -1.202194094657898 -0.9099826812744141 1.8471342325210571 0.9765281081199646 0.09830520302057266 0.1784151792526245 0.06997830420732498
redkitchen/seq-03/frame-000429.color.png -1.2072380781173706 -0.9029507637023926 1.842572569847107 0.9749772548675537 0.0803457573056221 0.1944531351327896 0.07177817076444626
redkitchen/seq-03/frame-000430.color.png -1.1910942792892456 -0.9051505327224731 1.8435347080230713 0.9772183299064636 0.0804365947842598 0.1860685497522354 0.0628698393702507
redkitchen/seq-03/frame-000431.color.png -1.1849325895309448 -0.9047921895980835 1.8567336797714233 0.9779075980186462 0.08566993474960327 0.18017138540744781 0.062416430562734604
redkitchen/seq-03/frame-000432.color.png -1.1849325895309448 -0.9047921895980835 1.8567336797714233 0.9779075980186462 0.08566993474960327 0.18017138540744781 0.062416430562734604
redkitchen/seq-03/frame-000433.color.png -1.1815448999404907 -0.8954743146896362 1.8598774671554565 0.9792004227638245 0.08517925441265106 0.17337611317634583 0.06206289306282997
redkitchen/seq-03/frame-000434.color.png -1.1545557975769043 -0.887667715549469 1.853944182395935 0.9787224531173706 0.0838422104716301 0.17702001333236694 0.06112973019480705
redkitchen/seq-03/frame-000435.color.png -1.1649705171585083 -0.8895396590232849 1.8517800569534302 0.9782702326774597 0.08503244817256927 0.17796781659126282 0.0639088973402977
redkitchen/seq-03/frame-000436.color.png -1.1690016984939575 -0.8807738423347473 1.8408453464508057 0.9786054491996765 0.09016802161931992 0.17334523797035217 0.06444060057401657
redkitchen/seq-03/frame-000437.color.png -1.1690016984939575 -0.8807738423347473 1.8408453464508057 0.9786054491996765 0.09016802161931992 0.17334523797035217 0.06444060057401657
redkitchen/seq-03/frame-000438.color.png -1.1799707412719727 -0.8835971355438232 1.8438507318496704 0.9766849875450134 0.08239714801311493 0.18715690076351166 0.06534025073051453
redkitchen/seq-03/frame-000439.color.png -1.1746625900268555 -0.8714771866798401 1.8453584909439087 0.9767582416534424 0.08046279102563858 0.18718533217906952 0.06656449288129807
redkitchen/seq-03/frame-000440.color.png -1.1577030420303345 -0.88680499792099 1.8547382354736328 0.979452908039093 0.08153712004423141 0.17350347340106964 0.06261194497346878
redkitchen/seq-03/frame-000441.color.png -1.1556017398834229 -0.9041286110877991 1.8719086647033691 0.9772657752037048 0.08216307312250137 0.18257755041122437 0.0697592943906784
redkitchen/seq-03/frame-000442.color.png -1.1599177122116089 -0.8889350891113281 1.8718514442443848 0.9773156046867371 0.07867087423801422 0.18579375743865967 0.06438744813203812
redkitchen/seq-03/frame-000443.color.png -1.1599177122116089 -0.8889350891113281 1.8718514442443848 0.9773156046867371 0.07867087423801422 0.18579375743865967 0.06438744813203812
redkitchen/seq-03/frame-000444.color.png -1.1267834901809692 -0.8857510089874268 1.8769569396972656 0.9764554500579834 0.07747845351696014 0.18953481316566467 0.0678841844201088
redkitchen/seq-03/frame-000445.color.png -1.145960807800293 -0.8933444023132324 1.8735178709030151 0.9767063856124878 0.08205202221870422 0.1860666275024414 0.06849334388971329
redkitchen/seq-03/frame-000446.color.png -1.151472806930542 -0.8993037343025208 1.8710401058197021 0.9756418466567993 0.07706782966852188 0.19220523536205292 0.07239186018705368
redkitchen/seq-03/frame-000447.color.png -1.1428178548812866 -0.8788353204727173 1.8746001720428467 0.9745118618011475 0.07636640965938568 0.19907774031162262 0.06973441690206528
redkitchen/seq-03/frame-000448.color.png -1.1371973752975464 -0.8719501495361328 1.876346468925476 0.974654495716095 0.07814453542232513 0.19843044877052307 0.06758175790309906
redkitchen/seq-03/frame-000449.color.png -1.1435691118240356 -0.8736716508865356 1.883895993232727 0.9751809239387512 0.0786103904247284 0.19380474090576172 0.07267899811267853
redkitchen/seq-03/frame-000450.color.png -1.1435691118240356 -0.8736716508865356 1.883895993232727 0.9751809239387512 0.0786103904247284 0.19380474090576172 0.07267899811267853
redkitchen/seq-03/frame-000451.color.png -1.170238971710205 -0.8809255957603455 1.879744052886963 0.9752826690673828 0.07628368586301804 0.19469599425792694 0.07140077650547028
redkitchen/seq-03/frame-000452.color.png -1.1683143377304077 -0.8862566351890564 1.873260736465454 0.9754923582077026 0.07233785837888718 0.1939031183719635 0.07472237199544907
redkitchen/seq-03/frame-000453.color.png -1.1334304809570312 -0.9001091122627258 1.882564902305603 0.9758874177932739 0.06775936484336853 0.1938747763633728 0.07392449676990509
redkitchen/seq-03/frame-000454.color.png -1.1117061376571655 -0.8980351686477661 1.893611192703247 0.974185585975647 0.07140330225229263 0.19868560135364532 0.079923614859581
redkitchen/seq-03/frame-000455.color.png -1.1087346076965332 -0.900109589099884 1.8994979858398438 0.974256694316864 0.07396570593118668 0.19744358956813812 0.07980721443891525
redkitchen/seq-03/frame-000456.color.png -1.100964069366455 -0.8960000276565552 1.8966056108474731 0.9734470248222351 0.07583741843700409 0.2016918659210205 0.07726652175188065
redkitchen/seq-03/frame-000457.color.png -1.100964069366455 -0.8960000276565552 1.8966056108474731 0.9734470248222351 0.07583741843700409 0.2016918659210205 0.07726652175188065
redkitchen/seq-03/frame-000458.color.png -1.0802652835845947 -0.891663134098053 1.895385980606079 0.9733259081840515 0.07410752028226852 0.20194442570209503 0.0797698125243187
redkitchen/seq-03/frame-000459.color.png -1.0773131847381592 -0.8950019478797913 1.903823733329773 0.9732510447502136 0.07118702679872513 0.20229211449623108 0.08241736888885498
redkitchen/seq-03/frame-000460.color.png -1.0860916376113892 -0.898672878742218 1.9100196361541748 0.9741407036781311 0.06493359059095383 0.2000800371170044 0.08247087895870209
redkitchen/seq-03/frame-000461.color.png -1.0727837085723877 -0.9000439643859863 1.911739706993103 0.9745510220527649 0.06695625931024551 0.1965421885251999 0.08448857814073563
redkitchen/seq-03/frame-000462.color.png -1.079239010810852 -0.8951684236526489 1.9076322317123413 0.97389155626297 0.06627832353115082 0.20048542320728302 0.08335680514574051
redkitchen/seq-03/frame-000463.color.png -1.0969408750534058 -0.9018210172653198 1.9117796421051025 0.972583532333374 0.0675261989235878 0.2065691202878952 0.08276797831058502
redkitchen/seq-03/frame-000464.color.png -1.0831642150878906 -0.9013488292694092 1.9165583848953247 0.9748044610023499 0.0636349469423294 0.1965174525976181 0.08418849110603333
redkitchen/seq-03/frame-000465.color.png -1.0913952589035034 -0.9010868072509766 1.9157496690750122 0.9731435179710388 0.06030399352312088 0.20359283685684204 0.08891061693429947
redkitchen/seq-03/frame-000466.color.png -1.1006957292556763 -0.8996098637580872 1.908251166343689 0.972312331199646 0.06100049242377281 0.20725321769714355 0.08907188475131989
redkitchen/seq-03/frame-000467.color.png -1.081594705581665 -0.9082289338111877 1.915380835533142 0.972642719745636 0.05989938601851463 0.20471210777759552 0.09203775227069855
redkitchen/seq-03/frame-000468.color.png -1.075842022895813 -0.9071574807167053 1.9183573722839355 0.9717799425125122 0.05624958500266075 0.2086101472377777 0.0946655198931694
redkitchen/seq-03/frame-000469.color.png -1.090073585510254 -0.8948567509651184 1.903437614440918 0.9726685881614685 0.06374026089906693 0.20658375322818756 0.08471190929412842
redkitchen/seq-03/frame-000470.color.png -1.090073585510254 -0.8948567509651184 1.903437614440918 0.9726685881614685 0.06374026089906693 0.20658375322818756 0.08471190929412842
redkitchen/seq-03/frame-000471.color.png -1.0645922422409058 -0.8978530764579773 1.9051001071929932 0.9737265706062317 0.06076986715197563 0.20133090019226074 0.08734689652919769
redkitchen/seq-03/frame-000472.color.png -1.0648163557052612 -0.9115999341011047 1.9171744585037231 0.9709092974662781 0.06227904558181763 0.2113400101661682 0.09376422315835953
redkitchen/seq-03/frame-000473.color.png -1.0454949140548706 -0.9020583033561707 1.9149370193481445 0.9738240242004395 0.06652257591485977 0.19659371674060822 0.09269465506076813
redkitchen/seq-03/frame-000474.color.png -1.0422943830490112 -0.8919086456298828 1.9132578372955322 0.9737195372581482 0.06789832562208176 0.19938522577285767 0.08663570880889893
redkitchen/seq-03/frame-000475.color.png -1.084044098854065 -0.8878766894340515 1.8979134559631348 0.9741482734680176 0.07332777231931686 0.19610905647277832 0.08484886586666107
redkitchen/seq-03/frame-000476.color.png -1.1074830293655396 -0.8844912052154541 1.8966420888900757 0.9745247960090637 0.06848016381263733 0.19692589342594147 0.0826558992266655
redkitchen/seq-03/frame-000477.color.png -1.1125856637954712 -0.865982174873352 1.891182541847229 0.9757148623466492 0.06747079640626907 0.19038519263267517 0.08474437892436981
redkitchen/seq-03/frame-000478.color.png -1.1160701513290405 -0.8612669110298157 1.8950395584106445 0.9762887954711914 0.06611032783985138 0.19082602858543396 0.07794196158647537
redkitchen/seq-03/frame-000479.color.png -1.1160701513290405 -0.8612669110298157 1.8950395584106445 0.9762887954711914 0.06611032783985138 0.19082602858543396 0.07794196158647537
redkitchen/seq-03/frame-000480.color.png -1.1109031438827515 -0.876622200012207 1.905449628829956 0.9741100072860718 0.06372340768575668 0.2006767839193344 0.08232754468917847
redkitchen/seq-03/frame-000481.color.png -1.1139271259307861 -0.8799872994422913 1.886831521987915 0.9763875603675842 0.06065730005502701 0.1895257532596588 0.08407166600227356
redkitchen/seq-03/frame-000482.color.png -1.068792700767517 -0.8893030285835266 1.9089082479476929 0.9778160452842712 0.06094495207071304 0.18308106064796448 0.08150384575128555
redkitchen/seq-03/frame-000483.color.png -1.0906063318252563 -0.9093238711357117 1.9100621938705444 0.9766223430633545 0.07073924690485 0.1862780749797821 0.08065662533044815
redkitchen/seq-03/frame-000484.color.png -1.0898793935775757 -0.902976930141449 1.897595763206482 0.9776462316513062 0.060663606971502304 0.18333671987056732 0.08315852284431458
redkitchen/seq-03/frame-000485.color.png -1.107775092124939 -0.9137079119682312 1.8965234756469727 0.9775583744049072 0.05510837584733963 0.1883157193660736 0.0766807273030281
redkitchen/seq-03/frame-000486.color.png -1.107775092124939 -0.9137079119682312 1.8965234756469727 0.9775583744049072 0.05510837584733963 0.1883157193660736 0.0766807273030281
redkitchen/seq-03/frame-000487.color.png -1.1006346940994263 -0.9309528470039368 1.905023455619812 0.9788534641265869 0.05718950182199478 0.18090587854385376 0.07647368311882019
redkitchen/seq-03/frame-000488.color.png -1.1100538969039917 -0.9274998903274536 1.9283181428909302 0.9797484874725342 0.06026540324091911 0.17356400191783905 0.07960328459739685
redkitchen/seq-03/frame-000489.color.png -1.101096749305725 -0.9036709666252136 1.9252607822418213 0.9856969118118286 0.05970853194594383 0.14586491882801056 0.059665124863386154
redkitchen/seq-03/frame-000490.color.png -1.101096749305725 -0.9036709666252136 1.9252607822418213 0.9856969118118286 0.05970853194594383 0.14586491882801056 0.059665124863386154
redkitchen/seq-03/frame-000491.color.png -1.0667662620544434 -0.9060637354850769 1.9358361959457397 0.981804370880127 0.050453830510377884 0.16901808977127075 0.07033888250589371
redkitchen/seq-03/frame-000492.color.png -1.0702744722366333 -0.9094828367233276 1.9244191646575928 0.9806123971939087 0.04987049847841263 0.1731087565422058 0.07710723578929901
redkitchen/seq-03/frame-000493.color.png -1.0707359313964844 -0.9010392427444458 1.9292150735855103 0.9815346002578735 0.04829009994864464 0.17053505778312683 0.07194354385137558
redkitchen/seq-03/frame-000494.color.png -1.062868356704712 -0.8930786848068237 1.9328575134277344 0.9806206822395325 0.047901708632707596 0.17347311973571777 0.07743019610643387
redkitchen/seq-03/frame-000495.color.png -1.062868356704712 -0.8930786848068237 1.9328575134277344 0.9806206822395325 0.047901708632707596 0.17347311973571777 0.07743019610643387
redkitchen/seq-03/frame-000496.color.png -1.042557954788208 -0.8968724012374878 1.945611834526062 0.9815564751625061 0.0474669449031353 0.1696932464838028 0.07414869219064713
redkitchen/seq-03/frame-000497.color.png -1.0526785850524902 -0.9048798084259033 1.9491974115371704 0.9809885621070862 0.05046370252966881 0.17185743153095245 0.07469718158245087
redkitchen/seq-03/frame-000498.color.png -1.0434988737106323 -0.9037108421325684 1.9574003219604492 0.9797986745834351 0.04657122492790222 0.17875219881534576 0.07663828134536743
redkitchen/seq-03/frame-000499.color.png -1.0434988737106323 -0.9037108421325684 1.9574003219604492 0.9797986745834351 0.04657122492790222 0.17875219881534576 0.07663828134536743
redkitchen/seq-03/frame-000500.color.png -1.0329726934432983 -0.8968294858932495 1.9609668254852295 0.9801115989685059 0.0453435555100441 0.17858979105949402 0.0736951231956482
redkitchen/seq-03/frame-000501.color.png -1.0467742681503296 -0.9058297276496887 1.9654051065444946 0.979314386844635 0.04968661069869995 0.1802128553390503 0.07744570821523666
redkitchen/seq-03/frame-000502.color.png -1.0636658668518066 -0.9026704430580139 1.9653640985488892 0.9777219891548157 0.048912983387708664 0.18793885409832 0.07966332137584686
redkitchen/seq-03/frame-000503.color.png -1.0634419918060303 -0.9008552432060242 1.9691274166107178 0.9792254567146301 0.04494643211364746 0.18273460865020752 0.07553476840257645
redkitchen/seq-03/frame-000504.color.png -1.0634419918060303 -0.9008552432060242 1.9691274166107178 0.9792254567146301 0.04494643211364746 0.18273460865020752 0.07553476840257645
redkitchen/seq-03/frame-000505.color.png -1.0759392976760864 -0.8994101285934448 1.9684185981750488 0.9809997081756592 0.0502014085650444 0.17293183505535126 0.07220746576786041
redkitchen/seq-03/frame-000506.color.png -1.0778611898422241 -0.893631100654602 1.9698938131332397 0.9787394404411316 0.05114268139004707 0.18263834714889526 0.07808180898427963
redkitchen/seq-03/frame-000507.color.png -1.0730259418487549 -0.8999884724617004 1.971781611442566 0.979341983795166 0.044836487621068954 0.1812773197889328 0.07757420092821121
redkitchen/seq-03/frame-000508.color.png -1.080281138420105 -0.8965287804603577 1.963881254196167 0.9801522493362427 0.04590314254164696 0.1781936138868332 0.07376657426357269
redkitchen/seq-03/frame-000509.color.png -1.080281138420105 -0.8965287804603577 1.963881254196167 0.9801522493362427 0.04590314254164696 0.1781936138868332 0.07376657426357269
redkitchen/seq-03/frame-000510.color.png -1.0879217386245728 -0.8761823773384094 1.953621745109558 0.9806594252586365 0.04545368626713753 0.17545856535434723 0.07386098802089691
redkitchen/seq-03/frame-000511.color.png -1.078502893447876 -0.8759248852729797 1.9583916664123535 0.9838769435882568 0.04982346296310425 0.15687286853790283 0.06996110081672668
redkitchen/seq-03/frame-000512.color.png -1.0630035400390625 -0.8885876536369324 1.967067837715149 0.9782152771949768 0.05134036764502525 0.18522684276103973 0.07842237502336502
redkitchen/seq-03/frame-000513.color.png -1.0500081777572632 -0.8829978704452515 1.962357759475708 0.9769372344017029 0.04625951126217842 0.19070769846439362 0.08416672796010971
redkitchen/seq-03/frame-000514.color.png -1.0500081777572632 -0.8829978704452515 1.962357759475708 0.9769372344017029 0.04625951126217842 0.19070769846439362 0.08416672796010971
redkitchen/seq-03/frame-000515.color.png -1.0693657398223877 -0.8807151913642883 1.957844614982605 0.9774637222290039 0.04588622227311134 0.18915890157222748 0.08171895146369934
redkitchen/seq-03/frame-000516.color.png -1.0963575839996338 -0.8841742873191833 1.953571081161499 0.9751591086387634 0.045839518308639526 0.20047900080680847 0.08228917419910431
redkitchen/seq-03/frame-000517.color.png -1.0836517810821533 -0.8845773935317993 1.9547001123428345 0.9770722389221191 0.03832588344812393 0.1926652044057846 0.08210521936416626
redkitchen/seq-03/frame-000518.color.png -1.0960155725479126 -0.8801607489585876 1.9527013301849365 0.9792912602424622 0.03979916870594025 0.18238918483257294 0.07835084199905396
redkitchen/seq-03/frame-000519.color.png -1.0923219919204712 -0.8822231888771057 1.9451991319656372 0.9781003594398499 0.04267887771129608 0.186881422996521 0.08107618242502213
redkitchen/seq-03/frame-000520.color.png -1.0923219919204712 -0.8822231888771057 1.9451991319656372 0.9781003594398499 0.04267887771129608 0.186881422996521 0.08107618242502213
redkitchen/seq-03/frame-000521.color.png -1.1079957485198975 -0.8854562640190125 1.946860432624817 0.979049026966095 0.03651450201869011 0.18503707647323608 0.07675345987081528
redkitchen/seq-03/frame-000522.color.png -1.1110661029815674 -0.8624492883682251 1.9383715391159058 0.9810514450073242 0.04667704924941063 0.17169827222824097 0.07667466998100281
redkitchen/seq-03/frame-000523.color.png -1.097324013710022 -0.8630239963531494 1.9334206581115723 0.9803303480148315 0.04184843972325325 0.1763448566198349 0.07812609523534775
redkitchen/seq-03/frame-000524.color.png -1.097324013710022 -0.8630239963531494 1.9334206581115723 0.9803303480148315 0.04184843972325325 0.1763448566198349 0.07812609523534775
redkitchen/seq-03/frame-000525.color.png -1.1043637990951538 -0.8730887174606323 1.9307851791381836 0.9811516404151917 0.0394047386944294 0.17101067304611206 0.08089570701122284
redkitchen/seq-03/frame-000526.color.png -1.0979394912719727 -0.8850038051605225 1.9316526651382446 0.98212069272995 0.0373600572347641 0.16540074348449707 0.08176573365926743
redkitchen/seq-03/frame-000527.color.png -1.1215029954910278 -0.8729487061500549 1.932963490486145 0.9798961281776428 0.04261862859129906 0.17481629550457 0.08617717772722244
redkitchen/seq-03/frame-000528.color.png -1.1215029954910278 -0.8729487061500549 1.932963490486145 0.9798961281776428 0.04261862859129906 0.17481629550457 0.08617717772722244
redkitchen/seq-03/frame-000529.color.png -1.114606499671936 -0.8939003944396973 1.9231324195861816 0.9813122153282166 0.028501436114311218 0.16966462135314941 0.08618497848510742
redkitchen/seq-03/frame-000530.color.png -1.081187129020691 -0.9027458429336548 1.9147814512252808 0.9818413257598877 0.02801983244717121 0.16989663243293762 0.07960902154445648
redkitchen/seq-03/frame-000531.color.png -1.081187129020691 -0.9027458429336548 1.9147814512252808 0.9818413257598877 0.02801983244717121 0.16989663243293762 0.07960902154445648
redkitchen/seq-03/frame-000532.color.png -1.062391996383667 -0.8988887667655945 1.9302600622177124 0.9838021397590637 0.027120018377900124 0.15901143848896027 0.07818692922592163
redkitchen/seq-03/frame-000533.color.png -1.08794105052948 -0.8987041711807251 1.9107381105422974 0.9849867224693298 0.03261430189013481 0.14887723326683044 0.08107399940490723
redkitchen/seq-03/frame-000534.color.png -1.08794105052948 -0.8987041711807251 1.9107381105422974 0.9849867224693298 0.03261430189013481 0.14887723326683044 0.08107399940490723
redkitchen/seq-03/frame-000535.color.png -1.1028369665145874 -0.8884224891662598 1.895190954208374 0.986357569694519 0.02146146073937416 0.14674392342567444 0.0714455172419548
redkitchen/seq-03/frame-000536.color.png -1.145263910293579 -0.9031922817230225 1.9065264463424683 0.986626148223877 0.03942124545574188 0.13761070370674133 0.07796292752027512
redkitchen/seq-03/frame-000537.color.png -1.145263910293579 -0.9031922817230225 1.9065264463424683 0.986626148223877 0.03942124545574188 0.13761070370674133 0.07796292752027512
redkitchen/seq-03/frame-000538.color.png -1.1554442644119263 -0.8874666094779968 1.876968264579773 0.9871394634246826 0.024619607254862785 0.14124609529972076 0.07070471346378326
redkitchen/seq-03/frame-000539.color.png -1.143317699432373 -0.8651012778282166 1.8622723817825317 0.985759437084198 0.027325313538312912 0.14724645018577576 0.07648595422506332
redkitchen/seq-03/frame-000540.color.png -1.143317699432373 -0.8651012778282166 1.8622723817825317 0.985759437084198 0.027325313538312912 0.14724645018577576 0.07648595422506332
redkitchen/seq-03/frame-000541.color.png -1.2043123245239258 -0.8757655024528503 1.8591432571411133 0.9859089851379395 0.018121374770998955 0.14814315736293793 0.0755554661154747
redkitchen/seq-03/frame-000542.color.png -1.2043123245239258 -0.8757655024528503 1.8591432571411133 0.9859089851379395 0.018121374770998955 0.14814315736293793 0.0755554661154747
redkitchen/seq-03/frame-000543.color.png -1.2212778329849243 -0.8962069153785706 1.8749048709869385 0.9879807233810425 0.03322310373187065 0.1338554173707962 0.06980672478675842
redkitchen/seq-03/frame-000544.color.png -1.2324492931365967 -0.8818358778953552 1.8792755603790283 0.988300085067749 0.027411088347434998 0.1332852989435196 0.06889608502388
redkitchen/seq-03/frame-000545.color.png -1.2324492931365967 -0.8818358778953552 1.8792755603790283 0.988300085067749 0.027411088347434998 0.1332852989435196 0.06889608502388
redkitchen/seq-03/frame-000546.color.png -1.2252463102340698 -0.8941618204116821 1.881556510925293 0.9892566800117493 0.03147292882204056 0.12770482897758484 0.06381189078092575
redkitchen/seq-03/frame-000547.color.png -1.2252463102340698 -0.8941618204116821 1.881556510925293 0.9892566800117493 0.03147292882204056 0.12770482897758484 0.06381189078092575
redkitchen/seq-03/frame-000548.color.png -1.2350534200668335 -0.8991568684577942 1.8781887292861938 0.991119921207428 0.03576582297682762 0.1148623526096344 0.05664774775505066
redkitchen/seq-03/frame-000549.color.png -1.2058988809585571 -0.9039503335952759 1.8900517225265503 0.9909883141517639 0.040049728006124496 0.11280632764101028 0.06010810658335686
redkitchen/seq-03/frame-000550.color.png -1.2058988809585571 -0.9039503335952759 1.8900517225265503 0.9909883141517639 0.040049728006124496 0.11280632764101028 0.06010810658335686
redkitchen/seq-03/frame-000551.color.png -1.168468713760376 -0.8921821117401123 1.8865779638290405 0.9913542866706848 0.02358381822705269 0.11674530804157257 0.05505393445491791
redkitchen/seq-03/frame-000552.color.png -1.200939655303955 -0.8993077874183655 1.9094538688659668 0.9930030107498169 0.03448231518268585 0.10010114312171936 0.052305713295936584
redkitchen/seq-03/frame-000553.color.png -1.200939655303955 -0.8993077874183655 1.9094538688659668 0.9930030107498169 0.03448231518268585 0.10010114312171936 0.052305713295936584
redkitchen/seq-03/frame-000554.color.png -1.202933430671692 -0.8786071538925171 1.8976523876190186 0.9939937591552734 0.032096002250909805 0.09210068732500076 0.04963544383645058
redkitchen/seq-03/frame-000555.color.png -1.2514936923980713 -0.8849759697914124 1.9094983339309692 0.9934074282646179 0.031637173146009445 0.0985804870724678 0.049222175031900406
redkitchen/seq-03/frame-000556.color.png -1.2514936923980713 -0.8849759697914124 1.9094983339309692 0.9934074282646179 0.031637173146009445 0.0985804870724678 0.049222175031900406
redkitchen/seq-03/frame-000557.color.png -1.2417714595794678 -0.9099976420402527 1.9397467374801636 0.993544340133667 0.039080843329429626 0.09403618425130844 0.04999581724405289
redkitchen/seq-03/frame-000558.color.png -1.2417714595794678 -0.9099976420402527 1.9397467374801636 0.993544340133667 0.039080843329429626 0.09403618425130844 0.04999581724405289
redkitchen/seq-03/frame-000559.color.png -1.2734484672546387 -0.8918629884719849 1.9202545881271362 0.9950103759765625 0.03434891626238823 0.08420756459236145 0.041031885892152786
redkitchen/seq-03/frame-000560.color.png -1.2827626466751099 -0.8674783110618591 1.8852789402008057 0.9955523014068604 0.02528422139585018 0.08323747664690018 0.03616507351398468
redkitchen/seq-03/frame-000561.color.png -1.2827626466751099 -0.8674783110618591 1.8852789402008057 0.9955523014068604 0.02528422139585018 0.08323747664690018 0.03616507351398468
redkitchen/seq-03/frame-000562.color.png -1.314888596534729 -0.881015956401825 1.9110161066055298 0.9964002966880798 0.033284056931734085 0.06962589174509048 0.03508483245968819
redkitchen/seq-03/frame-000563.color.png -1.314888596534729 -0.881015956401825 1.9110161066055298 0.9964002966880798 0.033284056931734085 0.06962589174509048 0.03508483245968819
redkitchen/seq-03/frame-000564.color.png -1.296231746673584 -0.908427894115448 1.9381649494171143 0.9967705011367798 0.0318898931145668 0.06520487368106842 0.034350767731666565
redkitchen/seq-03/frame-000565.color.png -1.2964187860488892 -0.8927201628684998 1.9230127334594727 0.9967246055603027 0.03141523152589798 0.06848913431167603 0.029370488598942757
redkitchen/seq-03/frame-000566.color.png -1.2964187860488892 -0.8927201628684998 1.9230127334594727 0.9967246055603027 0.03141523152589798 0.06848913431167603 0.029370488598942757
redkitchen/seq-03/frame-000567.color.png -1.3210700750350952 -0.8839660882949829 1.9207671880722046 0.9976257085800171 0.03723165765404701 0.053331486880779266 0.02263820543885231
redkitchen/seq-03/frame-000568.color.png -1.3210700750350952 -0.8839660882949829 1.9207671880722046 0.9976257085800171 0.03723165765404701 0.053331486880779266 0.02263820543885231
redkitchen/seq-03/frame-000569.color.png -1.2914553880691528 -0.8965535163879395 1.9397310018539429 0.997434675693512 0.038746099919080734 0.05530359223484993 0.023758357390761375
redkitchen/seq-03/frame-000570.color.png -1.2914553880691528 -0.8965535163879395 1.9397310018539429 0.997434675693512 0.038746099919080734 0.05530359223484993 0.023758357390761375
redkitchen/seq-03/frame-000571.color.png -1.2916860580444336 -0.8799114227294922 1.9280149936676025 0.9974812269210815 0.03319181501865387 0.05725003033876419 0.025532258674502373
redkitchen/seq-03/frame-000572.color.png -1.304925799369812 -0.8866000771522522 1.9251470565795898 0.9977924227714539 0.033935822546482086 0.054171137511730194 0.01800873875617981
redkitchen/seq-03/frame-000573.color.png -1.304925799369812 -0.8866000771522522 1.9251470565795898 0.9977924227714539 0.033935822546482086 0.054171137511730194 0.01800873875617981
redkitchen/seq-03/frame-000574.color.png -1.328325867652893 -0.8796017169952393 1.9091280698776245 0.9975233674049377 0.0361190028488636 0.05803542584180832 0.016570784151554108
redkitchen/seq-03/frame-000575.color.png -1.3514320850372314 -0.8827266097068787 1.915947675704956 0.9971847534179688 0.038048386573791504 0.06259582936763763 0.01602274738252163
redkitchen/seq-03/frame-000576.color.png -1.3514320850372314 -0.8827266097068787 1.915947675704956 0.9971847534179688 0.038048386573791504 0.06259582936763763 0.01602274738252163
redkitchen/seq-03/frame-000577.color.png -1.3182796239852905 -0.8919966816902161 1.9311745166778564 0.9966803789138794 0.03998199850320816 0.06818889081478119 0.019491473212838173
redkitchen/seq-03/frame-000578.color.png -1.3182796239852905 -0.8919966816902161 1.9311745166778564 0.9966803789138794 0.03998199850320816 0.06818889081478119 0.019491473212838173
redkitchen/seq-03/frame-000579.color.png -1.2685010433197021 -0.8707687854766846 1.9173063039779663 0.9971861243247986 0.037458792328834534 0.06358899921178818 0.013162145391106606
redkitchen/seq-03/frame-000580.color.png -1.2685010433197021 -0.8707687854766846 1.9173063039779663 0.9971861243247986 0.037458792328834534 0.06358899921178818 0.013162145391106606
redkitchen/seq-03/frame-000581.color.png -1.2828580141067505 -0.8776352405548096 1.9162558317184448 0.9968613982200623 0.02977137453854084 0.0720168948173523 0.013951205648481846
redkitchen/seq-03/frame-000582.color.png -1.2930742502212524 -0.8900043368339539 1.9159519672393799 0.9964302182197571 0.03410705551505089 0.07497299462556839 0.0185152105987072
redkitchen/seq-03/frame-000583.color.png -1.2930742502212524 -0.8900043368339539 1.9159519672393799 0.9964302182197571 0.03410705551505089 0.07497299462556839 0.0185152105987072
redkitchen/seq-03/frame-000584.color.png -1.3063937425613403 -0.8907358050346375 1.9050575494766235 0.9948603510856628 0.035232480615377426 0.09226851910352707 0.022318035364151
redkitchen/seq-03/frame-000585.color.png -1.2964789867401123 -0.8990492224693298 1.9010205268859863 0.9951139688491821 0.03637372702360153 0.08821466565132141 0.025362947955727577
redkitchen/seq-03/frame-000586.color.png -1.2964789867401123 -0.8990492224693298 1.9010205268859863 0.9951139688491821 0.03637372702360153 0.08821466565132141 0.025362947955727577
redkitchen/seq-03/frame-000587.color.png -1.281786561012268 -0.8878694176673889 1.8920809030532837 0.9944222569465637 0.039882127195596695 0.09424322098493576 0.02553754299879074
redkitchen/seq-03/frame-000588.color.png -1.2638441324234009 -0.8750699162483215 1.873238205909729 0.9948957562446594 0.03851214051246643 0.08904674649238586 0.02774818241596222
redkitchen/seq-03/frame-000589.color.png -1.2638441324234009 -0.8750699162483215 1.873238205909729 0.9948957562446594 0.03851214051246643 0.08904674649238586 0.02774818241596222
redkitchen/seq-03/frame-000590.color.png -1.2645716667175293 -0.8731237053871155 1.867810606956482 0.9932301640510559 0.036310307681560516 0.1043938398361206 0.03573976084589958
redkitchen/seq-03/frame-000591.color.png -1.2645716667175293 -0.8731237053871155 1.867810606956482 0.9932301640510559 0.036310307681560516 0.1043938398361206 0.03573976084589958
redkitchen/seq-03/frame-000592.color.png -1.2984380722045898 -0.866430938243866 1.8820664882659912 0.9926471710205078 0.03537356108427048 0.10940343141555786 0.03783191740512848
redkitchen/seq-03/frame-000593.color.png -1.2834118604660034 -0.8903074264526367 1.8998408317565918 0.9921310544013977 0.04189443588256836 0.1109330952167511 0.04018368571996689
redkitchen/seq-03/frame-000594.color.png -1.2834118604660034 -0.8903074264526367 1.8998408317565918 0.9921310544013977 0.04189443588256836 0.1109330952167511 0.04018368571996689
redkitchen/seq-03/frame-000595.color.png -1.293967843055725 -0.8900735974311829 1.8979315757751465 0.9907563924789429 0.03954003006219864 0.12224451452493668 0.043526966124773026
redkitchen/seq-03/frame-000596.color.png -1.293967843055725 -0.8900735974311829 1.8979315757751465 0.9907563924789429 0.03954003006219864 0.12224451452493668 0.043526966124773026
redkitchen/seq-03/frame-000597.color.png -1.2703638076782227 -0.872047483921051 1.8914755582809448 0.9903058409690857 0.03296731412410736 0.1266445815563202 0.04656950384378433
redkitchen/seq-03/frame-000598.color.png -1.2231942415237427 -0.8824901580810547 1.8948838710784912 0.9904559850692749 0.03547795116901398 0.12558984756469727 0.04433237761259079
redkitchen/seq-03/frame-000599.color.png -1.2231942415237427 -0.8824901580810547 1.8948838710784912 0.9904559850692749 0.03547795116901398 0.12558984756469727 0.04433237761259079
redkitchen/seq-03/frame-000600.color.png -1.21640145778656 -0.889913022518158 1.9091578722000122 0.9907130002975464 0.0404532328248024 0.12064442783594131 0.047916654497385025
redkitchen/seq-03/frame-000601.color.png -1.21640145778656 -0.889913022518158 1.9091578722000122 0.9907130002975464 0.0404532328248024 0.12064442783594131 0.047916654497385025
redkitchen/seq-03/frame-000602.color.png -1.2087825536727905 -0.8856483101844788 1.9109255075454712 0.9897875785827637 0.03487422689795494 0.1296214461326599 0.0479864738881588
redkitchen/seq-03/frame-000603.color.png -1.1644154787063599 -0.8969445824623108 1.9315922260284424 0.9902608394622803 0.039631593972444534 0.12454622983932495 0.04797046631574631
redkitchen/seq-03/frame-000604.color.png -1.1417081356048584 -0.8877267241477966 1.9322669506072998 0.9892720580101013 0.043637391179800034 0.13020138442516327 0.049843598157167435
redkitchen/seq-03/frame-000605.color.png -1.1417081356048584 -0.8877267241477966 1.9322669506072998 0.9892720580101013 0.043637391179800034 0.13020138442516327 0.049843598157167435
redkitchen/seq-03/frame-000606.color.png -1.1755950450897217 -0.8774347305297852 1.9220309257507324 0.9899771809577942 0.04110894352197647 0.12410996854305267 0.05340423062443733
redkitchen/seq-03/frame-000607.color.png -1.1588454246520996 -0.8796436786651611 1.9228321313858032 0.9890435338020325 0.03915468975901604 0.1316131204366684 0.054201070219278336
redkitchen/seq-03/frame-000608.color.png -1.1588454246520996 -0.8796436786651611 1.9228321313858032 0.9890435338020325 0.03915468975901604 0.1316131204366684 0.054201070219278336
redkitchen/seq-03/frame-000609.color.png -1.1762146949768066 -0.8929591178894043 1.9309358596801758 0.986829936504364 0.042425837367773056 0.14590489864349365 0.05548255890607834
redkitchen/seq-03/frame-000610.color.png -1.1791398525238037 -0.8819742798805237 1.9297915697097778 0.98736172914505 0.04148108512163162 0.14100636541843414 0.05927508696913719
redkitchen/seq-03/frame-000611.color.png -1.1791398525238037 -0.8819742798805237 1.9297915697097778 0.98736172914505 0.04148108512163162 0.14100636541843414 0.05927508696913719
redkitchen/seq-03/frame-000612.color.png -1.1483319997787476 -0.8851841688156128 1.9324017763137817 0.9868963956832886 0.03780382126569748 0.1430990993976593 0.0642576813697815
redkitchen/seq-03/frame-000613.color.png -1.1408687829971313 -0.8884621858596802 1.9429265260696411 0.9866194725036621 0.046839430928230286 0.14375820755958557 0.06100470945239067
redkitchen/seq-03/frame-000614.color.png -1.1408687829971313 -0.8884621858596802 1.9429265260696411 0.9866194725036621 0.046839430928230286 0.14375820755958557 0.06100470945239067
redkitchen/seq-03/frame-000615.color.png -1.1499830484390259 -0.8754652142524719 1.9303828477859497 0.9848214387893677 0.04904599115252495 0.15106087923049927 0.07001349329948425
redkitchen/seq-03/frame-000616.color.png -1.1693536043167114 -0.8863964080810547 1.923719048500061 0.9828388094902039 0.043633442372083664 0.16183693706989288 0.07702495902776718
redkitchen/seq-03/frame-000617.color.png -1.1693536043167114 -0.8863964080810547 1.923719048500061 0.9828388094902039 0.043633442372083664 0.16183693706989288 0.07702495902776718
redkitchen/seq-03/frame-000618.color.png -1.1546016931533813 -0.8631205558776855 1.9243462085723877 0.9838200807571411 0.044216424226760864 0.1577732264995575 0.07246024161577225
redkitchen/seq-03/frame-000619.color.png -1.1488542556762695 -0.8573359847068787 1.9226021766662598 0.9828083515167236 0.039168331772089005 0.16536176204681396 0.07217372953891754
redkitchen/seq-03/frame-000620.color.png -1.1488542556762695 -0.8573359847068787 1.9226021766662598 0.9828083515167236 0.039168331772089005 0.16536176204681396 0.07217372953891754
redkitchen/seq-03/frame-000621.color.png -1.153059482574463 -0.851759135723114 1.9194256067276 0.9834496378898621 0.03988161310553551 0.1618470549583435 0.07100556045770645
redkitchen/seq-03/frame-000622.color.png -1.1304272413253784 -0.847928524017334 1.9244879484176636 0.9822410941123962 0.040378570556640625 0.1676279455423355 0.0739782303571701
redkitchen/seq-03/frame-000623.color.png -1.148790955543518 -0.8533522486686707 1.9241551160812378 0.9832400679588318 0.041231393814086914 0.16518698632717133 0.0652085393667221
redkitchen/seq-03/frame-000624.color.png -1.148557186126709 -0.8561292886734009 1.9287590980529785 0.9819745421409607 0.04143066331744194 0.16980721056461334 0.07193733006715775
redkitchen/seq-03/frame-000625.color.png -1.148557186126709 -0.8561292886734009 1.9287590980529785 0.9819745421409607 0.04143066331744194 0.16980721056461334 0.07193733006715775
redkitchen/seq-03/frame-000626.color.png -1.1306008100509644 -0.856816828250885 1.9350606203079224 0.9815223217010498 0.04026595130562782 0.17397819459438324 0.06873241066932678
redkitchen/seq-03/frame-000627.color.png -1.1212217807769775 -0.8527437448501587 1.9370912313461304 0.9836546182632446 0.04339800775051117 0.16165776550769806 0.06638395041227341
redkitchen/seq-03/frame-000628.color.png -1.1288836002349854 -0.8513749837875366 1.9330235719680786 0.9831453561782837 0.04833485931158066 0.16367849707603455 0.06556098163127899
redkitchen/seq-03/frame-000629.color.png -1.1396175622940063 -0.8598259687423706 1.9360657930374146 0.9825754165649414 0.04324575513601303 0.1697464883327484 0.06213785707950592
redkitchen/seq-03/frame-000630.color.png -1.1396175622940063 -0.8598259687423706 1.9360657930374146 0.9825754165649414 0.04324575513601303 0.1697464883327484 0.06213785707950592
redkitchen/seq-03/frame-000631.color.png -1.1268396377563477 -0.8684287667274475 1.945414662361145 0.9828575849533081 0.04504215717315674 0.16656695306301117 0.0649440661072731
redkitchen/seq-03/frame-000632.color.png -1.162537932395935 -0.8599268794059753 1.9365488290786743 0.9805520176887512 0.04311377555131912 0.17702053487300873 0.0729566290974617
redkitchen/seq-03/frame-000633.color.png -1.1548151969909668 -0.8497418165206909 1.9327203035354614 0.9798014760017395 0.03947948291897774 0.181786447763443 0.0733766034245491
redkitchen/seq-03/frame-000634.color.png -1.1399056911468506 -0.8604446649551392 1.9348781108856201 0.9784111976623535 0.04363381117582321 0.18912996351718903 0.07097439467906952
redkitchen/seq-03/frame-000635.color.png -1.1347229480743408 -0.8600493669509888 1.9479799270629883 0.9790492057800293 0.04106926545500755 0.18466514348983765 0.07532954216003418
redkitchen/seq-03/frame-000636.color.png -1.1347229480743408 -0.8600493669509888 1.9479799270629883 0.9790492057800293 0.04106926545500755 0.18466514348983765 0.07532954216003418
redkitchen/seq-03/frame-000637.color.png -1.1466983556747437 -0.850441038608551 1.9330987930297852 0.9775610566139221 0.039411310106515884 0.19057562947273254 0.08063334971666336
redkitchen/seq-03/frame-000638.color.png -1.1479833126068115 -0.8606624007225037 1.9338428974151611 0.9755790829658508 0.036115702241659164 0.20224711298942566 0.07770005613565445
redkitchen/seq-03/frame-000639.color.png -1.125861644744873 -0.8652111291885376 1.940130352973938 0.9773447513580322 0.04168263450264931 0.19277571141719818 0.07679294794797897
redkitchen/seq-03/frame-000640.color.png -1.127073049545288 -0.8642828464508057 1.941362738609314 0.9741776585578918 0.04250524565577507 0.20528897643089294 0.08382998406887054
redkitchen/seq-03/frame-000641.color.png -1.110008716583252 -0.8636258244514465 1.941684603691101 0.9726507663726807 0.03740319609642029 0.21281786262989044 0.08520667999982834
redkitchen/seq-03/frame-000642.color.png -1.082391381263733 -0.8702244162559509 1.9499465227127075 0.9721519947052002 0.03862229362130165 0.21480825543403625 0.08535932004451752
redkitchen/seq-03/frame-000643.color.png -1.1013195514678955 -0.8714710474014282 1.9551928043365479 0.9709150195121765 0.03459670767188072 0.2192072719335556 0.08986172825098038
redkitchen/seq-03/frame-000644.color.png -1.1142581701278687 -0.8622944355010986 1.9447354078292847 0.9713571667671204 0.03837684169411659 0.21683232486248016 0.08930951356887817
redkitchen/seq-03/frame-000645.color.png -1.1064205169677734 -0.8664341568946838 1.9478960037231445 0.9698578119277954 0.03394611179828644 0.2218756079673767 0.09484078735113144
redkitchen/seq-03/frame-000646.color.png -1.0964049100875854 -0.8706369996070862 1.9522349834442139 0.9694367051124573 0.03394367918372154 0.22395867109298706 0.09424863755702972
redkitchen/seq-03/frame-000647.color.png -1.0964049100875854 -0.8706369996070862 1.9522349834442139 0.9694367051124573 0.03394367918372154 0.22395867109298706 0.09424863755702972
redkitchen/seq-03/frame-000648.color.png -1.077657699584961 -0.8858568072319031 1.9615298509597778 0.966524064540863 0.03418249636888504 0.23346391320228577 0.10078466683626175
redkitchen/seq-03/frame-000649.color.png -1.0703085660934448 -0.8851237297058105 1.9606631994247437 0.9672316312789917 0.031675927340984344 0.23291881382465363 0.09595969319343567
redkitchen/seq-03/frame-000650.color.png -1.068010926246643 -0.8846594095230103 1.9648140668869019 0.9668566584587097 0.033989593386650085 0.23314236104488373 0.09837455302476883
redkitchen/seq-03/frame-000651.color.png -1.0536640882492065 -0.8862197399139404 1.9684851169586182 0.965854823589325 0.031133174896240234 0.235326886177063 0.10381033271551132
redkitchen/seq-03/frame-000652.color.png -1.0562466382980347 -0.8847812414169312 1.9606928825378418 0.9667810201644897 0.03853011503815651 0.23218049108982086 0.09971031546592712
redkitchen/seq-03/frame-000653.color.png -1.0656954050064087 -0.8791141510009766 1.9599711894989014 0.9650139212608337 0.035736147314310074 0.23904089629650116 0.1016388013958931
redkitchen/seq-03/frame-000654.color.png -1.0553615093231201 -0.8791835904121399 1.9653204679489136 0.9633831977844238 0.030882591381669044 0.24516937136650085 0.10407179594039917
redkitchen/seq-03/frame-000655.color.png -1.0671511888504028 -0.8754921555519104 1.9643256664276123 0.9622491598129272 0.03239286690950394 0.24954810738563538 0.10369730740785599
redkitchen/seq-03/frame-000656.color.png -1.064684271812439 -0.877655565738678 1.960604190826416 0.9622419476509094 0.034241802990436554 0.24719399213790894 0.10868757218122482
redkitchen/seq-03/frame-000657.color.png -1.05707848072052 -0.8811203241348267 1.962194800376892 0.9606433510780334 0.034713394939899445 0.25240927934646606 0.11067446321249008
redkitchen/seq-03/frame-000658.color.png -1.058066964149475 -0.8847541213035583 1.9715739488601685 0.958381175994873 0.028492819517850876 0.25991106033325195 0.11462918668985367
redkitchen/seq-03/frame-000659.color.png -1.043483018875122 -0.8833561539649963 1.9812051057815552 0.9582111239433289 0.036227766424417496 0.2581757605075836 0.11774700880050659
redkitchen/seq-03/frame-000660.color.png -1.0478805303573608 -0.8816229701042175 1.9793864488601685 0.9579820036888123 0.03728837892413139 0.25831010937690735 0.11897771060466766
redkitchen/seq-03/frame-000661.color.png -1.0341671705245972 -0.8850201964378357 1.9941006898880005 0.9558430910110474 0.030282940715551376 0.26614102721214294 0.12089695781469345
redkitchen/seq-03/frame-000662.color.png -1.041143774986267 -0.8857272863388062 1.9947882890701294 0.9529081583023071 0.035621531307697296 0.2746095657348633 0.1236395463347435
redkitchen/seq-03/frame-000663.color.png -1.0428333282470703 -0.8785915970802307 1.9917329549789429 0.9518138766288757 0.03362259268760681 0.27690985798835754 0.12743908166885376
redkitchen/seq-03/frame-000664.color.png -1.049919843673706 -0.8733730912208557 1.9859760999679565 0.9504712224006653 0.031481098383665085 0.2828820049762726 0.12486544251441956
redkitchen/seq-03/frame-000665.color.png -1.0350972414016724 -0.8800669312477112 1.994818091392517 0.9487894773483276 0.030034800991415977 0.2870538830757141 0.12843859195709229
redkitchen/seq-03/frame-000666.color.png -1.036931037902832 -0.8952284455299377 1.9955471754074097 0.9471117854118347 0.03308321163058281 0.29069724678993225 0.13183236122131348
redkitchen/seq-03/frame-000667.color.png -1.047356128692627 -0.8997763991355896 1.9968198537826538 0.9439806938171387 0.0314205177128315 0.29995301365852356 0.13394464552402496
redkitchen/seq-03/frame-000668.color.png -1.0427676439285278 -0.8893296718597412 1.9854720830917358 0.9452832341194153 0.027629820629954338 0.2964499890804291 0.13339300453662872
redkitchen/seq-03/frame-000669.color.png -1.0518616437911987 -0.8868111371994019 1.970463514328003 0.9434625506401062 0.027024148032069206 0.3020361661911011 0.13387373089790344
redkitchen/seq-03/frame-000670.color.png -1.049824833869934 -0.8910743594169617 1.9776532649993896 0.9433314204216003 0.028148237615823746 0.30088430643081665 0.1371208131313324
redkitchen/seq-03/frame-000671.color.png -1.0345417261123657 -0.9006330370903015 1.9854732751846313 0.9414862394332886 0.025483930483460426 0.3069832921028137 0.13680504262447357
redkitchen/seq-03/frame-000672.color.png -1.0522451400756836 -0.9113225340843201 1.9850825071334839 0.9407621026039124 0.027648497372865677 0.30859920382499695 0.13772691786289215
redkitchen/seq-03/frame-000673.color.png -1.0481371879577637 -0.9147354364395142 1.9811569452285767 0.941329836845398 0.027582691982388496 0.30740368366241455 0.1365293264389038
redkitchen/seq-03/frame-000674.color.png -1.0446751117706299 -0.907975435256958 1.9803617000579834 0.9414857029914856 0.02532781846821308 0.30715009570121765 0.13646270334720612
redkitchen/seq-03/frame-000675.color.png -1.0473039150238037 -0.9074931144714355 1.9779322147369385 0.9387596845626831 0.027995146811008453 0.3135455548763275 0.14012740552425385
redkitchen/seq-03/frame-000676.color.png -1.053576946258545 -0.9036387205123901 1.9798121452331543 0.9392825961112976 0.022250667214393616 0.31112995743751526 0.14300751686096191
redkitchen/seq-03/frame-000677.color.png -1.0426679849624634 -0.9073249101638794 1.9824422597885132 0.9396436214447021 0.02796761319041252 0.31107011437416077 0.13972461223602295
redkitchen/seq-03/frame-000678.color.png -1.0375088453292847 -0.9190664887428284 1.9815781116485596 0.9356881380081177 0.02340753935277462 0.3213699758052826 0.143739715218544
redkitchen/seq-03/frame-000679.color.png -1.0427247285842896 -0.9222819805145264 1.972674012184143 0.9338939785957336 0.018427923321723938 0.32718828320503235 0.14300432801246643
redkitchen/seq-03/frame-000680.color.png -1.0446897745132446 -0.9231385588645935 1.9738129377365112 0.9341579675674438 0.02306065708398819 0.32388147711753845 0.14804613590240479
redkitchen/seq-03/frame-000681.color.png -1.0387722253799438 -0.9256817102432251 1.971165657043457 0.9315701723098755 0.017828484997153282 0.33021992444992065 0.15104326605796814
redkitchen/seq-03/frame-000682.color.png -1.0506738424301147 -0.9212449789047241 1.9688509702682495 0.9309483170509338 0.02040989138185978 0.33316025137901306 0.14806398749351501
redkitchen/seq-03/frame-000683.color.png -1.0409913063049316 -0.9272789359092712 1.9766134023666382 0.9309974312782288 0.025056123733520508 0.33173948526382446 0.15021640062332153
redkitchen/seq-03/frame-000684.color.png -1.0210912227630615 -0.9406095147132874 1.9776028394699097 0.9295980334281921 0.018843527883291245 0.3344303071498871 0.15378212928771973
redkitchen/seq-03/frame-000685.color.png -1.0307124853134155 -0.9359698295593262 1.9778333902359009 0.9271858930587769 0.021784979850053787 0.3412361741065979 0.15300187468528748
redkitchen/seq-03/frame-000686.color.png -1.0256887674331665 -0.9345853328704834 1.9617034196853638 0.9297008514404297 0.026469439268112183 0.3327883183956146 0.15558768808841705
redkitchen/seq-03/frame-000687.color.png -1.0320614576339722 -0.9408926367759705 1.9596384763717651 0.9278014302253723 0.02247013710439205 0.3384901285171509 0.15525424480438232
redkitchen/seq-03/frame-000688.color.png -1.0501443147659302 -0.9379311800003052 1.9491785764694214 0.9265481233596802 0.02142564207315445 0.3415372669696808 0.1562109887599945
redkitchen/seq-03/frame-000689.color.png -1.053785800933838 -0.9356225728988647 1.9509962797164917 0.9261832237243652 0.01686072163283825 0.342232346534729 0.15740811824798584
redkitchen/seq-03/frame-000690.color.png -1.0593510866165161 -0.94012051820755 1.9569422006607056 0.9254034161567688 0.017305374145507812 0.3428369462490082 0.1605980098247528
redkitchen/seq-03/frame-000691.color.png -1.0303014516830444 -0.9363981485366821 1.958124041557312 0.921660304069519 0.02189621515572071 0.3529610335826874 0.15962807834148407
redkitchen/seq-03/frame-000692.color.png -1.045637607574463 -0.9434518218040466 1.9481889009475708 0.9208192229270935 0.01899820566177368 0.3531479239463806 0.16437014937400818
redkitchen/seq-03/frame-000693.color.png -1.0481356382369995 -0.9464603662490845 1.9468035697937012 0.9218425750732422 0.018188677728176117 0.3502846658229828 0.16485147178173065
redkitchen/seq-03/frame-000694.color.png -1.0400458574295044 -0.9528936147689819 1.951305866241455 0.9173557162284851 0.01601031981408596 0.36223259568214417 0.1642848253250122
redkitchen/seq-03/frame-000695.color.png -1.0436670780181885 -0.9468817114830017 1.9469486474990845 0.9178574681282043 0.016434453427791595 0.36060693860054016 0.1650153547525406
redkitchen/seq-03/frame-000696.color.png -1.0366536378860474 -0.9525863528251648 1.9448802471160889 0.9173092246055603 0.012034266255795956 0.36133748292922974 0.1668364703655243
redkitchen/seq-03/frame-000697.color.png -1.020167350769043 -0.9544218182563782 1.937158465385437 0.9154500365257263 0.01331471186131239 0.36671167612075806 0.1652168482542038
redkitchen/seq-03/frame-000698.color.png -1.0409584045410156 -0.9599721431732178 1.9122525453567505 0.9160786271095276 0.01813219115138054 0.3664344549179077 0.1618552953004837
redkitchen/seq-03/frame-000699.color.png -1.0565861463546753 -0.9740478992462158 1.9095728397369385 0.9122911095619202 0.011613825336098671 0.36977478861808777 0.17566032707691193
redkitchen/seq-03/frame-000700.color.png -1.0481951236724854 -0.9771619439125061 1.9112894535064697 0.9134727716445923 0.01762513257563114 0.37065261602401733 0.16695398092269897
redkitchen/seq-03/frame-000701.color.png -1.0618860721588135 -0.9759634733200073 1.9013676643371582 0.9143351316452026 0.014727722853422165 0.36665797233581543 0.17127850651741028
redkitchen/seq-03/frame-000702.color.png -1.0539461374282837 -0.9887943267822266 1.904434084892273 0.9109393954277039 0.017617465928196907 0.3734065890312195 0.17448939383029938
redkitchen/seq-03/frame-000703.color.png -1.018052101135254 -0.9811686277389526 1.92001473903656 0.9106526970863342 0.017020586878061295 0.3749396502971649 0.172748401761055
redkitchen/seq-03/frame-000704.color.png -1.0473592281341553 -0.9879236221313477 1.8943724632263184 0.9105857610702515 0.012475552037358284 0.37362465262413025 0.1763022392988205
redkitchen/seq-03/frame-000705.color.png -1.0413072109222412 -0.9919676780700684 1.9030674695968628 0.9079601764678955 0.014017121866345406 0.380918025970459 0.17410720884799957
redkitchen/seq-03/frame-000706.color.png -1.060063362121582 -0.9909987449645996 1.896034598350525 0.9074752330780029 0.01823318749666214 0.384107381105423 0.1691674292087555
redkitchen/seq-03/frame-000707.color.png -1.0224956274032593 -0.9954235553741455 1.9107357263565063 0.909700870513916 0.015043907798826694 0.37736988067626953 0.1726558804512024
redkitchen/seq-03/frame-000708.color.png -1.0262528657913208 -0.998445987701416 1.9101413488388062 0.9066215753555298 0.01768849976360798 0.38305917382240295 0.17603999376296997
redkitchen/seq-03/frame-000709.color.png -1.0313689708709717 -0.9985675811767578 1.903656244277954 0.9100990891456604 0.01920803263783455 0.3745729923248291 0.1761978268623352
redkitchen/seq-03/frame-000710.color.png -1.0150818824768066 -0.9931985139846802 1.9041869640350342 0.9116837978363037 0.019253013655543327 0.3719682991504669 0.17349721491336823
redkitchen/seq-03/frame-000711.color.png -1.0099596977233887 -0.9980077743530273 1.9075841903686523 0.9100674986839294 0.020268244668841362 0.3724905848503113 0.18060250580310822
redkitchen/seq-03/frame-000712.color.png -1.021148681640625 -1.0110591650009155 1.8941820859909058 0.9124246835708618 0.021332819014787674 0.36982378363609314 0.1739446073770523
redkitchen/seq-03/frame-000713.color.png -1.0145620107650757 -0.996666669845581 1.8670986890792847 0.9155471324920654 0.02449673041701317 0.3641591966152191 0.16900086402893066
redkitchen/seq-03/frame-000714.color.png -1.0531526803970337 -1.0050445795059204 1.8594098091125488 0.9157584309577942 0.024775613099336624 0.36268988251686096 0.17096412181854248
redkitchen/seq-03/frame-000715.color.png -1.0261374711990356 -1.0112736225128174 1.874022126197815 0.913549542427063 0.017795594409108162 0.3677225708961487 0.17288917303085327
redkitchen/seq-03/frame-000716.color.png -1.021352767944336 -1.0107003450393677 1.8691972494125366 0.9130176901817322 0.025164538994431496 0.3695152699947357 0.17094974219799042
redkitchen/seq-03/frame-000717.color.png -1.0324641466140747 -1.024349570274353 1.8535802364349365 0.9111526012420654 0.02796487882733345 0.37134644389152527 0.17641080915927887
redkitchen/seq-03/frame-000718.color.png -1.029821515083313 -1.0270425081253052 1.8486249446868896 0.9110817909240723 0.027369581162929535 0.37284713983535767 0.17368322610855103
redkitchen/seq-03/frame-000719.color.png -1.023740530014038 -1.0159668922424316 1.818040370941162 0.913468599319458 0.028858866542577744 0.36824753880500793 0.17069250345230103
redkitchen/seq-03/frame-000720.color.png -0.9794664978981018 -0.9988406896591187 1.8218028545379639 0.915004312992096 0.0278067234903574 0.36420002579689026 0.17132528126239777
redkitchen/seq-03/frame-000721.color.png -0.9874400496482849 -0.995937705039978 1.8014780282974243 0.9123892188072205 0.025548165664076805 0.36957502365112305 0.17409095168113708
redkitchen/seq-03/frame-000722.color.png -0.9573808908462524 -0.9916481971740723 1.79697847366333 0.9111253023147583 0.026557764038443565 0.3721514344215393 0.17506785690784454
redkitchen/seq-03/frame-000723.color.png -0.9886299967765808 -0.9957845211029053 1.7667856216430664 0.9090868234634399 0.021858995780348778 0.37595847249031067 0.17815358936786652
redkitchen/seq-03/frame-000724.color.png -0.936970055103302 -0.9967427253723145 1.7779377698898315 0.9049871563911438 0.02538764663040638 0.38359537720680237 0.18223118782043457
redkitchen/seq-03/frame-000725.color.png -0.9606266021728516 -0.9823426604270935 1.7949649095535278 0.9074999094009399 0.026809193193912506 0.37781739234924316 0.18160133063793182
redkitchen/seq-03/frame-000726.color.png -0.9698271751403809 -0.9622608423233032 1.7687573432922363 0.907095730304718 0.029874779284000397 0.377191424369812 0.18442146480083466
redkitchen/seq-03/frame-000727.color.png -0.9120534658432007 -0.9736199378967285 1.7834457159042358 0.9020575284957886 0.02685854211449623 0.38586658239364624 0.1915147453546524
redkitchen/seq-03/frame-000728.color.png -0.9186683297157288 -0.959536612033844 1.8088449239730835 0.8998953700065613 0.024502644315361977 0.3883092701435089 0.19698698818683624
redkitchen/seq-03/frame-000729.color.png -0.7956810593605042 -0.9310777187347412 1.8698703050613403 0.9015147686004639 0.026331603527069092 0.3872540295124054 0.19134283065795898
redkitchen/seq-03/frame-000730.color.png -0.77874356508255 -0.9344056844711304 1.8424912691116333 0.8960750699043274 0.018251167610287666 0.3961016535758972 0.19954954087734222
redkitchen/seq-03/frame-000731.color.png -0.8064818978309631 -0.9493324756622314 1.8390812873840332 0.9019312858581543 0.030258499085903168 0.3822900056838989 0.1986420452594757
redkitchen/seq-03/frame-000732.color.png -0.700491726398468 -0.9279947876930237 1.8595672845840454 0.8973532915115356 0.031084494665265083 0.38861918449401855 0.20679956674575806
redkitchen/seq-03/frame-000733.color.png -0.702174723148346 -0.9552007913589478 1.8443877696990967 0.9046728014945984 0.03247199207544327 0.37119898200035095 0.20669791102409363
redkitchen/seq-03/frame-000734.color.png -0.6449784636497498 -0.9529064893722534 1.840448260307312 0.8894672989845276 0.0232611782848835 0.3969499170780182 0.22525043785572052
redkitchen/seq-03/frame-000735.color.png -0.6878784894943237 -0.9404773712158203 1.8257657289505005 0.8943706750869751 0.025430088862776756 0.38733625411987305 0.22231711447238922
redkitchen/seq-03/frame-000736.color.png -0.5914605855941772 -0.9463037848472595 1.8394546508789062 0.8946107029914856 0.03817879781126976 0.3850839138031006 0.2234373241662979
redkitchen/seq-03/frame-000737.color.png -0.6501907110214233 -0.9620084166526794 1.8709059953689575 0.8951460123062134 0.030116412788629532 0.3878140151500702 0.2177312970161438
redkitchen/seq-03/frame-000738.color.png -0.49937233328819275 -0.9745317101478577 1.8875517845153809 0.8787996768951416 0.028991810977458954 0.4126257598400116 0.23792989552021027
redkitchen/seq-03/frame-000739.color.png -0.5381853580474854 -0.9624441862106323 1.9033339023590088 0.9174633622169495 0.03871646896004677 0.3348686695098877 0.2112462967634201
redkitchen/seq-03/frame-000740.color.png -0.2922082841396332 -0.9611981511116028 1.9531997442245483 0.9222299456596375 0.04381702467799187 0.32581979036331177 0.2035030871629715
redkitchen/seq-03/frame-000741.color.png -0.32929879426956177 -0.9644019603729248 1.93295419216156 0.9203830361366272 0.027389412745833397 0.33139318227767944 0.20572645962238312
redkitchen/seq-03/frame-000742.color.png -0.21177121996879578 -0.9646276831626892 1.9540832042694092 0.9366035461425781 0.02701428532600403 0.292427659034729 0.19112849235534668
redkitchen/seq-03/frame-000743.color.png -0.2789323627948761 -0.9803371429443359 1.9489229917526245 0.9928183555603027 0.029030844569206238 -0.1136799305677414 -0.023365113884210587
redkitchen/seq-03/frame-000744.color.png -0.3333323299884796 -0.9489591121673584 1.8980261087417603 0.9409866333007812 0.029117196798324585 0.27661964297294617 0.1928156614303589
redkitchen/seq-03/frame-000745.color.png -0.35620570182800293 -0.9818310737609863 1.9298374652862549 0.8575445413589478 0.007308208383619785 -0.4689413607120514 -0.2113247662782669
redkitchen/seq-03/frame-000746.color.png -0.22635909914970398 -0.9574719071388245 1.9095011949539185 0.986099362373352 0.031422294676303864 -0.15624861419200897 -0.046979255974292755
redkitchen/seq-03/frame-000747.color.png -0.20893239974975586 -0.9216466546058655 1.8586024045944214 0.9906833171844482 0.022140026092529297 0.10503719747066498 0.08380632102489471
redkitchen/seq-03/frame-000748.color.png -0.043851088732481 -0.9218654036521912 1.8548532724380493 0.7332515120506287 -0.010444825515151024 -0.6135985255241394 -0.2927972078323364
redkitchen/seq-03/frame-000749.color.png -0.023885052651166916 -0.9335084557533264 1.8455256223678589 0.8660854697227478 0.010942510329186916 -0.45872700214385986 -0.19835779070854187
redkitchen/seq-03/frame-000750.color.png 0.07284200191497803 -0.9146791100502014 1.8481351137161255 0.8307358622550964 0.0008938399842008948 -0.5031433701515198 -0.23816777765750885
redkitchen/seq-03/frame-000751.color.png 0.04975062981247902 -0.8702360391616821 1.8006765842437744 0.9187737703323364 0.00796546321362257 -0.358458012342453 -0.1652245670557022
redkitchen/seq-03/frame-000752.color.png 0.38847434520721436 -0.8244391083717346 1.7721201181411743 0.7904061079025269 -0.008700398728251457 -0.551757276058197 -0.26598191261291504
redkitchen/seq-03/frame-000753.color.png 0.0898512601852417 -0.8518770337104797 1.8011727333068848 0.7673506140708923 -0.02061118558049202 -0.5766743421554565 -0.27963361144065857
redkitchen/seq-03/frame-000754.color.png 0.12683098018169403 -0.8464194536209106 1.8057007789611816 0.8186575174331665 -0.009822188876569271 -0.5176025032997131 -0.24857790768146515
redkitchen/seq-03/frame-000755.color.png 0.13311851024627686 -0.8434013724327087 1.777174711227417 0.7384023666381836 -0.016248788684606552 -0.6047056913375854 -0.2980421185493469
redkitchen/seq-03/frame-000756.color.png 0.26120153069496155 -0.821000337600708 1.7388741970062256 0.7157237529754639 -0.019083330407738686 -0.628884494304657 -0.30311664938926697
redkitchen/seq-03/frame-000757.color.png 0.3578377068042755 -0.8399871587753296 1.8104356527328491 0.8212980031967163 -0.009422139264643192 -0.5140278339385986 -0.24729757010936737
redkitchen/seq-03/frame-000758.color.png 0.10740834474563599 -0.8457173109054565 1.7536656856536865 0.7048182487487793 -0.04031563922762871 -0.6360582709312439 -0.31150558590888977
redkitchen/seq-03/frame-000759.color.png 0.16068316996097565 -0.8573877811431885 1.8052880764007568 0.6901930570602417 -0.034666065126657486 -0.64670330286026 -0.3228103518486023
redkitchen/seq-03/frame-000760.color.png 0.042965132743120193 -0.8425109386444092 1.7828863859176636 0.6887350082397461 -0.042859092354774475 -0.6467932462692261 -0.32475465536117554
redkitchen/seq-03/frame-000761.color.png 0.18725354969501495 -0.8233840465545654 1.7343857288360596 0.7660818696022034 -0.040394458919763565 -0.5747724771499634 -0.2848218083381653
redkitchen/seq-03/frame-000762.color.png -0.03744185343384743 -0.7917969226837158 1.696655035018921 0.7451514601707458 -0.04144049063324928 -0.5936866998672485 -0.30094534158706665
redkitchen/seq-03/frame-000763.color.png 0.18080446124076843 -0.7975102066993713 1.6908397674560547 0.7004988789558411 -0.05201740190386772 -0.6334443092346191 -0.3245669901371002
redkitchen/seq-03/frame-000764.color.png 0.1658562421798706 -0.7856231331825256 1.693150520324707 0.709752082824707 -0.056921619921922684 -0.6246907114982605 -0.3205827474594116
redkitchen/seq-03/frame-000765.color.png 0.03900161013007164 -0.7995120286941528 1.7351438999176025 0.6732487082481384 -0.0653512179851532 -0.6476030349731445 -0.3508215844631195
redkitchen/seq-03/frame-000766.color.png 0.15371732413768768 -0.7893543243408203 1.6845775842666626 0.6581036448478699 -0.04966125637292862 -0.6636865735054016 -0.3520703613758087
redkitchen/seq-03/frame-000767.color.png 0.16949620842933655 -0.7750931978225708 1.6454427242279053 0.6630642414093018 -0.056559622287750244 -0.6593031287193298 -0.3499514162540436
redkitchen/seq-03/frame-000768.color.png 0.17423146963119507 -0.7313448190689087 1.595786690711975 0.6688195466995239 -0.052237238734960556 -0.6569143533706665 -0.3441150486469269
redkitchen/seq-03/frame-000769.color.png 0.2039141058921814 -0.7496870756149292 1.6044808626174927 0.6708316206932068 -0.04861651733517647 -0.6559496521949768 -0.34256598353385925
redkitchen/seq-03/frame-000770.color.png 0.018578585237264633 -0.755908191204071 1.6322590112686157 0.6826081275939941 -0.06323286145925522 -0.6430091261863708 -0.34144851565361023
redkitchen/seq-03/frame-000771.color.png 0.0817212164402008 -0.7470694780349731 1.6209194660186768 0.6877987384796143 -0.06584864109754562 -0.6330103874206543 -0.34913429617881775
redkitchen/seq-03/frame-000772.color.png 0.0419243760406971 -0.7222604751586914 1.5670772790908813 0.6870400905609131 -0.0582684762775898 -0.6391626596450806 -0.340663880109787
redkitchen/seq-03/frame-000773.color.png 0.03979552164673805 -0.7013342380523682 1.5374424457550049 0.6959964632987976 -0.06916391849517822 -0.6275205016136169 -0.34208691120147705
redkitchen/seq-03/frame-000774.color.png -0.2523186504840851 -0.7228091359138489 1.614741325378418 0.7287681102752686 -0.07457738369703293 -0.5952298641204834 -0.33020710945129395
redkitchen/seq-03/frame-000775.color.png -0.21389877796173096 -0.6629169583320618 1.5478399991989136 0.7248121500015259 -0.07958691567182541 -0.6000000834465027 -0.3291093707084656
redkitchen/seq-03/frame-000776.color.png -0.16993513703346252 -0.7045812010765076 1.6501156091690063 0.715088427066803 -0.08475545793771744 -0.6019752621650696 -0.34509530663490295
redkitchen/seq-03/frame-000777.color.png -0.05279852822422981 -0.6727374196052551 1.5876030921936035 0.7090165019035339 -0.06479668617248535 -0.6192176938056946 -0.3311593532562256
redkitchen/seq-03/frame-000778.color.png -0.1096300333738327 -0.674548327922821 1.6245445013046265 0.7045782208442688 -0.0721864402294159 -0.6190725564956665 -0.3392754793167114
redkitchen/seq-03/frame-000779.color.png -0.20762473344802856 -0.6798278093338013 1.655566930770874 0.73234623670578 -0.07513715326786041 -0.5897329449653625 -0.3320219814777374
redkitchen/seq-03/frame-000780.color.png 0.2763122022151947 -0.6603861451148987 1.6045111417770386 0.7101073861122131 -0.07237545400857925 -0.6125750541687012 -0.3395012319087982
redkitchen/seq-03/frame-000781.color.png 0.11421702802181244 -0.6738098859786987 1.6359918117523193 0.71527498960495 -0.07527121156454086 -0.6045107841491699 -0.3424653708934784
redkitchen/seq-03/frame-000782.color.png -0.18549707531929016 -0.7121098637580872 1.699644684791565 0.7225689888000488 -0.08633625507354736 -0.5923762321472168 -0.34573182463645935
redkitchen/seq-03/frame-000783.color.png 0.09107640385627747 -0.7166211605072021 1.6744931936264038 0.7163174748420715 -0.08569800108671188 -0.6017329096794128 -0.34272828698158264
redkitchen/seq-03/frame-000784.color.png 0.15640896558761597 -0.7378351092338562 1.680665373802185 0.7254883646965027 -0.08828055113554001 -0.5911601781845093 -0.3411783277988434
redkitchen/seq-03/frame-000785.color.png 0.13737541437149048 -0.7312617897987366 1.6766630411148071 0.7361137866973877 -0.0813499316573143 -0.5850469470024109 -0.3305129110813141
redkitchen/seq-03/frame-000786.color.png -0.2394033670425415 -0.7370715737342834 1.7250537872314453 0.756839394569397 -0.08180844038724899 -0.5625033974647522 -0.3226318359375
redkitchen/seq-03/frame-000787.color.png -0.07228951156139374 -0.7588554620742798 1.7343907356262207 0.729261040687561 -0.08404278755187988 -0.5855556130409241 -0.34386003017425537
redkitchen/seq-03/frame-000788.color.png -0.07396356761455536 -0.723848819732666 1.705533504486084 0.7147685885429382 -0.08512410521507263 -0.5999122858047485 -0.3492349088191986
redkitchen/seq-03/frame-000789.color.png -0.014929588884115219 -0.7439947128295898 1.7278234958648682 0.7076335549354553 -0.07852733135223389 -0.60882169008255 -0.34989166259765625
redkitchen/seq-03/frame-000790.color.png -0.04828597977757454 -0.7372387647628784 1.728549838066101 0.7125272750854492 -0.08369654417037964 -0.6021496057510376 -0.3503078520298004
redkitchen/seq-03/frame-000791.color.png 0.005015421658754349 -0.7512062191963196 1.7610281705856323 0.7179214954376221 -0.08594091981649399 -0.5961926579475403 -0.34893718361854553
redkitchen/seq-03/frame-000792.color.png -0.00825021043419838 -0.7472119331359863 1.7564173936843872 0.7336163520812988 -0.08687208592891693 -0.5803386569023132 -0.34273529052734375
redkitchen/seq-03/frame-000793.color.png -0.09052574634552002 -0.7499390840530396 1.7700446844100952 0.71739661693573 -0.0891064703464508 -0.5958278775215149 -0.34984463453292847
redkitchen/seq-03/frame-000794.color.png -0.02727145329117775 -0.7397602796554565 1.7420626878738403 0.730765163898468 -0.09490686655044556 -0.5824487209320068 -0.3431157171726227
redkitchen/seq-03/frame-000795.color.png -0.028897855430841446 -0.7462061047554016 1.7710553407669067 0.7196169495582581 -0.09930139034986496 -0.5915936827659607 -0.3497249186038971
redkitchen/seq-03/frame-000796.color.png -0.17493684589862823 -0.7618607878684998 1.7921807765960693 0.7236552834510803 -0.09801022708415985 -0.5893706679344177 -0.3454841077327728
redkitchen/seq-03/frame-000797.color.png -0.14494624733924866 -0.7723748087882996 1.788598895072937 0.732350766658783 -0.09932730346918106 -0.5788785219192505 -0.34452298283576965
redkitchen/seq-03/frame-000798.color.png -0.1298804134130478 -0.7754100561141968 1.7901537418365479 0.7317608594894409 -0.0946749672293663 -0.5839803814888 -0.3384222984313965
redkitchen/seq-03/frame-000799.color.png -0.2628823220729828 -0.7625877261161804 1.792608618736267 0.7344209551811218 -0.10373225808143616 -0.5706490278244019 -0.35245567560195923
redkitchen/seq-03/frame-000800.color.png -0.12940698862075806 -0.7444584965705872 1.7450882196426392 0.746873676776886 -0.0935291051864624 -0.56427001953125 -0.33916276693344116
redkitchen/seq-03/frame-000801.color.png 0.015045754611492157 -0.7289963960647583 1.718253254890442 0.7270412445068359 -0.09874056279659271 -0.5816347599029541 -0.35122960805892944
redkitchen/seq-03/frame-000802.color.png -0.005769703537225723 -0.7459994554519653 1.728961706161499 0.7224770784378052 -0.09968716651201248 -0.5893533229827881 -0.34749385714530945
redkitchen/seq-03/frame-000803.color.png -0.254092276096344 -0.7587386965751648 1.7854578495025635 0.7350723743438721 -0.10439197719097137 -0.5723159313201904 -0.34817421436309814
redkitchen/seq-03/frame-000804.color.png 0.034894783049821854 -0.7218899130821228 1.7312859296798706 0.7562715411186218 -0.09743332117795944 -0.5571718811988831 -0.32881537079811096
redkitchen/seq-03/frame-000805.color.png -0.07087096571922302 -0.7426267266273499 1.7522112131118774 0.722110390663147 -0.09779476374387741 -0.5896492600440979 -0.3482910394668579
redkitchen/seq-03/frame-000806.color.png 0.10934057831764221 -0.7444201707839966 1.7390257120132446 0.7259726524353027 -0.1009734645485878 -0.5850444436073303 -0.34711816906929016
redkitchen/seq-03/frame-000807.color.png 0.12163890898227692 -0.7354716062545776 1.7315454483032227 0.720896303653717 -0.10467546433210373 -0.5881797075271606 -0.35127803683280945
redkitchen/seq-03/frame-000808.color.png -0.05015551671385765 -0.7599145770072937 1.7911776304244995 0.7223950028419495 -0.11032506823539734 -0.5828091502189636 -0.3553975820541382
redkitchen/seq-03/frame-000809.color.png -0.07284684479236603 -0.7643942832946777 1.7939809560775757 0.7416117787361145 -0.10623875260353088 -0.5660601258277893 -0.34394943714141846
redkitchen/seq-03/frame-000810.color.png -0.14828962087631226 -0.7596328854560852 1.7902038097381592 0.7359243035316467 -0.1063188761472702 -0.573253870010376 -0.3442263603210449
redkitchen/seq-03/frame-000811.color.png -0.08861295878887177 -0.7676103711128235 1.7797958850860596 0.7237206697463989 -0.10546337813138962 -0.5858114957809448 -0.3491857647895813
redkitchen/seq-03/frame-000812.color.png -0.2635047435760498 -0.7699537873268127 1.7791379690170288 0.7474848031997681 -0.10283669084310532 -0.5628862380981445 -0.3374169170856476
redkitchen/seq-03/frame-000813.color.png -0.24007049202919006 -0.7869086265563965 1.7990168333053589 0.7306848168373108 -0.1027330532670021 -0.5811428427696228 -0.3432472348213196
redkitchen/seq-03/frame-000814.color.png -0.19192565977573395 -0.7824820280075073 1.791248083114624 0.7269482016563416 -0.09987707436084747 -0.5802331566810608 -0.3534124493598938
redkitchen/seq-03/frame-000815.color.png -0.2253340482711792 -0.7760494351387024 1.7654362916946411 0.735372006893158 -0.096169114112854 -0.5711265802383423 -0.35184356570243835
redkitchen/seq-03/frame-000816.color.png -0.1925443857908249 -0.7614219188690186 1.7376364469528198 0.7322881817817688 -0.097503162920475 -0.576286256313324 -0.3494873046875
redkitchen/seq-03/frame-000817.color.png -0.3856855630874634 -0.7823472023010254 1.7661701440811157 0.7248889207839966 -0.10568291693925858 -0.5781355500221252 -0.35934168100357056
redkitchen/seq-03/frame-000818.color.png -0.3756296634674072 -0.7850319743156433 1.7467390298843384 0.7559172511100769 -0.09649167209863663 -0.5501667261123657 -0.3414602279663086
redkitchen/seq-03/frame-000819.color.png -0.3620966374874115 -0.7838512063026428 1.739007592201233 0.7535879611968994 -0.0963667556643486 -0.5526869893074036 -0.3425724506378174
redkitchen/seq-03/frame-000820.color.png -0.3817245662212372 -0.771597146987915 1.7481904029846191 0.7382259368896484 -0.09472203999757767 -0.5723183155059814 -0.3442409634590149
redkitchen/seq-03/frame-000821.color.png -0.4473767876625061 -0.7686499357223511 1.7716981172561646 0.8864955306053162 -0.094075508415699 -0.3879829943180084 -0.23397530615329742
redkitchen/seq-03/frame-000822.color.png -0.5609809756278992 -0.7672834396362305 1.7743228673934937 0.8605172038078308 -0.10212785750627518 -0.42521634697914124 -0.2612873911857605
redkitchen/seq-03/frame-000823.color.png -0.4899708926677704 -0.7761592268943787 1.7782589197158813 0.8875065445899963 -0.10703282058238983 -0.37706008553504944 -0.24228449165821075
redkitchen/seq-03/frame-000824.color.png -0.43650904297828674 -0.7881298065185547 1.7654072046279907 0.8107816576957703 -0.10356275737285614 -0.4869024157524109 -0.3079511225223541
redkitchen/seq-03/frame-000825.color.png -0.47461509704589844 -0.7725948691368103 1.7383699417114258 0.814176619052887 -0.09588965028524399 -0.4856240451335907 -0.3034649193286896
redkitchen/seq-03/frame-000826.color.png -0.48967239260673523 -0.8031604886054993 1.776031732559204 0.8087999820709229 -0.10235652327537537 -0.4914012849330902 -0.3064155876636505
redkitchen/seq-03/frame-000827.color.png -0.37668395042419434 -0.787131667137146 1.756108045578003 0.8136712908744812 -0.10511699318885803 -0.47793421149253845 -0.3137965500354767
redkitchen/seq-03/frame-000828.color.png -0.49097034335136414 -0.7785205245018005 1.7423264980316162 0.835870623588562 -0.10191244632005692 -0.45816072821617126 -0.2846450209617615
redkitchen/seq-03/frame-000829.color.png -0.5978707671165466 -0.7949963808059692 1.771058440208435 0.7946990728378296 -0.10517679899930954 -0.5002659559249878 -0.32729992270469666
redkitchen/seq-03/frame-000830.color.png -0.5933147072792053 -0.7826955914497375 1.7707616090774536 0.8288238048553467 -0.09898694604635239 -0.4630776643753052 -0.29801294207572937
redkitchen/seq-03/frame-000831.color.png -0.5143447518348694 -0.7835946679115295 1.7748615741729736 0.8285512328147888 -0.10726361721754074 -0.4578592777252197 -0.3039117157459259
redkitchen/seq-03/frame-000832.color.png -0.5723043084144592 -0.7879199981689453 1.7822855710983276 0.9636688828468323 -0.08758888393640518 -0.20590412616729736 -0.14585599303245544
redkitchen/seq-03/frame-000833.color.png -0.5257017016410828 -0.7750022411346436 1.7622162103652954 0.9495036602020264 -0.09557107836008072 -0.24089109897613525 -0.1768629401922226
redkitchen/seq-03/frame-000834.color.png -0.3460208475589752 -0.7514980435371399 1.725877046585083 0.8944542407989502 -0.10671120136976242 -0.3540169596672058 -0.2514684796333313
redkitchen/seq-03/frame-000835.color.png -0.3023513853549957 -0.7631130814552307 1.7430216073989868 0.9377738237380981 -0.09726396203041077 -0.27446448802948 -0.18918047845363617
redkitchen/seq-03/frame-000836.color.png -0.39239296317100525 -0.7673037648200989 1.726087212562561 0.8608013987541199 -0.1095772311091423 -0.40631020069122314 -0.2862265408039093
redkitchen/seq-03/frame-000837.color.png -0.44695597887039185 -0.738962709903717 1.667883276939392 0.9454032182693481 -0.09410857409238815 -0.24817855656147003 -0.1891128569841385
redkitchen/seq-03/frame-000838.color.png -0.708746612071991 -0.8051237463951111 1.6920053958892822 0.9323088526725769 -0.08908586204051971 -0.27895936369895935 -0.21223986148834229
redkitchen/seq-03/frame-000839.color.png -0.5987007021903992 -0.7956586480140686 1.687930703163147 0.978115975856781 -0.06418396532535553 -0.14673222601413727 -0.13281221687793732
redkitchen/seq-03/frame-000840.color.png -0.34931182861328125 -0.7854675054550171 1.6760358810424805 0.9508159160614014 -0.07159662991762161 -0.24086643755435944 -0.18112507462501526
redkitchen/seq-03/frame-000841.color.png -0.3934791386127472 -0.7913049459457397 1.693040370941162 0.9777074456214905 -0.07516679167747498 -0.14866545796394348 -0.12781505286693573
redkitchen/seq-03/frame-000842.color.png -0.38092923164367676 -0.7756511569023132 1.6739836931228638 0.9845017790794373 -0.06461464613676071 -0.11750241369009018 -0.11302356421947479
redkitchen/seq-03/frame-000843.color.png -0.3113694489002228 -0.7914740443229675 1.7013888359069824 0.9573874473571777 -0.07600419968366623 -0.2242836058139801 -0.1653164178133011
redkitchen/seq-03/frame-000844.color.png -0.17635327577590942 -0.7626386284828186 1.687160849571228 0.9813796281814575 -0.07079149037599564 -0.13776785135269165 -0.11358914524316788
redkitchen/seq-03/frame-000845.color.png -0.08883863687515259 -0.76298987865448 1.6864107847213745 0.946151614189148 -0.07607965916395187 -0.25394195318222046 -0.18580248951911926
redkitchen/seq-03/frame-000846.color.png -0.11235740780830383 -0.7774703502655029 1.7073951959609985 0.9797309637069702 -0.0737265944480896 -0.14522427320480347 -0.11662570387125015
redkitchen/seq-03/frame-000847.color.png -0.10702461004257202 -0.7543842196464539 1.661652684211731 0.9764344692230225 -0.06814417243003845 -0.16271643340587616 -0.12432049959897995
redkitchen/seq-03/frame-000848.color.png -0.35993334650993347 -0.7872099280357361 1.7011617422103882 0.9475759267807007 -0.0774248018860817 -0.2481578141450882 -0.1858035922050476
redkitchen/seq-03/frame-000849.color.png -0.44411277770996094 -0.7972999215126038 1.688171625137329 0.9538213014602661 -0.07100880891084671 -0.2314182072877884 -0.17784295976161957
redkitchen/seq-03/frame-000850.color.png -0.4367099106311798 -0.7774169445037842 1.670725703239441 0.9530867338180542 -0.06421295553445816 -0.23366156220436096 -0.1813959777355194
redkitchen/seq-03/frame-000851.color.png -0.4626214802265167 -0.7720734477043152 1.6600967645645142 0.9361270666122437 -0.0743069052696228 -0.27687880396842957 -0.20367257297039032
redkitchen/seq-03/frame-000852.color.png -0.5809816718101501 -0.7605422139167786 1.6278014183044434 0.929286539554596 -0.07303871214389801 -0.2930655777454376 -0.2126132845878601
redkitchen/seq-03/frame-000853.color.png -0.606764018535614 -0.8076809048652649 1.6992686986923218 0.9731976389884949 -0.06685612350702286 -0.16270500421524048 -0.14813391864299774
redkitchen/seq-03/frame-000854.color.png -0.6012371182441711 -0.7850373387336731 1.6682497262954712 0.9931848049163818 -0.07089786976575851 -0.0491875521838665 -0.07834559679031372
redkitchen/seq-03/frame-000855.color.png -0.5700984597206116 -0.7862029671669006 1.6704084873199463 0.9920514225959778 -0.06405927985906601 -0.0658034011721611 -0.0860251933336258
redkitchen/seq-03/frame-000856.color.png -0.5725682973861694 -0.7992371320724487 1.69654381275177 0.9969024658203125 -0.06986207515001297 0.026261137798428535 -0.024802595376968384
redkitchen/seq-03/frame-000857.color.png -0.3080216944217682 -0.7525867819786072 1.6443917751312256 0.9938321113586426 -0.06405283510684967 -0.05763987451791763 -0.0698048397898674
redkitchen/seq-03/frame-000858.color.png -0.41446390748023987 -0.7565940618515015 1.6583619117736816 0.9888295531272888 -0.08123384416103363 -0.08788996189832687 -0.08883963525295258
redkitchen/seq-03/frame-000859.color.png -0.3571454584598541 -0.7355663180351257 1.6372363567352295 0.9615795612335205 -0.08694729954004288 -0.20200470089912415 -0.1643141210079193
redkitchen/seq-03/frame-000860.color.png -0.4574684202671051 -0.7359904646873474 1.626331090927124 0.968187689781189 -0.0892074927687645 -0.17963629961013794 -0.14961731433868408
redkitchen/seq-03/frame-000861.color.png -0.5900096297264099 -0.7503096461296082 1.6481437683105469 0.9916580319404602 -0.07324129343032837 -0.07976960390806198 -0.0699055939912796
redkitchen/seq-03/frame-000862.color.png -0.4991632401943207 -0.7702360153198242 1.6738390922546387 0.9267982840538025 -0.10411689430475235 -0.2970232665538788 -0.20489458739757538
redkitchen/seq-03/frame-000863.color.png -0.5177269577980042 -0.7744184136390686 1.6815969944000244 0.969628095626831 -0.098358653485775 -0.17090126872062683 -0.14470531046390533
redkitchen/seq-03/frame-000864.color.png -0.6194537878036499 -0.7510209083557129 1.6660630702972412 0.9427183866500854 -0.10662414133548737 -0.2514401078224182 -0.19154949486255646
redkitchen/seq-03/frame-000865.color.png -0.6010085344314575 -0.7304658889770508 1.6184099912643433 0.9950117468833923 -0.07151909917593002 -0.051745615899562836 -0.04646703228354454
redkitchen/seq-03/frame-000866.color.png -0.6656210422515869 -0.6965942978858948 1.5971280336380005 0.9763380289077759 -0.09647722542285919 -0.1590864211320877 -0.11021656543016434
redkitchen/seq-03/frame-000867.color.png -0.5940145254135132 -0.7144874334335327 1.6243770122528076 0.976696252822876 -0.09801311045885086 -0.15668076276779175 -0.10912865400314331
redkitchen/seq-03/frame-000868.color.png -0.6493670344352722 -0.6978603005409241 1.6130958795547485 0.9836207032203674 -0.09898645430803299 -0.11860987544059753 -0.09286411106586456
redkitchen/seq-03/frame-000869.color.png -0.6362030506134033 -0.6675512790679932 1.5743470191955566 0.989518940448761 -0.09586116671562195 -0.09143124520778656 -0.05747406929731369
redkitchen/seq-03/frame-000870.color.png -0.6736878752708435 -0.6572955846786499 1.5480846166610718 0.9956408739089966 -0.08741346001625061 0.02500995434820652 0.02079998143017292
redkitchen/seq-03/frame-000871.color.png -0.577986478805542 -0.6633198857307434 1.5528221130371094 0.9948854446411133 -0.0784631073474884 0.049739960581064224 0.039652708917856216
redkitchen/seq-03/frame-000872.color.png -0.67384934425354 -0.6593427062034607 1.5567528009414673 0.9966740608215332 -0.07810252159833908 0.016746709123253822 0.016138087958097458
redkitchen/seq-03/frame-000873.color.png -0.7426641583442688 -0.6720413565635681 1.5609705448150635 0.9958297610282898 -0.09114371985197067 -0.0039516109973192215 0.0004120370140299201
redkitchen/seq-03/frame-000874.color.png -0.7268350124359131 -0.6665575504302979 1.5546092987060547 0.9909101128578186 -0.07288933545351028 0.08767493069171906 0.07139761745929718
redkitchen/seq-03/frame-000875.color.png -0.7030453085899353 -0.6417302489280701 1.531559705734253 0.9962438941001892 -0.08570783585309982 0.0021107979118824005 0.012158188037574291
redkitchen/seq-03/frame-000876.color.png -0.7363269925117493 -0.6545066833496094 1.5494827032089233 0.9950734376907349 -0.08443593978881836 0.031301677227020264 0.04146779701113701
redkitchen/seq-03/frame-000877.color.png -0.8003243207931519 -0.6399585604667664 1.523637294769287 0.9958449006080627 -0.08241824805736542 0.019508786499500275 0.03346218168735504
redkitchen/seq-03/frame-000878.color.png -0.7825925350189209 -0.6339011192321777 1.5101451873779297 0.9703759551048279 -0.0707339495420456 0.1789238452911377 0.14612863957881927
redkitchen/seq-03/frame-000879.color.png -0.8714901804924011 -0.6489669680595398 1.521883487701416 0.9627566337585449 -0.07042808830738068 0.2003103494644165 0.16737765073776245
redkitchen/seq-03/frame-000880.color.png -0.8468583226203918 -0.6313833594322205 1.4892864227294922 0.9717168211936951 -0.06554757058620453 0.17637692391872406 0.14269262552261353
redkitchen/seq-03/frame-000881.color.png -0.9306186437606812 -0.6486980319023132 1.5183157920837402 0.9636913537979126 -0.05577649548649788 0.20351412892341614 0.16361530125141144
redkitchen/seq-03/frame-000882.color.png -0.9826461672782898 -0.6537789702415466 1.5256574153900146 0.9716658592224121 -0.060506511479616165 0.18015533685684204 0.14052914083003998
redkitchen/seq-03/frame-000883.color.png -0.9408674240112305 -0.6509156227111816 1.5248281955718994 0.9376494288444519 -0.0582796074450016 0.2750794589519501 0.20432433485984802
redkitchen/seq-03/frame-000884.color.png -1.0148983001708984 -0.6380345225334167 1.504984974861145 0.9430841207504272 -0.06361608952283859 0.2664435803890228 0.18855558335781097
redkitchen/seq-03/frame-000885.color.png -0.9933115839958191 -0.6140241026878357 1.4823939800262451 0.9129967093467712 -0.052146270871162415 0.3299945592880249 0.2341400384902954
redkitchen/seq-03/frame-000886.color.png -1.0369092226028442 -0.602642297744751 1.463219165802002 0.8470038771629333 -0.048556916415691376 0.4350436329841614 0.301601767539978
redkitchen/seq-03/frame-000887.color.png -1.0663779973983765 -0.6152463555335999 1.48372220993042 0.8571897745132446 -0.04928429797291756 0.422092080116272 0.290921151638031
redkitchen/seq-03/frame-000888.color.png -1.0621798038482666 -0.600804328918457 1.461289882659912 0.8513936996459961 -0.044173985719680786 0.4240620732307434 0.3055305480957031
redkitchen/seq-03/frame-000889.color.png -1.0987074375152588 -0.5925989747047424 1.4410895109176636 0.8736989498138428 -0.05677724629640579 0.39944466948509216 0.271791011095047
redkitchen/seq-03/frame-000890.color.png -1.0964617729187012 -0.6195487380027771 1.4825395345687866 0.8434222340583801 -0.04192088544368744 0.443757563829422 0.29993465542793274
redkitchen/seq-03/frame-000891.color.png -1.1371901035308838 -0.6198235154151917 1.4840819835662842 0.833798885345459 -0.04926929995417595 0.4558379352092743 0.3075120449066162
redkitchen/seq-03/frame-000892.color.png -1.1617836952209473 -0.6277539134025574 1.493737816810608 0.8158368468284607 -0.04509785398840904 0.48900413513183594 0.30537089705467224
redkitchen/seq-03/frame-000893.color.png -1.1796947717666626 -0.6406121850013733 1.517691731452942 0.8597261309623718 -0.05646342784166336 0.4304807782173157 0.26901480555534363
redkitchen/seq-03/frame-000894.color.png -1.190442442893982 -0.6423905491828918 1.5137637853622437 0.8930433392524719 -0.06873714923858643 0.38615936040878296 0.2205212563276291
redkitchen/seq-03/frame-000895.color.png -1.1794952154159546 -0.644376277923584 1.5107204914093018 0.8578633666038513 -0.06103675067424774 0.4382030963897705 0.2613869309425354
redkitchen/seq-03/frame-000896.color.png -1.1861287355422974 -0.6420345306396484 1.5135297775268555 0.834441602230072 -0.061002522706985474 0.47710153460502625 0.26899808645248413
redkitchen/seq-03/frame-000897.color.png -1.2084791660308838 -0.637933611869812 1.509805679321289 0.8519072532653809 -0.0687524825334549 0.4571649134159088 0.24602334201335907
redkitchen/seq-03/frame-000898.color.png -1.2326979637145996 -0.6375890374183655 1.49399995803833 0.8510718941688538 -0.0664355456829071 0.4585074186325073 0.24705034494400024
redkitchen/seq-03/frame-000899.color.png -1.2378476858139038 -0.6365402340888977 1.4926836490631104 0.8661958575248718 -0.07113292813301086 0.4318877160549164 0.24107672274112701
redkitchen/seq-03/frame-000900.color.png -1.260904312133789 -0.6242005825042725 1.4984585046768188 0.8513671159744263 -0.07485929131507874 0.4541902244091034 0.251557856798172
redkitchen/seq-03/frame-000901.color.png -1.24473237991333 -0.6143592000007629 1.4912728071212769 0.8393987417221069 -0.06836942583322525 0.46702665090560913 0.2694837749004364
redkitchen/seq-03/frame-000902.color.png -1.2553521394729614 -0.6225204467773438 1.4972447156906128 0.8319334983825684 -0.07639546692371368 0.48053857684135437 0.2667080760002136
redkitchen/seq-03/frame-000903.color.png -1.2660202980041504 -0.6271874904632568 1.4976598024368286 0.8041901588439941 -0.08470102399587631 0.5155909061431885 0.2833195924758911
redkitchen/seq-03/frame-000904.color.png -1.2596546411514282 -0.6275039911270142 1.5064975023269653 0.8300703167915344 -0.09545695036649704 0.4809207618236542 0.2656807005405426
redkitchen/seq-03/frame-000905.color.png -1.2692748308181763 -0.6303297877311707 1.520128846168518 0.8216882348060608 -0.08931555598974228 0.4913788437843323 0.274586945772171
redkitchen/seq-03/frame-000906.color.png -1.2632725238800049 -0.6169607639312744 1.4932798147201538 0.8269416689872742 -0.08389224112033844 0.48697593808174133 0.2682986259460449
redkitchen/seq-03/frame-000907.color.png -1.2676715850830078 -0.6177353262901306 1.493093729019165 0.8251964449882507 -0.07171054929494858 0.48763981461524963 0.27589094638824463
redkitchen/seq-03/frame-000908.color.png -1.2809888124465942 -0.6134576797485352 1.478990912437439 0.8109046816825867 -0.08411331474781036 0.5014415383338928 0.28968071937561035
redkitchen/seq-03/frame-000909.color.png -1.2766913175582886 -0.6066371202468872 1.4619731903076172 0.8160560131072998 -0.0958632379770279 0.49574753642082214 0.28124213218688965
redkitchen/seq-03/frame-000910.color.png -1.2685728073120117 -0.6049609780311584 1.4644947052001953 0.8055995106697083 -0.08825370669364929 0.507939875125885 0.2919207215309143
redkitchen/seq-03/frame-000911.color.png -1.2660199403762817 -0.6122870445251465 1.478338360786438 0.8061916828155518 -0.08201313018798828 0.5072388052940369 0.2933216094970703
redkitchen/seq-03/frame-000912.color.png -1.2746435403823853 -0.6010701656341553 1.470076084136963 0.8092476725578308 -0.08691994845867157 0.5038110017776489 0.28937458992004395
redkitchen/seq-03/frame-000913.color.png -1.2611465454101562 -0.6011166572570801 1.4699400663375854 0.812035858631134 -0.08825042843818665 0.5029820203781128 0.2825221121311188
redkitchen/seq-03/frame-000914.color.png -1.254948377609253 -0.6061344146728516 1.476993203163147 0.7982102036476135 -0.08632674068212509 0.5191268920898438 0.2931132912635803
redkitchen/seq-03/frame-000915.color.png -1.2525520324707031 -0.5931500792503357 1.466270089149475 0.799205482006073 -0.0833943635225296 0.5145018696784973 0.29933881759643555
redkitchen/seq-03/frame-000916.color.png -1.239731788635254 -0.6116658449172974 1.4848453998565674 0.8106018900871277 -0.08370696008205414 0.5025913119316101 0.28865155577659607
redkitchen/seq-03/frame-000917.color.png -1.2411527633666992 -0.616346001625061 1.5058841705322266 0.8034716248512268 -0.08692464977502823 0.5075543522834778 0.29877445101737976
redkitchen/seq-03/frame-000918.color.png -1.244099497795105 -0.6088482141494751 1.496177315711975 0.8084036707878113 -0.08456922322511673 0.5032690167427063 0.29334595799446106
redkitchen/seq-03/frame-000919.color.png -1.2354758977890015 -0.6053643226623535 1.498182773590088 0.8136290907859802 -0.07318316400051117 0.5004224181175232 0.286756306886673
redkitchen/seq-03/frame-000920.color.png -1.243967056274414 -0.5980879664421082 1.4760794639587402 0.8049243688583374 -0.07298702001571655 0.5054305195808411 0.30217471718788147
redkitchen/seq-03/frame-000921.color.png -1.2329280376434326 -0.5964674949645996 1.4857314825057983 0.8117414116859436 -0.07080104202032089 0.49857303500175476 0.29578372836112976
redkitchen/seq-03/frame-000922.color.png -1.2189083099365234 -0.5960017442703247 1.4905658960342407 0.8056994080543518 -0.06532783806324005 0.5046834945678711 0.30310940742492676
redkitchen/seq-03/frame-000923.color.png -1.23296058177948 -0.5966460704803467 1.4875383377075195 0.8090080618858337 -0.0638560950756073 0.5004359483718872 0.30164942145347595
redkitchen/seq-03/frame-000924.color.png -1.2382935285568237 -0.584132969379425 1.4741944074630737 0.8108775615692139 -0.06661640852689743 0.49908921122550964 0.2982446551322937
redkitchen/seq-03/frame-000925.color.png -1.2195528745651245 -0.5757529139518738 1.478823184967041 0.8109238743782043 -0.05802806094288826 0.5015557408332825 0.29576534032821655
redkitchen/seq-03/frame-000926.color.png -1.2354403734207153 -0.5852000713348389 1.4945803880691528 0.821857750415802 -0.0622938796877861 0.4903816878795624 0.2831873595714569
redkitchen/seq-03/frame-000927.color.png -1.2547152042388916 -0.5896125435829163 1.5143036842346191 0.8205846548080444 -0.057505153119564056 0.4955507814884186 0.2788606584072113
redkitchen/seq-03/frame-000928.color.png -1.2538596391677856 -0.5965826511383057 1.5158175230026245 0.8168702125549316 -0.05612935498356819 0.4971769452095032 0.28703227639198303
redkitchen/seq-03/frame-000929.color.png -1.2537999153137207 -0.5943982005119324 1.5217387676239014 0.8164690732955933 -0.050396621227264404 0.49750614166259766 0.2886624336242676
redkitchen/seq-03/frame-000930.color.png -1.260503888130188 -0.5885568857192993 1.5097423791885376 0.8271006941795349 -0.057329900562763214 0.4836903512477875 0.28046637773513794
redkitchen/seq-03/frame-000931.color.png -1.2729506492614746 -0.579363226890564 1.4996836185455322 0.8262419700622559 -0.06319470703601837 0.49184557795524597 0.2672421932220459
redkitchen/seq-03/frame-000932.color.png -1.2633131742477417 -0.5823983550071716 1.491944432258606 0.8261705636978149 -0.057396337389945984 0.4983908236026764 0.2564261257648468
redkitchen/seq-03/frame-000933.color.png -1.2682874202728271 -0.5917562246322632 1.4972716569900513 0.8241997361183167 -0.06064395233988762 0.5035842061042786 0.25183334946632385
redkitchen/seq-03/frame-000934.color.png -1.2614632844924927 -0.5883773565292358 1.4670192003250122 0.8324401378631592 -0.0713164284825325 0.48865142464637756 0.25135087966918945
redkitchen/seq-03/frame-000935.color.png -1.2602301836013794 -0.5810469388961792 1.4498422145843506 0.8321309089660645 -0.06674240529537201 0.49520477652549744 0.24057404696941376
redkitchen/seq-03/frame-000936.color.png -1.2623658180236816 -0.5833713412284851 1.4622504711151123 0.834699273109436 -0.0730585977435112 0.4916554093360901 0.23709620535373688
redkitchen/seq-03/frame-000937.color.png -1.270728349685669 -0.5967519879341125 1.4746438264846802 0.8344312310218811 -0.07196357101202011 0.4919525384902954 0.23775693774223328
redkitchen/seq-03/frame-000938.color.png -1.2568951845169067 -0.5788272023200989 1.466436505317688 0.8365010023117065 -0.07100502401590347 0.49052685499191284 0.23368293046951294
redkitchen/seq-03/frame-000939.color.png -1.2642543315887451 -0.5786884427070618 1.4577054977416992 0.836357831954956 -0.07514403760433197 0.4884067475795746 0.23731371760368347
redkitchen/seq-03/frame-000940.color.png -1.2689855098724365 -0.5863147974014282 1.4680078029632568 0.8361296057701111 -0.07572762668132782 0.4908600449562073 0.23282845318317413
redkitchen/seq-03/frame-000941.color.png -1.2721889019012451 -0.5873339772224426 1.4698964357376099 0.8369050621986389 -0.08206092566251755 0.4885610342025757 0.23273155093193054
redkitchen/seq-03/frame-000942.color.png -1.261423945426941 -0.5748285055160522 1.465225338935852 0.8432141542434692 -0.0808795914053917 0.47928786277770996 0.22963367402553558
redkitchen/seq-03/frame-000943.color.png -1.2627702951431274 -0.570607602596283 1.4512922763824463 0.8496205806732178 -0.08500508964061737 0.4714416265487671 0.22059454023838043
redkitchen/seq-03/frame-000944.color.png -1.2678371667861938 -0.5700728297233582 1.4665545225143433 0.8468517065048218 -0.09667812287807465 0.47315388917922974 0.222757488489151
redkitchen/seq-03/frame-000945.color.png -1.2613651752471924 -0.5615559220314026 1.4661723375320435 0.854583203792572 -0.0894700139760971 0.46223676204681396 0.21913407742977142
redkitchen/seq-03/frame-000946.color.png -1.2536746263504028 -0.5527068376541138 1.4369277954101562 0.8585054278373718 -0.08072127401828766 0.457847535610199 0.2163977324962616
redkitchen/seq-03/frame-000947.color.png -1.2458986043930054 -0.5657399892807007 1.4504687786102295 0.8576088547706604 -0.08505462110042572 0.46005117893218994 0.21360215544700623
redkitchen/seq-03/frame-000948.color.png -1.2417291402816772 -0.5590786933898926 1.4260263442993164 0.8655115962028503 -0.08017419278621674 0.4462021291255951 0.21299131214618683
redkitchen/seq-03/frame-000949.color.png -1.2379343509674072 -0.560096025466919 1.4222943782806396 0.8613356947898865 -0.08297039568424225 0.4513409733772278 0.21796289086341858
redkitchen/seq-03/frame-000950.color.png -1.2325036525726318 -0.5673611760139465 1.4353243112564087 0.8623062968254089 -0.08567145466804504 0.45310500264167786 0.20924651622772217
redkitchen/seq-03/frame-000951.color.png -1.2209495306015015 -0.5598130226135254 1.398240566253662 0.8710824847221375 -0.08452004939317703 0.43551090359687805 0.21071761846542358
redkitchen/seq-03/frame-000952.color.png -1.207624912261963 -0.5662201642990112 1.4098914861679077 0.8704994320869446 -0.08716074377298355 0.43567797541618347 0.21170355379581451
redkitchen/seq-03/frame-000953.color.png -1.2286087274551392 -0.5737802982330322 1.4175140857696533 0.8769645094871521 -0.09458111226558685 0.4253707230091095 0.20260143280029297
redkitchen/seq-03/frame-000954.color.png -1.21361243724823 -0.5799962282180786 1.385827660560608 0.8799368739128113 -0.09221728891134262 0.4205695390701294 0.20081846415996552
redkitchen/seq-03/frame-000955.color.png -1.22049880027771 -0.5844926238059998 1.3789197206497192 0.8880894184112549 -0.0986427366733551 0.4033772647380829 0.1971132457256317
redkitchen/seq-03/frame-000956.color.png -1.2263518571853638 -0.5817227959632874 1.3765583038330078 0.893315315246582 -0.09595006704330444 0.3939821422100067 0.19380326569080353
redkitchen/seq-03/frame-000957.color.png -1.2297170162200928 -0.5819939970970154 1.3743314743041992 0.8986609578132629 -0.09640789777040482 0.38490208983421326 0.1869879812002182
redkitchen/seq-03/frame-000958.color.png -1.234866738319397 -0.5825396180152893 1.3647233247756958 0.9021488428115845 -0.09692543745040894 0.3778051435947418 0.18438023328781128
redkitchen/seq-03/frame-000959.color.png -1.2312450408935547 -0.584389328956604 1.365725040435791 0.8984987139701843 -0.09541651606559753 0.38798266649246216 0.18183821439743042
redkitchen/seq-03/frame-000960.color.png -1.2070097923278809 -0.5814597010612488 1.3485431671142578 0.9026395678520203 -0.09406184405088425 0.38135018944740295 0.17597225308418274
redkitchen/seq-03/frame-000961.color.png -1.1912447214126587 -0.5803409218788147 1.3418045043945312 0.900907039642334 -0.09586049616336823 0.38544097542762756 0.1749640256166458
redkitchen/seq-03/frame-000962.color.png -1.1929947137832642 -0.5999680161476135 1.3667110204696655 0.9070534110069275 -0.0926489531993866 0.3729129135608673 0.172064870595932
redkitchen/seq-03/frame-000963.color.png -1.1784504652023315 -0.578106701374054 1.327914834022522 0.9119503498077393 -0.08433198928833008 0.36338385939598083 0.17084193229675293
redkitchen/seq-03/frame-000964.color.png -1.18712317943573 -0.5779323577880859 1.3288060426712036 0.9134281873703003 -0.0877382829785347 0.36090022325515747 0.16643911600112915
redkitchen/seq-03/frame-000965.color.png -1.196365475654602 -0.5654468536376953 1.3363028764724731 0.9108871221542358 -0.08976782858371735 0.36825868487358093 0.16313205659389496
redkitchen/seq-03/frame-000966.color.png -1.1946848630905151 -0.5715624690055847 1.3415093421936035 0.9120606780052185 -0.09189323335886002 0.36220869421958923 0.16883601248264313
redkitchen/seq-03/frame-000967.color.png -1.1985547542572021 -0.5761871337890625 1.3495664596557617 0.9235299825668335 -0.09623667597770691 0.33271148800849915 0.16472387313842773
redkitchen/seq-03/frame-000968.color.png -1.1969419717788696 -0.5741516351699829 1.3369741439819336 0.9225174784660339 -0.08855045586824417 0.3376818299293518 0.16459447145462036
redkitchen/seq-03/frame-000969.color.png -1.1940311193466187 -0.578527569770813 1.3426949977874756 0.9249191284179688 -0.08984936028718948 0.3310532867908478 0.16387593746185303
redkitchen/seq-03/frame-000970.color.png -1.1896525621414185 -0.5835984349250793 1.3203165531158447 0.9319391846656799 -0.09687990695238113 0.31092369556427 0.1594686657190323
redkitchen/seq-03/frame-000971.color.png -1.186160683631897 -0.5938131213188171 1.3116763830184937 0.9348106384277344 -0.09975673258304596 0.3048439621925354 0.1524721086025238
redkitchen/seq-03/frame-000972.color.png -1.1881951093673706 -0.586689293384552 1.2891852855682373 0.9359764456748962 -0.10314127802848816 0.30045217275619507 0.1517838090658188
redkitchen/seq-03/frame-000973.color.png -1.198462963104248 -0.590347945690155 1.2879060506820679 0.936665415763855 -0.10207201540470123 0.2984136641025543 0.1522771567106247
redkitchen/seq-03/frame-000974.color.png -1.1884195804595947 -0.6150463819503784 1.2894614934921265 0.9418883323669434 -0.10600588470697403 0.2820027768611908 0.14860524237155914
redkitchen/seq-03/frame-000975.color.png -1.1906298398971558 -0.6150304079055786 1.2605608701705933 0.9442389607429504 -0.11044184118509293 0.2759058177471161 0.14174385368824005
redkitchen/seq-03/frame-000976.color.png -1.199959635734558 -0.6288759112358093 1.2630956172943115 0.9471222162246704 -0.11050597578287125 0.2649649381637573 0.14332367479801178
redkitchen/seq-03/frame-000977.color.png -1.198775291442871 -0.6242144703865051 1.2354592084884644 0.9485783576965332 -0.11372312903404236 0.26249271631240845 0.13551245629787445
redkitchen/seq-03/frame-000978.color.png -1.209504246711731 -0.6137403845787048 1.2217307090759277 0.9498230814933777 -0.11338502168655396 0.2600761950016022 0.13168254494667053
redkitchen/seq-03/frame-000979.color.png -1.1838973760604858 -0.6209496855735779 1.2081785202026367 0.9513151049613953 -0.11997748166322708 0.2518187463283539 0.13111956417560577
redkitchen/seq-03/frame-000980.color.png -1.1585723161697388 -0.6065588593482971 1.2105604410171509 0.9549826979637146 -0.12572485208511353 0.2370554357767105 0.1265159398317337
redkitchen/seq-03/frame-000981.color.png -1.1495158672332764 -0.5984359979629517 1.151073694229126 0.9567369818687439 -0.12691713869571686 0.229136124253273 0.12666095793247223
redkitchen/seq-03/frame-000982.color.png -1.176161527633667 -0.6049716472625732 1.1398227214813232 0.9601407647132874 -0.11574500054121017 0.22197219729423523 0.12434308975934982
redkitchen/seq-03/frame-000983.color.png -1.1771901845932007 -0.6001060605049133 1.1457058191299438 0.9610136151313782 -0.11668790131807327 0.21890680491924286 0.1221335232257843
redkitchen/seq-03/frame-000984.color.png -1.1696974039077759 -0.5906120538711548 1.1194688081741333 0.9651288390159607 -0.11557558178901672 0.20562590658664703 0.11351852118968964
redkitchen/seq-03/frame-000985.color.png -1.1855628490447998 -0.598292887210846 1.0794408321380615 0.9643427133560181 -0.11589249223470688 0.21021167933940887 0.1114586740732193
redkitchen/seq-03/frame-000986.color.png -1.1659361124038696 -0.5991623997688293 1.0953222513198853 0.9676617383956909 -0.1155090406537056 0.19827042520046234 0.10477302223443985
redkitchen/seq-03/frame-000987.color.png -1.1437994241714478 -0.5838016867637634 1.0841200351715088 0.9700279235839844 -0.1055179014801979 0.19490090012550354 0.09962569922208786
redkitchen/seq-03/frame-000988.color.png -1.1267303228378296 -0.5931013822555542 1.1245964765548706 0.9706882238388062 -0.1064571812748909 0.19029617309570312 0.10108628123998642
redkitchen/seq-03/frame-000989.color.png -1.1335338354110718 -0.5996108651161194 1.1059762239456177 0.9724273681640625 -0.10449311882257462 0.183253675699234 0.09941926598548889
redkitchen/seq-03/frame-000990.color.png -1.1303515434265137 -0.5805968046188354 1.0915181636810303 0.9723345637321472 -0.10385719686746597 0.1860889345407486 0.0956568717956543
redkitchen/seq-03/frame-000991.color.png -1.1266380548477173 -0.5574357509613037 1.076326608657837 0.974220871925354 -0.09857765585184097 0.18037651479244232 0.09295373409986496
redkitchen/seq-03/frame-000992.color.png -1.1294960975646973 -0.5857011675834656 1.1307909488677979 0.9765058159828186 -0.10260047763586044 0.1672254055738449 0.08913518488407135
redkitchen/seq-03/frame-000993.color.png -1.1197422742843628 -0.5965070724487305 1.1547545194625854 0.9746132493019104 -0.10905906558036804 0.17429925501346588 0.08862689882516861
redkitchen/seq-03/frame-000994.color.png -1.114804983139038 -0.5772480368614197 1.135942816734314 0.9773964881896973 -0.10306411981582642 0.16311196982860565 0.0864204615354538
redkitchen/seq-03/frame-000995.color.png -1.1242156028747559 -0.5658538937568665 1.120289921760559 0.9801375865936279 -0.10191382467746735 0.1517980843782425 0.07682060450315475
redkitchen/seq-03/frame-000996.color.png -1.107838749885559 -0.5520098209381104 1.1158849000930786 0.9818376302719116 -0.09660499542951584 0.14580681920051575 0.07350311428308487
redkitchen/seq-03/frame-000997.color.png -1.098233699798584 -0.579939603805542 1.154162049293518 0.9820631742477417 -0.09693030267953873 0.1444934904575348 0.07264973223209381
redkitchen/seq-03/frame-000998.color.png -1.0809037685394287 -0.5979150533676147 1.1458179950714111 0.9824674725532532 -0.09603042155504227 0.14333733916282654 0.07064325362443924
redkitchen/seq-03/frame-000999.color.png -1.0895756483078003 -0.5754382610321045 1.1254829168319702 0.9829654693603516 -0.10090845823287964 0.13902372121810913 0.06533457338809967
redkitchen/seq-04/frame-000000.color.png 1.248166799545288 -0.21557852625846863 0.7269551157951355 0.9902629852294922 0.05591409280896187 0.1064462885260582 0.07015836983919144
redkitchen/seq-04/frame-000001.color.png 1.2505444288253784 -0.21534380316734314 0.732149600982666 0.9905296564102173 0.059766098856925964 0.1038810983300209 0.06699039041996002
redkitchen/seq-04/frame-000002.color.png 1.249988079071045 -0.2120741307735443 0.7161958813667297 0.9898757338523865 0.0548006072640419 0.11376213282346725 0.06481688469648361
redkitchen/seq-04/frame-000003.color.png 1.2687351703643799 -0.2137504667043686 0.7345865964889526 0.9899839758872986 0.0599406398832798 0.11034338176250458 0.06452284008264542
redkitchen/seq-04/frame-000004.color.png 1.2624253034591675 -0.21044379472732544 0.7372546195983887 0.9895531535148621 0.06121411547064781 0.11399909853935242 0.0635734349489212
redkitchen/seq-04/frame-000005.color.png 1.247999668121338 -0.21464237570762634 0.7222127318382263 0.9888013601303101 0.05711747705936432 0.1220136508345604 0.0642036497592926
redkitchen/seq-04/frame-000006.color.png 1.2504758834838867 -0.21753200888633728 0.7128182649612427 0.9893239736557007 0.05962375923991203 0.11552984267473221 0.06584744900465012
redkitchen/seq-04/frame-000007.color.png 1.2413029670715332 -0.216017946600914 0.7182666063308716 0.9885000586509705 0.05984174460172653 0.12206485122442245 0.06623277068138123
redkitchen/seq-04/frame-000008.color.png 1.2386571168899536 -0.21907201409339905 0.7271281480789185 0.9881750345230103 0.060097165405750275 0.12411829829216003 0.06703025102615356
redkitchen/seq-04/frame-000009.color.png 1.246941328048706 -0.21888367831707 0.7314824461936951 0.9883891940116882 0.0526583306491375 0.12554359436035156 0.06747369468212128
redkitchen/seq-04/frame-000010.color.png 1.2385174036026 -0.22360855340957642 0.7225058078765869 0.9881110787391663 0.056973643600940704 0.12613175809383392 0.06694212555885315
redkitchen/seq-04/frame-000011.color.png 1.2401586771011353 -0.22025731205940247 0.7300840616226196 0.9881108999252319 0.059297025203704834 0.12552820146083832 0.0660557672381401
redkitchen/seq-04/frame-000012.color.png 1.2235240936279297 -0.21462568640708923 0.7264354228973389 0.9879997372627258 0.058967262506484985 0.12627746164798737 0.06658273190259933
redkitchen/seq-04/frame-000013.color.png 1.1993829011917114 -0.22146323323249817 0.7211629748344421 0.9874382615089417 0.05498833954334259 0.1316646784543991 0.06786912679672241
redkitchen/seq-04/frame-000014.color.png 1.1932626962661743 -0.22377048432826996 0.720137894153595 0.9883768558502197 0.05459184944629669 0.126093327999115 0.06504913419485092
redkitchen/seq-04/frame-000015.color.png 1.1933891773223877 -0.2185809165239334 0.7040797472000122 0.9879204630851746 0.0560615137219429 0.12782807648181915 0.06730788946151733
redkitchen/seq-04/frame-000016.color.png 1.1736268997192383 -0.21832717955112457 0.6898876428604126 0.9879254102706909 0.054593153297901154 0.12814365327358246 0.06783869862556458
redkitchen/seq-04/frame-000017.color.png 1.168843388557434 -0.220280259847641 0.6878387928009033 0.9883652329444885 0.051423829048871994 0.1268126666545868 0.06639506667852402
redkitchen/seq-04/frame-000018.color.png 1.1766330003738403 -0.21138907968997955 0.6891293525695801 0.9887793064117432 0.050846826285123825 0.12432651966810226 0.06536857038736343
redkitchen/seq-04/frame-000019.color.png 1.179801106452942 -0.2145640105009079 0.6949893832206726 0.9884454011917114 0.048156000673770905 0.12831977009773254 0.0647357627749443
redkitchen/seq-04/frame-000020.color.png 1.1921037435531616 -0.21900463104248047 0.7064783573150635 0.9884542226791382 0.050791285932064056 0.12727811932563782 0.06464409828186035
redkitchen/seq-04/frame-000021.color.png 1.184965968132019 -0.21450476348400116 0.7012774348258972 0.9887166619300842 0.05384562164545059 0.12397994846105576 0.06456887722015381
redkitchen/seq-04/frame-000022.color.png 1.2000465393066406 -0.21059228479862213 0.7059991359710693 0.9894858002662659 0.05592888966202736 0.11815319955348969 0.06188461184501648
redkitchen/seq-04/frame-000023.color.png 1.1889241933822632 -0.209917813539505 0.6931400895118713 0.9902735352516174 0.055315520614385605 0.11374036222696304 0.057980384677648544
redkitchen/seq-04/frame-000024.color.png 1.1672849655151367 -0.208046093583107 0.6736056804656982 0.9907469153404236 0.05499468371272087 0.11026844382286072 0.05689524859189987
redkitchen/seq-04/frame-000025.color.png 1.207410216331482 -0.2153032422065735 0.6688852906227112 0.9919887781143188 0.06169668585062027 0.09655553847551346 0.05318708345293999
redkitchen/seq-04/frame-000026.color.png 1.2067539691925049 -0.22428692877292633 0.6528518199920654 0.9931818246841431 0.05676695331931114 0.09324781596660614 0.04089260473847389
redkitchen/seq-04/frame-000027.color.png 1.2383798360824585 -0.21580415964126587 0.6715078949928284 0.9936074018478394 0.05163625255227089 0.09285426139831543 0.03815815597772598
redkitchen/seq-04/frame-000028.color.png 1.2480155229568481 -0.2149709314107895 0.678874671459198 0.9940001368522644 0.05171828716993332 0.08998876810073853 0.03451233357191086
redkitchen/seq-04/frame-000029.color.png 1.2595911026000977 -0.2203608900308609 0.6971355676651001 0.993799090385437 0.050845514982938766 0.09454454481601715 0.028972962871193886
redkitchen/seq-04/frame-000030.color.png 1.2648845911026 -0.20432865619659424 0.6954413652420044 0.9935179352760315 0.05327693000435829 0.09449488669633865 0.033975936472415924
redkitchen/seq-04/frame-000031.color.png 1.2598506212234497 -0.21298159658908844 0.7233294248580933 0.991829514503479 0.059686705470085144 0.10339545458555222 0.04495643079280853
redkitchen/seq-04/frame-000032.color.png 1.3014637231826782 -0.20095930993556976 0.6920943260192871 0.9925392866134644 0.054997216910123825 0.09961405396461487 0.04379613697528839
redkitchen/seq-04/frame-000033.color.png 1.2964426279067993 -0.16795392334461212 0.6922780871391296 0.9959670305252075 0.05236941576004028 0.06433697044849396 0.03417482599616051
redkitchen/seq-04/frame-000034.color.png 1.320468783378601 -0.2037235051393509 0.6756001710891724 0.9955080151557922 0.04232526943087578 0.07940750569105148 0.02944360300898552
redkitchen/seq-04/frame-000035.color.png 1.3092992305755615 -0.22791427373886108 0.6781171560287476 0.9939782023429871 0.04119919240474701 0.09696364402770996 0.030134787783026695
redkitchen/seq-04/frame-000036.color.png 1.2992727756500244 -0.2152751386165619 0.6553085446357727 0.9956549406051636 0.04499501734972 0.07611855864524841 0.029199615120887756
redkitchen/seq-04/frame-000037.color.png 1.287168264389038 -0.21094965934753418 0.6232304573059082 0.9963819980621338 0.04517403244972229 0.06795363873243332 0.02376534417271614
redkitchen/seq-04/frame-000038.color.png 1.3092368841171265 -0.18712395429611206 0.6557180881500244 0.9974223971366882 0.03317848592996597 0.05908502638339996 0.023596886545419693
redkitchen/seq-04/frame-000039.color.png 1.3281970024108887 -0.20846325159072876 0.634000301361084 0.9971941709518433 0.025839997455477715 0.0672774463891983 0.020248139277100563
redkitchen/seq-04/frame-000040.color.png 1.3475587368011475 -0.22678455710411072 0.6269256472587585 0.997000515460968 0.026844097301363945 0.07097470015287399 0.015231933444738388
redkitchen/seq-04/frame-000041.color.png 1.3456050157546997 -0.24619606137275696 0.6294405460357666 0.9991501569747925 0.020287569612264633 0.03546256199479103 0.005455123260617256
redkitchen/seq-04/frame-000042.color.png 1.3718425035476685 -0.2481856346130371 0.6416765451431274 0.9984192252159119 0.018318751826882362 0.05286895111203194 -0.005339676979929209
redkitchen/seq-04/frame-000043.color.png 1.3707661628723145 -0.2673490345478058 0.6415974497795105 0.9971204996109009 0.018493957817554474 0.07322585582733154 -0.0068462505005300045
redkitchen/seq-04/frame-000044.color.png 1.3527675867080688 -0.27461811900138855 0.6419463753700256 0.9971699118614197 0.012682994827628136 0.07406195998191833 -0.002465804573148489
redkitchen/seq-04/frame-000045.color.png 1.355254888534546 -0.28721883893013 0.6333895921707153 0.9972096085548401 0.0041347043588757515 0.07392056286334991 -0.009568833746016026
redkitchen/seq-04/frame-000046.color.png 1.3403222560882568 -0.2737255096435547 0.6167659163475037 0.9975736737251282 0.011729844845831394 0.06838970631361008 -0.00567168602719903
redkitchen/seq-04/frame-000047.color.png 1.3523916006088257 -0.27128228545188904 0.6185677647590637 0.9979526400566101 0.009498806670308113 0.06298407167196274 -0.0057715498842298985
redkitchen/seq-04/frame-000048.color.png 1.376022219657898 -0.2734784781932831 0.6203678846359253 0.9982243776321411 0.016291925683617592 0.056334808468818665 -0.010452665388584137
redkitchen/seq-04/frame-000049.color.png 1.3703629970550537 -0.27347835898399353 0.6071547269821167 0.9983455538749695 0.01828712411224842 0.0526028573513031 -0.014303822070360184
redkitchen/seq-04/frame-000050.color.png 1.3753269910812378 -0.28263774514198303 0.6047645211219788 0.9986696243286133 0.022806422784924507 0.0425749346613884 -0.01806512475013733
redkitchen/seq-04/frame-000051.color.png 1.3799484968185425 -0.29198744893074036 0.6191520690917969 0.9984980821609497 0.01604342646896839 0.04909779131412506 -0.01825876161456108
redkitchen/seq-04/frame-000052.color.png 1.37640380859375 -0.2827359139919281 0.6044735908508301 0.9983433485031128 0.019843026995658875 0.04931475594639778 -0.022015219554305077
redkitchen/seq-04/frame-000053.color.png 1.359079122543335 -0.29148542881011963 0.5901034474372864 0.998744010925293 0.015940045937895775 0.03920631855726242 -0.02681575156748295
redkitchen/seq-04/frame-000054.color.png 1.3609987497329712 -0.3048411011695862 0.5892966985702515 0.998272716999054 0.008085086941719055 0.05435648187994957 -0.020774951204657555
redkitchen/seq-04/frame-000055.color.png 1.3900831937789917 -0.252760112285614 0.6423413157463074 0.9991011023521423 0.015534458681941032 0.00812610425055027 -0.038593098521232605
redkitchen/seq-04/frame-000056.color.png 1.3703378438949585 -0.28767597675323486 0.5956271886825562 0.9991790652275085 0.015125896781682968 0.018600570037961006 -0.0326555110514164
redkitchen/seq-04/frame-000057.color.png 1.3841369152069092 -0.31557774543762207 0.5930234789848328 0.9993305802345276 0.012370584532618523 0.019099032506346703 -0.028640683740377426
redkitchen/seq-04/frame-000058.color.png 1.3537626266479492 -0.2930884063243866 0.5540950298309326 0.9990274906158447 0.0071054198779165745 0.0017431495944038033 -0.04348054528236389
redkitchen/seq-04/frame-000059.color.png 1.3697370290756226 -0.31496307253837585 0.5680339932441711 0.9990036487579346 -0.0005577242118306458 0.01919681206345558 -0.0402831956744194
redkitchen/seq-04/frame-000060.color.png 1.366999864578247 -0.3025432527065277 0.5499429106712341 0.9990684390068054 0.004575379192829132 -0.006648379843682051 -0.04239022731781006
redkitchen/seq-04/frame-000061.color.png 1.373354434967041 -0.33717676997184753 0.5489737391471863 0.9989288449287415 -0.005616927519440651 0.017782816663384438 -0.042350560426712036
redkitchen/seq-04/frame-000062.color.png 1.3746768236160278 -0.3390694260597229 0.535647988319397 0.9991315603256226 -0.005982699804008007 0.012732716277241707 -0.03922232240438461
redkitchen/seq-04/frame-000063.color.png 1.3816654682159424 -0.318366676568985 0.5615032315254211 0.9980451464653015 -0.013912678696215153 -0.026143066585063934 -0.05503657087683678
redkitchen/seq-04/frame-000064.color.png 1.343019723892212 -0.32544565200805664 0.5400705933570862 0.9991770386695862 -0.0050085848197340965 -0.007898911833763123 -0.03947054222226143
redkitchen/seq-04/frame-000065.color.png 1.342410683631897 -0.3462296426296234 0.5344962477684021 0.9993569850921631 -0.0082510681822896 -0.0003298080409877002 -0.034890033304691315
redkitchen/seq-04/frame-000066.color.png 1.346813440322876 -0.30734962224960327 0.5431916117668152 0.997756838798523 -0.01950831711292267 -0.037753112614154816 -0.051721781492233276
redkitchen/seq-04/frame-000067.color.png 1.3598021268844604 -0.3160945177078247 0.5309483408927917 0.9989141225814819 -0.012422779574990273 -0.029902996495366096 -0.03349701687693596
redkitchen/seq-04/frame-000068.color.png 1.3486353158950806 -0.3365883529186249 0.520314633846283 0.9993702173233032 -0.014131433330476284 -0.01014980673789978 -0.030925370752811432
redkitchen/seq-04/frame-000069.color.png 1.366725206375122 -0.354838103055954 0.5183151960372925 0.9992841482162476 -0.026008810847997665 -0.003897070651873946 -0.02719517983496189
redkitchen/seq-04/frame-000070.color.png 1.3964028358459473 -0.3181585967540741 0.5798525810241699 0.9986661672592163 -0.002473546424880624 -0.037231069058179855 -0.03568488731980324
redkitchen/seq-04/frame-000071.color.png 1.327760100364685 -0.38021090626716614 0.47338026762008667 0.9994009137153625 -0.010974632576107979 -0.01687469892203808 -0.02814919501543045
redkitchen/seq-04/frame-000072.color.png 1.3244023323059082 -0.403997004032135 0.4718855023384094 0.9993469715118408 -0.021978778764605522 0.012054411694407463 -0.02602217346429825
redkitchen/seq-04/frame-000073.color.png 1.363515019416809 -0.37106937170028687 0.5342122912406921 0.9996112585067749 -0.009982530027627945 -0.007932828739285469 -0.02479463815689087
redkitchen/seq-04/frame-000074.color.png 1.344093918800354 -0.39649516344070435 0.49474793672561646 0.9996288418769836 -0.01590818166732788 0.00037811894435435534 -0.02210981585085392
redkitchen/seq-04/frame-000075.color.png 1.3527683019638062 -0.409698486328125 0.4960799217224121 0.999656081199646 -0.011187545955181122 0.0029773421119898558 -0.023525981232523918
redkitchen/seq-04/frame-000076.color.png 1.3654969930648804 -0.3899770975112915 0.5088030695915222 0.9996017813682556 -0.0039185285568237305 0.015996508300304413 -0.022917844355106354
redkitchen/seq-04/frame-000077.color.png 1.3569014072418213 -0.3995576500892639 0.5001288652420044 0.9998476505279541 -0.014421763829886913 0.003007905324921012 -0.009351513348519802
redkitchen/seq-04/frame-000078.color.png 1.3521677255630493 -0.4208872616291046 0.48467937111854553 0.9997124075889587 -0.01373217161744833 0.01268895622342825 -0.015017722733318806
redkitchen/seq-04/frame-000079.color.png 1.3508106470108032 -0.42509904503822327 0.47351372241973877 0.9997290968894958 -0.020117726176977158 0.0077179898507893085 -0.008798222988843918
redkitchen/seq-04/frame-000080.color.png 1.3677098751068115 -0.3918316066265106 0.4909275770187378 0.999893844127655 -0.006707747932523489 -0.005607534199953079 -0.01165011990815401
redkitchen/seq-04/frame-000081.color.png 1.37782621383667 -0.3736794590950012 0.49664193391799927 0.9996930360794067 -0.021226661279797554 0.008433490991592407 -0.009591341949999332
redkitchen/seq-04/frame-000082.color.png 1.377626657485962 -0.4164321720600128 0.5069783329963684 0.9995684027671814 -0.015930961817502975 0.023863254114985466 -0.006299224682152271
redkitchen/seq-04/frame-000083.color.png 1.3767950534820557 -0.41944047808647156 0.5112313032150269 0.9996679425239563 -0.015295916236937046 0.02031330205500126 -0.004168176092207432
redkitchen/seq-04/frame-000084.color.png 1.3484950065612793 -0.42229628562927246 0.48436716198921204 0.9999062418937683 -0.004053331911563873 0.012823769822716713 0.00260621658526361
redkitchen/seq-04/frame-000085.color.png 1.3629319667816162 -0.4375596046447754 0.48150938749313354 0.9994269609451294 -0.00799759104847908 0.03287718817591667 0.0008953960496000946
redkitchen/seq-04/frame-000086.color.png 1.353310465812683 -0.4415280818939209 0.4856331944465637 0.999475359916687 -0.004402085207402706 0.032069265842437744 -0.0010941000655293465
redkitchen/seq-04/frame-000087.color.png 1.3565798997879028 -0.43302610516548157 0.49049121141433716 0.9999133348464966 -0.005138184409588575 0.011442119255661964 -0.004002346191555262
redkitchen/seq-04/frame-000088.color.png 1.3652127981185913 -0.466874897480011 0.49319350719451904 0.9990405440330505 -0.013596586883068085 0.041510943323373795 0.0031411503441631794
redkitchen/seq-04/frame-000089.color.png 1.3649210929870605 -0.47684505581855774 0.4896489381790161 0.9989904165267944 -0.014484051614999771 0.042448531836271286 0.0025515719316899776
redkitchen/seq-04/frame-000090.color.png 1.3568580150604248 -0.4741021990776062 0.4787333309650421 0.9993252754211426 -0.007704836316406727 0.0356256365776062 0.00451625045388937
redkitchen/seq-04/frame-000091.color.png 1.353623628616333 -0.47796449065208435 0.487404465675354 0.999138593673706 -0.014381199143826962 0.03869619593024254 0.004240250214934349
redkitchen/seq-04/frame-000092.color.png 1.3599590063095093 -0.47444087266921997 0.4686042070388794 0.9990106821060181 -0.00918810535222292 0.04345418140292168 -0.002206644043326378
redkitchen/seq-04/frame-000093.color.png 1.3427152633666992 -0.49249202013015747 0.46191170811653137 0.9993930459022522 -0.003927259705960751 0.034464407712221146 -0.003206513822078705
redkitchen/seq-04/frame-000094.color.png 1.3728904724121094 -0.4553235173225403 0.49293357133865356 0.9993409514427185 0.0035641053691506386 0.03582620620727539 -0.004614432342350483
redkitchen/seq-04/frame-000095.color.png 1.377090334892273 -0.48269933462142944 0.5049549341201782 0.9996015429496765 0.0012810042826458812 0.02762625366449356 0.005667905323207378
redkitchen/seq-04/frame-000096.color.png 1.3725292682647705 -0.49628615379333496 0.49508869647979736 0.999269425868988 0.0021100358571857214 0.03813396394252777 0.0013739948626607656
redkitchen/seq-04/frame-000097.color.png 1.3789551258087158 -0.46318450570106506 0.49166667461395264 0.9991416335105896 0.006635965779423714 0.04082773998379707 0.0022466492373496294
redkitchen/seq-04/frame-000098.color.png 1.376288890838623 -0.46963244676589966 0.5015143156051636 0.9994187951087952 -0.0009992419509217143 0.03393061086535454 0.0031224871054291725
redkitchen/seq-04/frame-000099.color.png 1.3785834312438965 -0.47459033131599426 0.5008623600006104 0.9995689392089844 -0.0004730992659460753 0.029058419167995453 0.004163404926657677
redkitchen/seq-04/frame-000100.color.png 1.3803467750549316 -0.4807897210121155 0.49935007095336914 0.9992098212242126 -0.005869443994015455 0.03925216570496559 0.0020966550800949335
redkitchen/seq-04/frame-000101.color.png 1.3806976079940796 -0.4958273768424988 0.5014671087265015 0.9993177056312561 -0.002090457361191511 0.03687232360243797 0.0005012514302507043
redkitchen/seq-04/frame-000102.color.png 1.3866878747940063 -0.496918261051178 0.5038632154464722 0.9991564154624939 0.00013714451051782817 0.0410449393093586 0.0012751349713653326
redkitchen/seq-04/frame-000103.color.png 1.406701683998108 -0.4974139332771301 0.5189104676246643 0.9994308948516846 -0.0012006827164441347 0.0337100513279438 0.00018953614926431328
redkitchen/seq-04/frame-000104.color.png 1.4295557737350464 -0.49566376209259033 0.5299733877182007 0.9991279244422913 -0.007732843514531851 0.0407877080142498 -0.00445337500423193
redkitchen/seq-04/frame-000105.color.png 1.4063466787338257 -0.5013568997383118 0.512002170085907 0.9989198446273804 -0.0074567003175616264 0.04568956047296524 -0.004010526929050684
redkitchen/seq-04/frame-000106.color.png 1.4363492727279663 -0.48937416076660156 0.5517634749412537 0.9995889067649841 0.00307304784655571 0.0278940349817276 -0.005874697584658861
redkitchen/seq-04/frame-000107.color.png 1.4350714683532715 -0.5028818249702454 0.5534142255783081 0.9997493028640747 0.011406543664634228 0.019266627728939056 2.971475805679802e-05
redkitchen/seq-04/frame-000108.color.png 1.4357305765151978 -0.4937319755554199 0.5569980144500732 0.9997848272323608 -0.0006835357053205371 0.020152701064944267 -0.004862467758357525
redkitchen/seq-04/frame-000109.color.png 1.4244474172592163 -0.5036793947219849 0.5331485271453857 0.999510645866394 -0.006699217949062586 0.028440160676836967 -0.011163410730659962
redkitchen/seq-04/frame-000110.color.png 1.4348773956298828 -0.5086987614631653 0.5636234283447266 0.9996659755706787 0.004597725812345743 0.023577217012643814 -0.009531999006867409
redkitchen/seq-04/frame-000111.color.png 1.4462701082229614 -0.5093637704849243 0.5596792697906494 0.9997656941413879 0.005558117292821407 0.017806824296712875 -0.010976150631904602
redkitchen/seq-04/frame-000112.color.png 1.4448872804641724 -0.517715334892273 0.5561928153038025 0.9997965097427368 -0.00034565190435387194 0.01509363017976284 -0.013376783579587936
redkitchen/seq-04/frame-000113.color.png 1.4973989725112915 -0.498382031917572 0.6147875785827637 0.9996536374092102 0.020076757296919823 0.0043604932725429535 -0.016449665650725365
redkitchen/seq-04/frame-000114.color.png 1.465370535850525 -0.5065316557884216 0.5979824662208557 0.9993279576301575 -0.0072857169434428215 0.03353286534547806 -0.01288825087249279
redkitchen/seq-04/frame-000115.color.png 1.4644036293029785 -0.5378448367118835 0.585606575012207 0.9994553923606873 -0.007946028374135494 0.028260737657546997 -0.015066022984683514
redkitchen/seq-04/frame-000116.color.png 1.460673213005066 -0.5403183698654175 0.5892962217330933 0.9997040629386902 -0.001755129429511726 0.014761594124138355 -0.019259445369243622
redkitchen/seq-04/frame-000117.color.png 1.4721988439559937 -0.5497623682022095 0.6042003631591797 0.9997646808624268 -0.001677662949077785 0.016959648579359055 -0.013425065204501152
redkitchen/seq-04/frame-000118.color.png 1.4555851221084595 -0.554657518863678 0.5787327885627747 0.9996786713600159 0.0019018359016627073 0.023380298167467117 -0.009610340930521488
redkitchen/seq-04/frame-000119.color.png 1.4535657167434692 -0.5607420802116394 0.5824223756790161 0.9996307492256165 -0.001308332895860076 0.02242565155029297 -0.01529412530362606
redkitchen/seq-04/frame-000120.color.png 1.493140459060669 -0.5422093272209167 0.6030486822128296 0.9996110796928406 0.004993715323507786 0.02444935031235218 -0.012444236315786839
redkitchen/seq-04/frame-000121.color.png 1.4983608722686768 -0.5502607226371765 0.6053858399391174 0.9998113512992859 -0.0006583353970199823 0.011598052456974983 -0.01556684635579586
redkitchen/seq-04/frame-000122.color.png 1.497905969619751 -0.5609142780303955 0.6096686720848083 0.9997071623802185 -0.0022770354989916086 0.011926875449717045 -0.020935753360390663
redkitchen/seq-04/frame-000123.color.png 1.5134927034378052 -0.5436002016067505 0.627505898475647 0.999662458896637 0.0013408997328951955 0.015881093218922615 -0.020519696176052094
redkitchen/seq-04/frame-000124.color.png 1.5251827239990234 -0.5440170764923096 0.6418191194534302 0.9995890259742737 -0.003661909606307745 0.0188901349902153 -0.021244877949357033
redkitchen/seq-04/frame-000125.color.png 1.5331569910049438 -0.5376637578010559 0.6653434634208679 0.9996340274810791 -0.0001465526147512719 0.015972983092069626 -0.021835310384631157
redkitchen/seq-04/frame-000126.color.png 1.5467909574508667 -0.5376839637756348 0.6842968463897705 0.9996180534362793 0.004814864601939917 0.018324578180909157 -0.020115157589316368
redkitchen/seq-04/frame-000127.color.png 1.5422027111053467 -0.5492361187934875 0.68278968334198 0.9996827840805054 0.004440858028829098 0.011423852294683456 -0.022004513069987297
redkitchen/seq-04/frame-000128.color.png 1.5419830083847046 -0.5397803783416748 0.681814968585968 0.9995687007904053 -0.0019018602324649692 0.014092648401856422 -0.025693664327263832
redkitchen/seq-04/frame-000129.color.png 1.5606175661087036 -0.5455354452133179 0.6970774531364441 0.9996287822723389 0.005416505038738251 0.01069726888090372 -0.024466417729854584
redkitchen/seq-04/frame-000130.color.png 1.5608336925506592 -0.5390307903289795 0.6955239176750183 0.9996147751808167 0.01191610936075449 0.00026800716295838356 -0.02506723813712597
redkitchen/seq-04/frame-000131.color.png 1.560553789138794 -0.535050630569458 0.6971027851104736 0.9996150135993958 0.008129040710628033 0.005421049892902374 -0.02596949227154255
redkitchen/seq-04/frame-000132.color.png 1.5628584623336792 -0.5386179089546204 0.7119919657707214 0.9995869398117065 0.013986273668706417 0.004322126042097807 -0.02473393827676773
redkitchen/seq-04/frame-000133.color.png 1.5784461498260498 -0.5379811525344849 0.7255722880363464 0.9996638894081116 0.009024671278893948 0.005476747173815966 -0.023677868768572807
redkitchen/seq-04/frame-000134.color.png 1.567072868347168 -0.5271226167678833 0.7208049297332764 0.9996375441551208 0.006020776927471161 0.0038100143428891897 -0.025959089398384094
redkitchen/seq-04/frame-000135.color.png 1.602081298828125 -0.5298255085945129 0.7509796619415283 0.9995388984680176 -0.00014925390132702887 -0.007747662253677845 -0.029362015426158905
redkitchen/seq-04/frame-000136.color.png 1.5818589925765991 -0.5263309478759766 0.7370366454124451 0.9995367527008057 0.005369054153561592 -0.0044568004086613655 -0.029623612761497498
redkitchen/seq-04/frame-000137.color.png 1.5856077671051025 -0.4997420907020569 0.7317255139350891 0.9995236396789551 0.0022232220508158207 -0.007020020857453346 -0.02997007593512535
redkitchen/seq-04/frame-000138.color.png 1.6018831729888916 -0.5166465044021606 0.7626339197158813 0.9994086027145386 0.003822512459009886 -0.011591323651373386 -0.03214659169316292
redkitchen/seq-04/frame-000139.color.png 1.5928140878677368 -0.5165746212005615 0.7449238896369934 0.9995723366737366 0.0036972493398934603 -0.002213019412010908 -0.028919106349349022
redkitchen/seq-04/frame-000140.color.png 1.5995161533355713 -0.5071621537208557 0.7502009868621826 0.9994469881057739 0.0038694296963512897 -0.0112089142203331 -0.031065436080098152
redkitchen/seq-04/frame-000141.color.png 1.5914499759674072 -0.5285760760307312 0.7636723518371582 0.9994446635246277 0.005446370225399733 -0.011782429181039333 -0.0306911151856184
redkitchen/seq-04/frame-000142.color.png 1.599692463874817 -0.5278335213661194 0.7778428196907043 0.9995934367179871 -0.004848949611186981 -0.0024826207663863897 -0.027987780049443245
redkitchen/seq-04/frame-000143.color.png 1.6032763719558716 -0.5377265214920044 0.7742711305618286 0.9995469450950623 -0.0042426264844834805 -0.0044091069139540195 -0.029470117762684822
redkitchen/seq-04/frame-000144.color.png 1.6174155473709106 -0.5364601612091064 0.7820636630058289 0.9996163249015808 -0.0019213781924918294 -0.004218262154608965 -0.02730650268495083
redkitchen/seq-04/frame-000145.color.png 1.6014035940170288 -0.5590812563896179 0.7719935178756714 0.9996140003204346 0.00546931242570281 -0.009073594585061073 -0.02568362094461918
redkitchen/seq-04/frame-000146.color.png 1.6090819835662842 -0.5600371956825256 0.7940015196800232 0.9994940757751465 0.01420835591852665 -0.01290957909077406 -0.0253581702709198
redkitchen/seq-04/frame-000147.color.png 1.6164014339447021 -0.5527719259262085 0.7964598536491394 0.9996548295021057 0.007273552007973194 0.0011929841712117195 -0.02521516941487789
redkitchen/seq-04/frame-000148.color.png 1.6098692417144775 -0.54336017370224 0.7938758134841919 0.9996017813682556 0.0010772203095257282 0.008095555007457733 -0.027009600773453712
redkitchen/seq-04/frame-000149.color.png 1.6289502382278442 -0.5460407137870789 0.8218307495117188 0.9996514916419983 0.0004211103660054505 0.0007249605841934681 -0.026385942474007607
redkitchen/seq-04/frame-000150.color.png 1.630098581314087 -0.5302128195762634 0.8028481602668762 0.9992238283157349 0.01825081743299961 -0.01364873070269823 -0.03212854638695717
redkitchen/seq-04/frame-000151.color.png 1.6436010599136353 -0.5540065169334412 0.8254608511924744 0.9989875555038452 0.018968086689710617 -0.027737509459257126 -0.029912756755948067
redkitchen/seq-04/frame-000152.color.png 1.6175895929336548 -0.5707991719245911 0.8257257342338562 0.9994600415229797 0.003946097567677498 -0.010828277096152306 -0.030767783522605896
redkitchen/seq-04/frame-000153.color.png 1.6208800077438354 -0.5786869525909424 0.819855809211731 0.9993544816970825 0.01870393194258213 -0.015845084562897682 -0.02625693380832672
redkitchen/seq-04/frame-000154.color.png 1.6354327201843262 -0.5872909426689148 0.8492527008056641 0.9992056488990784 0.024134354665875435 -0.007231369148939848 -0.030879786238074303
redkitchen/seq-04/frame-000155.color.png 1.6210991144180298 -0.586650550365448 0.8453249931335449 0.9995073080062866 0.0030055642127990723 -0.006122767925262451 -0.0306385550647974
redkitchen/seq-04/frame-000156.color.png 1.6204992532730103 -0.5882992744445801 0.8567168116569519 0.999528706073761 0.0006549617974087596 -0.00034109054831787944 -0.030686404556035995
redkitchen/seq-04/frame-000157.color.png 1.637194037437439 -0.578256368637085 0.8820959329605103 0.9994673132896423 -2.954066985694226e-05 -0.0034221357200294733 -0.03245386481285095
redkitchen/seq-04/frame-000158.color.png 1.6312932968139648 -0.5848649740219116 0.8857578635215759 0.9995096325874329 -0.00014437208301387727 -0.005370370112359524 -0.03084859997034073
redkitchen/seq-04/frame-000159.color.png 1.6431858539581299 -0.5962607264518738 0.8932724595069885 0.9995386600494385 0.004324622917920351 -0.003827110631391406 -0.029819004237651825
redkitchen/seq-04/frame-000160.color.png 1.6463600397109985 -0.5913000106811523 0.9033697843551636 0.9994454383850098 0.0014912402257323265 -0.0032528683077543974 -0.033109210431575775
redkitchen/seq-04/frame-000161.color.png 1.631160855293274 -0.5958434343338013 0.9068383574485779 0.9993717074394226 6.938045407878235e-05 0.011626259423792362 -0.03348136693239212
redkitchen/seq-04/frame-000162.color.png 1.6243231296539307 -0.5817242860794067 0.90474933385849 0.999403715133667 -0.007735959254205227 0.018182212486863136 -0.028316006064414978
redkitchen/seq-04/frame-000163.color.png 1.631589651107788 -0.591283917427063 0.916118860244751 0.9994754195213318 -0.00890307780355215 0.013551667332649231 -0.028036316856741905
redkitchen/seq-04/frame-000164.color.png 1.6404614448547363 -0.5925704836845398 0.909148633480072 0.9997078776359558 -0.0081411674618721 0.011451554484665394 -0.019663790240883827
redkitchen/seq-04/frame-000165.color.png 1.6394530534744263 -0.5861884355545044 0.9141232371330261 0.9997579455375671 -0.005405192729085684 0.010587001219391823 -0.018508929759263992
redkitchen/seq-04/frame-000166.color.png 1.6340439319610596 -0.5754587054252625 0.9224492907524109 0.9996569752693176 -0.014037685468792915 0.013602973893284798 -0.01743285544216633
redkitchen/seq-04/frame-000167.color.png 1.6395817995071411 -0.5680047273635864 0.9466561079025269 0.9995617866516113 -0.012130563147366047 0.017704658210277557 -0.0203857384622097
redkitchen/seq-04/frame-000168.color.png 1.6274755001068115 -0.5627352595329285 0.9300677180290222 0.9995960593223572 -0.013051662594079971 0.021950816735625267 -0.012474684044718742
redkitchen/seq-04/frame-000169.color.png 1.6215336322784424 -0.5610169768333435 0.9362529516220093 0.9996801018714905 -0.008966410532593727 0.02144051529467106 -0.009985888376832008
redkitchen/seq-04/frame-000170.color.png 1.6103938817977905 -0.5774411559104919 0.9367755055427551 0.9998619556427002 -0.0018674838356673717 0.012630132958292961 -0.01063852570950985
redkitchen/seq-04/frame-000171.color.png 1.6255074739456177 -0.5685276389122009 0.9369263648986816 0.9996705055236816 -0.016550766304135323 0.01411287859082222 -0.013627158477902412
redkitchen/seq-04/frame-000172.color.png 1.6299606561660767 -0.570314347743988 0.9383796453475952 0.999754786491394 -0.011332692578434944 0.011706016026437283 -0.014996035024523735
redkitchen/seq-04/frame-000173.color.png 1.6216754913330078 -0.5557351112365723 0.9417454600334167 0.9996464252471924 -0.01335704606026411 0.01723404787480831 -0.015217968262732029
redkitchen/seq-04/frame-000174.color.png 1.6027504205703735 -0.5864155888557434 0.9562580585479736 0.999789834022522 -0.008062435314059258 0.01647227071225643 -0.009153936058282852
redkitchen/seq-04/frame-000175.color.png 1.6167882680892944 -0.5629763007164001 0.9556147456169128 0.9998810291290283 -0.0055258870124816895 0.008447682484984398 -0.011661981232464314
redkitchen/seq-04/frame-000176.color.png 1.621586799621582 -0.5674229264259338 0.9467372894287109 0.9997703433036804 -0.013035481795668602 0.011802084743976593 -0.012245687656104565
redkitchen/seq-04/frame-000177.color.png 1.593422293663025 -0.575065016746521 0.946441113948822 0.9998793005943298 -0.005860271863639355 0.012865136377513409 -0.006454157177358866
redkitchen/seq-04/frame-000178.color.png 1.6041980981826782 -0.5769567489624023 0.9702370762825012 0.9999277591705322 0.004780848976224661 0.010073970071971416 -0.004460626281797886
redkitchen/seq-04/frame-000179.color.png 1.5855457782745361 -0.5806455612182617 0.9579741358757019 0.9999054074287415 -0.004700563382357359 0.0125353978946805 -0.003165701637044549
redkitchen/seq-04/frame-000180.color.png 1.5929864645004272 -0.5872961282730103 0.969889223575592 0.9998406767845154 -0.004257638473063707 0.017028411850333214 -0.0032376465387642384
redkitchen/seq-04/frame-000181.color.png 1.612192988395691 -0.5755601525306702 0.9580552577972412 0.9999803900718689 0.0029592334758490324 0.004544117022305727 -0.0031457815784960985
redkitchen/seq-04/frame-000182.color.png 1.61281418800354 -0.583152711391449 0.9700933694839478 0.9999833106994629 0.004873539321124554 0.0018941304879263043 -0.0024628660175949335
redkitchen/seq-04/frame-000183.color.png 1.6175731420516968 -0.5703721046447754 0.9646831750869751 0.9999569058418274 -0.007152334786951542 0.005790889263153076 -0.001218575518578291
redkitchen/seq-04/frame-000184.color.png 1.6097575426101685 -0.5866323113441467 0.9805743098258972 0.9999778270721436 0.0007175482460297644 0.004486982710659504 -0.004860961344093084
redkitchen/seq-04/frame-000185.color.png 1.5921496152877808 -0.5868723392486572 0.9852257966995239 0.9999780654907227 -0.00045513350050896406 0.002124486491084099 -0.006255860440433025
redkitchen/seq-04/frame-000186.color.png 1.6076126098632812 -0.5767383575439453 0.9886559844017029 0.9999206066131592 -0.005035962909460068 0.0077042109332978725 -0.008598802611231804
redkitchen/seq-04/frame-000187.color.png 1.5917248725891113 -0.5863773226737976 0.9939395785331726 0.9999210238456726 -0.004963318817317486 0.007367657031863928 -0.008882987312972546
redkitchen/seq-04/frame-000188.color.png 1.6153523921966553 -0.58083176612854 1.004308819770813 0.9998804926872253 -0.0006514376727864146 0.011008163914084435 -0.010831953026354313
redkitchen/seq-04/frame-000189.color.png 1.6119462251663208 -0.5825604796409607 1.0010088682174683 0.9998100996017456 0.01176668144762516 0.007244278211146593 -0.013741581700742245
redkitchen/seq-04/frame-000190.color.png 1.609239101409912 -0.5948207378387451 1.0108158588409424 0.9997307658195496 0.009758677333593369 0.01664995588362217 -0.012878507375717163
redkitchen/seq-04/frame-000191.color.png 1.6044871807098389 -0.5967395305633545 1.0076123476028442 0.9998623728752136 0.008081335574388504 0.00961314607411623 -0.01083754189312458
redkitchen/seq-04/frame-000192.color.png 1.6045114994049072 -0.5913214683532715 1.0117745399475098 0.9999130964279175 0.009611821733415127 0.0042081112042069435 -0.007979026064276695
redkitchen/seq-04/frame-000193.color.png 1.60886812210083 -0.6007551550865173 1.0223920345306396 0.9998350143432617 0.013438493013381958 0.0041456064209342 -0.01149345375597477
redkitchen/seq-04/frame-000194.color.png 1.602648377418518 -0.6016653776168823 1.0295230150222778 0.9998515844345093 0.0065965899266302586 0.006772552151232958 -0.014395935460925102
redkitchen/seq-04/frame-000195.color.png 1.606848955154419 -0.6068843603134155 1.0374503135681152 0.9997003674507141 0.0014067040756344795 0.018285710364580154 -0.016212495043873787
redkitchen/seq-04/frame-000196.color.png 1.606034278869629 -0.61293625831604 1.0320359468460083 0.999800980091095 0.003303597681224346 0.008560526184737682 -0.01771077699959278
redkitchen/seq-04/frame-000197.color.png 1.617841362953186 -0.601873517036438 1.039570689201355 0.9998072385787964 0.00864718109369278 -0.002067788038402796 -0.017499562352895737
redkitchen/seq-04/frame-000198.color.png 1.6113407611846924 -0.6110498905181885 1.0524954795837402 0.9998143315315247 0.00047022951184771955 -0.0012735623167827725 -0.019221503287553787
redkitchen/seq-04/frame-000199.color.png 1.6212042570114136 -0.605929970741272 1.0620367527008057 0.9997912049293518 0.007955827750265598 0.005819357931613922 -0.017900116741657257
redkitchen/seq-04/frame-000200.color.png 1.6176981925964355 -0.6064493060112 1.0636645555496216 0.9997124671936035 0.010264859534800053 -0.007029857486486435 -0.020500201731920242
redkitchen/seq-04/frame-000201.color.png 1.621339201927185 -0.6225102543830872 1.066002368927002 0.999485969543457 0.007769274525344372 -0.013555689714848995 -0.02799423411488533
redkitchen/seq-04/frame-000202.color.png 1.6334893703460693 -0.6338907480239868 1.097198724746704 0.9993106722831726 0.010389624163508415 -0.017727041617035866 -0.030916213989257812
redkitchen/seq-04/frame-000203.color.png 1.6226699352264404 -0.6450108289718628 1.0887775421142578 0.9992243051528931 0.0049987249076366425 -0.011060379445552826 -0.03746405243873596
redkitchen/seq-04/frame-000204.color.png 1.6438965797424316 -0.636947512626648 1.0946637392044067 0.9991807341575623 0.016161253675818443 -0.007314182817935944 -0.0363747775554657
redkitchen/seq-04/frame-000205.color.png 1.6438965797424316 -0.636947512626648 1.0946637392044067 0.9991807341575623 0.016161253675818443 -0.007314182817935944 -0.0363747775554657
redkitchen/seq-04/frame-000206.color.png 1.6415408849716187 -0.6099108457565308 1.0970548391342163 0.9991363883018494 0.011794609017670155 -0.027235154062509537 -0.029080018401145935
redkitchen/seq-04/frame-000207.color.png 1.634063959121704 -0.6324382424354553 1.1170624494552612 0.9991427063941956 0.0016876223962754011 -0.029265042394399643 -0.029234806075692177
redkitchen/seq-04/frame-000208.color.png 1.6203317642211914 -0.6359972953796387 1.1204462051391602 0.9992810487747192 0.002615010365843773 -0.021538492292165756 -0.031095219776034355
redkitchen/seq-04/frame-000209.color.png 1.6033904552459717 -0.6455416679382324 1.1273154020309448 0.9994311928749084 0.004115674644708633 -0.020837964490056038 -0.02619466371834278
redkitchen/seq-04/frame-000210.color.png 1.6016310453414917 -0.6458377838134766 1.1311521530151367 0.9992589354515076 0.004194099456071854 -0.024632005020976067 -0.029281174764037132
redkitchen/seq-04/frame-000211.color.png 1.6254019737243652 -0.6420361399650574 1.1486475467681885 0.9991673231124878 0.006427171174436808 -0.027397355064749718 -0.029544373974204063
redkitchen/seq-04/frame-000212.color.png 1.6254019737243652 -0.6420361399650574 1.1486475467681885 0.9991673231124878 0.006427171174436808 -0.027397355064749718 -0.029544373974204063
redkitchen/seq-04/frame-000213.color.png 1.6010526418685913 -0.6551506519317627 1.143550992012024 0.9994255900382996 0.00631409976631403 -0.021236853674054146 -0.025645116344094276
redkitchen/seq-04/frame-000214.color.png 1.6146734952926636 -0.651320219039917 1.1368286609649658 0.999352216720581 0.0068512726575136185 -0.026990123093128204 -0.02279876545071602
redkitchen/seq-04/frame-000215.color.png 1.6071503162384033 -0.6409217715263367 1.124245524406433 0.999518632888794 0.0076120151206851006 -0.023687925189733505 -0.018532102927565575
redkitchen/seq-04/frame-000216.color.png 1.6231328248977661 -0.6553465127944946 1.1457269191741943 0.9991430044174194 0.015780827030539513 -0.033511098474264145 -0.018474102020263672
redkitchen/seq-04/frame-000217.color.png 1.6017417907714844 -0.6604811549186707 1.1553120613098145 0.9992368817329407 0.00921082403510809 -0.027579011395573616 -0.0260794535279274
redkitchen/seq-04/frame-000218.color.png 1.6017417907714844 -0.6604811549186707 1.1553120613098145 0.9992368817329407 0.00921082403510809 -0.027579011395573616 -0.0260794535279274
redkitchen/seq-04/frame-000219.color.png 1.6021831035614014 -0.662937343120575 1.1557024717330933 0.9990776181221008 0.006564517505466938 -0.03269875794649124 -0.02704481966793537
redkitchen/seq-04/frame-000220.color.png 1.6134978532791138 -0.6469492316246033 1.135107398033142 0.9992307424545288 0.0019028407987207174 -0.028338510543107986 -0.027044130489230156
redkitchen/seq-04/frame-000221.color.png 1.5874110460281372 -0.6462042331695557 1.14247727394104 0.9993018507957458 0.006115113850682974 -0.02576507441699505 -0.02635517157614231
redkitchen/seq-04/frame-000222.color.png 1.583566427230835 -0.6569153666496277 1.1554194688796997 0.9993994832038879 0.0037702429108321667 -0.026121199131011963 -0.02245248481631279
redkitchen/seq-04/frame-000223.color.png 1.599429726600647 -0.6575035452842712 1.1578123569488525 0.9991832375526428 0.00407963152974844 -0.03056764230132103 -0.026110608130693436
redkitchen/seq-04/frame-000224.color.png 1.5961567163467407 -0.6584917902946472 1.1611518859863281 0.9990007281303406 0.007395204622298479 -0.03210405260324478 -0.030197853222489357
redkitchen/seq-04/frame-000225.color.png 1.5961567163467407 -0.6584917902946472 1.1611518859863281 0.9990007281303406 0.007395204622298479 -0.03210405260324478 -0.030197853222489357
redkitchen/seq-04/frame-000226.color.png 1.591939091682434 -0.6651310920715332 1.165403127670288 0.9990739226341248 0.009962028823792934 -0.03291977941989899 -0.02585088275372982
redkitchen/seq-04/frame-000227.color.png 1.598717451095581 -0.6643428802490234 1.1488816738128662 0.9987011551856995 0.019377781078219414 -0.039113979786634445 -0.02627878077328205
redkitchen/seq-04/frame-000228.color.png 1.5997319221496582 -0.6649057865142822 1.163772463798523 0.9987719655036926 0.021481389179825783 -0.037643201649188995 -0.02400374971330166
redkitchen/seq-04/frame-000229.color.png 1.5832598209381104 -0.6574374437332153 1.1540460586547852 0.9989845156669617 0.012591837905347347 -0.034040968865156174 -0.026696914806962013
redkitchen/seq-04/frame-000230.color.png 1.5832598209381104 -0.6574374437332153 1.1540460586547852 0.9989845156669617 0.012591837905347347 -0.034040968865156174 -0.026696914806962013
redkitchen/seq-04/frame-000231.color.png 1.5620630979537964 -0.6602981090545654 1.167655348777771 0.9991410374641418 0.00790864136070013 -0.029244771227240562 -0.02827283926308155
redkitchen/seq-04/frame-000232.color.png 1.5853374004364014 -0.6725621223449707 1.1660494804382324 0.998730480670929 0.00538832088932395 -0.039554908871650696 -0.03071986883878708
redkitchen/seq-04/frame-000233.color.png 1.5983960628509521 -0.6565017700195312 1.1784148216247559 0.9988264441490173 0.014727756381034851 -0.0344933345913887 -0.030641688033938408
redkitchen/seq-04/frame-000234.color.png 1.5924785137176514 -0.6491087675094604 1.155584692955017 0.9986606240272522 0.013360773213207722 -0.04004144296050072 -0.029916631057858467
redkitchen/seq-04/frame-000235.color.png 1.5856045484542847 -0.6517511606216431 1.1541454792022705 0.998467743396759 0.007244212087243795 -0.04376780986785889 -0.03307504579424858
redkitchen/seq-04/frame-000236.color.png 1.5856045484542847 -0.6517511606216431 1.1541454792022705 0.998467743396759 0.007244212087243795 -0.04376780986785889 -0.03307504579424858
redkitchen/seq-04/frame-000237.color.png 1.600496530532837 -0.6508310437202454 1.1707645654678345 0.9985679388046265 0.008956432342529297 -0.034813765436410904 -0.039621952921152115
redkitchen/seq-04/frame-000238.color.png 1.5578678846359253 -0.6571303606033325 1.171526312828064 0.9985998272895813 0.010836401954293251 -0.03651851788163185 -0.03670695424079895
redkitchen/seq-04/frame-000239.color.png 1.5490278005599976 -0.6644817590713501 1.169753074645996 0.9985755681991577 0.016588108614087105 -0.031947217881679535 -0.03938434273004532
redkitchen/seq-04/frame-000240.color.png 1.5549079179763794 -0.6761828660964966 1.1970499753952026 0.9982905983924866 0.015885312110185623 -0.036934468895196915 -0.04242031276226044
redkitchen/seq-04/frame-000241.color.png 1.52997624874115 -0.6792799234390259 1.1930527687072754 0.9981911182403564 0.01656188629567623 -0.04194836691021919 -0.03975600004196167
redkitchen/seq-04/frame-000242.color.png 1.5168503522872925 -0.6859079003334045 1.2205578088760376 0.9982800483703613 0.009734485298395157 -0.038928862661123276 -0.042739834636449814
redkitchen/seq-04/frame-000243.color.png 1.5168503522872925 -0.6859079003334045 1.2205578088760376 0.9982800483703613 0.009734485298395157 -0.038928862661123276 -0.042739834636449814
redkitchen/seq-04/frame-000244.color.png 1.5015082359313965 -0.6912828087806702 1.2353179454803467 0.9984733462333679 0.00706318998709321 -0.042109642177820206 -0.03504205495119095
redkitchen/seq-04/frame-000245.color.png 1.5274553298950195 -0.6947857141494751 1.238303303718567 0.9985155463218689 0.013447410427033901 -0.03819536417722702 -0.036427609622478485
redkitchen/seq-04/frame-000246.color.png 1.5113041400909424 -0.6961039900779724 1.2476552724838257 0.9989673495292664 0.01475909911096096 -0.024850765243172646 -0.03505683317780495
redkitchen/seq-04/frame-000247.color.png 1.5113041400909424 -0.6961039900779724 1.2476552724838257 0.9989673495292664 0.01475909911096096 -0.024850765243172646 -0.03505683317780495
redkitchen/seq-04/frame-000248.color.png 1.5218759775161743 -0.6840881705284119 1.2267625331878662 0.9989215731620789 0.013656731694936752 -0.028601553291082382 -0.033927977085113525
redkitchen/seq-04/frame-000249.color.png 1.5296953916549683 -0.6867815852165222 1.238114356994629 0.9988663196563721 0.014032301492989063 -0.03181617334485054 -0.032509926706552505
redkitchen/seq-04/frame-000250.color.png 1.5064013004302979 -0.6785706281661987 1.239455223083496 0.999390184879303 0.014449100010097027 -0.011033029295504093 -0.029812874272465706
redkitchen/seq-04/frame-000251.color.png 1.5260595083236694 -0.6901568174362183 1.2458170652389526 0.9993109107017517 0.016802992671728134 -0.018293311819434166 -0.027582479640841484
redkitchen/seq-04/frame-000252.color.png 1.5522494316101074 -0.6805943846702576 1.2526133060455322 0.9992014765739441 0.020789342001080513 -0.022124765440821648 -0.025975199416279793
redkitchen/seq-04/frame-000253.color.png 1.516200304031372 -0.6914029121398926 1.2310806512832642 0.9991332292556763 0.012501584365963936 -0.02356407418847084 -0.0319594107568264
redkitchen/seq-04/frame-000254.color.png 1.516200304031372 -0.6914029121398926 1.2310806512832642 0.9991332292556763 0.012501584365963936 -0.02356407418847084 -0.0319594107568264
redkitchen/seq-04/frame-000255.color.png 1.4898418188095093 -0.6855255961418152 1.230446696281433 0.9993378520011902 0.009671094827353954 -0.019751770421862602 -0.028985487297177315
redkitchen/seq-04/frame-000256.color.png 1.4691885709762573 -0.6819218993186951 1.2194106578826904 0.9994772672653198 0.009408502839505672 -0.007668267469853163 -0.029966792091727257
redkitchen/seq-04/frame-000257.color.png 1.4586842060089111 -0.6666589975357056 1.2278350591659546 0.9993797540664673 0.016818832606077194 -0.009013540111482143 -0.02959567867219448
redkitchen/seq-04/frame-000258.color.png 1.450944185256958 -0.6694179177284241 1.2420467138290405 0.9991633296012878 0.02004481479525566 -0.017252715304493904 -0.03119399957358837
redkitchen/seq-04/frame-000259.color.png 1.454868197441101 -0.654824435710907 1.2227271795272827 0.9993174076080322 0.028076639398932457 -0.008017726242542267 -0.022627845406532288
redkitchen/seq-04/frame-000260.color.png 1.454868197441101 -0.654824435710907 1.2227271795272827 0.9993174076080322 0.028076639398932457 -0.008017726242542267 -0.022627845406532288
redkitchen/seq-04/frame-000261.color.png 1.4539433717727661 -0.6504931449890137 1.2215896844863892 0.9995840787887573 0.019156739115715027 -0.00534841138869524 -0.02087864652276039
redkitchen/seq-04/frame-000262.color.png 1.4432564973831177 -0.6434711217880249 1.2307337522506714 0.9994414448738098 0.020533563569188118 0.002287857700139284 -0.026266470551490784
redkitchen/seq-04/frame-000263.color.png 1.430052638053894 -0.6412079334259033 1.2237310409545898 0.9994067549705505 0.021817076951265335 -0.0023078517988324165 -0.026548316702246666
redkitchen/seq-04/frame-000264.color.png 1.430052638053894 -0.6412079334259033 1.2237310409545898 0.9994067549705505 0.021817076951265335 -0.0023078517988324165 -0.026548316702246666
redkitchen/seq-04/frame-000265.color.png 1.4043952226638794 -0.6452638506889343 1.2461086511611938 0.9994233846664429 0.022294480353593826 0.0019253214122727513 -0.02553548663854599
redkitchen/seq-04/frame-000266.color.png 1.3886762857437134 -0.6395376324653625 1.2389527559280396 0.9994439482688904 0.024954093620181084 0.0022318419069051743 -0.02200011909008026
redkitchen/seq-04/frame-000267.color.png 1.3540912866592407 -0.6411882638931274 1.244142770767212 0.999630331993103 0.017409343272447586 0.008108735084533691 -0.01924584060907364
redkitchen/seq-04/frame-000268.color.png 1.4143269062042236 -0.6262511014938354 1.2197006940841675 0.9995898604393005 0.021560927852988243 0.003949522506445646 -0.018428420647978783
redkitchen/seq-04/frame-000269.color.png 1.4143269062042236 -0.6262511014938354 1.2197006940841675 0.9995898604393005 0.021560927852988243 0.003949522506445646 -0.018428420647978783
redkitchen/seq-04/frame-000270.color.png 1.3470896482467651 -0.6281453371047974 1.2423782348632812 0.9997619986534119 0.015832073986530304 0.006926077418029308 -0.013318212702870369
redkitchen/seq-04/frame-000271.color.png 1.3070122003555298 -0.620353102684021 1.241981863975525 0.9996018409729004 0.015595884062349796 0.022706948220729828 -0.006122024264186621
redkitchen/seq-04/frame-000272.color.png 1.2459241151809692 -0.6345154643058777 1.247786283493042 0.9993547797203064 0.008721091784536839 0.034827783703804016 0.0009522641776129603
redkitchen/seq-04/frame-000273.color.png 1.2459241151809692 -0.6345154643058777 1.247786283493042 0.9993547797203064 0.008721091784536839 0.034827783703804016 0.0009522641776129603
redkitchen/seq-04/frame-000274.color.png 1.235987901687622 -0.6315076351165771 1.2372268438339233 0.9989569783210754 0.01406529638916254 0.043123092502355576 0.005231495480984449
redkitchen/seq-04/frame-000275.color.png 1.2138018608093262 -0.6450547575950623 1.251465082168579 0.9990295767784119 0.017208421602845192 0.04001294821500778 0.006545497570186853
redkitchen/seq-04/frame-000276.color.png 1.1463958024978638 -0.6361968517303467 1.263270616531372 0.9990665316581726 0.012795348651707172 0.04050944373011589 0.007827088236808777
redkitchen/seq-04/frame-000277.color.png 1.1238429546356201 -0.639113187789917 1.2683775424957275 0.9988569617271423 0.014676293358206749 0.04404463618993759 0.011371565982699394
redkitchen/seq-04/frame-000278.color.png 1.1388137340545654 -0.6203031539916992 1.263619303703308 0.9987576603889465 0.01816272921860218 0.04406987503170967 0.014529339969158173
redkitchen/seq-04/frame-000279.color.png 1.128186583518982 -0.6205936074256897 1.2746237516403198 0.9988380074501038 0.009861269034445286 0.04323207587003708 0.018879225477576256
redkitchen/seq-04/frame-000280.color.png 1.128186583518982 -0.6205936074256897 1.2746237516403198 0.9988380074501038 0.009861269034445286 0.04323207587003708 0.018879225477576256
redkitchen/seq-04/frame-000281.color.png 1.073443055152893 -0.6308465003967285 1.2770859003067017 0.9986911416053772 0.003653548890724778 0.04583410546183586 0.022406136617064476
redkitchen/seq-04/frame-000282.color.png 1.0909407138824463 -0.6285725235939026 1.2884455919265747 0.9983850121498108 0.005016752984374762 0.051686059683561325 0.02303868718445301
redkitchen/seq-04/frame-000283.color.png 1.1243056058883667 -0.625804603099823 1.2734408378601074 0.9981645941734314 0.010947917588055134 0.051216188818216324 0.03040255978703499
redkitchen/seq-04/frame-000284.color.png 1.1021764278411865 -0.6251639723777771 1.287440299987793 0.9980593323707581 0.019996920600533485 0.0492461696267128 0.03244325891137123
redkitchen/seq-04/frame-000285.color.png 1.1021764278411865 -0.6251639723777771 1.287440299987793 0.9980593323707581 0.019996920600533485 0.0492461696267128 0.03244325891137123
redkitchen/seq-04/frame-000286.color.png 1.0731136798858643 -0.6293606162071228 1.299764633178711 0.9975358247756958 0.018511859700083733 0.05773691460490227 0.035298820585012436
redkitchen/seq-04/frame-000287.color.png 1.0706651210784912 -0.6256133913993835 1.316209316253662 0.9972113966941833 0.013982499949634075 0.06136910244822502 0.040095943957567215
redkitchen/seq-04/frame-000288.color.png 1.0240387916564941 -0.6339151859283447 1.3393718004226685 0.9959501028060913 0.013600163161754608 0.07495640963315964 0.04774955287575722
redkitchen/seq-04/frame-000289.color.png 0.9778838753700256 -0.6382925510406494 1.3506702184677124 0.9962152242660522 0.011821425519883633 0.06950608640909195 0.050836823880672455
redkitchen/seq-04/frame-000290.color.png 0.9778838753700256 -0.6382925510406494 1.3506702184677124 0.9962152242660522 0.011821425519883633 0.06950608640909195 0.050836823880672455
redkitchen/seq-04/frame-000291.color.png 0.9264587759971619 -0.6389814615249634 1.3574498891830444 0.9957858324050903 0.010072101838886738 0.07239986956119537 0.055382080376148224
redkitchen/seq-04/frame-000292.color.png 0.8682088851928711 -0.6386627554893494 1.3706519603729248 0.9949448704719543 0.015011176466941833 0.07867362350225449 0.06057991087436676
redkitchen/seq-04/frame-000293.color.png 0.8665658235549927 -0.6428362727165222 1.3990474939346313 0.9937853813171387 0.019897345453500748 0.0869085043668747 0.06664472073316574
redkitchen/seq-04/frame-000294.color.png 0.8362774848937988 -0.6438398957252502 1.3965764045715332 0.9935327768325806 0.010488815605640411 0.08921173214912415 0.06945464015007019
redkitchen/seq-04/frame-000295.color.png 0.8400818705558777 -0.6435715556144714 1.3947855234146118 0.9932597279548645 0.0003102408372797072 0.09236276894807816 0.07003038376569748
redkitchen/seq-04/frame-000296.color.png 0.8197318315505981 -0.6452475786209106 1.3989838361740112 0.9923702478408813 -0.0023669064976274967 0.09860804677009583 0.07397398352622986
redkitchen/seq-04/frame-000297.color.png 0.8286134004592896 -0.6376092433929443 1.4006543159484863 0.9916085004806519 -0.004212339874356985 0.10201691091060638 0.0792938843369484
redkitchen/seq-04/frame-000298.color.png 0.8286134004592896 -0.6376092433929443 1.4006543159484863 0.9916085004806519 -0.004212339874356985 0.10201691091060638 0.0792938843369484
redkitchen/seq-04/frame-000299.color.png 0.8181006908416748 -0.6291366219520569 1.4073638916015625 0.9913514256477356 -0.0011446725111454725 0.09911734610795975 0.0860033929347992
redkitchen/seq-04/frame-000300.color.png 0.7960328459739685 -0.6342321038246155 1.4213120937347412 0.9908247590065002 -0.00917942076921463 0.1018199697136879 0.08840057998895645
redkitchen/seq-04/frame-000301.color.png 0.7653532028198242 -0.6396569609642029 1.413182258605957 0.9905449748039246 0.009578706696629524 0.09991110116243362 0.09352321177721024
redkitchen/seq-04/frame-000302.color.png 0.7229326367378235 -0.6550425291061401 1.4351650476455688 0.9900031089782715 0.0076348744332790375 0.10071629285812378 0.09844599664211273
redkitchen/seq-04/frame-000303.color.png 0.6991283893585205 -0.6627269387245178 1.4632114171981812 0.9895227551460266 0.006953765172511339 0.10508288443088531 0.09876199811697006
redkitchen/seq-04/frame-000304.color.png 0.6922450661659241 -0.6664175391197205 1.4728071689605713 0.988648533821106 0.00203327345661819 0.11241493374109268 0.09966413676738739
redkitchen/seq-04/frame-000305.color.png 0.6749529838562012 -0.6578181385993958 1.463786244392395 0.9881054162979126 0.0098493667319417 0.10928554832935333 0.10773637145757675
redkitchen/seq-04/frame-000306.color.png 0.6625064611434937 -0.6628137230873108 1.4823393821716309 0.9860658049583435 0.01967618800699711 0.1184348538517952 0.11515239626169205
redkitchen/seq-04/frame-000307.color.png 0.6433175802230835 -0.636094331741333 1.4577598571777344 0.9852789640426636 0.00995889026671648 0.12239164113998413 0.11893898993730545
redkitchen/seq-04/frame-000308.color.png 0.6343562602996826 -0.6375913023948669 1.4663820266723633 0.9859215617179871 0.03447107598185539 0.11295975744724274 0.11836607754230499
redkitchen/seq-04/frame-000309.color.png 0.6259797215461731 -0.64653480052948 1.4099476337432861 0.9775809645652771 0.052742477506399155 0.15373873710632324 0.1338585615158081
redkitchen/seq-04/frame-000310.color.png 0.6259797215461731 -0.64653480052948 1.4099476337432861 0.9775809645652771 0.052742477506399155 0.15373873710632324 0.1338585615158081
redkitchen/seq-04/frame-000311.color.png 0.6141923069953918 -0.6426899433135986 1.4148974418640137 0.9782697558403015 0.055746957659721375 0.14075718820095062 0.14166109263896942
redkitchen/seq-04/frame-000312.color.png 0.5965369343757629 -0.6145336031913757 1.4131311178207397 0.9780306816101074 0.04114777594804764 0.14789366722106934 0.14103318750858307
redkitchen/seq-04/frame-000313.color.png 0.5908898115158081 -0.6322669982910156 1.4489936828613281 0.9815383553504944 0.07339650392532349 0.10860374569892883 0.13928590714931488
redkitchen/seq-04/frame-000314.color.png 0.6132972836494446 -0.6367495059967041 1.4327954053878784 0.9790573120117188 0.06973093003034592 0.1286168247461319 0.14156988263130188
redkitchen/seq-04/frame-000315.color.png 0.6058465838432312 -0.6701432466506958 1.4606503248214722 0.984342098236084 0.07688447833061218 0.09225153177976608 0.129031702876091
redkitchen/seq-04/frame-000316.color.png 0.5509747266769409 -0.6533927917480469 1.4624693393707275 0.9902891516685486 0.09203524142503738 0.011759692803025246 0.10353047400712967
redkitchen/seq-04/frame-000317.color.png 0.5370648503303528 -0.6417648196220398 1.4671858549118042 0.9866654872894287 0.07515786588191986 0.07945011556148529 0.1205405592918396
redkitchen/seq-04/frame-000318.color.png 0.5412122011184692 -0.6295685768127441 1.4517700672149658 0.9866734147071838 0.07559765130281448 0.07892175018787384 0.12054844945669174
redkitchen/seq-04/frame-000319.color.png 0.5442225337028503 -0.6496062278747559 1.4812097549438477 0.9889746308326721 0.08942215144634247 0.03500504791736603 0.11272719502449036
redkitchen/seq-04/frame-000320.color.png 0.533614993095398 -0.6637455821037292 1.5024306774139404 0.9806899428367615 0.07969308644533157 0.11736629903316498 0.13461622595787048
redkitchen/seq-04/frame-000321.color.png 0.536710798740387 -0.6409894824028015 1.4758914709091187 0.9811413288116455 0.06740210950374603 0.1209459900856018 0.13487254083156586
redkitchen/seq-04/frame-000322.color.png 0.536710798740387 -0.6409894824028015 1.4758914709091187 0.9811413288116455 0.06740210950374603 0.1209459900856018 0.13487254083156586
redkitchen/seq-04/frame-000323.color.png 0.543921947479248 -0.6566537618637085 1.4852678775787354 0.9810206294059753 0.07014932483434677 0.11886347085237503 0.13619492948055267
redkitchen/seq-04/frame-000324.color.png 0.5313451886177063 -0.6568719744682312 1.493926763534546 0.9824913740158081 0.08352752029895782 0.09912669658660889 0.133819118142128
redkitchen/seq-04/frame-000325.color.png 0.515943169593811 -0.6491764783859253 1.4837613105773926 0.9809885621070862 0.09023073315620422 0.10788369923830032 0.13371975719928741
redkitchen/seq-04/frame-000326.color.png 0.5694432258605957 -0.6466147899627686 1.4254357814788818 0.980067789554596 0.10058600455522537 0.10981342196464539 0.13149435818195343
redkitchen/seq-04/frame-000327.color.png 0.5537080764770508 -0.64023756980896 1.453802227973938 0.981685996055603 0.08765439689159393 0.10438685119152069 0.13308875262737274
redkitchen/seq-04/frame-000328.color.png 0.5389300584793091 -0.6335620880126953 1.4614167213439941 0.9817713499069214 0.09647178649902344 0.1041947454214096 0.12633907794952393
redkitchen/seq-04/frame-000329.color.png 0.5548388957977295 -0.6346561908721924 1.4641422033309937 0.982245683670044 0.07818668335676193 0.11270032823085785 0.1279802769422531
redkitchen/seq-04/frame-000330.color.png 0.5324790477752686 -0.6583629846572876 1.501725673675537 0.9810333251953125 0.08861063420772552 0.11958813667297363 0.12417861074209213
redkitchen/seq-04/frame-000331.color.png 0.5199561715126038 -0.657846212387085 1.4958055019378662 0.9836013913154602 0.08833111822605133 0.10251263529062271 0.11923515796661377
redkitchen/seq-04/frame-000332.color.png 0.5800475478172302 -0.6564546823501587 1.4701120853424072 0.9787981510162354 0.0962643027305603 0.12821950018405914 0.12746430933475494
redkitchen/seq-04/frame-000333.color.png 0.5800475478172302 -0.6564546823501587 1.4701120853424072 0.9787981510162354 0.0962643027305603 0.12821950018405914 0.12746430933475494
redkitchen/seq-04/frame-000334.color.png 0.5398093461990356 -0.6382609009742737 1.4845935106277466 0.9809285998344421 0.0739360824227333 0.1273217648267746 0.1268928050994873
redkitchen/seq-04/frame-000335.color.png 0.5177580118179321 -0.6413593888282776 1.5072851181030273 0.9816948771476746 0.09471731632947922 0.10651650279760361 0.1263250857591629
redkitchen/seq-04/frame-000336.color.png 0.5168912410736084 -0.6529446244239807 1.5212346315383911 0.9809182286262512 0.08645131438970566 0.11598586291074753 0.12989647686481476
redkitchen/seq-04/frame-000337.color.png 0.5334240794181824 -0.6555007100105286 1.492290735244751 0.980251669883728 0.09740062803030014 0.11452845484018326 0.12846428155899048
redkitchen/seq-04/frame-000338.color.png 0.531226634979248 -0.6508559584617615 1.4637370109558105 0.9807702898979187 0.09742505848407745 0.11748448014259338 0.12163594365119934
redkitchen/seq-04/frame-000339.color.png 0.5700341463088989 -0.7025827765464783 1.521843671798706 0.9779215455055237 0.10374289751052856 0.1217869445681572 0.1344417780637741
redkitchen/seq-04/frame-000340.color.png 0.5482324361801147 -0.707099437713623 1.559686303138733 0.9798058271408081 0.11132504045963287 0.11248075217008591 0.12220966070890427
redkitchen/seq-04/frame-000341.color.png 0.5205065011978149 -0.6669058203697205 1.5511995553970337 0.9901180863380432 0.10554824024438858 0.0038148711901158094 0.0922558605670929
redkitchen/seq-04/frame-000342.color.png 0.5205065011978149 -0.6669058203697205 1.5511995553970337 0.9901180863380432 0.10554824024438858 0.0038148711901158094 0.0922558605670929
redkitchen/seq-04/frame-000343.color.png 0.5293442010879517 -0.6350059509277344 1.5038152933120728 0.9903623461723328 0.10555931180715561 -0.04823818802833557 0.07558242976665497
redkitchen/seq-04/frame-000344.color.png 0.5132536292076111 -0.6438763737678528 1.5242856740951538 0.9857293367385864 0.10217803716659546 0.07355424016714096 0.11174562573432922
redkitchen/seq-04/frame-000345.color.png 0.5130631327629089 -0.6306845545768738 1.5065538883209229 0.9859108924865723 0.10292945802211761 0.0670384094119072 0.11353873461484909
redkitchen/seq-04/frame-000346.color.png 0.5332916378974915 -0.6650322675704956 1.5423932075500488 0.9794512391090393 0.10987471044063568 -0.16527558863162994 0.035871412605047226
redkitchen/seq-04/frame-000347.color.png 0.5668882131576538 -0.6667718887329102 1.4941258430480957 0.9777411222457886 0.11670974642038345 -0.17272035777568817 0.02385224960744381
redkitchen/seq-04/frame-000348.color.png 0.5858270525932312 -0.6489790081977844 1.477676510810852 0.9657530784606934 0.12106523662805557 -0.2294275164604187 0.005218551494181156
redkitchen/seq-04/frame-000349.color.png 0.5581669807434082 -0.6245606541633606 1.4726330041885376 0.9665315747261047 0.1013861745595932 -0.23527219891548157 0.013583983294665813
redkitchen/seq-04/frame-000350.color.png 0.5071497559547424 -0.603329062461853 1.4677143096923828 0.9826648831367493 0.09821891784667969 0.0947924479842186 0.12544848024845123
redkitchen/seq-04/frame-000351.color.png 0.5144554376602173 -0.6084195375442505 1.4492987394332886 0.9773578643798828 0.09749060124158859 0.1303379088640213 0.13520066440105438
redkitchen/seq-04/frame-000352.color.png 0.5300242304801941 -0.6400034427642822 1.536210298538208 0.9791925549507141 0.08595053851604462 0.1250426173210144 0.13475435972213745
redkitchen/seq-04/frame-000353.color.png 0.5300242304801941 -0.6400034427642822 1.536210298538208 0.9791925549507141 0.08595053851604462 0.1250426173210144 0.13475435972213745
redkitchen/seq-04/frame-000354.color.png 0.5090173482894897 -0.6310182213783264 1.5361253023147583 0.9862373471260071 0.1002560406923294 0.03409218788146973 0.12697406113147736
redkitchen/seq-04/frame-000355.color.png 0.532900869846344 -0.6239987015724182 1.447833776473999 0.9726382493972778 0.10253416746854782 0.14238867163658142 0.1522732824087143
redkitchen/seq-04/frame-000356.color.png 0.5281231999397278 -0.655284583568573 1.4834117889404297 0.9606112241744995 0.0763564184308052 0.2117966264486313 0.1629045009613037
redkitchen/seq-04/frame-000357.color.png 0.5286021828651428 -0.6651209592819214 1.5425397157669067 0.9547169208526611 0.06617646664381027 0.23451925814151764 0.1706954687833786
redkitchen/seq-04/frame-000358.color.png 0.5295891761779785 -0.651573121547699 1.5119916200637817 0.9755021333694458 0.08198284357786179 0.14892029762268066 0.13963234424591064
redkitchen/seq-04/frame-000359.color.png 0.48612481355667114 -0.7055856585502625 1.6137224435806274 0.9861795902252197 0.0867980420589447 0.07785593718290329 0.11770392209291458
redkitchen/seq-04/frame-000360.color.png 0.48882541060447693 -0.672148585319519 1.5629289150238037 0.9746684432029724 0.0749163031578064 0.15973444283008575 0.13745525479316711
redkitchen/seq-04/frame-000361.color.png 0.49260327219963074 -0.6418742537498474 1.5169017314910889 0.9922389984130859 0.0803796797990799 0.029844731092453003 0.09005659073591232
redkitchen/seq-04/frame-000362.color.png 0.43267175555229187 -0.7220306992530823 1.6203300952911377 0.9519502520561218 0.08740711957216263 -0.2919270098209381 -0.030487243086099625
redkitchen/seq-04/frame-000363.color.png 0.2788923978805542 -0.7778165936470032 1.723813533782959 0.946949303150177 0.07610835880041122 -0.3074147403240204 -0.0546884685754776
redkitchen/seq-04/frame-000364.color.png 0.2873902916908264 -0.7819337844848633 1.7082287073135376 0.9698339104652405 0.053298309445381165 -0.23658445477485657 -0.024682266637682915
redkitchen/seq-04/frame-000365.color.png 0.2602037489414215 -0.7728027701377869 1.698551058769226 0.9702083468437195 0.0503045991063118 -0.2350977212190628 -0.029903411865234375
redkitchen/seq-04/frame-000366.color.png 0.33140137791633606 -0.8004323244094849 1.6789366006851196 0.9569849967956543 0.057590484619140625 -0.27942419052124023 -0.05277370661497116
redkitchen/seq-04/frame-000367.color.png 0.4133942723274231 -0.7280159592628479 1.5908032655715942 0.9457657933235168 0.04378782957792282 -0.3147698640823364 -0.06730307638645172
redkitchen/seq-04/frame-000368.color.png 0.46628904342651367 -0.6823160648345947 1.5171725749969482 0.9529776573181152 0.04791705682873726 -0.29385441541671753 -0.05645570904016495
redkitchen/seq-04/frame-000369.color.png 0.4315344989299774 -0.6932133436203003 1.534346580505371 0.9622490406036377 0.04334162175655365 -0.2654576003551483 -0.041599031537771225
redkitchen/seq-04/frame-000370.color.png 0.3761956989765167 -0.7269800305366516 1.5791319608688354 0.9481155276298523 0.04482807591557503 -0.3075888752937317 -0.06675680726766586
redkitchen/seq-04/frame-000371.color.png 0.4271116852760315 -0.7103059887886047 1.5711805820465088 0.9675248861312866 0.05661717802286148 -0.24420009553432465 -0.03250419348478317
redkitchen/seq-04/frame-000372.color.png 0.4564502537250519 -0.6984956860542297 1.573226809501648 0.955122172832489 0.06353945285081863 -0.28523075580596924 -0.04845261573791504
redkitchen/seq-04/frame-000373.color.png 0.395969420671463 -0.7624886631965637 1.6535078287124634 0.9961594939231873 0.06348972767591476 0.017092132940888405 0.05781971290707588
redkitchen/seq-04/frame-000374.color.png 0.4524974822998047 -0.6997171640396118 1.5806713104248047 0.9975555539131165 0.05035489797592163 0.0009465179755352437 0.048438910394907
redkitchen/seq-04/frame-000375.color.png 0.4420938789844513 -0.7002509832382202 1.5761840343475342 0.9964597225189209 0.05494624748826027 -0.057759903371334076 0.026698598638176918
redkitchen/seq-04/frame-000376.color.png 0.434947669506073 -0.706403911113739 1.5706998109817505 0.9899390935897827 0.05907133221626282 0.10725343972444534 0.07090697437524796
redkitchen/seq-04/frame-000377.color.png 0.4089473783969879 -0.7283788919448853 1.6372240781784058 0.9884676337242126 0.03613551706075668 0.12832002341747284 0.07183298468589783
redkitchen/seq-04/frame-000378.color.png 0.47227081656455994 -0.7320270538330078 1.6398512125015259 0.9922479391098022 0.03585891053080559 0.10367247462272644 0.058395612984895706
redkitchen/seq-04/frame-000379.color.png 0.44578906893730164 -0.7654456496238708 1.6555763483047485 0.9931049942970276 0.03012380748987198 -0.11149264127016068 -0.02010424993932247
redkitchen/seq-04/frame-000380.color.png 0.453400582075119 -0.759482204914093 1.678550362586975 0.999221920967102 0.019994795322418213 0.016929006204009056 0.029481487348675728
redkitchen/seq-04/frame-000381.color.png 0.3825891315937042 -0.7622230648994446 1.6951899528503418 0.9990770220756531 0.01998654566705227 -0.03749719262123108 0.006292574107646942
redkitchen/seq-04/frame-000382.color.png 0.3508589267730713 -0.7488071322441101 1.6841424703598022 0.9939379096031189 0.027089012786746025 0.09615792334079742 0.04590499773621559
redkitchen/seq-04/frame-000383.color.png 0.39082977175712585 -0.6989591121673584 1.6068898439407349 0.9912368059158325 0.024995069950819016 -0.12483543902635574 -0.03522731736302376
redkitchen/seq-04/frame-000384.color.png 0.39082977175712585 -0.6989591121673584 1.6068898439407349 0.9912368059158325 0.024995069950819016 -0.12483543902635574 -0.03522731736302376
redkitchen/seq-04/frame-000385.color.png 0.2744615375995636 -0.730525553226471 1.6514966487884521 0.9871764779090881 0.01917799934744835 0.14304755628108978 0.06820864975452423
redkitchen/seq-04/frame-000386.color.png 0.20355340838432312 -0.7930812239646912 1.7068490982055664 0.9760810136795044 0.013560011982917786 0.1962517648935318 0.09255921840667725
redkitchen/seq-04/frame-000387.color.png 0.32504042983055115 -0.7305166721343994 1.6136748790740967 0.9511417746543884 0.008076337166130543 0.28025126457214355 0.12931808829307556
redkitchen/seq-04/frame-000388.color.png 0.23700952529907227 -0.750008761882782 1.6429357528686523 0.9930224418640137 0.032221972942352295 0.09634806960821152 0.059877026826143265
redkitchen/seq-04/frame-000389.color.png 0.19146329164505005 -0.774444043636322 1.6985678672790527 0.9797589182853699 0.03671954199671745 0.17340677976608276 0.09302859753370285
redkitchen/seq-04/frame-000390.color.png 0.20982027053833008 -0.7348262667655945 1.6122454404830933 0.9868596196174622 0.025617990642786026 0.13918450474739075 0.07797090709209442
redkitchen/seq-04/frame-000391.color.png 0.1942702978849411 -0.7366117835044861 1.6200326681137085 0.996490478515625 0.03484279289841652 -0.07162165641784668 -0.02575036883354187
redkitchen/seq-04/frame-000392.color.png 0.16367769241333008 -0.7481556534767151 1.6387851238250732 0.9596744179725647 0.029254833236336708 0.2584894299507141 0.10654795169830322
redkitchen/seq-04/frame-000393.color.png 0.05657264217734337 -0.8031191229820251 1.6950368881225586 0.9759472012519836 0.028590885922312737 0.19606904685497284 0.09092088788747787
redkitchen/seq-04/frame-000394.color.png 0.18599125742912292 -0.7279671430587769 1.5878889560699463 0.9990959167480469 0.03986775502562523 -0.01076524518430233 0.010109355673193932
redkitchen/seq-04/frame-000395.color.png 0.09394095838069916 -0.7712623476982117 1.6314797401428223 0.9962701797485352 0.034565847367048264 0.06871747225522995 0.03909912332892418
redkitchen/seq-04/frame-000396.color.png 0.14684604108333588 -0.7499549388885498 1.5991593599319458 0.9781729578971863 0.03664891794323921 0.18459807336330414 0.0880792886018753
redkitchen/seq-04/frame-000397.color.png 0.1599663347005844 -0.7397248148918152 1.5890898704528809 0.9973170757293701 0.03744371235370636 0.05129937827587128 0.03640386462211609
redkitchen/seq-04/frame-000398.color.png 0.16621056199073792 -0.7501755952835083 1.5914502143859863 0.9987614154815674 0.04487103968858719 0.017341621220111847 0.012708855792880058
redkitchen/seq-04/frame-000399.color.png 0.2684655487537384 -0.7158837914466858 1.5427879095077515 0.9959309101104736 0.047023456543684006 0.07010648399591446 0.031553514301776886
redkitchen/seq-04/frame-000400.color.png 0.2478756308555603 -0.7185544371604919 1.5660279989242554 0.9965126514434814 0.04956626892089844 -0.06580092012882233 -0.013267453759908676
redkitchen/seq-04/frame-000401.color.png 0.1854250431060791 -0.7296738624572754 1.5555102825164795 0.9863878488540649 0.05377212166786194 0.13820913434028625 0.0710354894399643
redkitchen/seq-04/frame-000402.color.png 0.19982290267944336 -0.7510231137275696 1.5730420351028442 0.9931877851486206 0.04098530858755112 0.10175678133964539 0.0392918586730957
redkitchen/seq-04/frame-000403.color.png 0.2518324851989746 -0.7225118279457092 1.5027943849563599 0.9615538716316223 0.028303366154432297 0.25540682673454285 0.09685355424880981
redkitchen/seq-04/frame-000404.color.png 0.2352573275566101 -0.7202749848365784 1.5251587629318237 0.9568458795547485 0.03075556643307209 0.2653544545173645 0.11439808458089828
redkitchen/seq-04/frame-000405.color.png 0.18611623346805573 -0.7598172426223755 1.566060185432434 0.9734857082366943 0.03467667102813721 0.20601892471313477 0.0931624099612236
redkitchen/seq-04/frame-000406.color.png 0.29688751697540283 -0.7069536447525024 1.4927178621292114 0.9388089776039124 0.02209746651351452 0.31854572892189026 0.12914326786994934
redkitchen/seq-04/frame-000407.color.png 0.2188113033771515 -0.7632610201835632 1.5612735748291016 0.9394522309303284 0.012588342651724815 0.317117303609848 0.12925752997398376
redkitchen/seq-04/frame-000408.color.png 0.2645740211009979 -0.7312843799591064 1.5041052103042603 0.9120363593101501 -0.016382843255996704 0.38371285796165466 0.14382493495941162
redkitchen/seq-04/frame-000409.color.png 0.348155677318573 -0.6982743144035339 1.4770090579986572 0.9092245101928711 -0.017811013385653496 0.3892083168029785 0.14666444063186646
redkitchen/seq-04/frame-000410.color.png 0.34663134813308716 -0.695953369140625 1.4734545946121216 0.9127981662750244 -0.017449693754315376 0.3830067813396454 0.1407155841588974
redkitchen/seq-04/frame-000411.color.png 0.35432127118110657 -0.7139407396316528 1.477750301361084 0.9142170548439026 -0.02275140956044197 0.38219374418258667 0.1327309012413025
redkitchen/seq-04/frame-000412.color.png 0.33608388900756836 -0.733845591545105 1.4915281534194946 0.9159732460975647 -0.02275785431265831 0.37862640619277954 0.13083234429359436
redkitchen/seq-04/frame-000413.color.png 0.3707522451877594 -0.7412751317024231 1.4937026500701904 0.9121559858322144 -0.02171889692544937 0.3860810101032257 0.13579893112182617
redkitchen/seq-04/frame-000414.color.png 0.37330809235572815 -0.7207576036453247 1.4760290384292603 0.9165811538696289 -0.015750760212540627 0.3742401599884033 0.13991199433803558
redkitchen/seq-04/frame-000415.color.png 0.4069090485572815 -0.689123809337616 1.4528894424438477 0.9136267304420471 -0.017500106245279312 0.3787280321121216 0.14678269624710083
redkitchen/seq-04/frame-000416.color.png 0.4032387137413025 -0.6864677667617798 1.459143042564392 0.9138185977935791 -0.022938931360840797 0.3803291618824005 0.14056678116321564
redkitchen/seq-04/frame-000417.color.png 0.4016512930393219 -0.6958852410316467 1.4525419473648071 0.9195237159729004 -0.017139477655291557 0.3723664879798889 0.12460178881883621
redkitchen/seq-04/frame-000418.color.png 0.4094601571559906 -0.6931798458099365 1.4497822523117065 0.9295705556869507 -0.019003678113222122 0.349852591753006 0.11463284492492676
redkitchen/seq-04/frame-000419.color.png 0.3502534031867981 -0.7132118344306946 1.4409140348434448 0.9219812154769897 -0.03327621519565582 0.3670333921909332 0.11886903643608093
redkitchen/seq-04/frame-000420.color.png 0.3882976174354553 -0.6984849572181702 1.432094693183899 0.9245544672012329 -0.02513347938656807 0.3672029972076416 0.09863650053739548
redkitchen/seq-04/frame-000421.color.png 0.4058060646057129 -0.6721610426902771 1.4324630498886108 0.91813725233078 -0.039446208626031876 0.3763617277145386 0.1175580695271492
redkitchen/seq-04/frame-000422.color.png 0.45753130316734314 -0.657181978225708 1.4348970651626587 0.9249379634857178 -0.02669336646795273 0.36423540115356445 0.10540386289358139
redkitchen/seq-04/frame-000423.color.png 0.4476340115070343 -0.6645880937576294 1.4571048021316528 0.9189327955245972 -0.035098034888505936 0.37524721026420593 0.11627579480409622
redkitchen/seq-04/frame-000424.color.png 0.3791341781616211 -0.6912019848823547 1.4896228313446045 0.9170668721199036 -0.0431583933532238 0.3776455223560333 0.12045518308877945
redkitchen/seq-04/frame-000425.color.png 0.3941987454891205 -0.6960446238517761 1.4813146591186523 0.9214526414871216 -0.04901459068059921 0.36750349402427673 0.11603355407714844
redkitchen/seq-04/frame-000426.color.png 0.42335644364356995 -0.6946182250976562 1.4658868312835693 0.9254922270774841 -0.040924202650785446 0.3577725291252136 0.11742290109395981
redkitchen/seq-04/frame-000427.color.png 0.4533868134021759 -0.6712124347686768 1.4333291053771973 0.9241629242897034 -0.05165209248661995 0.36045965552330017 0.11542845517396927
redkitchen/seq-04/frame-000428.color.png 0.4516052007675171 -0.6721537113189697 1.4573627710342407 0.9240531325340271 -0.050545841455459595 0.359685480594635 0.11915256083011627
redkitchen/seq-04/frame-000429.color.png 0.4042227566242218 -0.7001294493675232 1.4667768478393555 0.9241141080856323 -0.055417753756046295 0.3617306649684906 0.10996853560209274
redkitchen/seq-04/frame-000430.color.png 0.3795102834701538 -0.6999435424804688 1.4776331186294556 0.9218692779541016 -0.05361427739262581 0.36384233832359314 0.12207124382257462
redkitchen/seq-04/frame-000431.color.png 0.32862409949302673 -0.7120136022567749 1.4619771242141724 0.9227473735809326 -0.0585266649723053 0.3601391315460205 0.12414450198411942
redkitchen/seq-04/frame-000432.color.png 0.3391183912754059 -0.7106584906578064 1.4238333702087402 0.9259568452835083 -0.06155097484588623 0.35300442576408386 0.11917749792337418
redkitchen/seq-04/frame-000433.color.png 0.4074092209339142 -0.6843494772911072 1.4338375329971313 0.9241032004356384 -0.06151208654046059 0.3548985421657562 0.12765814363956451
redkitchen/seq-04/frame-000434.color.png 0.35835370421409607 -0.7080640196800232 1.4630481004714966 0.9279409050941467 -0.06389851123094559 0.34714844822883606 0.11971020698547363
redkitchen/seq-04/frame-000435.color.png 0.3587028682231903 -0.7015325427055359 1.4411876201629639 0.9308094382286072 -0.06517863273620605 0.34505730867385864 0.10139524936676025
redkitchen/seq-04/frame-000436.color.png 0.427786648273468 -0.6963633298873901 1.452594518661499 0.9367167949676514 -0.06390909850597382 0.32860082387924194 0.10246296972036362
redkitchen/seq-04/frame-000437.color.png 0.3520793318748474 -0.7426215410232544 1.50072181224823 0.9315701723098755 -0.06337334960699081 0.3463486433029175 0.09057281166315079
redkitchen/seq-04/frame-000438.color.png 0.3366951048374176 -0.7642884254455566 1.5033706426620483 0.9360703825950623 -0.06014028936624527 0.33827856183052063 0.0756501778960228
redkitchen/seq-04/frame-000439.color.png 0.3752739727497101 -0.7495061159133911 1.4883403778076172 0.9388394355773926 -0.056193895637989044 0.3302140235900879 0.07988514006137848
redkitchen/seq-04/frame-000440.color.png 0.49933892488479614 -0.7123466730117798 1.503328561782837 0.9468098878860474 -0.04815749451518059 0.30672553181648254 0.08456607162952423
redkitchen/seq-04/frame-000441.color.png 0.470321923494339 -0.7307946681976318 1.5129932165145874 0.9465463161468506 -0.04787394776940346 0.3104967772960663 0.07314268499612808
redkitchen/seq-04/frame-000442.color.png 0.4584864675998688 -0.7463921904563904 1.4998937845230103 0.9483039379119873 -0.050484463572502136 0.30448684096336365 0.0738837867975235
redkitchen/seq-04/frame-000443.color.png 0.47816309332847595 -0.7366935014724731 1.5244961977005005 0.9529767632484436 -0.05485512316226959 0.28858625888824463 0.07445896416902542
redkitchen/seq-04/frame-000444.color.png 0.47364872694015503 -0.7454767227172852 1.5523775815963745 0.9529374837875366 -0.04234440624713898 0.2915589213371277 0.07148805260658264
redkitchen/seq-04/frame-000445.color.png 0.5108801126480103 -0.736386239528656 1.5411101579666138 0.9514644742012024 -0.051804497838020325 0.29592618346214294 0.06677937507629395
redkitchen/seq-04/frame-000446.color.png 0.4696197509765625 -0.7616977095603943 1.5529916286468506 0.9527543783187866 -0.048569392412900925 0.29435643553733826 0.05704687908291817
redkitchen/seq-04/frame-000447.color.png 0.4696197509765625 -0.7616977095603943 1.5529916286468506 0.9527543783187866 -0.048569392412900925 0.29435643553733826 0.05704687908291817
redkitchen/seq-04/frame-000448.color.png 0.5412668585777283 -0.7285827398300171 1.5061951875686646 0.955606997013092 -0.057455215603113174 0.2831181585788727 0.05795007944107056
redkitchen/seq-04/frame-000449.color.png 0.5844246745109558 -0.6976207494735718 1.5042059421539307 0.9515398144721985 -0.05048450827598572 0.29910945892333984 0.05056462064385414
redkitchen/seq-04/frame-000450.color.png 0.5599647164344788 -0.7003359794616699 1.4930524826049805 0.9516755938529968 -0.0563531368970871 0.2971912920475006 0.053061168640851974
redkitchen/seq-04/frame-000451.color.png 0.5488024353981018 -0.7227548956871033 1.5071666240692139 0.9567748308181763 -0.05132879316806793 0.2814110219478607 0.05248960107564926
redkitchen/seq-04/frame-000452.color.png 0.5604079365730286 -0.7016690373420715 1.4946519136428833 0.9586638808250427 -0.061582669615745544 0.27333858609199524 0.049570176750421524
redkitchen/seq-04/frame-000453.color.png 0.5672255158424377 -0.7091853618621826 1.5181835889816284 0.9554504752159119 -0.06275127828121185 0.28410306572914124 0.049621134996414185
redkitchen/seq-04/frame-000454.color.png 0.5672255158424377 -0.7091853618621826 1.5181835889816284 0.9554504752159119 -0.06275127828121185 0.28410306572914124 0.049621134996414185
redkitchen/seq-04/frame-000455.color.png 0.5781117081642151 -0.6866917014122009 1.5077098608016968 0.9559388756752014 -0.056726500391960144 0.28385359048843384 0.04888980835676193
redkitchen/seq-04/frame-000456.color.png 0.517378568649292 -0.7166304588317871 1.5248816013336182 0.9619837999343872 -0.04683476313948631 0.26607248187065125 0.03998948261141777
redkitchen/seq-04/frame-000457.color.png 0.5936460494995117 -0.684573769569397 1.4633554220199585 0.9684112668037415 -0.05355767533183098 0.24048514664173126 0.03844597563147545
redkitchen/seq-04/frame-000458.color.png 0.5758868455886841 -0.6933726072311401 1.478929042816162 0.9644134640693665 -0.07007122784852982 0.25124990940093994 0.043242447078228
redkitchen/seq-04/frame-000459.color.png 0.5660949945449829 -0.7073866128921509 1.5005218982696533 0.9667693376541138 -0.06511035561561584 0.2443346232175827 0.037660546600818634
redkitchen/seq-04/frame-000460.color.png 0.6100963354110718 -0.6893538236618042 1.4777580499649048 0.9662705063819885 -0.05753188952803612 0.24819126725196838 0.03758196160197258
redkitchen/seq-04/frame-000461.color.png 0.6100963354110718 -0.6893538236618042 1.4777580499649048 0.9662705063819885 -0.05753188952803612 0.24819126725196838 0.03758196160197258
redkitchen/seq-04/frame-000462.color.png 0.5648910403251648 -0.6942036747932434 1.4733538627624512 0.9700905084609985 -0.055171046406030655 0.23369859158992767 0.035574641078710556
redkitchen/seq-04/frame-000463.color.png 0.5726812481880188 -0.7223417162895203 1.482982873916626 0.9664067625999451 -0.05984862521290779 0.24777181446552277 0.032945435494184494
redkitchen/seq-04/frame-000464.color.png 0.6069420576095581 -0.6914898157119751 1.4720734357833862 0.9691137075424194 -0.06307759135961533 0.23565566539764404 0.036142826080322266
redkitchen/seq-04/frame-000465.color.png 0.6038529276847839 -0.6863691806793213 1.4636021852493286 0.9677859544754028 -0.05692005157470703 0.24283385276794434 0.03438469395041466
redkitchen/seq-04/frame-000466.color.png 0.6274683475494385 -0.6787455081939697 1.450846552848816 0.9755706191062927 -0.047138456255197525 0.2132294774055481 0.023942504078149796
redkitchen/seq-04/frame-000467.color.png 0.6252687573432922 -0.6891078948974609 1.4655218124389648 0.9719410538673401 -0.05382038652896881 0.22737793624401093 0.027074826881289482
redkitchen/seq-04/frame-000468.color.png 0.6354652047157288 -0.6945220828056335 1.4877054691314697 0.9739711284637451 -0.05932445824146271 0.21703867614269257 0.027479521930217743
redkitchen/seq-04/frame-000469.color.png 0.6354652047157288 -0.6945220828056335 1.4877054691314697 0.9739711284637451 -0.05932445824146271 0.21703867614269257 0.027479521930217743
redkitchen/seq-04/frame-000470.color.png 0.6711565852165222 -0.67726069688797 1.3948478698730469 0.9727805852890015 -0.05893300101161003 0.22202277183532715 0.030509917065501213
redkitchen/seq-04/frame-000471.color.png 0.7070299386978149 -0.6605013012886047 1.3688476085662842 0.9790542125701904 -0.061704136431217194 0.19210076332092285 0.027255428954958916
redkitchen/seq-04/frame-000472.color.png 0.6682857871055603 -0.6825261116027832 1.4611108303070068 0.9825100302696228 -0.06085623428225517 0.17391681671142578 0.026900600641965866
redkitchen/seq-04/frame-000473.color.png 0.6408881545066833 -0.6896034479141235 1.4752076864242554 0.9825559258460999 -0.06528214365243912 0.17193177342414856 0.027597330510616302
redkitchen/seq-04/frame-000474.color.png 0.708575427532196 -0.6608515977859497 1.4226354360580444 0.9828855395317078 -0.05446809530258179 0.17433524131774902 0.024005403742194176
redkitchen/seq-04/frame-000475.color.png 0.708575427532196 -0.6608515977859497 1.4226354360580444 0.9828855395317078 -0.05446809530258179 0.17433524131774902 0.024005403742194176
redkitchen/seq-04/frame-000476.color.png 0.7273087501525879 -0.6669058799743652 1.3910454511642456 0.9829978346824646 -0.05748128145933151 0.1725599765777588 0.025182491168379784
redkitchen/seq-04/frame-000477.color.png 0.7020303606987 -0.663955807685852 1.3904268741607666 0.987149715423584 -0.052355118095874786 0.1494150161743164 0.021667784079909325
redkitchen/seq-04/frame-000478.color.png 0.7062833905220032 -0.660871148109436 1.4402347803115845 0.9848677515983582 -0.05786403641104698 0.16143964231014252 0.02499161660671234
redkitchen/seq-04/frame-000479.color.png 0.6933616399765015 -0.6637590527534485 1.4208978414535522 0.9856765270233154 -0.06161698326468468 0.15473200380802155 0.026517275720834732
redkitchen/seq-04/frame-000480.color.png 0.6982940435409546 -0.6359138488769531 1.3975452184677124 0.987805962562561 -0.05471663177013397 0.14414432644844055 0.021631523966789246
redkitchen/seq-04/frame-000481.color.png 0.7092411518096924 -0.6259686350822449 1.3572477102279663 0.9897186160087585 -0.0538066141307354 0.13104188442230225 0.01975291222333908
redkitchen/seq-04/frame-000482.color.png 0.7092411518096924 -0.6259686350822449 1.3572477102279663 0.9897186160087585 -0.0538066141307354 0.13104188442230225 0.01975291222333908
redkitchen/seq-04/frame-000483.color.png 0.7646355628967285 -0.6160711050033569 1.3810410499572754 0.9887301921844482 -0.05261353403329849 0.13840050995349884 0.022129954770207405
redkitchen/seq-04/frame-000484.color.png 0.7641410231590271 -0.6082982420921326 1.3507204055786133 0.9899460077285767 -0.04678024351596832 0.13156268000602722 0.022579967975616455
redkitchen/seq-04/frame-000485.color.png 0.8799875378608704 -0.5313805341720581 1.272432565689087 0.9928896427154541 -0.025644775480031967 0.11431704461574554 0.021074490621685982
redkitchen/seq-04/frame-000486.color.png 0.8799875378608704 -0.5313805341720581 1.272432565689087 0.9928896427154541 -0.025644775480031967 0.11431704461574554 0.021074490621685982
redkitchen/seq-04/frame-000487.color.png 0.8659840822219849 -0.4869111180305481 1.2459036111831665 0.9938178658485413 -0.023839985951781273 0.10634686052799225 0.02116997539997101
redkitchen/seq-04/frame-000488.color.png 0.8731250762939453 -0.4619365632534027 1.1915628910064697 0.9945909380912781 -0.01713365688920021 0.10041859745979309 0.02028455212712288
redkitchen/seq-04/frame-000489.color.png 0.9720656871795654 -0.40913569927215576 1.1371886730194092 0.9964084029197693 -0.02983241342008114 0.07405507564544678 0.028217006474733353
redkitchen/seq-04/frame-000490.color.png 0.9848776459693909 -0.49221980571746826 1.2552388906478882 0.9950076937675476 -0.046210408210754395 0.08578703552484512 0.02155636064708233
redkitchen/seq-04/frame-000491.color.png 0.9480019211769104 -0.5169231295585632 1.2958602905273438 0.9947993755340576 -0.048043012619018555 0.08743205666542053 0.020538801327347755
redkitchen/seq-04/frame-000492.color.png 0.9480019211769104 -0.5169231295585632 1.2958602905273438 0.9947993755340576 -0.048043012619018555 0.08743205666542053 0.020538801327347755
redkitchen/seq-04/frame-000493.color.png 0.9555298089981079 -0.5355692505836487 1.3141276836395264 0.9964197278022766 -0.033026404678821564 0.07576780021190643 0.01778315007686615
redkitchen/seq-04/frame-000494.color.png 0.9398899674415588 -0.5333257913589478 1.3137129545211792 0.996819794178009 -0.02435046248137951 0.07351874560117722 0.018772238865494728
redkitchen/seq-04/frame-000495.color.png 0.9414580464363098 -0.5227914452552795 1.3160958290100098 0.9972200393676758 -0.026174305006861687 0.06741029769182205 0.017975594848394394
redkitchen/seq-04/frame-000496.color.png 0.9981600046157837 -0.4606890082359314 1.2406843900680542 0.9974916577339172 -0.028356287628412247 0.06263445317745209 0.016831398010253906
redkitchen/seq-04/frame-000497.color.png 0.9981600046157837 -0.4606890082359314 1.2406843900680542 0.9974916577339172 -0.028356287628412247 0.06263445317745209 0.016831398010253906
redkitchen/seq-04/frame-000498.color.png 1.0554074048995972 -0.45204833149909973 1.253436803817749 0.9971634149551392 -0.02873494103550911 0.06839826703071594 0.012697083875536919
redkitchen/seq-04/frame-000499.color.png 1.1090067625045776 -0.3963004946708679 1.2048686742782593 0.9973917603492737 -0.016260413452982903 0.06956743448972702 0.010291733779013157
redkitchen/seq-04/frame-000500.color.png 1.1253217458724976 -0.39859238266944885 1.238036036491394 0.996990978717804 -0.030624298378825188 0.07100959867238998 0.005365679506212473
redkitchen/seq-04/frame-000501.color.png 1.1253217458724976 -0.39859238266944885 1.238036036491394 0.996990978717804 -0.030624298378825188 0.07100959867238998 0.005365679506212473
redkitchen/seq-04/frame-000502.color.png 1.0627729892730713 -0.4281914532184601 1.2540405988693237 0.9975114464759827 -0.013235093094408512 0.0691784992814064 0.003186725080013275
redkitchen/seq-04/frame-000503.color.png 0.9946825504302979 -0.49374186992645264 1.3037058115005493 0.9985681176185608 -0.021148884668946266 0.04842410981655121 -0.008344880305230618
redkitchen/seq-04/frame-000504.color.png 0.8910418748855591 -0.4845021367073059 1.2984381914138794 0.996649444103241 -0.013224761933088303 0.08067767322063446 0.002492230851203203
redkitchen/seq-04/frame-000505.color.png 0.8622201681137085 -0.4603630006313324 1.2017720937728882 0.9961432814598083 -0.00499656330794096 0.08700183033943176 0.010219749994575977
redkitchen/seq-04/frame-000506.color.png 0.8622201681137085 -0.4603630006313324 1.2017720937728882 0.9961432814598083 -0.00499656330794096 0.08700183033943176 0.010219749994575977
redkitchen/seq-04/frame-000507.color.png 0.7584646344184875 -0.4747380316257477 1.1771023273468018 0.9942179918289185 0.0013614901108667254 0.10641052573919296 0.014338687993586063
redkitchen/seq-04/frame-000508.color.png 0.7602582573890686 -0.4923785924911499 1.1990470886230469 0.9939220547676086 0.0013027559034526348 0.10645325481891632 0.02802012674510479
redkitchen/seq-04/frame-000509.color.png 0.7474636435508728 -0.49490201473236084 1.1951568126678467 0.9927171468734741 0.0017641502199694514 0.11477576941251755 0.03655274212360382
redkitchen/seq-04/frame-000510.color.png 0.7576764225959778 -0.5271137356758118 1.2769699096679688 0.9913111329078674 -0.002993772504851222 0.1241409033536911 0.04338740557432175
redkitchen/seq-04/frame-000511.color.png 0.7557075023651123 -0.5470181107521057 1.3064806461334229 0.9904420375823975 -0.0030642396304756403 0.1303519904613495 0.04498399794101715
redkitchen/seq-04/frame-000512.color.png 0.7557075023651123 -0.5470181107521057 1.3064806461334229 0.9904420375823975 -0.0030642396304756403 0.1303519904613495 0.04498399794101715
redkitchen/seq-04/frame-000513.color.png 0.7620666027069092 -0.5630809664726257 1.337137222290039 0.9896988868713379 -0.0024909700732678175 0.13286063075065613 0.05327362194657326
redkitchen/seq-04/frame-000514.color.png 0.7857785820960999 -0.5456680059432983 1.3071807622909546 0.9900667667388916 0.0065080453641712666 0.1275096833705902 0.058879829943180084
redkitchen/seq-04/frame-000515.color.png 0.7513324618339539 -0.5771703124046326 1.3340685367584229 0.9897228479385376 -0.0009838177356868982 0.1304270625114441 0.0586203970015049
redkitchen/seq-04/frame-000516.color.png 0.8066835999488831 -0.6011115312576294 1.381113886833191 0.9891089200973511 0.0038072410970926285 0.1313261240720749 0.06635183095932007
redkitchen/seq-04/frame-000517.color.png 0.7300183773040771 -0.6055390238761902 1.4073753356933594 0.9879997968673706 -0.0015592959243804216 0.13487347960472107 0.07525364309549332
redkitchen/seq-04/frame-000518.color.png 0.7300183773040771 -0.6055390238761902 1.4073753356933594 0.9879997968673706 -0.0015592959243804216 0.13487347960472107 0.07525364309549332
redkitchen/seq-04/frame-000519.color.png 0.7264906167984009 -0.6081839203834534 1.42215895652771 0.9892327785491943 0.008670489303767681 0.12338041514158249 0.07823503017425537
redkitchen/seq-04/frame-000520.color.png 0.7095659375190735 -0.6154323220252991 1.445374608039856 0.9879648089408875 0.005183025263249874 0.12988586723804474 0.08383631706237793
redkitchen/seq-04/frame-000521.color.png 0.6705694794654846 -0.6451842784881592 1.4805116653442383 0.9874200224876404 0.01201692409813404 0.1319575160741806 0.08628186583518982
redkitchen/seq-04/frame-000522.color.png 0.6316051483154297 -0.6778929233551025 1.526842474937439 0.9881308078765869 0.02221900038421154 0.12237459421157837 0.09015773981809616
redkitchen/seq-04/frame-000523.color.png 0.6323895454406738 -0.6896839737892151 1.5615427494049072 0.9875479936599731 0.014265121892094612 0.12515264749526978 0.09424620121717453
redkitchen/seq-04/frame-000524.color.png 0.6110577583312988 -0.7023268938064575 1.5890535116195679 0.9870945811271667 0.022968193516135216 0.12545332312583923 0.09684109687805176
redkitchen/seq-04/frame-000525.color.png 0.6135672926902771 -0.667133629322052 1.5284430980682373 0.9876104593276978 0.019530024379491806 0.12550632655620575 0.0921533927321434
redkitchen/seq-04/frame-000526.color.png 0.6143275499343872 -0.670722246170044 1.5353401899337769 0.9884769916534424 0.020110201090574265 0.11957494914531708 0.09061310440301895
redkitchen/seq-04/frame-000527.color.png 0.6143275499343872 -0.670722246170044 1.5353401899337769 0.9884769916534424 0.020110201090574265 0.11957494914531708 0.09061310440301895
redkitchen/seq-04/frame-000528.color.png 0.623121976852417 -0.6778513789176941 1.5450127124786377 0.9885639548301697 0.009434374049305916 0.12284790724515915 0.08695226162672043
redkitchen/seq-04/frame-000529.color.png 0.6637336611747742 -0.6673532128334045 1.5287731885910034 0.9877111315727234 0.014387761242687702 0.1311347484588623 0.08380568772554398
redkitchen/seq-04/frame-000530.color.png 0.7034865021705627 -0.6605369448661804 1.4983904361724854 0.989009439945221 0.013839262537658215 0.12091869860887527 0.08395024389028549
redkitchen/seq-04/frame-000531.color.png 0.7595804333686829 -0.6417087912559509 1.472790241241455 0.9892787337303162 0.016784267500042915 0.12266600131988525 0.07745279371738434
redkitchen/seq-04/frame-000532.color.png 0.6951345205307007 -0.6495763659477234 1.4686524868011475 0.988441526889801 0.015545913949608803 0.13025490939617157 0.07599467784166336
redkitchen/seq-04/frame-000533.color.png 0.7513524293899536 -0.6257507801055908 1.4411802291870117 0.9896950125694275 0.00946978572756052 0.11987732350826263 0.0777413472533226
redkitchen/seq-04/frame-000534.color.png 0.7059704065322876 -0.6245025396347046 1.4263864755630493 0.9907485246658325 -0.005087884608656168 0.11835648864507675 0.06620734930038452
redkitchen/seq-04/frame-000535.color.png 0.7059704065322876 -0.6245025396347046 1.4263864755630493 0.9907485246658325 -0.005087884608656168 0.11835648864507675 0.06620734930038452
redkitchen/seq-04/frame-000536.color.png 0.7073264122009277 -0.6161518096923828 1.4340640306472778 0.9907393455505371 0.002269176999107003 0.11761707067489624 0.06779885292053223
redkitchen/seq-04/frame-000537.color.png 0.732103168964386 -0.6393288373947144 1.4592949151992798 0.9913623332977295 0.014780556783080101 0.11407843232154846 0.06299518048763275
redkitchen/seq-04/frame-000538.color.png 0.7312754988670349 -0.650732159614563 1.4715914726257324 0.992705225944519 0.00543010700494051 0.10512307286262512 0.058788564056158066
redkitchen/seq-04/frame-000539.color.png 0.7269299030303955 -0.6303040385246277 1.4530366659164429 0.9929707646369934 0.006413138005882502 0.10216962546110153 0.05940798670053482
redkitchen/seq-04/frame-000540.color.png 0.7494890093803406 -0.628548800945282 1.4232460260391235 0.9915810227394104 0.031481605023145676 0.11162262409925461 0.057587966322898865
redkitchen/seq-04/frame-000541.color.png 0.7868531942367554 -0.5939401984214783 1.364030122756958 0.9920567274093628 0.00917772576212883 0.11398066580295563 0.052418842911720276
redkitchen/seq-04/frame-000542.color.png 0.7868531942367554 -0.5939401984214783 1.364030122756958 0.9920567274093628 0.00917772576212883 0.11398066580295563 0.052418842911720276
redkitchen/seq-04/frame-000543.color.png 0.735416829586029 -0.6363527774810791 1.451436161994934 0.9912731051445007 0.006551030557602644 0.11916886270046234 0.0559786856174469
redkitchen/seq-04/frame-000544.color.png 0.7359662652015686 -0.6319584846496582 1.436341643333435 0.9921402335166931 0.026992490515112877 0.1056283637881279 0.06141487881541252
redkitchen/seq-04/frame-000545.color.png 0.719734787940979 -0.6336767077445984 1.4373443126678467 0.9918686747550964 0.009481590241193771 0.11321859061717987 0.0573430210351944
redkitchen/seq-04/frame-000546.color.png 0.7276321649551392 -0.6223618388175964 1.4447399377822876 0.9923287630081177 -0.013067863881587982 0.10648536682128906 0.061430756002664566
redkitchen/seq-04/frame-000547.color.png 0.7289517521858215 -0.6298209428787231 1.468907356262207 0.9943917989730835 0.004752413369715214 0.08455692231655121 0.06334610283374786
redkitchen/seq-04/frame-000548.color.png 0.7968050837516785 -0.6242014169692993 1.4512250423431396 0.9940686225891113 0.010541840456426144 0.08919785916805267 0.061321865767240524
redkitchen/seq-04/frame-000549.color.png 0.7968050837516785 -0.6242014169692993 1.4512250423431396 0.9940686225891113 0.010541840456426144 0.08919785916805267 0.061321865767240524
redkitchen/seq-04/frame-000550.color.png 0.7797651290893555 -0.6320372223854065 1.446747064590454 0.9938222765922546 0.002509730402380228 0.09667658805847168 0.05444929376244545
redkitchen/seq-04/frame-000551.color.png 0.8499975204467773 -0.6056644320487976 1.4151344299316406 0.9952533841133118 0.0065782805904746056 0.07923180609941483 0.056122977286577225
redkitchen/seq-04/frame-000552.color.png 0.9010337591171265 -0.6157450675964355 1.4202663898468018 0.9955894947052002 0.013756386935710907 0.07286302745342255 0.057474978268146515
redkitchen/seq-04/frame-000553.color.png 0.9571864008903503 -0.6134392619132996 1.4237011671066284 0.9954696893692017 0.021111493930220604 0.0739104226231575 0.05595976859331131
redkitchen/seq-04/frame-000554.color.png 0.939035952091217 -0.6188831329345703 1.4380730390548706 0.9958008527755737 0.02739909663796425 0.07002925127744675 0.052209630608558655
redkitchen/seq-04/frame-000555.color.png 0.918724000453949 -0.6193380355834961 1.4404665231704712 0.9960598349571228 0.03881964460015297 0.06047767400741577 0.05196436494588852
redkitchen/seq-04/frame-000556.color.png 0.8829717040061951 -0.619408369064331 1.4258997440338135 0.9967832565307617 0.028539087623357773 0.057710450142621994 0.047732431441545486
redkitchen/seq-04/frame-000557.color.png 0.9326770305633545 -0.6362952589988708 1.4475716352462769 0.9972888827323914 0.039850927889347076 0.03227066621184349 0.052778344601392746
redkitchen/seq-04/frame-000558.color.png 0.9326770305633545 -0.6362952589988708 1.4475716352462769 0.9972888827323914 0.039850927889347076 0.03227066621184349 0.052778344601392746
redkitchen/seq-04/frame-000559.color.png 0.9198509454727173 -0.6475518345832825 1.4497326612472534 0.9979343414306641 0.022006357088685036 0.03445782884955406 0.04955344274640083
redkitchen/seq-04/frame-000560.color.png 0.8348787426948547 -0.7039889097213745 1.5175988674163818 0.9981406331062317 0.023837946355342865 0.013109808787703514 0.054544925689697266
redkitchen/seq-04/frame-000561.color.png 0.8466745018959045 -0.7052018642425537 1.5222268104553223 0.9976244568824768 0.03402865305542946 0.01980755291879177 0.05652656406164169
redkitchen/seq-04/frame-000562.color.png 0.879356324672699 -0.6738174557685852 1.497749924659729 0.997172474861145 0.04794349521398544 0.015667753294110298 0.05570356547832489
redkitchen/seq-04/frame-000563.color.png 0.879356324672699 -0.6738174557685852 1.497749924659729 0.997172474861145 0.04794349521398544 0.015667753294110298 0.05570356547832489
redkitchen/seq-04/frame-000564.color.png 0.8260307908058167 -0.6612566709518433 1.4768977165222168 0.9962627291679382 0.060032233595848083 -0.005604309029877186 0.06184941157698631
redkitchen/seq-04/frame-000565.color.png 0.823417067527771 -0.6733218431472778 1.4916343688964844 0.9965804219245911 0.05211953818798065 -0.0003834247181657702 0.0641174167394638
redkitchen/seq-04/frame-000566.color.png 0.817334771156311 -0.6824180483818054 1.4973084926605225 0.99605792760849 0.0572553314268589 -0.016904212534427643 0.0656101256608963
redkitchen/seq-04/frame-000567.color.png 0.8468910455703735 -0.6921781897544861 1.5134100914001465 0.9953359365463257 0.06713972240686417 -0.021064698696136475 0.06599131226539612
redkitchen/seq-04/frame-000568.color.png 0.800319492816925 -0.6760722994804382 1.4987109899520874 0.9959672689437866 0.0611519031226635 -0.01886771060526371 0.06287654489278793
redkitchen/seq-04/frame-000569.color.png 0.800319492816925 -0.6760722994804382 1.4987109899520874 0.9959672689437866 0.0611519031226635 -0.01886771060526371 0.06287654489278793
redkitchen/seq-04/frame-000570.color.png 0.7889171242713928 -0.6621615290641785 1.473059058189392 0.9957230091094971 0.060760676860809326 -0.014992298558354378 0.06796368211507797
redkitchen/seq-04/frame-000571.color.png 0.8227762579917908 -0.6520140767097473 1.46237051486969 0.9942367076873779 0.07738047093153 -0.01772460900247097 0.07205265760421753
redkitchen/seq-04/frame-000572.color.png 0.8086904287338257 -0.6601142287254333 1.4611566066741943 0.9934148192405701 0.08564770221710205 -0.023201407864689827 0.07247860729694366
redkitchen/seq-04/frame-000573.color.png 0.8005275130271912 -0.6581397652626038 1.458133578300476 0.9946797490119934 0.07217554748058319 -0.023999234661459923 0.06947614997625351
redkitchen/seq-04/frame-000574.color.png 0.8005275130271912 -0.6581397652626038 1.458133578300476 0.9946797490119934 0.07217554748058319 -0.023999234661459923 0.06947614997625351
redkitchen/seq-04/frame-000575.color.png 0.8048413991928101 -0.6827664375305176 1.494657278060913 0.9937795400619507 0.08200085908174515 -0.019278528168797493 0.07284430414438248
redkitchen/seq-04/frame-000576.color.png 0.8161158561706543 -0.6603081226348877 1.4648590087890625 0.9945144057273865 0.07839273661375046 -0.017915857955813408 0.06689398735761642
redkitchen/seq-04/frame-000577.color.png 0.8284295201301575 -0.6721628904342651 1.4806699752807617 0.9938013553619385 0.08268680423498154 -0.02449890784919262 0.0701548382639885
redkitchen/seq-04/frame-000578.color.png 0.8070757985115051 -0.6796782612800598 1.4837777614593506 0.9931765198707581 0.08654150366783142 -0.01671944372355938 0.07636313885450363
redkitchen/seq-04/frame-000579.color.png 0.8070757985115051 -0.6796782612800598 1.4837777614593506 0.9931765198707581 0.08654150366783142 -0.01671944372355938 0.07636313885450363
redkitchen/seq-04/frame-000580.color.png 0.8130172491073608 -0.6889360547065735 1.4858320951461792 0.9941750168800354 0.07755560427904129 -0.011232869699597359 0.07399295270442963
redkitchen/seq-04/frame-000581.color.png 0.8402302265167236 -0.6833462119102478 1.4776206016540527 0.9938679337501526 0.08437290787696838 -0.011525318957865238 0.0705321878194809
redkitchen/seq-04/frame-000582.color.png 0.8226876854896545 -0.7042751908302307 1.5074213743209839 0.9925726056098938 0.09866829216480255 0.00027978458092547953 0.07116276025772095
redkitchen/seq-04/frame-000583.color.png 0.8448022603988647 -0.7077735066413879 1.5140745639801025 0.9909390807151794 0.10571108758449554 0.010472503490746021 0.08219066262245178
redkitchen/seq-04/frame-000584.color.png 0.8673619627952576 -0.7109243273735046 1.5201566219329834 0.9914025664329529 0.10310150682926178 0.012706203386187553 0.07955815643072128
redkitchen/seq-04/frame-000585.color.png 0.8673619627952576 -0.7109243273735046 1.5201566219329834 0.9914025664329529 0.10310150682926178 0.012706203386187553 0.07955815643072128
redkitchen/seq-04/frame-000586.color.png 0.8556782603263855 -0.7157602906227112 1.5200283527374268 0.9907283782958984 0.10892769694328308 0.013632719404995441 0.08003882318735123
redkitchen/seq-04/frame-000587.color.png 0.8811662793159485 -0.7077551484107971 1.5019162893295288 0.9882221817970276 0.12203287333250046 0.02809421718120575 0.0879523977637291
redkitchen/seq-04/frame-000588.color.png 0.8788571953773499 -0.7002221941947937 1.4858611822128296 0.9900227189064026 0.11113279312849045 0.027457106858491898 0.08216164261102676
redkitchen/seq-04/frame-000589.color.png 0.8577095866203308 -0.7061633467674255 1.504517912864685 0.990700900554657 0.10811551660299301 0.021455809473991394 0.07976450026035309
redkitchen/seq-04/frame-000590.color.png 0.8577095866203308 -0.7061633467674255 1.504517912864685 0.990700900554657 0.10811551660299301 0.021455809473991394 0.07976450026035309
redkitchen/seq-04/frame-000591.color.png 0.8853556513786316 -0.7142171859741211 1.5071405172348022 0.9894949793815613 0.11909466981887817 0.02514406107366085 0.07799966633319855
redkitchen/seq-04/frame-000592.color.png 0.8786546587944031 -0.7086886167526245 1.4893523454666138 0.9895749092102051 0.12476898729801178 0.006892473436892033 0.07160045206546783
redkitchen/seq-04/frame-000593.color.png 0.9296385645866394 -0.7168441414833069 1.495703101158142 0.9893614649772644 0.1269732266664505 0.007596465293318033 0.07059749215841293
redkitchen/seq-04/frame-000594.color.png 0.9626519680023193 -0.7185050249099731 1.5015349388122559 0.9904820919036865 0.11627049744129181 0.01670796610414982 0.07174424082040787
redkitchen/seq-04/frame-000595.color.png 0.9401492476463318 -0.7183591723442078 1.4964901208877563 0.9897321462631226 0.12373331934213638 0.014628958888351917 0.070045106112957
redkitchen/seq-04/frame-000596.color.png 0.9401492476463318 -0.7183591723442078 1.4964901208877563 0.9897321462631226 0.12373331934213638 0.014628958888351917 0.070045106112957
redkitchen/seq-04/frame-000597.color.png 0.9608692526817322 -0.714907705783844 1.5002294778823853 0.9904694557189941 0.12083093822002411 0.008609461598098278 0.06554411351680756
redkitchen/seq-04/frame-000598.color.png 0.9854696989059448 -0.7210311889648438 1.4977914094924927 0.9906027317047119 0.12143604457378387 -0.010454743169248104 0.062049590051174164
redkitchen/seq-04/frame-000599.color.png 0.992776095867157 -0.7306571006774902 1.5059480667114258 0.9911949634552002 0.11845036596059799 -0.02044565975666046 0.05553426593542099
redkitchen/seq-04/frame-000600.color.png 1.0282119512557983 -0.7518129348754883 1.5400053262710571 0.9914063215255737 0.11560391634702682 -0.025228863582015038 0.055790651589632034
redkitchen/seq-04/frame-000601.color.png 1.0282119512557983 -0.7518129348754883 1.5400053262710571 0.9914063215255737 0.11560391634702682 -0.025228863582015038 0.055790651589632034
redkitchen/seq-04/frame-000602.color.png 1.0438153743743896 -0.7367146015167236 1.5098466873168945 0.9912845492362976 0.11702395975589752 -0.02618810534477234 0.05453978478908539
redkitchen/seq-04/frame-000603.color.png 1.0512841939926147 -0.7429810166358948 1.5207345485687256 0.9925651550292969 0.10838329792022705 -0.030874256044626236 0.045981764793395996
redkitchen/seq-04/frame-000604.color.png 1.1649632453918457 -0.7523093819618225 1.5210165977478027 0.9909545183181763 0.1050877794623375 -0.07987109571695328 0.024215368553996086
redkitchen/seq-04/frame-000605.color.png 1.1341251134872437 -0.7336449027061462 1.5043144226074219 0.9907334446907043 0.10890600830316544 -0.0787634328007698 0.019572382792830467
redkitchen/seq-04/frame-000606.color.png 1.1341251134872437 -0.7336449027061462 1.5043144226074219 0.9907334446907043 0.10890600830316544 -0.0787634328007698 0.019572382792830467
redkitchen/seq-04/frame-000607.color.png 1.1742521524429321 -0.7175528407096863 1.4788163900375366 0.9915941953659058 0.09952341020107269 -0.08113119006156921 0.015933308750391006
redkitchen/seq-04/frame-000608.color.png 1.1847195625305176 -0.7021530270576477 1.4747140407562256 0.9892451763153076 0.10291504114866257 -0.10239046812057495 0.017848247662186623
redkitchen/seq-04/frame-000609.color.png 1.3095712661743164 -0.7065023183822632 1.4686944484710693 0.987745463848114 0.07721195369958878 -0.13546256721019745 0.006867577321827412
redkitchen/seq-04/frame-000610.color.png 1.1843374967575073 -0.6798790693283081 1.4731009006500244 0.984853982925415 0.06623063236474991 -0.15998052060604095 0.009073074907064438
redkitchen/seq-04/frame-000611.color.png 1.1843374967575073 -0.6798790693283081 1.4731009006500244 0.984853982925415 0.06623063236474991 -0.15998052060604095 0.009073074907064438
redkitchen/seq-04/frame-000612.color.png 1.2161844968795776 -0.6875649094581604 1.4652373790740967 0.986839771270752 0.0764700174331665 -0.14236781001091003 0.005575372371822596
redkitchen/seq-04/frame-000613.color.png 1.3747880458831787 -0.6980190277099609 1.4643956422805786 0.9855234622955322 0.0925448015332222 -0.1420520395040512 0.00039321809890680015
redkitchen/seq-04/frame-000614.color.png 1.417991280555725 -0.668423056602478 1.4386298656463623 0.9856199026107788 0.06435048580169678 -0.15608054399490356 -0.007145358249545097
redkitchen/seq-04/frame-000615.color.png 1.44814133644104 -0.6966452598571777 1.4640933275222778 0.9832538962364197 0.053265612572431564 -0.17427600920200348 0.0015758416848257184
redkitchen/seq-04/frame-000616.color.png 1.434016466140747 -0.669191300868988 1.4293501377105713 0.983396053314209 0.05004160478711128 -0.1744365692138672 -0.00028430408565327525
redkitchen/seq-04/frame-000617.color.png 1.434016466140747 -0.669191300868988 1.4293501377105713 0.983396053314209 0.05004160478711128 -0.1744365692138672 -0.00028430408565327525
redkitchen/seq-04/frame-000618.color.png 1.5196974277496338 -0.6534784436225891 1.4040557146072388 0.985370397567749 0.05338991433382034 -0.16169601678848267 -0.006999373901635408
redkitchen/seq-04/frame-000619.color.png 1.5036677122116089 -0.6563587784767151 1.4114042520523071 0.9807624816894531 0.060537587851285934 -0.18546268343925476 -0.006602591834962368
redkitchen/seq-04/frame-000620.color.png 1.6186476945877075 -0.7174003720283508 1.4375231266021729 0.9771146774291992 0.03993326798081398 -0.20893065631389618 8.250486280303448e-05
redkitchen/seq-04/frame-000621.color.png 1.6030250787734985 -0.7076892256736755 1.480607509613037 0.9769499897956848 0.026295218616724014 -0.21183690428733826 -0.0015079253353178501
redkitchen/seq-04/frame-000622.color.png 1.6193634271621704 -0.7220927476882935 1.4772589206695557 0.9748232364654541 0.03520656377077103 -0.21988750994205475 -0.01139025017619133
redkitchen/seq-04/frame-000623.color.png 1.648373007774353 -0.7111191153526306 1.4411594867706299 0.9765797257423401 0.043062951415777206 -0.21039235591888428 -0.013136333785951138
redkitchen/seq-04/frame-000624.color.png 1.6720478534698486 -0.704069197177887 1.4493080377578735 0.9763128757476807 0.03873506188392639 -0.2124520242214203 -0.013299747370183468
redkitchen/seq-04/frame-000625.color.png 1.6720478534698486 -0.704069197177887 1.4493080377578735 0.9763128757476807 0.03873506188392639 -0.2124520242214203 -0.013299747370183468
redkitchen/seq-04/frame-000626.color.png 1.6540595293045044 -0.7196847796440125 1.4803825616836548 0.9770008325576782 0.03139692544937134 -0.21044281125068665 -0.014049407094717026
redkitchen/seq-04/frame-000627.color.png 1.6590362787246704 -0.713385820388794 1.4704662561416626 0.974390983581543 0.03198287636041641 -0.22195442020893097 -0.016595913097262383
redkitchen/seq-04/frame-000628.color.png 1.6604461669921875 -0.6948588490486145 1.4495344161987305 0.9742505550384521 0.03621852025389671 -0.22194887697696686 -0.01621543988585472
redkitchen/seq-04/frame-000629.color.png 1.6606932878494263 -0.7010128498077393 1.4537352323532104 0.9734480977058411 0.03107186034321785 -0.2263420671224594 -0.014233049005270004
redkitchen/seq-04/frame-000630.color.png 1.645698070526123 -0.6897516250610352 1.446494698524475 0.9731830358505249 0.037191640585660934 -0.22657372057437897 -0.013990728184580803
redkitchen/seq-04/frame-000631.color.png 1.6520012617111206 -0.7042779922485352 1.4902210235595703 0.9713384509086609 0.030852172523736954 -0.23526202142238617 -0.014193876646459103
redkitchen/seq-04/frame-000632.color.png 1.6281758546829224 -0.7219032049179077 1.5111701488494873 0.9717444777488708 0.018244601786136627 -0.23495416343212128 -0.013283824548125267
redkitchen/seq-04/frame-000633.color.png 1.630506157875061 -0.7167052030563354 1.508553147315979 0.9707647562026978 0.023986689746379852 -0.23824931681156158 -0.016660353168845177
redkitchen/seq-04/frame-000634.color.png 1.616248607635498 -0.7038530707359314 1.491023302078247 0.9706555604934692 0.03109120950102806 -0.2375788539648056 -0.020433276891708374
redkitchen/seq-04/frame-000635.color.png 1.629956841468811 -0.705411970615387 1.491635799407959 0.9682783484458923 0.02283822000026703 -0.24822081625461578 -0.017374422401189804
redkitchen/seq-04/frame-000636.color.png 1.659662127494812 -0.7013306617736816 1.4905688762664795 0.9671776294708252 0.022477541118860245 -0.25227677822113037 -0.02046048268675804
redkitchen/seq-04/frame-000637.color.png 1.659662127494812 -0.7013306617736816 1.4905688762664795 0.9671776294708252 0.022477541118860245 -0.25227677822113037 -0.02046048268675804
redkitchen/seq-04/frame-000638.color.png 1.6490001678466797 -0.6882115006446838 1.4779722690582275 0.9675796031951904 0.026623228564858437 -0.25047463178634644 -0.018533052876591682
redkitchen/seq-04/frame-000639.color.png 1.6329495906829834 -0.6959245800971985 1.4933719635009766 0.9645596742630005 0.02851831167936325 -0.26122206449508667 -0.0239674374461174
redkitchen/seq-04/frame-000640.color.png 1.6248724460601807 -0.6982970833778381 1.506312608718872 0.9653983116149902 0.029004905372858047 -0.2581363022327423 -0.02303093671798706
redkitchen/seq-04/frame-000641.color.png 1.6107631921768188 -0.7114648222923279 1.5129586458206177 0.9646941423416138 0.024593757465481758 -0.26126596331596375 -0.022372227162122726
redkitchen/seq-04/frame-000642.color.png 1.6123690605163574 -0.719733715057373 1.5325593948364258 0.9599271416664124 0.024723222479224205 -0.27812647819519043 -0.023962123319506645
redkitchen/seq-04/frame-000643.color.png 1.6015485525131226 -0.7093730568885803 1.5229814052581787 0.9575265049934387 0.026819905266165733 -0.2857649624347687 -0.027602946385741234
redkitchen/seq-04/frame-000644.color.png 1.5946847200393677 -0.7087435722351074 1.511344075202942 0.959744393825531 0.03170815855264664 -0.27710556983947754 -0.033132489770650864
redkitchen/seq-04/frame-000645.color.png 1.620070219039917 -0.7133720517158508 1.5063728094100952 0.9574721455574036 0.030989356338977814 -0.28551962971687317 -0.027664778754115105
redkitchen/seq-04/frame-000646.color.png 1.6046056747436523 -0.7137011885643005 1.526091456413269 0.9565900564193726 0.03150619938969612 -0.2865423262119293 -0.04285114258527756
redkitchen/seq-04/frame-000647.color.png 1.6069445610046387 -0.7227866053581238 1.5420825481414795 0.9543450474739075 0.02876681461930275 -0.2942349910736084 -0.04270593822002411
redkitchen/seq-04/frame-000648.color.png 1.5723121166229248 -0.7397099137306213 1.5594428777694702 0.954243540763855 0.0338323600590229 -0.29340144991874695 -0.04680052772164345
redkitchen/seq-04/frame-000649.color.png 1.6026616096496582 -0.7584732174873352 1.5948364734649658 0.9502096772193909 0.03336862474679947 -0.3058580756187439 -0.04938492923974991
redkitchen/seq-04/frame-000650.color.png 1.607163906097412 -0.7460547089576721 1.6034084558486938 0.9511294364929199 0.036883920431137085 -0.3014260530471802 -0.05598728731274605
redkitchen/seq-04/frame-000651.color.png 1.6151275634765625 -0.7510629296302795 1.6014494895935059 0.9492418169975281 0.03970882669091225 -0.3070008158683777 -0.05580153316259384
redkitchen/seq-04/frame-000652.color.png 1.6197609901428223 -0.7629966139793396 1.61099112033844 0.9471274018287659 0.04075993224978447 -0.31227681040763855 -0.06141088902950287
redkitchen/seq-04/frame-000653.color.png 1.6294513940811157 -0.7516930103302002 1.5882378816604614 0.9448106288909912 0.03674468770623207 -0.3204105794429779 -0.05761602148413658
redkitchen/seq-04/frame-000654.color.png 1.6447697877883911 -0.7342110276222229 1.5789262056350708 0.9427662491798401 0.038232360035181046 -0.32617491483688354 -0.05779239907860756
redkitchen/seq-04/frame-000655.color.png 1.641508936882019 -0.7271008491516113 1.5688042640686035 0.9445139765739441 0.03792189434170723 -0.32035374641418457 -0.06187726557254791
redkitchen/seq-04/frame-000656.color.png 1.6283329725265503 -0.7415643334388733 1.5867270231246948 0.9430056214332581 0.03943030163645744 -0.3238161504268646 -0.06579403579235077
redkitchen/seq-04/frame-000657.color.png 1.6137359142303467 -0.7526953816413879 1.5942566394805908 0.9429531097412109 0.037838466465473175 -0.324076771736145 -0.06619679182767868
redkitchen/seq-04/frame-000658.color.png 1.6160565614700317 -0.7530336380004883 1.5906199216842651 0.9430758953094482 0.03905873000621796 -0.32372012734413147 -0.06547867506742477
redkitchen/seq-04/frame-000659.color.png 1.6113712787628174 -0.763872504234314 1.6150822639465332 0.942410409450531 0.03881625086069107 -0.3258334696292877 -0.06471757590770721
redkitchen/seq-04/frame-000660.color.png 1.624790906906128 -0.7525792121887207 1.588916540145874 0.9443070292472839 0.04178836569190025 -0.31963270902633667 -0.06612934917211533
redkitchen/seq-04/frame-000661.color.png 1.6049789190292358 -0.7703675627708435 1.6171903610229492 0.9417592883110046 0.04018029570579529 -0.32697686553001404 -0.0675363689661026
redkitchen/seq-04/frame-000662.color.png 1.6030428409576416 -0.7763660550117493 1.617477297782898 0.9410085082054138 0.04515378922224045 -0.3281169533729553 -0.06930681318044662
redkitchen/seq-04/frame-000663.color.png 1.6115773916244507 -0.8003847002983093 1.642431378364563 0.9393594264984131 0.041837193071842194 -0.33255624771118164 -0.07252424210309982
redkitchen/seq-04/frame-000664.color.png 1.6005278825759888 -0.7919625639915466 1.6275794506072998 0.9396937489509583 0.04727636277675629 -0.33086302876472473 -0.07259679585695267
redkitchen/seq-04/frame-000665.color.png 1.584438681602478 -0.7903704643249512 1.6265674829483032 0.9391145706176758 0.046289823949337006 -0.33293604850769043 -0.0712365210056305
redkitchen/seq-04/frame-000666.color.png 1.5870120525360107 -0.7850834727287292 1.626874327659607 0.9343181848526001 0.04797357693314552 -0.34480223059654236 -0.07654768228530884
redkitchen/seq-04/frame-000667.color.png 1.6011276245117188 -0.8081206679344177 1.6546854972839355 0.9372665882110596 0.04997176304459572 -0.33569106459617615 -0.07965964078903198
redkitchen/seq-04/frame-000668.color.png 1.5646346807479858 -0.8113229274749756 1.6713117361068726 0.9355061650276184 0.053003259003162384 -0.3401341140270233 -0.07954602688550949
redkitchen/seq-04/frame-000669.color.png 1.549322485923767 -0.7926564812660217 1.6452900171279907 0.9315955638885498 0.046898066997528076 -0.35149863362312317 -0.07986875623464584
redkitchen/seq-04/frame-000670.color.png 1.534644603729248 -0.8034086227416992 1.6625559329986572 0.9321808815002441 0.04640285670757294 -0.3496653437614441 -0.08136074244976044
redkitchen/seq-04/frame-000671.color.png 1.5113128423690796 -0.8049591779708862 1.6631232500076294 0.9312102198600769 0.044691361486911774 -0.3525993525981903 -0.08077134191989899
redkitchen/seq-04/frame-000672.color.png 1.5140531063079834 -0.7823827862739563 1.6455062627792358 0.9288077354431152 0.04242852330207825 -0.3577781319618225 -0.08666449785232544
redkitchen/seq-04/frame-000673.color.png 1.5210610628128052 -0.784658670425415 1.6557559967041016 0.9277983903884888 0.052827220410108566 -0.3589763045310974 -0.086805559694767
redkitchen/seq-04/frame-000674.color.png 1.497689127922058 -0.7752244472503662 1.6448370218276978 0.9296454191207886 0.05274977162480354 -0.35325345396995544 -0.09049296379089355
redkitchen/seq-04/frame-000675.color.png 1.4965072870254517 -0.8000795841217041 1.6600650548934937 0.9248744249343872 0.048776835203170776 -0.36585909128189087 -0.09151531755924225
redkitchen/seq-04/frame-000676.color.png 1.4934227466583252 -0.8187987804412842 1.6729499101638794 0.9239742159843445 0.05403715744614601 -0.36758431792259216 -0.09073752164840698
redkitchen/seq-04/frame-000677.color.png 1.4911702871322632 -0.8132312893867493 1.666466474533081 0.9197432398796082 0.0577869638800621 -0.37762123346328735 -0.09019710123538971
redkitchen/seq-04/frame-000678.color.png 1.4909356832504272 -0.8247240781784058 1.6828482151031494 0.919691801071167 0.05644934996962547 -0.3776819407939911 -0.09130528569221497
redkitchen/seq-04/frame-000679.color.png 1.4943969249725342 -0.8278919458389282 1.701512336730957 0.9239683747291565 0.06146351248025894 -0.3657599091529846 -0.0934036523103714
redkitchen/seq-04/frame-000680.color.png 1.4987081289291382 -0.8325444459915161 1.7070318460464478 0.9196712374687195 0.056621648371219635 -0.37787508964538574 -0.09060519933700562
redkitchen/seq-04/frame-000681.color.png 1.4934653043746948 -0.8429198265075684 1.7049672603607178 0.9196799397468567 0.057129666209220886 -0.37604638934135437 -0.09754135459661484
redkitchen/seq-04/frame-000682.color.png 1.471388339996338 -0.8429398536682129 1.7347166538238525 0.9180983901023865 0.06947290897369385 -0.3801736831665039 -0.08796022087335587
redkitchen/seq-04/frame-000683.color.png 1.4768985509872437 -0.8684149980545044 1.7482174634933472 0.9166197776794434 0.06220245733857155 -0.3828076422214508 -0.09693972021341324
redkitchen/seq-04/frame-000684.color.png 1.4548020362854004 -0.8798373937606812 1.750746250152588 0.9152851700782776 0.058790840208530426 -0.3868424594402313 -0.09565310180187225
redkitchen/seq-04/frame-000685.color.png 1.4758433103561401 -0.870199978351593 1.7378270626068115 0.9143682718276978 0.05821148678660393 -0.38845041394233704 -0.09822618961334229
redkitchen/seq-04/frame-000686.color.png 1.4196786880493164 -0.8794721961021423 1.7413630485534668 0.9134401082992554 0.05463042110204697 -0.39322134852409363 -0.08955302834510803
redkitchen/seq-04/frame-000687.color.png 1.4096442461013794 -0.8771066069602966 1.753180980682373 0.9107543230056763 0.06322715431451797 -0.39627084136009216 -0.09745966643095016
redkitchen/seq-04/frame-000688.color.png 1.4183872938156128 -0.8686025142669678 1.7386776208877563 0.9115942120552063 0.06402372568845749 -0.39335310459136963 -0.10084826499223709
redkitchen/seq-04/frame-000689.color.png 1.4245843887329102 -0.8920945525169373 1.7690294981002808 0.9136702418327332 0.0660628154873848 -0.38872796297073364 -0.09865529090166092
redkitchen/seq-04/frame-000690.color.png 1.4010578393936157 -0.9029593467712402 1.7877384424209595 0.905605673789978 0.06418972462415695 -0.40366798639297485 -0.11318186670541763
redkitchen/seq-04/frame-000691.color.png 1.4030314683914185 -0.9006672501564026 1.794190764427185 0.9057154059410095 0.06551400572061539 -0.4032045602798462 -0.11319681257009506
redkitchen/seq-04/frame-000692.color.png 1.4210810661315918 -0.8920652270317078 1.7804999351501465 0.9048442244529724 0.06394144892692566 -0.40580305457115173 -0.11176816374063492
redkitchen/seq-04/frame-000693.color.png 1.3975945711135864 -0.8976110219955444 1.7855455875396729 0.9046603441238403 0.06260134279727936 -0.40638190507888794 -0.11191315203905106
redkitchen/seq-04/frame-000694.color.png 1.3934439420700073 -0.9093016386032104 1.7938289642333984 0.9054319858551025 0.0651780217885971 -0.40476688742637634 -0.11003769934177399
redkitchen/seq-04/frame-000695.color.png 1.385725736618042 -0.9023690223693848 1.7930811643600464 0.9056165218353271 0.07403408735990524 -0.4016757309436798 -0.11416760832071304
redkitchen/seq-04/frame-000696.color.png 1.3960704803466797 -0.9069023132324219 1.7918521165847778 0.9026111364364624 0.06874397397041321 -0.40856069326400757 -0.11681407690048218
redkitchen/seq-04/frame-000697.color.png 1.381181240081787 -0.909916341304779 1.798313856124878 0.9013219475746155 0.06939374655485153 -0.4115651845932007 -0.11583280563354492
redkitchen/seq-04/frame-000698.color.png 1.3835358619689941 -0.9191939830780029 1.8049238920211792 0.903781533241272 0.06908542662858963 -0.4061377942562103 -0.11600981652736664
redkitchen/seq-04/frame-000699.color.png 1.372636079788208 -0.9142126441001892 1.807583212852478 0.9024215936660767 0.06938739866018295 -0.40853163599967957 -0.11799488961696625
redkitchen/seq-04/frame-000700.color.png 1.3684464693069458 -0.9148961901664734 1.8088805675506592 0.9017648100852966 0.0721403956413269 -0.4097270965576172 -0.11721612513065338
redkitchen/seq-04/frame-000701.color.png 1.3686447143554688 -0.9140546321868896 1.797497034072876 0.9019702076911926 0.07539372891187668 -0.40780386328697205 -0.12025659531354904
redkitchen/seq-04/frame-000702.color.png 1.3626494407653809 -0.9178866147994995 1.8161702156066895 0.9014990329742432 0.0743621364235878 -0.4086913764476776 -0.12141311913728714
redkitchen/seq-04/frame-000703.color.png 1.377811074256897 -0.9402493834495544 1.8234957456588745 0.9003415107727051 0.06275992095470428 -0.41430196166038513 -0.11747460812330246
redkitchen/seq-04/frame-000704.color.png 1.3574706315994263 -0.9320231080055237 1.8053131103515625 0.9023370742797852 0.059277281165122986 -0.40957826375961304 -0.12049771845340729
redkitchen/seq-04/frame-000705.color.png 1.3603652715682983 -0.9330602884292603 1.8126341104507446 0.897691011428833 0.05258003994822502 -0.41856712102890015 -0.12723137438297272
redkitchen/seq-04/frame-000706.color.png 1.340961217880249 -0.9448406100273132 1.8239206075668335 0.8968461155891418 0.05189814046025276 -0.42093366384506226 -0.12565281987190247
redkitchen/seq-04/frame-000707.color.png 1.3538708686828613 -0.9422834515571594 1.8184170722961426 0.8967738747596741 0.05752357468008995 -0.4201124608516693 -0.12646418809890747
redkitchen/seq-04/frame-000708.color.png 1.361212968826294 -0.9425570964813232 1.8389472961425781 0.8943230509757996 0.05842706561088562 -0.42431139945983887 -0.12935449182987213
redkitchen/seq-04/frame-000709.color.png 1.3545565605163574 -0.9321608543395996 1.8345285654067993 0.8946811556816101 0.060456834733486176 -0.42251652479171753 -0.13179613649845123
redkitchen/seq-04/frame-000710.color.png 1.3567017316818237 -0.9427586793899536 1.8506628274917603 0.8921769261360168 0.05831729248166084 -0.4282546937465668 -0.1312142163515091
redkitchen/seq-04/frame-000711.color.png 1.3412507772445679 -0.9496726393699646 1.852149248123169 0.8917307257652283 0.06008465215563774 -0.4264588952064514 -0.13906480371952057
redkitchen/seq-04/frame-000712.color.png 1.3419219255447388 -0.9477514624595642 1.8410311937332153 0.8840060234069824 0.05310807749629021 -0.44274163246154785 -0.14033143222332
redkitchen/seq-04/frame-000713.color.png 1.336038589477539 -0.9548776149749756 1.8536479473114014 0.8827393054962158 0.05747295543551445 -0.4425797760486603 -0.14693984389305115
redkitchen/seq-04/frame-000714.color.png 1.3338253498077393 -0.9601380228996277 1.8581876754760742 0.8811451196670532 0.05775057524442673 -0.4437127411365509 -0.15286339819431305
redkitchen/seq-04/frame-000715.color.png 1.3052741289138794 -0.9462772011756897 1.8575005531311035 0.8779065608978271 0.06570612639188766 -0.4482254385948181 -0.15510229766368866
redkitchen/seq-04/frame-000716.color.png 1.2983261346817017 -0.9709368348121643 1.8798810243606567 0.8767406344413757 0.060983046889305115 -0.4499789774417877 -0.15851135551929474
redkitchen/seq-04/frame-000717.color.png 1.313124179840088 -0.9666870832443237 1.8751015663146973 0.8691031336784363 0.05801020935177803 -0.4639189839363098 -0.16147354245185852
redkitchen/seq-04/frame-000718.color.png 1.2686511278152466 -0.9779012203216553 1.8915612697601318 0.8683241009712219 0.0565234012901783 -0.46484196186065674 -0.16352447867393494
redkitchen/seq-04/frame-000719.color.png 1.279119610786438 -1.0047179460525513 1.9233218431472778 0.8643212914466858 0.05940818041563034 -0.467648446559906 -0.17528347671031952
redkitchen/seq-04/frame-000720.color.png 1.2863125801086426 -1.0086324214935303 1.9424253702163696 0.8621124029159546 0.06002083420753479 -0.47271186113357544 -0.17234587669372559
redkitchen/seq-04/frame-000721.color.png 1.2764965295791626 -1.016731858253479 1.9701814651489258 0.8583608865737915 0.06030194088816643 -0.47928616404533386 -0.17281471192836761
redkitchen/seq-04/frame-000722.color.png 1.259996771812439 -1.029447317123413 1.9867058992385864 0.8579017519950867 0.05985915660858154 -0.48048117756843567 -0.17192836105823517
redkitchen/seq-04/frame-000723.color.png 1.2575252056121826 -1.0185080766677856 1.9755367040634155 0.863116443157196 0.07125747203826904 -0.4690757393836975 -0.1729743927717209
redkitchen/seq-04/frame-000724.color.png 1.2516233921051025 -1.0237618684768677 1.9913877248764038 0.8565644025802612 0.065220408141613 -0.4805780351161957 -0.1763189136981964
redkitchen/seq-04/frame-000725.color.png 1.205228328704834 -1.041821002960205 1.992634892463684 0.8566251397132874 0.05779843032360077 -0.48156583309173584 -0.1759183704853058
redkitchen/seq-04/frame-000726.color.png 1.1816136837005615 -1.0677262544631958 2.010810136795044 0.8601666688919067 0.06306365877389908 -0.4749801456928253 -0.17472900450229645
redkitchen/seq-04/frame-000727.color.png 1.2113434076309204 -1.0545927286148071 2.0199854373931885 0.8669374585151672 0.06977654993534088 -0.4645817279815674 -0.16647650301456451
redkitchen/seq-04/frame-000728.color.png 1.1771963834762573 -1.0521056652069092 2.009901762008667 0.8602188229560852 0.06968227028846741 -0.47626855969429016 -0.16833357512950897
redkitchen/seq-04/frame-000729.color.png 1.1870588064193726 -1.0620416402816772 2.0129077434539795 0.8653513789176941 0.07430972158908844 -0.46930256485939026 -0.15937398374080658
redkitchen/seq-04/frame-000730.color.png 1.1171965599060059 -1.055220603942871 2.029635429382324 0.8590304851531982 0.060320064425468445 -0.4780696928501129 -0.17285139858722687
redkitchen/seq-04/frame-000731.color.png 1.1216018199920654 -1.0720058679580688 2.040098190307617 0.8677271008491516 0.06307435035705566 -0.46754932403564453 -0.1564253270626068
redkitchen/seq-04/frame-000732.color.png 1.1230171918869019 -1.0773428678512573 2.033926486968994 0.8752737045288086 0.07166474312543869 -0.4521140158176422 -0.15605418384075165
redkitchen/seq-04/frame-000733.color.png 1.1160117387771606 -1.0722780227661133 2.0247323513031006 0.8764069080352783 0.07574928551912308 -0.45212459564208984 -0.14749957621097565
redkitchen/seq-04/frame-000734.color.png 1.085802674293518 -1.0709583759307861 2.041598320007324 0.8683671951293945 0.06555815786123276 -0.46737775206565857 -0.15231023728847504
redkitchen/seq-04/frame-000735.color.png 1.0628666877746582 -1.0653871297836304 2.0372796058654785 0.8750008344650269 0.06478061527013779 -0.45816487073898315 -0.14234504103660583
redkitchen/seq-04/frame-000736.color.png 0.9875333905220032 -1.0399110317230225 2.0706942081451416 0.8804872632026672 0.07563962042331696 -0.44686704874038696 -0.13903392851352692
redkitchen/seq-04/frame-000737.color.png 0.9858192801475525 -1.055280327796936 2.0666515827178955 0.8766712546348572 0.06867299973964691 -0.45548346638679504 -0.13880400359630585
redkitchen/seq-04/frame-000738.color.png 0.9535996317863464 -1.050863265991211 2.0795822143554688 0.8762610554695129 0.07040948420763016 -0.4546870291233063 -0.1430693417787552
redkitchen/seq-04/frame-000739.color.png 0.9576724767684937 -1.0508954524993896 2.054619312286377 0.8812431693077087 0.0794624388217926 -0.44350293278694153 -0.14283321797847748
redkitchen/seq-04/frame-000740.color.png 0.9164286851882935 -1.0688658952713013 2.0680012702941895 0.8819924592971802 0.08053864538669586 -0.44364315271377563 -0.1370536983013153
redkitchen/seq-04/frame-000741.color.png 0.9351637959480286 -1.065938115119934 2.056326389312744 0.8841040730476379 0.08114440739154816 -0.43987002968788147 -0.1352398693561554
redkitchen/seq-04/frame-000742.color.png 0.9077364802360535 -1.0835111141204834 2.0796585083007812 0.8753044605255127 0.07518129050731659 -0.4532790780067444 -0.15075820684432983
redkitchen/seq-04/frame-000743.color.png 0.9046611785888672 -1.0860570669174194 2.077162981033325 0.8764345645904541 0.0777427926659584 -0.45133915543556213 -0.14869962632656097
redkitchen/seq-04/frame-000744.color.png 0.898791491985321 -1.080034852027893 2.0415430068969727 0.8828399181365967 0.08287828415632248 -0.43956637382507324 -0.14319977164268494
redkitchen/seq-04/frame-000745.color.png 0.9259745478630066 -1.094707727432251 2.0554018020629883 0.8872959613800049 0.08954745531082153 -0.4314287304878235 -0.13622190058231354
redkitchen/seq-04/frame-000746.color.png 0.9019155502319336 -1.067481517791748 2.035118818283081 0.8903144598007202 0.09548059850931168 -0.4244723618030548 -0.13433800637722015
redkitchen/seq-04/frame-000747.color.png 0.9461619257926941 -1.074741005897522 2.042829751968384 0.9002968668937683 0.08875656872987747 -0.40589070320129395 -0.12977108359336853
redkitchen/seq-04/frame-000748.color.png 0.9357165098190308 -1.0539969205856323 1.9995545148849487 0.9071199297904968 0.09694800525903702 -0.3905964493751526 -0.1231623962521553
redkitchen/seq-04/frame-000749.color.png 0.9624157547950745 -1.0643787384033203 2.005635976791382 0.9281167387962341 0.09538725763559341 -0.3428744673728943 -0.10926011949777603
redkitchen/seq-04/frame-000750.color.png 0.8795795440673828 -1.090438723564148 2.0136964321136475 0.9129887223243713 0.09291568398475647 -0.37637123465538025 -0.12713408470153809
redkitchen/seq-04/frame-000751.color.png 0.882684588432312 -1.0997793674468994 2.010751485824585 0.9145519137382507 0.09437840431928635 -0.37334996461868286 -0.12368248403072357
redkitchen/seq-04/frame-000752.color.png 0.8719711303710938 -1.1134076118469238 2.0073401927948 0.8973503708839417 0.09108299762010574 -0.4098811149597168 -0.13588103652000427
redkitchen/seq-04/frame-000753.color.png 0.8140584230422974 -1.1104230880737305 2.00076961517334 0.9301475286483765 0.09710244834423065 -0.33759376406669617 -0.10689715296030045
redkitchen/seq-04/frame-000754.color.png 0.8007029891014099 -1.1037077903747559 2.0009095668792725 0.955595076084137 0.10455485433340073 -0.26534226536750793 -0.0741598904132843
redkitchen/seq-04/frame-000755.color.png 0.8077978491783142 -1.0991477966308594 2.012045383453369 0.9410827159881592 0.09564593434333801 -0.31185853481292725 -0.0892161950469017
redkitchen/seq-04/frame-000756.color.png 0.7212100028991699 -1.1110104322433472 2.0257465839385986 0.9285787343978882 0.09476399421691895 -0.34257736802101135 -0.10677899420261383
redkitchen/seq-04/frame-000757.color.png 0.6497743129730225 -1.111197829246521 2.0444352626800537 0.9822817444801331 0.0983673706650734 -0.15716595947742462 -0.02729533426463604
redkitchen/seq-04/frame-000758.color.png 0.6887597441673279 -1.0986766815185547 2.037015914916992 0.9308264851570129 0.09971980005502701 -0.33643731474876404 -0.10211633145809174
redkitchen/seq-04/frame-000759.color.png 0.6774556040763855 -1.0923793315887451 2.0291903018951416 0.9388173222541809 0.10042864084243774 -0.3162772059440613 -0.09222084283828735
redkitchen/seq-04/frame-000760.color.png 0.6705957055091858 -1.090083122253418 2.018256902694702 0.9290573596954346 0.10063952952623367 -0.34057480096817017 -0.10359996557235718
redkitchen/seq-04/frame-000761.color.png 0.6602861285209656 -1.0842065811157227 2.033834457397461 0.94424968957901 0.09936986863613129 -0.30122220516204834 -0.08822411298751831
redkitchen/seq-04/frame-000762.color.png 0.6753644943237305 -1.0892809629440308 2.0528693199157715 0.9321800470352173 0.10132402926683426 -0.33269625902175903 -0.10043368488550186
redkitchen/seq-04/frame-000763.color.png 0.6946613192558289 -1.0951899290084839 2.055691957473755 0.9049984812736511 0.09341895580291748 -0.39457350969314575 -0.12869477272033691
redkitchen/seq-04/frame-000764.color.png 0.6816834807395935 -1.0959373712539673 2.061444044113159 0.9176998138427734 0.0969417542219162 -0.3671970069408417 -0.11660052835941315
redkitchen/seq-04/frame-000765.color.png 0.6760647296905518 -1.0990543365478516 2.0600316524505615 0.8989637494087219 0.0897396057844162 -0.40794146060943604 -0.13188903033733368
redkitchen/seq-04/frame-000766.color.png 0.678265392780304 -1.1078498363494873 2.0670158863067627 0.887190043926239 0.09062132239341736 -0.42956897616386414 -0.14195825159549713
redkitchen/seq-04/frame-000767.color.png 0.6615687608718872 -1.109260082244873 2.064286231994629 0.9243481755256653 0.0970364585518837 -0.35307615995407104 -0.10724630951881409
redkitchen/seq-04/frame-000768.color.png 0.6439826488494873 -1.1104203462600708 2.088874101638794 0.8782778382301331 0.09052944928407669 -0.44357287883758545 -0.15386821329593658
redkitchen/seq-04/frame-000769.color.png 0.6535255312919617 -1.1164685487747192 2.074044704437256 0.9047750234603882 0.0947323590517044 -0.39389342069625854 -0.13136114180088043
redkitchen/seq-04/frame-000770.color.png 0.6324969530105591 -1.1020379066467285 2.0708811283111572 0.8984354734420776 0.09504320472478867 -0.4057873487472534 -0.1382651925086975
redkitchen/seq-04/frame-000771.color.png 0.6570308208465576 -1.0903126001358032 2.0613274574279785 0.8925777673721313 0.09262557327747345 -0.41854169964790344 -0.13981479406356812
redkitchen/seq-04/frame-000772.color.png 0.6302679181098938 -1.0914758443832397 2.0603690147399902 0.9284366369247437 0.09958408027887344 -0.3417800962924957 -0.10618311166763306
redkitchen/seq-04/frame-000773.color.png 0.6693671345710754 -1.1188910007476807 2.080521821975708 0.8667915463447571 0.0830741673707962 -0.4623376727104187 -0.16737675666809082
redkitchen/seq-04/frame-000774.color.png 0.6790845394134521 -1.1136826276779175 2.065984010696411 0.8711378574371338 0.08733932673931122 -0.454713374376297 -0.16348177194595337
redkitchen/seq-04/frame-000775.color.png 0.6680565476417542 -1.1284695863723755 2.0968120098114014 0.8724555373191833 0.09143943339586258 -0.45087912678718567 -0.16482757031917572
redkitchen/seq-04/frame-000776.color.png 0.6737803816795349 -1.1310256719589233 2.096565008163452 0.8732481002807617 0.08830607682466507 -0.4492517411708832 -0.16677109897136688
redkitchen/seq-04/frame-000777.color.png 0.6580631136894226 -1.1367363929748535 2.0923593044281006 0.8880612254142761 0.09553762525320053 -0.4228619337081909 -0.1529955118894577
redkitchen/seq-04/frame-000778.color.png 0.6648286581039429 -1.1377322673797607 2.099200487136841 0.8628932237625122 0.07637108117341995 -0.4698054790496826 -0.16989822685718536
redkitchen/seq-04/frame-000779.color.png 0.6734207272529602 -1.1296192407608032 2.0673439502716064 0.855442225933075 0.07854708284139633 -0.4827851355075836 -0.17019875347614288
redkitchen/seq-04/frame-000780.color.png 0.6760135889053345 -1.142478346824646 2.094578266143799 0.8536295890808105 0.07022950053215027 -0.485803484916687 -0.17429614067077637
redkitchen/seq-04/frame-000781.color.png 0.6372185349464417 -1.1538591384887695 2.1006968021392822 0.8726767897605896 0.07316659390926361 -0.4539374113082886 -0.1643865555524826
redkitchen/seq-04/frame-000782.color.png 0.6678436398506165 -1.136346459388733 2.1071081161499023 0.8525947332382202 0.06862471997737885 -0.4864323139190674 -0.17820361256599426
redkitchen/seq-04/frame-000783.color.png 0.6427156329154968 -1.1485556364059448 2.1050643920898438 0.8846011757850647 0.07454179227352142 -0.43476396799087524 -0.15134310722351074
redkitchen/seq-04/frame-000784.color.png 0.6339078545570374 -1.1422441005706787 2.102444887161255 0.8699979782104492 0.07228028774261475 -0.4596576690673828 -0.16307638585567474
redkitchen/seq-04/frame-000785.color.png 0.6446329951286316 -1.1389809846878052 2.1046223640441895 0.8851441144943237 0.07791220396757126 -0.43336182832717896 -0.15049022436141968
redkitchen/seq-04/frame-000786.color.png 0.6491245031356812 -1.1370306015014648 2.1126177310943604 0.8976290822029114 0.08163970708847046 -0.4117414355278015 -0.1344090849161148
redkitchen/seq-04/frame-000787.color.png 0.6457664966583252 -1.142383337020874 2.1115455627441406 0.8891234993934631 0.0811695009469986 -0.42627426981925964 -0.14546805620193481
redkitchen/seq-04/frame-000788.color.png 0.6227532029151917 -1.1423132419586182 2.117604970932007 0.9507908225059509 0.08680257946252823 -0.28502050042152405 -0.08500327914953232
redkitchen/seq-04/frame-000789.color.png 0.6250054836273193 -1.1341649293899536 2.1107654571533203 0.8836895823478699 0.07990029454231262 -0.4372727870941162 -0.14663316309452057
redkitchen/seq-04/frame-000790.color.png 0.5940335988998413 -1.1439275741577148 2.1133222579956055 0.8961645364761353 0.08388195931911469 -0.41283756494522095 -0.13934853672981262
redkitchen/seq-04/frame-000791.color.png 0.6438601613044739 -1.1347025632858276 2.1016595363616943 0.9181156754493713 0.08535544574260712 -0.3693079352378845 -0.1157132163643837
redkitchen/seq-04/frame-000792.color.png 0.6345334649085999 -1.1339257955551147 2.1116724014282227 0.8929595947265625 0.08434142172336578 -0.42085087299346924 -0.1356249302625656
redkitchen/seq-04/frame-000793.color.png 0.6078008413314819 -1.1411741971969604 2.1053378582000732 0.9553776383399963 0.09419745951890945 -0.2717996835708618 -0.06711981445550919
redkitchen/seq-04/frame-000794.color.png 0.5752602219581604 -1.1469534635543823 2.127817153930664 0.9058256149291992 0.08577654510736465 -0.39638322591781616 -0.12248548120260239
redkitchen/seq-04/frame-000795.color.png 0.5656703114509583 -1.1423819065093994 2.1379294395446777 0.8952001333236694 0.08001800626516342 -0.4179324507713318 -0.13246235251426697
redkitchen/seq-04/frame-000796.color.png 0.5718244314193726 -1.1412047147750854 2.1122658252716064 0.994269847869873 0.08553020656108856 -0.06209572032094002 0.01600322499871254
redkitchen/seq-04/frame-000797.color.png 0.5845563411712646 -1.1312984228134155 2.0961108207702637 0.9931658506393433 0.08833663910627365 -0.07529174536466599 0.012226290069520473
redkitchen/seq-04/frame-000798.color.png 0.5585827231407166 -1.143581509590149 2.155027389526367 0.9247239828109741 0.08681730926036835 -0.35343024134635925 -0.11151421815156937
redkitchen/seq-04/frame-000799.color.png 0.5743070840835571 -1.1466736793518066 2.1449193954467773 0.9685720801353455 0.08797687292098999 -0.226051926612854 -0.05503610894083977
redkitchen/seq-04/frame-000800.color.png 0.5824283957481384 -1.14704430103302 2.1524505615234375 0.88130784034729 0.07496269047260284 -0.44065219163894653 -0.15330493450164795
redkitchen/seq-04/frame-000801.color.png 0.5322080850601196 -1.1600345373153687 2.1615023612976074 0.9947037100791931 0.07976698130369186 -0.06439454853534698 0.007426632102578878
redkitchen/seq-04/frame-000802.color.png 0.5300382375717163 -1.166095495223999 2.1852877140045166 0.9828637838363647 0.08754070103168488 -0.15790142118930817 -0.03718261048197746
redkitchen/seq-04/frame-000803.color.png 0.5187430381774902 -1.1567862033843994 2.216543674468994 0.9093971252441406 0.08033386617898941 -0.38390231132507324 -0.13842789828777313
redkitchen/seq-04/frame-000804.color.png 0.5711135268211365 -1.14597487449646 2.2058193683624268 0.909248948097229 0.075167216360569 -0.38154536485671997 -0.14845678210258484
redkitchen/seq-04/frame-000805.color.png 0.5372926592826843 -1.1571093797683716 2.2077276706695557 0.863189697265625 0.05738677829504013 -0.4674203097820282 -0.1820126622915268
redkitchen/seq-04/frame-000806.color.png 0.5564648509025574 -1.1433892250061035 2.223592758178711 0.940295934677124 0.07454780489206314 -0.3104191720485687 -0.1180090606212616
redkitchen/seq-04/frame-000807.color.png 0.5319361686706543 -1.1420695781707764 2.240220308303833 0.8829094171524048 0.061988465487957 -0.4276570975780487 -0.18367916345596313
redkitchen/seq-04/frame-000808.color.png 0.5107936263084412 -1.1249825954437256 2.231633424758911 0.9489774703979492 0.0631447359919548 -0.2825223207473755 -0.1250421106815338
redkitchen/seq-04/frame-000809.color.png 0.5094412565231323 -1.1309537887573242 2.228745222091675 0.9643638730049133 0.056660640984773636 -0.23578599095344543 -0.10581618547439575
redkitchen/seq-04/frame-000810.color.png 0.45493781566619873 -1.1239566802978516 2.235926389694214 0.8727431297302246 0.05313050374388695 -0.44142255187034607 -0.20160074532032013
redkitchen/seq-04/frame-000811.color.png 0.48597458004951477 -1.1258505582809448 2.2525856494903564 0.887310802936554 0.04811299219727516 -0.4144129753112793 -0.19653606414794922
redkitchen/seq-04/frame-000812.color.png 0.4579325020313263 -1.1269100904464722 2.2773373126983643 0.8736146688461304 0.04520801082253456 -0.4407220780849457 -0.20128940045833588
redkitchen/seq-04/frame-000813.color.png 0.44277510046958923 -1.1303316354751587 2.276024341583252 0.8717082142829895 0.04208062216639519 -0.4435291290283203 -0.2040487825870514
redkitchen/seq-04/frame-000814.color.png 0.3925730884075165 -1.119307279586792 2.271087408065796 0.8756781816482544 0.04408746585249901 -0.4346340298652649 -0.20575964450836182
redkitchen/seq-04/frame-000815.color.png 0.4315992295742035 -1.114505410194397 2.272109031677246 0.8697656393051147 0.04205317795276642 -0.443020761013031 -0.21324090659618378
redkitchen/seq-04/frame-000816.color.png 0.40709230303764343 -1.111777901649475 2.2740981578826904 0.8678259253501892 0.038702402263879776 -0.4474441707134247 -0.21254178881645203
redkitchen/seq-04/frame-000817.color.png 0.36556580662727356 -1.0942450761795044 2.263265371322632 0.8727525472640991 0.03337588161230087 -0.4391576051712036 -0.21054595708847046
redkitchen/seq-04/frame-000818.color.png 0.3720673620700836 -1.0993473529815674 2.270324945449829 0.8752928376197815 0.031137948855757713 -0.4334058463573456 -0.21225543320178986
redkitchen/seq-04/frame-000819.color.png 0.3711080849170685 -1.1076006889343262 2.2812867164611816 0.8712578415870667 0.025583341717720032 -0.4393072724342346 -0.21740363538265228
redkitchen/seq-04/frame-000820.color.png 0.3797391355037689 -1.1120052337646484 2.2820723056793213 0.8720325827598572 0.01899668015539646 -0.43566134572029114 -0.22225593030452728
redkitchen/seq-04/frame-000821.color.png 0.32803377509117126 -1.1167116165161133 2.2828879356384277 0.8715067505836487 0.017698869109153748 -0.43675804138183594 -0.2222723662853241
redkitchen/seq-04/frame-000822.color.png 0.3273989260196686 -1.110695242881775 2.2824597358703613 0.8702554702758789 0.0179746113717556 -0.43770715594291687 -0.22526633739471436
redkitchen/seq-04/frame-000823.color.png 0.34121736884117126 -1.105338215827942 2.2888495922088623 0.8690833449363708 0.004216632340103388 -0.4357253611087799 -0.23413601517677307
redkitchen/seq-04/frame-000824.color.png 0.3388293385505676 -1.0991082191467285 2.268110990524292 0.873737096786499 0.016326988115906715 -0.42364072799682617 -0.23842240869998932
redkitchen/seq-04/frame-000825.color.png 0.3384599983692169 -1.0981898307800293 2.2819056510925293 0.8722827434539795 0.009165743365883827 -0.42463743686676025 -0.24232594668865204
redkitchen/seq-04/frame-000826.color.png 0.3299071192741394 -1.100724697113037 2.292851448059082 0.8726208209991455 0.00574940349906683 -0.4255393445491791 -0.23961643874645233
redkitchen/seq-04/frame-000827.color.png 0.33793482184410095 -1.096460223197937 2.289677143096924 0.8713832497596741 0.00282846437767148 -0.4261777102947235 -0.2430138885974884
redkitchen/seq-04/frame-000828.color.png 0.27575135231018066 -1.106619119644165 2.296330213546753 0.8731298446655273 -0.000318653357680887 -0.42482882738113403 -0.2390914261341095
redkitchen/seq-04/frame-000829.color.png 0.266949325799942 -1.1127713918685913 2.3036766052246094 0.8761839270591736 0.004472144413739443 -0.41955623030662537 -0.2371797114610672
redkitchen/seq-04/frame-000830.color.png 0.2653154730796814 -1.108648657798767 2.3088231086730957 0.8756378889083862 -0.0020698821172118187 -0.4184407591819763 -0.24116668105125427
redkitchen/seq-04/frame-000831.color.png 0.29690447449684143 -1.0921233892440796 2.302826166152954 0.8772002458572388 -0.004383689723908901 -0.41387641429901123 -0.24332495033740997
redkitchen/seq-04/frame-000832.color.png 0.31178465485572815 -1.0850471258163452 2.286811590194702 0.8808504939079285 -0.006158624310046434 -0.4062339663505554 -0.24297817051410675
redkitchen/seq-04/frame-000833.color.png 0.2954522669315338 -1.0873260498046875 2.290937662124634 0.8816142678260803 -0.004344107583165169 -0.4070354104042053 -0.23887188732624054
redkitchen/seq-04/frame-000834.color.png 0.32990509271621704 -1.0837515592575073 2.2904136180877686 0.8803737759590149 -0.010751535184681416 -0.4093143939971924 -0.23934920132160187
redkitchen/seq-04/frame-000835.color.png 0.332122266292572 -1.0823957920074463 2.2898976802825928 0.8813378810882568 -0.011973278596997261 -0.4054465889930725 -0.24230873584747314
redkitchen/seq-04/frame-000836.color.png 0.3083377480506897 -1.0866177082061768 2.292050361633301 0.8856416344642639 -0.00630223797634244 -0.3963415324687958 -0.2418937087059021
redkitchen/seq-04/frame-000837.color.png 0.3057500422000885 -1.084814190864563 2.2901389598846436 0.8840881586074829 -0.013180839829146862 -0.39783966541290283 -0.24482238292694092
redkitchen/seq-04/frame-000838.color.png 0.3084338903427124 -1.0876476764678955 2.2983956336975098 0.8812340497970581 -0.012786324135959148 -0.4051865041255951 -0.24307820200920105
redkitchen/seq-04/frame-000839.color.png 0.29693469405174255 -1.0936520099639893 2.3044841289520264 0.8857538104057312 -0.00933544896543026 -0.3963182270526886 -0.24142274260520935
redkitchen/seq-04/frame-000840.color.png 0.28326424956321716 -1.0875849723815918 2.300823211669922 0.8847991228103638 -0.008240919560194016 -0.39771923422813416 -0.24265600740909576
redkitchen/seq-04/frame-000841.color.png 0.2911144196987152 -1.084285020828247 2.300689935684204 0.8826285600662231 -0.011458923108875751 -0.39826661348342896 -0.2494380921125412
redkitchen/seq-04/frame-000842.color.png 0.29989519715309143 -1.0850507020950317 2.3014373779296875 0.8844671249389648 -0.012168042361736298 -0.39438533782958984 -0.24905824661254883
redkitchen/seq-04/frame-000843.color.png 0.291244775056839 -1.0838186740875244 2.304107904434204 0.8854259848594666 -0.011776875704526901 -0.39266037940979004 -0.24839471280574799
redkitchen/seq-04/frame-000844.color.png 0.29270878434181213 -1.0768771171569824 2.297150135040283 0.8859845995903015 -0.010751218535006046 -0.3944777250289917 -0.2435220330953598
redkitchen/seq-04/frame-000845.color.png 0.2966613471508026 -1.0670486688613892 2.2939882278442383 0.8832833766937256 -0.005273771937936544 -0.4027861952781677 -0.23988758027553558
redkitchen/seq-04/frame-000846.color.png 0.3411077857017517 -1.0737316608428955 2.306093692779541 0.8810285925865173 -0.017915956676006317 -0.40286991000175476 -0.24731266498565674
redkitchen/seq-04/frame-000847.color.png 0.3385522663593292 -1.0701944828033447 2.305290937423706 0.8848806619644165 -0.008840527385473251 -0.39485692977905273 -0.2469736784696579
redkitchen/seq-04/frame-000848.color.png 0.32353052496910095 -1.0752058029174805 2.3096795082092285 0.8831016421318054 -0.010330826975405216 -0.40018606185913086 -0.24469530582427979
redkitchen/seq-04/frame-000849.color.png 0.32833871245384216 -1.0741280317306519 2.3100967407226562 0.8807629942893982 -0.013594251126050949 -0.40533003211021423 -0.2444981187582016
redkitchen/seq-04/frame-000850.color.png 0.3511122465133667 -1.0682486295700073 2.3147146701812744 0.8806195259094238 -0.025477342307567596 -0.40186309814453125 -0.24973230063915253
redkitchen/seq-04/frame-000851.color.png 0.37094226479530334 -1.0579527616500854 2.3082101345062256 0.8837172985076904 -0.018447447568178177 -0.39602991938591003 -0.2487238347530365
redkitchen/seq-04/frame-000852.color.png 0.3789418041706085 -1.0548253059387207 2.3035035133361816 0.8841120600700378 -0.017015067860484123 -0.39406272768974304 -0.25054100155830383
redkitchen/seq-04/frame-000853.color.png 0.373492568731308 -1.055741310119629 2.3086979389190674 0.8870974183082581 -0.027726342901587486 -0.38340142369270325 -0.25552430748939514
redkitchen/seq-04/frame-000854.color.png 0.3528386950492859 -1.0522667169570923 2.2918198108673096 0.8852328062057495 -0.026043273508548737 -0.3877158463001251 -0.25565823912620544
redkitchen/seq-04/frame-000855.color.png 0.3555682897567749 -1.0484741926193237 2.289405584335327 0.8896037936210632 -0.02473090961575508 -0.3774329423904419 -0.2560036778450012
redkitchen/seq-04/frame-000856.color.png 0.34750130772590637 -1.0428069829940796 2.283849000930786 0.8882961273193359 -0.03171461820602417 -0.3801754117012024 -0.25571632385253906
redkitchen/seq-04/frame-000857.color.png 0.3708624839782715 -1.031049370765686 2.2745769023895264 0.888076901435852 -0.0309086125344038 -0.38108083605766296 -0.25522857904434204
redkitchen/seq-04/frame-000858.color.png 0.3614313304424286 -1.0296156406402588 2.2698891162872314 0.8875100612640381 -0.029570668935775757 -0.38170668482780457 -0.2564210295677185
redkitchen/seq-04/frame-000859.color.png 0.38541272282600403 -1.025774598121643 2.27139949798584 0.8906974792480469 -0.02880025841295719 -0.37164971232414246 -0.26020216941833496
redkitchen/seq-04/frame-000860.color.png 0.371219277381897 -1.0263702869415283 2.2707862854003906 0.8915693759918213 -0.03532440587878227 -0.36626288294792175 -0.2640221416950226
redkitchen/seq-04/frame-000861.color.png 0.36501240730285645 -1.0230861902236938 2.264425277709961 0.8917490839958191 -0.03663506358861923 -0.3669193983078003 -0.2623193860054016
redkitchen/seq-04/frame-000862.color.png 0.38128435611724854 -1.02457857131958 2.261796712875366 0.890337347984314 -0.03958439454436302 -0.3701402544975281 -0.26216140389442444
redkitchen/seq-04/frame-000863.color.png 0.3709408938884735 -1.0238673686981201 2.258251905441284 0.8916690349578857 -0.03705717250704765 -0.36614105105400085 -0.26361697912216187
redkitchen/seq-04/frame-000864.color.png 0.36329808831214905 -1.0334761142730713 2.2733378410339355 0.8939082622528076 -0.03459705412387848 -0.3613240420818329 -0.26301309466362
redkitchen/seq-04/frame-000865.color.png 0.36773940920829773 -1.0294537544250488 2.260453939437866 0.892326831817627 -0.03938641771674156 -0.36100998520851135 -0.26809239387512207
redkitchen/seq-04/frame-000866.color.png 0.3770182728767395 -1.0261558294296265 2.2592759132385254 0.8909041285514832 -0.04349524900317192 -0.36408284306526184 -0.26803305745124817
redkitchen/seq-04/frame-000867.color.png 0.3759433329105377 -1.0251851081848145 2.2607545852661133 0.8926176428794861 -0.042181286960840225 -0.361301064491272 -0.2663002908229828
redkitchen/seq-04/frame-000868.color.png 0.39737996459007263 -1.0151506662368774 2.2514536380767822 0.8939939141273499 -0.040470656007528305 -0.35832327604293823 -0.2659721374511719
redkitchen/seq-04/frame-000869.color.png 0.4240955710411072 -1.013442039489746 2.247633218765259 0.8948408961296082 -0.03947104886174202 -0.3538839817047119 -0.2691987454891205
redkitchen/seq-04/frame-000870.color.png 0.39887747168540955 -1.0126100778579712 2.2493343353271484 0.8954644203186035 -0.03833731636404991 -0.35283032059669495 -0.2686719000339508
redkitchen/seq-04/frame-000871.color.png 0.4013092815876007 -1.0072882175445557 2.240910768508911 0.8931867480278015 -0.03704942390322685 -0.360480934381485 -0.2662675380706787
redkitchen/seq-04/frame-000872.color.png 0.3976331353187561 -1.0073977708816528 2.244178295135498 0.8952113389968872 -0.03356301039457321 -0.35503748059272766 -0.2672421932220459
redkitchen/seq-04/frame-000873.color.png 0.3988209664821625 -1.0106704235076904 2.2476654052734375 0.8945468664169312 -0.0329664945602417 -0.35705605149269104 -0.2668522298336029
redkitchen/seq-04/frame-000874.color.png 0.39039871096611023 -1.0132997035980225 2.248042583465576 0.896091878414154 -0.031373098492622375 -0.3534257709980011 -0.26669347286224365
redkitchen/seq-04/frame-000875.color.png 0.3998461067676544 -1.0275990962982178 2.263932466506958 0.8912857174873352 -0.038735732436180115 -0.36489155888557434 -0.2663898468017578
redkitchen/seq-04/frame-000876.color.png 0.4047592282295227 -1.0301179885864258 2.2643609046936035 0.8886770606040955 -0.04368024691939354 -0.365092396736145 -0.27395743131637573
redkitchen/seq-04/frame-000877.color.png 0.38416481018066406 -1.0397521257400513 2.2736849784851074 0.8874531984329224 -0.040209926664829254 -0.3721332252025604 -0.2689363956451416
redkitchen/seq-04/frame-000878.color.png 0.391558438539505 -1.0405604839324951 2.265608310699463 0.8868645429611206 -0.04261176660656929 -0.36685508489608765 -0.2776201665401459
redkitchen/seq-04/frame-000879.color.png 0.39468100666999817 -1.0397663116455078 2.2606372833251953 0.8848716020584106 -0.0435265377163887 -0.37301433086395264 -0.27562275528907776
redkitchen/seq-04/frame-000880.color.png 0.3736043870449066 -1.0390238761901855 2.2681491374969482 0.8864917159080505 -0.03857746347784996 -0.36542826890945435 -0.2812586724758148
redkitchen/seq-04/frame-000881.color.png 0.3833346664905548 -1.0396091938018799 2.2633564472198486 0.8859577775001526 -0.033134885132312775 -0.37373411655426025 -0.272586852312088
redkitchen/seq-04/frame-000882.color.png 0.394045889377594 -1.0438131093978882 2.282012701034546 0.8866767883300781 -0.035478539764881134 -0.36598724126815796 -0.28035497665405273
redkitchen/seq-04/frame-000883.color.png 0.3592025935649872 -1.044898271560669 2.296078681945801 0.8838799595832825 -0.032425131648778915 -0.37172913551330566 -0.2819964587688446
redkitchen/seq-04/frame-000884.color.png 0.3815092146396637 -1.0514236688613892 2.2922756671905518 0.8853626251220703 -0.026264343410730362 -0.3750106990337372 -0.27351444959640503
redkitchen/seq-04/frame-000885.color.png 0.37006875872612 -1.0645161867141724 2.3063666820526123 0.8824578523635864 -0.031633246690034866 -0.3783533573150635 -0.2776983082294464
redkitchen/seq-04/frame-000886.color.png 0.34557411074638367 -1.070185661315918 2.3073644638061523 0.8816048502922058 -0.029575223103165627 -0.38403648138046265 -0.27278998494148254
redkitchen/seq-04/frame-000887.color.png 0.35641881823539734 -1.0745881795883179 2.3045833110809326 0.8811742663383484 -0.03206246718764305 -0.38838595151901245 -0.2676945626735687
redkitchen/seq-04/frame-000888.color.png 0.3775770962238312 -1.0697951316833496 2.285573720932007 0.8846268057823181 -0.01400850247591734 -0.37988197803497314 -0.2700534164905548
redkitchen/seq-04/frame-000889.color.png 0.37449541687965393 -1.077304482460022 2.2856106758117676 0.8847988843917847 -0.01762808859348297 -0.3822762668132782 -0.2658667266368866
redkitchen/seq-04/frame-000890.color.png 0.3481777310371399 -1.0753141641616821 2.2908544540405273 0.8815470337867737 -0.008444033563137054 -0.3920155167579651 -0.2629207968711853
redkitchen/seq-04/frame-000891.color.png 0.3587484061717987 -1.0871855020523071 2.3058886528015137 0.8761430978775024 -0.011883875355124474 -0.40278416872024536 -0.26456937193870544
redkitchen/seq-04/frame-000892.color.png 0.3684719204902649 -1.0963619947433472 2.294210433959961 0.8787787556648254 -0.009151102043688297 -0.39768892526626587 -0.26364290714263916
redkitchen/seq-04/frame-000893.color.png 0.34584853053092957 -1.099321722984314 2.2989578247070312 0.8801141381263733 -0.004102691542357206 -0.39655718207359314 -0.26100674271583557
redkitchen/seq-04/frame-000894.color.png 0.3547065854072571 -1.0915030241012573 2.298147439956665 0.8813815712928772 -0.003842178964987397 -0.38948196172714233 -0.2673116624355316
redkitchen/seq-04/frame-000895.color.png 0.3596419095993042 -1.093542218208313 2.302231550216675 0.8770763874053955 -0.000837546365801245 -0.4021388590335846 -0.2627176344394684
redkitchen/seq-04/frame-000896.color.png 0.3312622308731079 -1.1023246049880981 2.295771360397339 0.8749971985816956 -0.000441004172898829 -0.4087206721305847 -0.25947460532188416
redkitchen/seq-04/frame-000897.color.png 0.3362511098384857 -1.105993390083313 2.3010785579681396 0.8762562870979309 0.0014245016500353813 -0.40690088272094727 -0.25807851552963257
redkitchen/seq-04/frame-000898.color.png 0.35453370213508606 -1.1105828285217285 2.310007095336914 0.8734591603279114 0.0014891866594552994 -0.4120872914791107 -0.2593279182910919
redkitchen/seq-04/frame-000899.color.png 0.36406460404396057 -1.1096343994140625 2.304107666015625 0.8734899759292603 -0.0025399208534508944 -0.4118528962135315 -0.25958794355392456
redkitchen/seq-04/frame-000900.color.png 0.3376823961734772 -1.1076358556747437 2.29683780670166 0.8774269819259644 -0.0013216520892456174 -0.4042850434780121 -0.25821250677108765
redkitchen/seq-04/frame-000901.color.png 0.3763501048088074 -1.0968455076217651 2.3025851249694824 0.8655291199684143 -0.007620216812938452 -0.4253380298614502 -0.2643646001815796
redkitchen/seq-04/frame-000902.color.png 0.3693711459636688 -1.1086540222167969 2.3012330532073975 0.8667123913764954 -0.003323278622701764 -0.42541342973709106 -0.2604270577430725
redkitchen/seq-04/frame-000903.color.png 0.3894445598125458 -1.1129261255264282 2.2901511192321777 0.8665997982025146 -0.0036436053924262524 -0.4252706468105316 -0.2610292136669159
redkitchen/seq-04/frame-000904.color.png 0.4068061411380768 -1.1293541193008423 2.2852020263671875 0.8625892996788025 3.927054058294743e-05 -0.43812283873558044 -0.2529584467411041
redkitchen/seq-04/frame-000905.color.png 0.43419691920280457 -1.1162625551223755 2.283438205718994 0.8662932515144348 0.0009108545491471887 -0.4287475645542145 -0.25634095072746277
redkitchen/seq-04/frame-000906.color.png 0.4052507281303406 -1.1150490045547485 2.2805471420288086 0.8572214841842651 6.882679008413106e-05 -0.44934210181236267 -0.25152111053466797
redkitchen/seq-04/frame-000907.color.png 0.4197995960712433 -1.1183620691299438 2.279749870300293 0.8569520711898804 0.000706273945979774 -0.45043131709098816 -0.2504877746105194
redkitchen/seq-04/frame-000908.color.png 0.46067848801612854 -1.1224082708358765 2.2646985054016113 0.855130136013031 0.00683850422501564 -0.4541935324668884 -0.2498277723789215
redkitchen/seq-04/frame-000909.color.png 0.466651052236557 -1.1411359310150146 2.2744805812835693 0.8563913702964783 0.01169606763869524 -0.4540930390357971 -0.24547193944454193
redkitchen/seq-04/frame-000910.color.png 0.45745328068733215 -1.1349307298660278 2.261230707168579 0.8511459827423096 0.008996699005365372 -0.46600478887557983 -0.2414727658033371
redkitchen/seq-04/frame-000911.color.png 0.4720291197299957 -1.142028570175171 2.268028974533081 0.8454232811927795 0.005154106300324202 -0.47661033272743225 -0.24098841845989227
redkitchen/seq-04/frame-000912.color.png 0.4701346457004547 -1.135115146636963 2.264380931854248 0.8432496190071106 0.011508760042488575 -0.4812846779823303 -0.23908722400665283
redkitchen/seq-04/frame-000913.color.png 0.5051751136779785 -1.1465004682540894 2.26836895942688 0.8385592699050903 0.027457941323518753 -0.4929022490978241 -0.23046018183231354
redkitchen/seq-04/frame-000914.color.png 0.47957947850227356 -1.1499273777008057 2.275132179260254 0.8327448964118958 0.018793510273098946 -0.5017237663269043 -0.23335827887058258
redkitchen/seq-04/frame-000915.color.png 0.47469064593315125 -1.1510409116744995 2.269341230392456 0.8217571377754211 0.021765584126114845 -0.5204234719276428 -0.23108653724193573
redkitchen/seq-04/frame-000916.color.png 0.5060954689979553 -1.1507755517959595 2.2707085609436035 0.822864830493927 0.023961015045642853 -0.517772376537323 -0.232875794172287
redkitchen/seq-04/frame-000917.color.png 0.489348441362381 -1.133948802947998 2.2782492637634277 0.8229608535766602 0.023056916892528534 -0.5159181952476501 -0.23671086132526398
redkitchen/seq-04/frame-000918.color.png 0.5311606526374817 -1.1362254619598389 2.2743687629699707 0.8159962892532349 0.02759709395468235 -0.5279889702796936 -0.2337009608745575
redkitchen/seq-04/frame-000919.color.png 0.5342568755149841 -1.1230370998382568 2.266169786453247 0.8181995153427124 0.026463132351636887 -0.5253065228462219 -0.23216848075389862
redkitchen/seq-04/frame-000920.color.png 0.5495066046714783 -1.1319046020507812 2.2759907245635986 0.7972251176834106 0.017505135387182236 -0.5553306341171265 -0.23607955873012543
redkitchen/seq-04/frame-000921.color.png 0.5283096432685852 -1.1390385627746582 2.281141996383667 0.7928884029388428 0.022238651290535927 -0.5623818039894104 -0.23358096182346344
redkitchen/seq-04/frame-000922.color.png 0.5299820899963379 -1.138388991355896 2.271538257598877 0.7934496402740479 0.027473442256450653 -0.5618040561676025 -0.23250646889209747
redkitchen/seq-04/frame-000923.color.png 0.5344559550285339 -1.1409248113632202 2.241386890411377 0.7943313121795654 0.02988874912261963 -0.5619293451309204 -0.2288660705089569
redkitchen/seq-04/frame-000924.color.png 0.5398184657096863 -1.143041968345642 2.250796318054199 0.7922449111938477 0.02671148255467415 -0.5645270347595215 -0.23009489476680756
redkitchen/seq-04/frame-000925.color.png 0.5189343690872192 -1.1325923204421997 2.2387001514434814 0.7869600653648376 0.02474360354244709 -0.5700691938400269 -0.2347394824028015
redkitchen/seq-04/frame-000926.color.png 0.54099440574646 -1.1384083032608032 2.2384190559387207 0.7814637422561646 0.025850065052509308 -0.5794786214828491 -0.22989295423030853
redkitchen/seq-04/frame-000927.color.png 0.5237801671028137 -1.1483570337295532 2.258035182952881 0.7904627323150635 0.032756950706243515 -0.5683630108833313 -0.22596266865730286
redkitchen/seq-04/frame-000928.color.png 0.5484088063240051 -1.124630093574524 2.225660562515259 0.7819967269897461 0.03125776723027229 -0.5796868205070496 -0.22686398029327393
redkitchen/seq-04/frame-000929.color.png 0.5451309084892273 -1.1170998811721802 2.211560010910034 0.7969052791595459 0.0441884882748127 -0.559144139289856 -0.2243821620941162
redkitchen/seq-04/frame-000930.color.png 0.5478721857070923 -1.1036235094070435 2.215193271636963 0.7898848652839661 0.036656659096479416 -0.5707511901855469 -0.22131699323654175
redkitchen/seq-04/frame-000931.color.png 0.5487895607948303 -1.1058471202850342 2.2194201946258545 0.7840773463249207 0.03933165222406387 -0.5786300897598267 -0.22104917466640472
redkitchen/seq-04/frame-000932.color.png 0.5677058100700378 -1.1022603511810303 2.210663080215454 0.7778586149215698 0.03637189790606499 -0.585687518119812 -0.22490762174129486
redkitchen/seq-04/frame-000933.color.png 0.5559214353561401 -1.1021349430084229 2.1888413429260254 0.7902781963348389 0.042468052357435226 -0.5697636008262634 -0.22141915559768677
redkitchen/seq-04/frame-000934.color.png 0.5340338945388794 -1.09434175491333 2.198071241378784 0.7743194699287415 0.042516760528087616 -0.59000164270401 -0.22476625442504883
redkitchen/seq-04/frame-000935.color.png 0.5649725794792175 -1.0958285331726074 2.1871578693389893 0.7769258618354797 0.044633518904447556 -0.5863587260246277 -0.224894180893898
redkitchen/seq-04/frame-000936.color.png 0.5443981289863586 -1.0912584066390991 2.176158905029297 0.7723106741905212 0.04083859547972679 -0.590547502040863 -0.23048236966133118
redkitchen/seq-04/frame-000937.color.png 0.5392696857452393 -1.0894767045974731 2.1833739280700684 0.7675051093101501 0.04567210003733635 -0.5963525772094727 -0.2306806743144989
redkitchen/seq-04/frame-000938.color.png 0.5339518785476685 -1.0832531452178955 2.1895663738250732 0.758377730846405 0.0437772199511528 -0.6079049706459045 -0.23108093440532684
redkitchen/seq-04/frame-000939.color.png 0.5257576704025269 -1.0983492136001587 2.2006020545959473 0.7503626942634583 0.04325316473841667 -0.6168445348739624 -0.23364022374153137
redkitchen/seq-04/frame-000940.color.png 0.5303546786308289 -1.0927519798278809 2.2027134895324707 0.7559006810188293 0.04934462532401085 -0.6088836789131165 -0.23545658588409424
redkitchen/seq-04/frame-000941.color.png 0.5136234760284424 -1.1005619764328003 2.2362396717071533 0.7349501252174377 0.04445798695087433 -0.6322767734527588 -0.24103516340255737
redkitchen/seq-04/frame-000942.color.png 0.5334293246269226 -1.1007922887802124 2.240790605545044 0.7450000047683716 0.04987189918756485 -0.6186161041259766 -0.2445445954799652
redkitchen/seq-04/frame-000943.color.png 0.509245753288269 -1.0881414413452148 2.2222917079925537 0.7320655584335327 0.04594739153981209 -0.6340534687042236 -0.24483688175678253
redkitchen/seq-04/frame-000944.color.png 0.506476879119873 -1.0996358394622803 2.236889600753784 0.733829140663147 0.043182775378227234 -0.6304840445518494 -0.2492387443780899
redkitchen/seq-04/frame-000945.color.png 0.5007407665252686 -1.0955350399017334 2.2245607376098633 0.7208021283149719 0.04108302295207977 -0.643764853477478 -0.2536204755306244
redkitchen/seq-04/frame-000946.color.png 0.5340597629547119 -1.109533667564392 2.2416749000549316 0.7299565076828003 0.04785919561982155 -0.6345651745796204 -0.24939922988414764
redkitchen/seq-04/frame-000947.color.png 0.5706923604011536 -1.084374189376831 2.2102749347686768 0.7327731847763062 0.05775626376271248 -0.6281812191009521 -0.25513923168182373
redkitchen/seq-04/frame-000948.color.png 0.4906701147556305 -1.1099332571029663 2.249595880508423 0.7116429805755615 0.03705567866563797 -0.6521289348602295 -0.258686900138855
redkitchen/seq-04/frame-000949.color.png 0.5118023753166199 -1.1177986860275269 2.2765543460845947 0.7068766951560974 0.03248955309391022 -0.655402660369873 -0.26404035091400146
redkitchen/seq-04/frame-000950.color.png 0.5210978984832764 -1.1111966371536255 2.2723536491394043 0.6897398829460144 0.028939079493284225 -0.6704514622688293 -0.2718755006790161
redkitchen/seq-04/frame-000951.color.png 0.5479331612586975 -1.1124063730239868 2.277960777282715 0.6940311789512634 0.028532585129141808 -0.6654280424118042 -0.2733352482318878
redkitchen/seq-04/frame-000952.color.png 0.5879453420639038 -1.1343327760696411 2.287687301635742 0.7033384442329407 0.03527737781405449 -0.6554703116416931 -0.2728171944618225
redkitchen/seq-04/frame-000953.color.png 0.5733181834220886 -1.150323748588562 2.2951996326446533 0.6871921420097351 0.026183368638157845 -0.6715577840805054 -0.27584704756736755
redkitchen/seq-04/frame-000954.color.png 0.5977190732955933 -1.1569534540176392 2.316159963607788 0.6860650181770325 0.031074538826942444 -0.6704003810882568 -0.2809135615825653
redkitchen/seq-04/frame-000955.color.png 0.6029512286186218 -1.1722480058670044 2.3523683547973633 0.6764275431632996 0.022525783628225327 -0.6788318753242493 -0.28482550382614136
redkitchen/seq-04/frame-000956.color.png 0.632697343826294 -1.1573307514190674 2.3428404331207275 0.6705071330070496 0.017512129619717598 -0.6827625036239624 -0.2897396683692932
redkitchen/seq-04/frame-000957.color.png 0.6148472428321838 -1.175182580947876 2.3468823432922363 0.6707018613815308 0.01282470766454935 -0.6807571053504944 -0.2942180037498474
redkitchen/seq-04/frame-000958.color.png 0.60842365026474 -1.1791568994522095 2.330188035964966 0.6657928228378296 0.011693778447806835 -0.6828842759132385 -0.30042019486427307
redkitchen/seq-04/frame-000959.color.png 0.609258770942688 -1.1752089262008667 2.331080198287964 0.6540489792823792 0.0010520218638703227 -0.692775309085846 -0.303777813911438
redkitchen/seq-04/frame-000960.color.png 0.5683300495147705 -1.1943178176879883 2.3442893028259277 0.6502161026000977 0.005695424508303404 -0.6955585479736328 -0.30558937788009644
redkitchen/seq-04/frame-000961.color.png 0.5802600979804993 -1.1956850290298462 2.331463098526001 0.6550133228302002 0.005071509163826704 -0.691457986831665 -0.30465996265411377
redkitchen/seq-04/frame-000962.color.png 0.5884591341018677 -1.1918755769729614 2.3383126258850098 0.6526017785072327 0.00117593037430197 -0.6922686696052551 -0.3080156445503235
redkitchen/seq-04/frame-000963.color.png 0.5884333252906799 -1.17405366897583 2.3138303756713867 0.6485607028007507 -0.0033599126618355513 -0.696111798286438 -0.30787336826324463
redkitchen/seq-04/frame-000964.color.png 0.5925805568695068 -1.1734251976013184 2.305208683013916 0.6526540517807007 0.003520093858242035 -0.6929939985275269 -0.30625125765800476
redkitchen/seq-04/frame-000965.color.png 0.6241999268531799 -1.1855326890945435 2.336962938308716 0.6538197994232178 0.0028315656818449497 -0.6894128322601318 -0.31180375814437866
redkitchen/seq-04/frame-000966.color.png 0.5999675989151001 -1.1921379566192627 2.347046136856079 0.6497835516929626 0.0008865733398124576 -0.6927951574325562 -0.3127545714378357
redkitchen/seq-04/frame-000967.color.png 0.6018128395080566 -1.1916934251785278 2.3429787158966064 0.6445229053497314 -0.00320587120950222 -0.6957787275314331 -0.3169730305671692
redkitchen/seq-04/frame-000968.color.png 0.5842709541320801 -1.2014051675796509 2.3243212699890137 0.6401416063308716 -0.010077358223497868 -0.6992388963699341 -0.3180913031101227
redkitchen/seq-04/frame-000969.color.png 0.5482105612754822 -1.1896082162857056 2.3093700408935547 0.6438711285591125 -0.0047720507718622684 -0.6962816119194031 -0.3171735405921936
redkitchen/seq-04/frame-000970.color.png 0.5504778027534485 -1.1914714574813843 2.283839464187622 0.6492103934288025 -0.008841968141496181 -0.691605806350708 -0.31643199920654297
redkitchen/seq-04/frame-000971.color.png 0.5648201107978821 -1.1850953102111816 2.3141276836395264 0.6408055424690247 -0.009467938914895058 -0.6997087001800537 -0.3157316744327545
redkitchen/seq-04/frame-000972.color.png 0.5315949320793152 -1.188742995262146 2.3243308067321777 0.6400044560432434 -0.011732223443686962 -0.7010315656661987 -0.3143428862094879
redkitchen/seq-04/frame-000973.color.png 0.5515495538711548 -1.174331784248352 2.29811954498291 0.6453024744987488 -0.00783228874206543 -0.6963961124420166 -0.313936322927475
redkitchen/seq-04/frame-000974.color.png 0.5422795414924622 -1.175540566444397 2.324479818344116 0.6369211077690125 -0.014451704919338226 -0.7026346325874329 -0.3169024884700775
redkitchen/seq-04/frame-000975.color.png 0.5523605942726135 -1.1935535669326782 2.3126578330993652 0.6398406028747559 -0.005340314470231533 -0.7008689045906067 -0.3152112066745758
redkitchen/seq-04/frame-000976.color.png 0.5582059025764465 -1.1862096786499023 2.308018207550049 0.6434077620506287 -0.002144480822607875 -0.6975741982460022 -0.3152967691421509
redkitchen/seq-04/frame-000977.color.png 0.5532651543617249 -1.202358603477478 2.306495189666748 0.6330234408378601 -0.01383181381970644 -0.7063668966293335 -0.31644219160079956
redkitchen/seq-04/frame-000978.color.png 0.5582559108734131 -1.189928412437439 2.3025455474853516 0.638702392578125 -0.007648772094398737 -0.7024673819541931 -0.3139115273952484
redkitchen/seq-04/frame-000979.color.png 0.5519620180130005 -1.2023935317993164 2.291196584701538 0.6397082209587097 -0.011059942655265331 -0.6993758082389832 -0.31862902641296387
redkitchen/seq-04/frame-000980.color.png 0.5554133057594299 -1.201886534690857 2.3021421432495117 0.6367558836936951 -0.012334851548075676 -0.7020543217658997 -0.31860554218292236
redkitchen/seq-04/frame-000981.color.png 0.5700471997261047 -1.2116097211837769 2.324223756790161 0.638759434223175 -0.0033501507714390755 -0.7004850506782532 -0.3182700276374817
redkitchen/seq-04/frame-000982.color.png 0.5144746899604797 -1.2005895376205444 2.3342208862304688 0.6287588477134705 -0.03311659023165703 -0.7065466046333313 -0.32304438948631287
redkitchen/seq-04/frame-000983.color.png 0.504612386226654 -1.1993199586868286 2.328108787536621 0.6254332661628723 -0.032103780657052994 -0.7098403573036194 -0.3223808705806732
redkitchen/seq-04/frame-000984.color.png 0.4949395954608917 -1.195322036743164 2.33371639251709 0.6274414658546448 -0.028758995234966278 -0.709201991558075 -0.3201919198036194
redkitchen/seq-04/frame-000985.color.png 0.5155646204948425 -1.2022788524627686 2.3443121910095215 0.6297056674957275 -0.031241942197084427 -0.708058774471283 -0.3180370330810547
redkitchen/seq-04/frame-000986.color.png 0.4546910226345062 -1.2177157402038574 2.355168342590332 0.6365870237350464 -0.027808621525764465 -0.6998154520988464 -0.32286566495895386
redkitchen/seq-04/frame-000987.color.png 0.47995853424072266 -1.189233422279358 2.321028709411621 0.6362393498420715 -0.0316140279173851 -0.7029434442520142 -0.3163394629955292
redkitchen/seq-04/frame-000988.color.png 0.4891248047351837 -1.1904685497283936 2.3311588764190674 0.6307991147041321 -0.03476041182875633 -0.7059206962585449 -0.32025015354156494
redkitchen/seq-04/frame-000989.color.png 0.5028865337371826 -1.1846466064453125 2.324406862258911 0.6353153586387634 -0.036992888897657394 -0.7009990811347961 -0.321879118680954
redkitchen/seq-04/frame-000990.color.png 0.4949069917201996 -1.1878381967544556 2.332275152206421 0.6325848698616028 -0.03197762370109558 -0.702812135219574 -0.3238348662853241
redkitchen/seq-04/frame-000991.color.png 0.4996435344219208 -1.1851153373718262 2.316903591156006 0.637835681438446 -0.030617795884609222 -0.6991310715675354 -0.3216269016265869
redkitchen/seq-04/frame-000992.color.png 0.552865743637085 -1.1758522987365723 2.3205726146698 0.6379368901252747 -0.025325752794742584 -0.6970350742340088 -0.32640060782432556
redkitchen/seq-04/frame-000993.color.png 0.526269257068634 -1.174214243888855 2.311962366104126 0.6332944631576538 -0.03400396928191185 -0.7003299593925476 -0.3275969922542572
redkitchen/seq-04/frame-000994.color.png 0.5561014413833618 -1.166104793548584 2.3094356060028076 0.6365822553634644 -0.033275358378887177 -0.6990851163864136 -0.3239380419254303
redkitchen/seq-04/frame-000995.color.png 0.5823283195495605 -1.1728229522705078 2.336117744445801 0.6361520886421204 -0.027809258550405502 -0.6979909539222717 -0.32763659954071045
redkitchen/seq-04/frame-000996.color.png 0.5780395865440369 -1.1734724044799805 2.292485237121582 0.6365071535110474 -0.03572912886738777 -0.6965958476066589 -0.32914477586746216
redkitchen/seq-04/frame-000997.color.png 0.5863206386566162 -1.1673409938812256 2.3006491661071777 0.6293158531188965 -0.033615436404943466 -0.7031412124633789 -0.32927805185317993
redkitchen/seq-04/frame-000998.color.png 0.6047384738922119 -1.1731852293014526 2.304990530014038 0.6426491141319275 -0.019582366570830345 -0.6931546330451965 -0.3258150815963745
redkitchen/seq-04/frame-000999.color.png 0.6063750982284546 -1.1781316995620728 2.2810521125793457 0.6338586807250977 -0.023424800485372543 -0.6999293565750122 -0.3282887041568756
redkitchen/seq-06/frame-000000.color.png -0.9351837635040283 -0.012103977613151073 -0.1356709897518158 0.9982119798660278 -0.03973634913563728 0.04284386336803436 0.012577438727021217
redkitchen/seq-06/frame-000001.color.png -0.9319910407066345 -0.0024296073243021965 -0.13274085521697998 0.9979968070983887 -0.045170899480581284 0.04350000247359276 0.008356662467122078
redkitchen/seq-06/frame-000002.color.png -0.9306674599647522 -0.010662882588803768 -0.14117804169654846 0.9983639717102051 -0.04358667507767677 0.034667085856199265 0.012945828028023243
redkitchen/seq-06/frame-000003.color.png -0.9579300880432129 -0.010798345319926739 -0.11235100775957108 0.9976446032524109 -0.04078662022948265 0.05355732887983322 0.013169935904443264
redkitchen/seq-06/frame-000004.color.png -0.9514849781990051 -0.007008093409240246 -0.10622651875019073 0.9982941746711731 -0.036829929798841476 0.04421765357255936 0.009846403263509274
redkitchen/seq-06/frame-000005.color.png -0.9316413402557373 -0.0004718424752354622 -0.13452306389808655 0.9984224438667297 -0.038527440279722214 0.03731448948383331 0.016605481505393982
redkitchen/seq-06/frame-000006.color.png -0.9425262808799744 -0.0057932911440730095 -0.12161415070295334 0.998431921005249 -0.032840799540281296 0.04285776615142822 0.014782517217099667
redkitchen/seq-06/frame-000007.color.png -0.9301708936691284 0.004457511939108372 -0.15070530772209167 0.9982361793518066 -0.03669159859418869 0.04453663155436516 0.0139468340203166
redkitchen/seq-06/frame-000008.color.png -0.9415821433067322 0.006537615321576595 -0.1453658938407898 0.9985042214393616 -0.03115507960319519 0.042764753103256226 0.013778462074697018
redkitchen/seq-06/frame-000009.color.png -0.9310780167579651 0.008356110192835331 -0.13268867135047913 0.9985445141792297 -0.026897680014371872 0.04496660456061363 0.012774023227393627
redkitchen/seq-06/frame-000010.color.png -0.9206668734550476 0.00929259229451418 -0.13953760266304016 0.997984766960144 -0.03034871444106102 0.054797034710645676 0.010141639038920403
redkitchen/seq-06/frame-000011.color.png -0.9228634834289551 -0.00323380995541811 -0.13308298587799072 0.9989904165267944 -0.024755971506237984 0.0365305133163929 0.008416415192186832
redkitchen/seq-06/frame-000012.color.png -0.9230074882507324 0.0012773619964718819 -0.14893993735313416 0.9994335174560547 -0.018364569172263145 0.027174096554517746 0.007539054378867149
redkitchen/seq-06/frame-000013.color.png -0.9248488545417786 -0.007497276179492474 -0.1411668062210083 0.9989199638366699 -0.02328380197286606 0.03996817022562027 0.0043874806724488735
redkitchen/seq-06/frame-000014.color.png -0.9249328374862671 -0.007349359802901745 -0.1269509494304657 0.9990589022636414 -0.02849477529525757 0.0313757061958313 0.009226874448359013
redkitchen/seq-06/frame-000015.color.png -0.9249598979949951 -0.011236677877604961 -0.1345503330230713 0.9990170001983643 -0.02429228276014328 0.0360332615673542 0.008757400326430798
redkitchen/seq-06/frame-000016.color.png -0.9195817708969116 -0.013567960821092129 -0.13056540489196777 0.9986836314201355 -0.028852010145783424 0.04099132493138313 0.010878222994506359
redkitchen/seq-06/frame-000017.color.png -0.9099752306938171 -0.012375901453197002 -0.1355839967727661 0.9989079833030701 -0.026105206459760666 0.03786424919962883 0.008221248164772987
redkitchen/seq-06/frame-000018.color.png -0.9098825454711914 -0.009394303895533085 -0.12011273205280304 0.9988862872123718 -0.023321058601140976 0.04025297239422798 0.007876790128648281
redkitchen/seq-06/frame-000019.color.png -0.9217163324356079 -0.017180677503347397 -0.1075654849410057 0.9984939098358154 -0.02413862571120262 0.04860296845436096 0.0080593042075634
redkitchen/seq-06/frame-000020.color.png -0.9058465361595154 -0.02465195208787918 -0.09850660711526871 0.9984891414642334 -0.027765965089201927 0.04612340033054352 0.011005818843841553
redkitchen/seq-06/frame-000021.color.png -0.9066103100776672 -0.024635430425405502 -0.102560855448246 0.9987145662307739 -0.02297978661954403 0.04352530837059021 0.01211282517760992
redkitchen/seq-06/frame-000022.color.png -0.9155766367912292 -0.021591875702142715 -0.10409481078386307 0.9982830882072449 -0.01961703598499298 0.05396086350083351 0.011588566936552525
redkitchen/seq-06/frame-000023.color.png -0.8958654999732971 -0.02183828130364418 -0.12187536805868149 0.9985353350639343 -0.014549093320965767 0.05091927945613861 0.011082034558057785
redkitchen/seq-06/frame-000024.color.png -0.8908697366714478 -0.05007535591721535 -0.11305347830057144 0.9985842108726501 -0.015617266297340393 0.04965648055076599 0.01094930712133646
redkitchen/seq-06/frame-000025.color.png -0.8840420246124268 -0.05825961008667946 -0.11224920302629471 0.9983222484588623 -0.01731712557375431 0.05471745505928993 0.007673542946577072
redkitchen/seq-06/frame-000026.color.png -0.865025520324707 -0.07201380282640457 -0.12551304697990417 0.9981738328933716 -0.02001800388097763 0.05586714670062065 0.011273431591689587
redkitchen/seq-06/frame-000027.color.png -0.8741912245750427 -0.06306609511375427 -0.10723763704299927 0.9976284503936768 -0.024813249707221985 0.06261442601680756 0.014188252389431
redkitchen/seq-06/frame-000028.color.png -0.8787437677383423 -0.061276476830244064 -0.12275087088346481 0.9978049397468567 -0.02137141302227974 0.06129365414381027 0.013110635802149773
redkitchen/seq-06/frame-000029.color.png -0.8788034915924072 -0.057985011488199234 -0.1231621503829956 0.9981481432914734 -0.01792905665934086 0.05652633681893349 0.013553902506828308
redkitchen/seq-06/frame-000030.color.png -0.8592061400413513 -0.06760440766811371 -0.10673052072525024 0.9981651902198792 -0.018309539183974266 0.05598723143339157 0.014021436683833599
redkitchen/seq-06/frame-000031.color.png -0.8427637815475464 -0.08706464618444443 -0.10653090476989746 0.9976525902748108 -0.010757713578641415 0.06545242667198181 0.01701853983104229
redkitchen/seq-06/frame-000032.color.png -0.8439132571220398 -0.09027397632598877 -0.09543037414550781 0.997346818447113 -0.02105124667286873 0.0685325339436531 0.012630841694772243
redkitchen/seq-06/frame-000033.color.png -0.8339213132858276 -0.09225206822156906 -0.08743936568498611 0.997222363948822 -0.019824838265776634 0.06959254294633865 0.01764506660401821
redkitchen/seq-06/frame-000034.color.png -0.8300186991691589 -0.10497810691595078 -0.08274735510349274 0.9969667792320251 -0.02162240631878376 0.07191938906908035 0.020431488752365112
redkitchen/seq-06/frame-000035.color.png -0.8098297119140625 -0.10314778983592987 -0.07539882510900497 0.9965574145317078 -0.023044725880026817 0.07757255434989929 0.01802562177181244
redkitchen/seq-06/frame-000036.color.png -0.7914958596229553 -0.10333743691444397 -0.07983290404081345 0.9969872236251831 -0.020738214254379272 0.07256484031677246 0.017906680703163147
redkitchen/seq-06/frame-000037.color.png -0.7618979811668396 -0.09965968877077103 -0.07767845690250397 0.9971950054168701 -0.017401419579982758 0.06939151138067245 0.02200472727417946
redkitchen/seq-06/frame-000038.color.png -0.7655680179595947 -0.10353401303291321 -0.06283603608608246 0.9969747066497803 -0.014230621047317982 0.0733342319726944 0.02147236093878746
redkitchen/seq-06/frame-000039.color.png -0.7730204463005066 -0.11226488649845123 -0.05445536971092224 0.9961956143379211 -0.025515170767903328 0.07961524277925491 0.02459132671356201
redkitchen/seq-06/frame-000040.color.png -0.7824455499649048 -0.10633430629968643 -0.0639047920703888 0.9953482151031494 -0.0215450469404459 0.08919775485992432 0.029350461438298225
redkitchen/seq-06/frame-000041.color.png -0.7480902671813965 -0.10907957702875137 -0.06599552184343338 0.9945613145828247 -0.020193107426166534 0.09765376150608063 0.03006025217473507
redkitchen/seq-06/frame-000042.color.png -0.7347456812858582 -0.13370303809642792 -0.018672378733754158 0.9950662851333618 -0.021898973733186722 0.09152133017778397 0.0314229354262352
redkitchen/seq-06/frame-000043.color.png -0.7347456812858582 -0.13370303809642792 -0.018672378733754158 0.9950662851333618 -0.021898973733186722 0.09152133017778397 0.0314229354262352
redkitchen/seq-06/frame-000044.color.png -0.7156078219413757 -0.14100715517997742 0.004856310784816742 0.9946261048316956 -0.017835155129432678 0.09711287170648575 0.031145021319389343
redkitchen/seq-06/frame-000045.color.png -0.708958625793457 -0.13050518929958344 0.026468586176633835 0.9946065545082092 -0.02293657511472702 0.09661882370710373 0.029942883178591728
redkitchen/seq-06/frame-000046.color.png -0.6691328287124634 -0.1404365748167038 0.019119787961244583 0.9936699867248535 -0.02565736137330532 0.10518153011798859 0.029978564009070396
redkitchen/seq-06/frame-000047.color.png -0.6587966680526733 -0.1565750390291214 0.07328862696886063 0.9917467832565308 -0.04131053388118744 0.11687984317541122 0.03272612765431404
redkitchen/seq-06/frame-000048.color.png -0.5940315127372742 -0.1842573881149292 0.06981862336397171 0.9898834228515625 -0.04633449390530586 0.12924200296401978 0.035782068967819214
redkitchen/seq-06/frame-000049.color.png -0.5940315127372742 -0.1842573881149292 0.06981862336397171 0.9898834228515625 -0.04633449390530586 0.12924200296401978 0.035782068967819214
redkitchen/seq-06/frame-000050.color.png -0.5667047500610352 -0.18136177957057953 0.09848817437887192 0.9886600375175476 -0.04941537231206894 0.13635189831256866 0.03895723074674606
redkitchen/seq-06/frame-000051.color.png -0.5054039359092712 -0.1883256733417511 0.12495926767587662 0.98780757188797 -0.058452870696783066 0.13805975019931793 0.04194014519453049
redkitchen/seq-06/frame-000052.color.png -0.5225082635879517 -0.19604863226413727 0.13235974311828613 0.9861661195755005 -0.05629010498523712 0.14935940504074097 0.04471547156572342
redkitchen/seq-06/frame-000053.color.png -0.5059340596199036 -0.2061137557029724 0.14313164353370667 0.9863761067390442 -0.055437121540308 0.14711894094944 0.04842383414506912
redkitchen/seq-06/frame-000054.color.png -0.5230069756507874 -0.23310145735740662 0.13794222474098206 0.9847261905670166 -0.062128979712724686 0.15314029157161713 0.05479411780834198
redkitchen/seq-06/frame-000055.color.png -0.5549602508544922 -0.25974610447883606 0.1322232186794281 0.9835730791091919 -0.07101506739854813 0.15465524792671204 0.06019044667482376
redkitchen/seq-06/frame-000056.color.png -0.5160873532295227 -0.25296300649642944 0.17037588357925415 0.9833623170852661 -0.07064738124608994 0.15529248118400574 0.062383268028497696
redkitchen/seq-06/frame-000057.color.png -0.48689839243888855 -0.26789936423301697 0.17614322900772095 0.9809617400169373 -0.0757569670677185 0.16547469794750214 0.06777255237102509
redkitchen/seq-06/frame-000058.color.png -0.4719664752483368 -0.2736050486564636 0.18775716423988342 0.979724645614624 -0.08384443819522858 0.16739007830619812 0.07134738564491272
redkitchen/seq-06/frame-000059.color.png -0.4655904173851013 -0.2633973956108093 0.21456825733184814 0.9776293039321899 -0.08611872047185898 0.1761612594127655 0.07610569149255753
redkitchen/seq-06/frame-000060.color.png -0.47218388319015503 -0.2631218731403351 0.22991898655891418 0.9771453142166138 -0.08774722367525101 0.17629709839820862 0.08004380762577057
redkitchen/seq-06/frame-000061.color.png -0.4570305645465851 -0.2662605345249176 0.23498845100402832 0.975100576877594 -0.07981553673744202 0.1871223747730255 0.08828102052211761
redkitchen/seq-06/frame-000062.color.png -0.4423455595970154 -0.2599499821662903 0.2516789734363556 0.9738001823425293 -0.10218732804059982 0.18184521794319153 0.09057128429412842
redkitchen/seq-06/frame-000063.color.png -0.44073668122291565 -0.28380006551742554 0.2620125412940979 0.9722996950149536 -0.10509297996759415 0.18908891081809998 0.08851026743650436
redkitchen/seq-06/frame-000064.color.png -0.4360522925853729 -0.3025314509868622 0.2728253901004791 0.9711940288543701 -0.10723075270652771 0.18971683084964752 0.09639164805412292
redkitchen/seq-06/frame-000065.color.png -0.42552658915519714 -0.32421818375587463 0.28729167580604553 0.9700369834899902 -0.10290004312992096 0.1973644345998764 0.09740167111158371
redkitchen/seq-06/frame-000066.color.png -0.4028054475784302 -0.32113203406333923 0.29801052808761597 0.9687644243240356 -0.10624071955680847 0.2004775106906891 0.10008604824542999
redkitchen/seq-06/frame-000067.color.png -0.3983991742134094 -0.31425678730010986 0.2876681685447693 0.965848445892334 -0.10733575373888016 0.2125576287508011 0.10215191543102264
redkitchen/seq-06/frame-000068.color.png -0.38618966937065125 -0.3154764175415039 0.2918912172317505 0.9637885093688965 -0.11596450209617615 0.2154824286699295 0.10597728192806244
redkitchen/seq-06/frame-000069.color.png -0.3754878044128418 -0.31521424651145935 0.3219354748725891 0.961934506893158 -0.1170235425233841 0.22165550291538239 0.10888678580522537
redkitchen/seq-06/frame-000070.color.png -0.3628782331943512 -0.3133523166179657 0.3471832573413849 0.9593747854232788 -0.12344357371330261 0.22890789806842804 0.10937421768903732
redkitchen/seq-06/frame-000071.color.png -0.38009724020957947 -0.31379541754722595 0.3644549250602722 0.9581775069236755 -0.12388849258422852 0.23355558514595032 0.10954184085130692
redkitchen/seq-06/frame-000072.color.png -0.3849312961101532 -0.31014272570610046 0.3654930293560028 0.9573525190353394 -0.1253870129585266 0.2328990399837494 0.11624348163604736
redkitchen/seq-06/frame-000073.color.png -0.3878059983253479 -0.3227870762348175 0.3896175026893616 0.9556764364242554 -0.13478854298591614 0.23135817050933838 0.12242593616247177
redkitchen/seq-06/frame-000074.color.png -0.361419141292572 -0.3125934600830078 0.3905414938926697 0.9537644386291504 -0.1383899599313736 0.2325965315103531 0.13069172203540802
redkitchen/seq-06/frame-000075.color.png -0.3814837634563446 -0.33480215072631836 0.4081990718841553 0.9515165686607361 -0.13905715942382812 0.24062813818454742 0.13182330131530762
redkitchen/seq-06/frame-000076.color.png -0.39585742354393005 -0.34075602889060974 0.4126356244087219 0.9488048553466797 -0.13224437832832336 0.2532082498073578 0.13478299975395203
redkitchen/seq-06/frame-000077.color.png -0.40631619095802307 -0.3490945100784302 0.4162310063838959 0.9455237984657288 -0.12583285570144653 0.26996374130249023 0.13141725957393646
redkitchen/seq-06/frame-000078.color.png -0.39977720379829407 -0.3514719307422638 0.4081502854824066 0.9437034726142883 -0.13001121580600739 0.2712624967098236 0.13761328160762787
redkitchen/seq-06/frame-000079.color.png -0.39600178599357605 -0.3393409848213196 0.43887099623680115 0.9434018135070801 -0.12915410101413727 0.26787495613098145 0.14681707322597504
redkitchen/seq-06/frame-000080.color.png -0.3736584782600403 -0.3611583709716797 0.4507688581943512 0.9407367706298828 -0.12757806479930878 0.2752659320831299 0.15154767036437988
redkitchen/seq-06/frame-000081.color.png -0.387523889541626 -0.3813152015209198 0.4488561749458313 0.9426179528236389 -0.11461463570594788 0.27794116735458374 0.14520178735256195
redkitchen/seq-06/frame-000082.color.png -0.3764225244522095 -0.35457152128219604 0.46688494086265564 0.9414278864860535 -0.10221216082572937 0.28496795892715454 0.14852406084537506
redkitchen/seq-06/frame-000083.color.png -0.35217586159706116 -0.3684120774269104 0.47458600997924805 0.9409202337265015 -0.0986553356051445 0.2842073440551758 0.15544189512729645
redkitchen/seq-06/frame-000084.color.png -0.3607785105705261 -0.38789618015289307 0.45954275131225586 0.9384876489639282 -0.08937490731477737 0.2953909933567047 0.15491002798080444
redkitchen/seq-06/frame-000085.color.png -0.37249520421028137 -0.3980325162410736 0.4409843683242798 0.9369021654129028 -0.07452769577503204 0.3049158453941345 0.15390294790267944
redkitchen/seq-06/frame-000086.color.png -0.3442014455795288 -0.4127122461795807 0.4440096318721771 0.936180591583252 -0.07669001817703247 0.3047355115413666 0.1575460135936737
redkitchen/seq-06/frame-000087.color.png -0.3278293013572693 -0.4277275502681732 0.4571136236190796 0.9316466450691223 -0.07831300795078278 0.3162282109260559 0.16093812882900238
redkitchen/seq-06/frame-000088.color.png -0.28611165285110474 -0.42246395349502563 0.461755633354187 0.9295961856842041 -0.07912048697471619 0.32228347659111023 0.16038770973682404
redkitchen/seq-06/frame-000089.color.png -0.2760869562625885 -0.4052651524543762 0.4485580623149872 0.9285613894462585 -0.07328622788190842 0.3236975073814392 0.16620095074176788
redkitchen/seq-06/frame-000090.color.png -0.24963024258613586 -0.42584964632987976 0.44968801736831665 0.9321518540382385 -0.0661415383219719 0.31830525398254395 0.1593741476535797
redkitchen/seq-06/frame-000091.color.png -0.22147616744041443 -0.43306514620780945 0.4385770857334137 0.9259490370750427 -0.06924207508563995 0.33289995789527893 0.16432154178619385
redkitchen/seq-06/frame-000092.color.png -0.19806693494319916 -0.43244197964668274 0.44006291031837463 0.9253254532814026 -0.07257967442274094 0.33356520533561707 0.16504298150539398
redkitchen/seq-06/frame-000093.color.png -0.19606004655361176 -0.4261464774608612 0.46654051542282104 0.9245186448097229 -0.06707592308521271 0.33324313163757324 0.17238079011440277
redkitchen/seq-06/frame-000094.color.png -0.16019895672798157 -0.4191310405731201 0.45396384596824646 0.9243457317352295 -0.07066096365451813 0.3350274860858917 0.16837044060230255
redkitchen/seq-06/frame-000095.color.png -0.12365773320198059 -0.4091024100780487 0.45497801899909973 0.9238865375518799 -0.07381434738636017 0.33860906958580017 0.16226255893707275
redkitchen/seq-06/frame-000096.color.png -0.1192825436592102 -0.3928854465484619 0.45637017488479614 0.9220764636993408 -0.07587872445583344 0.3442041575908661 0.1598159223794937
redkitchen/seq-06/frame-000097.color.png -0.09743599593639374 -0.39855408668518066 0.45235639810562134 0.9190741181373596 -0.07157976925373077 0.35209834575653076 0.1618822067975998
redkitchen/seq-06/frame-000098.color.png -0.07314494252204895 -0.4040316641330719 0.44065141677856445 0.9221552610397339 -0.07126029580831528 0.34430742263793945 0.161257803440094
redkitchen/seq-06/frame-000099.color.png -0.006275758147239685 -0.41488438844680786 0.4204418957233429 0.9285354018211365 -0.0718841627240181 0.32878172397613525 0.15670710802078247
redkitchen/seq-06/frame-000100.color.png 0.014788594096899033 -0.4067542850971222 0.40742358565330505 0.9252704381942749 -0.06963934004306793 0.33618810772895813 0.16125254333019257
redkitchen/seq-06/frame-000101.color.png -0.0032450631260871887 -0.41807159781455994 0.4008881449699402 0.9272448420524597 -0.07341822981834412 0.33252379298210144 0.15573881566524506
redkitchen/seq-06/frame-000102.color.png 0.02829640731215477 -0.3994050621986389 0.3881163001060486 0.9295427203178406 -0.07323348522186279 0.3279059827327728 0.15187090635299683
redkitchen/seq-06/frame-000103.color.png 0.10948953032493591 -0.37292373180389404 0.3730596601963043 0.9335662722587585 -0.0733046606183052 0.3220866918563843 0.13907116651535034
redkitchen/seq-06/frame-000104.color.png 0.1451706737279892 -0.38051024079322815 0.3699871301651001 0.9329203367233276 -0.06908341497182846 0.32576948404312134 0.13697108626365662
redkitchen/seq-06/frame-000105.color.png 0.16500736773014069 -0.39104872941970825 0.3908820152282715 0.9333428740501404 -0.06250296533107758 0.3264367878437042 0.13565902411937714
redkitchen/seq-06/frame-000106.color.png 0.14969420433044434 -0.41318896412849426 0.37518084049224854 0.9387027621269226 -0.04943671450018883 0.3150425851345062 0.13092491030693054
redkitchen/seq-06/frame-000107.color.png 0.20787933468818665 -0.3970257341861725 0.38540953397750854 0.9386975765228271 -0.04634590074419975 0.31428951025009155 0.13386961817741394
redkitchen/seq-06/frame-000108.color.png 0.2563978433609009 -0.3888446092605591 0.3437160551548004 0.9395049810409546 -0.050934188067913055 0.3135083019733429 0.12825192511081696
redkitchen/seq-06/frame-000109.color.png 0.29789766669273376 -0.3740348219871521 0.3344212770462036 0.945810854434967 -0.04388422146439552 0.2959091365337372 0.12630802392959595
redkitchen/seq-06/frame-000110.color.png 0.3048834502696991 -0.3743917644023895 0.34361907839775085 0.9427967071533203 -0.0570409893989563 0.3009253442287445 0.13162289559841156
redkitchen/seq-06/frame-000111.color.png 0.3734264373779297 -0.3877984285354614 0.3745589554309845 0.9431841373443604 -0.047775596380233765 0.30678442120552063 0.11834018677473068
redkitchen/seq-06/frame-000112.color.png 0.3998973071575165 -0.356097936630249 0.39159095287323 0.9432123303413391 -0.04449467360973358 0.30755895376205444 0.11738038808107376
redkitchen/seq-06/frame-000113.color.png 0.4726783335208893 -0.379184752702713 0.39627885818481445 0.9487362504005432 -0.04166841134428978 0.2965819239616394 0.10100693255662918
redkitchen/seq-06/frame-000114.color.png 0.4438498020172119 -0.37563586235046387 0.38405081629753113 0.9487984776496887 -0.03825337067246437 0.2980819642543793 0.09728929400444031
redkitchen/seq-06/frame-000115.color.png 0.4632476270198822 -0.36042678356170654 0.4011828303337097 0.9511710405349731 -0.033732715994119644 0.29437488317489624 0.08648274093866348
redkitchen/seq-06/frame-000116.color.png 0.4550427794456482 -0.33722829818725586 0.41984570026397705 0.9588662981987 -0.03140636533498764 0.2700884938240051 0.08149415254592896
redkitchen/seq-06/frame-000117.color.png 0.4256197214126587 -0.35502707958221436 0.4273521900177002 0.9616641998291016 -0.03236192464828491 0.26138272881507874 0.07637780904769897
redkitchen/seq-06/frame-000118.color.png 0.46294546127319336 -0.3539923131465912 0.39837756752967834 0.9624292850494385 -0.03168587386608124 0.26001623272895813 0.07153666764497757
redkitchen/seq-06/frame-000119.color.png 0.485197514295578 -0.36287859082221985 0.3620336353778839 0.9626061916351318 -0.024896396324038506 0.26139944791793823 0.06663185358047485
redkitchen/seq-06/frame-000120.color.png 0.44642096757888794 -0.36281830072402954 0.3646630346775055 0.964956521987915 -0.02989860437810421 0.25409260392189026 0.058325253427028656
redkitchen/seq-06/frame-000121.color.png 0.48186370730400085 -0.3545011579990387 0.3799680769443512 0.9649627804756165 -0.024735860526561737 0.2561488747596741 0.05121346563100815
redkitchen/seq-06/frame-000122.color.png 0.5194474458694458 -0.3564507067203522 0.3888669013977051 0.9690348505973816 -0.020465809851884842 0.24347732961177826 0.03565695509314537
redkitchen/seq-06/frame-000123.color.png 0.548845112323761 -0.39603668451309204 0.3666207790374756 0.9701271057128906 -0.019144954159855843 0.23792211711406708 0.04335819557309151
redkitchen/seq-06/frame-000124.color.png 0.5847818851470947 -0.3666684925556183 0.37573933601379395 0.9734360575675964 -0.013754133135080338 0.22612270712852478 0.033192526549100876
redkitchen/seq-06/frame-000125.color.png 0.6019588708877563 -0.36674681305885315 0.3539504408836365 0.976720929145813 -0.01994536630809307 0.21097779273986816 0.033269401639699936
redkitchen/seq-06/frame-000126.color.png 0.5337698459625244 -0.3670910596847534 0.4117943346500397 0.9782525300979614 -0.008738708682358265 0.20545364916324615 0.027098972350358963
redkitchen/seq-06/frame-000127.color.png 0.5385146737098694 -0.39382320642471313 0.3934873342514038 0.9820771813392639 -0.007754307705909014 0.18728621304035187 0.019697410985827446
redkitchen/seq-06/frame-000128.color.png 0.620461106300354 -0.366529256105423 0.4101301431655884 0.9817752838134766 -0.004335364326834679 0.18940073251724243 0.015033548697829247
redkitchen/seq-06/frame-000129.color.png 0.6037302613258362 -0.3688007593154907 0.42693087458610535 0.9821925759315491 -0.011080699041485786 0.1871175318956375 0.01272948645055294
redkitchen/seq-06/frame-000130.color.png 0.6044193506240845 -0.3707590699195862 0.4368476867675781 0.9843201041221619 -0.005822424776852131 0.17625054717063904 0.003977752290666103
redkitchen/seq-06/frame-000131.color.png 0.590877115726471 -0.37946832180023193 0.42890259623527527 0.9858391284942627 -0.004025927744805813 0.16741499304771423 -0.008784397505223751
redkitchen/seq-06/frame-000132.color.png 0.5661625266075134 -0.3841018080711365 0.4233398735523224 0.9870167970657349 -0.0038952957838773727 0.16020426154136658 -0.010831999592483044
redkitchen/seq-06/frame-000133.color.png 0.5545933842658997 -0.3894248604774475 0.358507364988327 0.9881072640419006 -0.005519371945410967 0.15265972912311554 -0.0175650455057621
redkitchen/seq-06/frame-000134.color.png 0.5432692170143127 -0.39926788210868835 0.39505359530448914 0.9877844452857971 -0.001608306891284883 0.15384696424007416 -0.024710310623049736
redkitchen/seq-06/frame-000135.color.png 0.5010115504264832 -0.40493419766426086 0.48055633902549744 0.9863067269325256 -0.004640272352844477 0.16311389207839966 -0.02390332892537117
redkitchen/seq-06/frame-000136.color.png 0.5175750255584717 -0.38070937991142273 0.5390821099281311 0.987369179725647 -0.000523070280905813 0.1544792354106903 -0.03518380597233772
redkitchen/seq-06/frame-000137.color.png 0.5471561551094055 -0.3896807134151459 0.5752514004707336 0.9891583919525146 0.0029241559095680714 0.1426750272512436 -0.03465664014220238
redkitchen/seq-06/frame-000138.color.png 0.5003480315208435 -0.3861890137195587 0.5833243727684021 0.9889329671859741 0.0005203066975809634 0.1425613909959793 -0.04107923433184624
redkitchen/seq-06/frame-000139.color.png 0.45506662130355835 -0.35560405254364014 0.571519136428833 0.9884486198425293 0.009421381168067455 0.1430085003376007 -0.049286652356386185
redkitchen/seq-06/frame-000140.color.png 0.42992812395095825 -0.38257333636283875 0.5517622828483582 0.988677978515625 0.00885897595435381 0.13935787975788116 -0.05492450296878815
redkitchen/seq-06/frame-000141.color.png 0.3603473901748657 -0.42112210392951965 0.5782529711723328 0.9908707141876221 0.012308930046856403 0.11889216303825378 -0.0623588040471077
redkitchen/seq-06/frame-000142.color.png 0.37542393803596497 -0.4256131649017334 0.5841259360313416 0.9901283383369446 0.012819899246096611 0.12365064769983292 -0.06474525481462479
redkitchen/seq-06/frame-000143.color.png 0.3653288781642914 -0.4162619411945343 0.5497414469718933 0.9900009036064148 0.014121972024440765 0.12248682975769043 -0.06852516531944275
redkitchen/seq-06/frame-000144.color.png 0.3450709283351898 -0.42737889289855957 0.5507038235664368 0.9906363487243652 0.017593679949641228 0.11592010408639908 -0.06994586437940598
redkitchen/seq-06/frame-000145.color.png 0.3495253622531891 -0.4277258813381195 0.563831627368927 0.9910414218902588 0.020282238721847534 0.10748369991779327 -0.07663522660732269
redkitchen/seq-06/frame-000146.color.png 0.3668995499610901 -0.4084545075893402 0.5588154196739197 0.9911878108978271 0.020989958196878433 0.10404001921415329 -0.07925859093666077
redkitchen/seq-06/frame-000147.color.png 0.34412020444869995 -0.4212312698364258 0.5719917416572571 0.9910867810249329 0.02493320032954216 0.10233873128890991 -0.0815606415271759
redkitchen/seq-06/frame-000148.color.png 0.3317375183105469 -0.42403748631477356 0.581769585609436 0.9917023181915283 0.021765243262052536 0.09839525073766708 -0.07982027530670166
redkitchen/seq-06/frame-000149.color.png 0.2950422167778015 -0.42881667613983154 0.5876429080963135 0.9913509488105774 0.01836135983467102 0.10303705185651779 -0.07917993515729904
redkitchen/seq-06/frame-000150.color.png 0.262889564037323 -0.445447713136673 0.6212539076805115 0.9921321272850037 0.015120549127459526 0.09212778508663177 -0.08341148495674133
redkitchen/seq-06/frame-000151.color.png 0.19829551875591278 -0.4360048174858093 0.5891045331954956 0.9922887086868286 0.02117948606610298 0.0823245719075203 -0.09020693600177765
redkitchen/seq-06/frame-000152.color.png 0.16619639098644257 -0.43627533316612244 0.5692471265792847 0.9924091100692749 0.02142954245209694 0.07801196724176407 -0.09262362122535706
redkitchen/seq-06/frame-000153.color.png 0.15834775567054749 -0.45365625619888306 0.5417958498001099 0.9928538203239441 0.019961042329669 0.07171601057052612 -0.09327112883329391
redkitchen/seq-06/frame-000154.color.png 0.13910390436649323 -0.44980302453041077 0.5674973130226135 0.992953360080719 0.019692497327923775 0.06590647995471954 -0.09649977087974548
redkitchen/seq-06/frame-000155.color.png 0.12104351818561554 -0.43389952182769775 0.5680915117263794 0.9923911690711975 0.02316497080028057 0.07140688598155975 -0.09759154170751572
redkitchen/seq-06/frame-000156.color.png 0.07796090841293335 -0.4387005865573883 0.5797389149665833 0.9918155670166016 0.02361704595386982 0.06623021513223648 -0.1065724641084671
redkitchen/seq-06/frame-000157.color.png 0.07555124163627625 -0.42039546370506287 0.5975859761238098 0.9921237826347351 0.026812206953763962 0.05510006099939346 -0.10924910753965378
redkitchen/seq-06/frame-000158.color.png 0.05581362172961235 -0.4224343001842499 0.610146164894104 0.9914563894271851 0.028558066114783287 0.058944545686244965 -0.11280180513858795
redkitchen/seq-06/frame-000159.color.png 0.06731947511434555 -0.4148223400115967 0.59371417760849 0.9909502863883972 0.02819940447807312 0.06285518407821655 -0.1152016744017601
redkitchen/seq-06/frame-000160.color.png 0.07500387728214264 -0.4038853943347931 0.5911284685134888 0.9902105927467346 0.033412352204322815 0.0614619255065918 -0.12078457325696945
redkitchen/seq-06/frame-000161.color.png 0.06402337551116943 -0.37829503417015076 0.5973179340362549 0.9906513094902039 0.03403763473033905 0.04527917131781578 -0.12410199642181396
redkitchen/seq-06/frame-000162.color.png 0.05688538774847984 -0.39684975147247314 0.6157041788101196 0.9893682599067688 0.044387731701135635 0.04213728755712509 -0.13192656636238098
redkitchen/seq-06/frame-000163.color.png 0.023297060281038284 -0.38992661237716675 0.6264969706535339 0.9887786507606506 0.04857638105750084 0.040189675986766815 -0.13543257117271423
redkitchen/seq-06/frame-000164.color.png 0.003909822553396225 -0.39543431997299194 0.6427296996116638 0.9873551726341248 0.053305935114622116 0.04631243646144867 -0.14192751049995422
redkitchen/seq-06/frame-000165.color.png 0.003656495362520218 -0.3946998715400696 0.5999121069908142 0.986952543258667 0.04810883477330208 0.036135025322437286 -0.14934583008289337
redkitchen/seq-06/frame-000166.color.png -0.021160956472158432 -0.38546067476272583 0.5475336909294128 0.9851630926132202 0.054050758481025696 0.025305142626166344 -0.1609097272157669
redkitchen/seq-06/frame-000167.color.png -0.010877583175897598 -0.3733654022216797 0.5332717895507812 0.9851133823394775 0.04922739788889885 0.018385715782642365 -0.16367657482624054
redkitchen/seq-06/frame-000168.color.png -0.023886095732450485 -0.37897342443466187 0.5501901507377625 0.984062910079956 0.05377521365880966 0.012874935753643513 -0.16900518536567688
redkitchen/seq-06/frame-000169.color.png -0.03481114283204079 -0.3762332499027252 0.5449931025505066 0.9820797443389893 0.0563969686627388 -0.005216855555772781 -0.17975419759750366
redkitchen/seq-06/frame-000170.color.png -0.038781870156526566 -0.37483590841293335 0.5241596102714539 0.9810420274734497 0.05906236544251442 -0.009152112528681755 -0.18434861302375793
redkitchen/seq-06/frame-000171.color.png -0.06265275180339813 -0.3679247498512268 0.5174406170845032 0.9796837568283081 0.06602408736944199 -0.009576646611094475 -0.18912652134895325
redkitchen/seq-06/frame-000172.color.png -0.07752107083797455 -0.3607466220855713 0.5149052739143372 0.9789928793907166 0.06931556016206741 -0.014436514116823673 -0.19120629131793976
redkitchen/seq-06/frame-000173.color.png -0.08061793446540833 -0.3589997887611389 0.4724801182746887 0.9775787591934204 0.0656813308596611 -0.015577467158436775 -0.1994575411081314
redkitchen/seq-06/frame-000174.color.png -0.09637138247489929 -0.36327189207077026 0.4686601459980011 0.9771291613578796 0.06726773828268051 -0.02509809471666813 -0.2001594603061676
redkitchen/seq-06/frame-000175.color.png -0.07050377130508423 -0.3533163070678711 0.4642372727394104 0.9757636785507202 0.0683465376496315 -0.020119277760386467 -0.20690366625785828
redkitchen/seq-06/frame-000176.color.png -0.04681156203150749 -0.3642635941505432 0.46478429436683655 0.9762992262840271 0.06800909340381622 -0.02013133279979229 -0.20447348058223724
redkitchen/seq-06/frame-000177.color.png -0.028192151337862015 -0.3976503610610962 0.48987358808517456 0.9751062989234924 0.07415075600147247 -0.015290305018424988 -0.20841169357299805
redkitchen/seq-06/frame-000178.color.png -0.07555051147937775 -0.41944995522499084 0.49053895473480225 0.9728778600692749 0.07442408800125122 -0.03162813559174538 -0.21672400832176208
redkitchen/seq-06/frame-000179.color.png -0.09708623588085175 -0.38640087842941284 0.5010250806808472 0.9730328917503357 0.07663960754871368 -0.042162030935287476 -0.21343781054019928
redkitchen/seq-06/frame-000180.color.png -0.09142749011516571 -0.38889527320861816 0.4797646701335907 0.9713077545166016 0.07877830415964127 -0.038355257362127304 -0.22109711170196533
redkitchen/seq-06/frame-000181.color.png -0.1193862110376358 -0.3901078402996063 0.49993908405303955 0.9692358374595642 0.08020017296075821 -0.04047965258359909 -0.2291528284549713
redkitchen/seq-06/frame-000182.color.png -0.13968345522880554 -0.3839223384857178 0.5029069781303406 0.9704368710517883 0.07657089829444885 -0.045273810625076294 -0.22436413168907166
redkitchen/seq-06/frame-000183.color.png -0.14711901545524597 -0.3835238516330719 0.4937267303466797 0.9680805206298828 0.07799393683671951 -0.05914764851331711 -0.23073484003543854
redkitchen/seq-06/frame-000184.color.png -0.1860654652118683 -0.3680066764354706 0.49514544010162354 0.9679281711578369 0.07904943078756332 -0.05809662863612175 -0.23128150403499603
redkitchen/seq-06/frame-000185.color.png -0.22695112228393555 -0.3545089662075043 0.48441651463508606 0.9682422280311584 0.07533428817987442 -0.054128047078847885 -0.23216813802719116
redkitchen/seq-06/frame-000186.color.png -0.21680700778961182 -0.3634299337863922 0.4796978831291199 0.9685866832733154 0.07537085562944412 -0.04866167902946472 -0.23192954063415527
redkitchen/seq-06/frame-000187.color.png -0.23081526160240173 -0.35264846682548523 0.47958701848983765 0.9673115611076355 0.07897177338600159 -0.04571684077382088 -0.23660486936569214
redkitchen/seq-06/frame-000188.color.png -0.22981104254722595 -0.36801671981811523 0.45718398690223694 0.9673342108726501 0.07898297160863876 -0.04341919347643852 -0.2369408756494522
redkitchen/seq-06/frame-000189.color.png -0.21065078675746918 -0.37040868401527405 0.4999455213546753 0.9677102565765381 0.07416294515132904 -0.04344233497977257 -0.23695878684520721
redkitchen/seq-06/frame-000190.color.png -0.2142823040485382 -0.3903033435344696 0.4902111887931824 0.9636825323104858 0.08513200283050537 -0.06283600628376007 -0.24519388377666473
redkitchen/seq-06/frame-000191.color.png -0.19494426250457764 -0.4060193598270416 0.457926869392395 0.9623957872390747 0.08563430607318878 -0.07867431640625 -0.24550239741802216
redkitchen/seq-06/frame-000192.color.png -0.23920702934265137 -0.395705908536911 0.4130638837814331 0.9581103920936584 0.093949094414711 -0.08479993045330048 -0.25691816210746765
redkitchen/seq-06/frame-000193.color.png -0.24455171823501587 -0.3835006654262543 0.36421167850494385 0.9582021832466125 0.09461630880832672 -0.08304896205663681 -0.25690317153930664
redkitchen/seq-06/frame-000194.color.png -0.23891666531562805 -0.3913183808326721 0.3730488717556 0.9593065977096558 0.09212411940097809 -0.07559391856193542 -0.2559874951839447
redkitchen/seq-06/frame-000195.color.png -0.235418438911438 -0.3771025240421295 0.36734598875045776 0.9556714296340942 0.09905210882425308 -0.09284522384405136 -0.26126745343208313
redkitchen/seq-06/frame-000196.color.png -0.24753466248512268 -0.3839530348777771 0.3226809501647949 0.9523329138755798 0.10552537441253662 -0.1108035147190094 -0.26391085982322693
redkitchen/seq-06/frame-000197.color.png -0.22893068194389343 -0.38997137546539307 0.37987127900123596 0.9500917196273804 0.10573123395442963 -0.12195096909999847 -0.2669733762741089
redkitchen/seq-06/frame-000198.color.png -0.26699814200401306 -0.3669896423816681 0.4178816080093384 0.9468311071395874 0.1051703616976738 -0.13835352659225464 -0.2707548439502716
redkitchen/seq-06/frame-000199.color.png -0.25874850153923035 -0.3688772916793823 0.4598630368709564 0.9474753737449646 0.10038062185049057 -0.14281585812568665 -0.26798853278160095
redkitchen/seq-06/frame-000200.color.png -0.25534212589263916 -0.3520556390285492 0.4363030195236206 0.942894697189331 0.10142786800861359 -0.14877262711524963 -0.28022998571395874
redkitchen/seq-06/frame-000201.color.png -0.2987408936023712 -0.355762779712677 0.4425908625125885 0.9418066143989563 0.10317124426364899 -0.1484181433916092 -0.28342244029045105
redkitchen/seq-06/frame-000202.color.png -0.37231719493865967 -0.3293088674545288 0.40426647663116455 0.9403185844421387 0.09997747093439102 -0.16105236113071442 -0.2826087474822998
redkitchen/seq-06/frame-000203.color.png -0.3807295560836792 -0.3174988031387329 0.36895057559013367 0.9423826336860657 0.10298651456832886 -0.15147759020328522 -0.2799343466758728
redkitchen/seq-06/frame-000204.color.png -0.42751356959342957 -0.3013922870159149 0.3930109143257141 0.9402863383293152 0.09600719809532166 -0.16424846649169922 -0.28225263953208923
redkitchen/seq-06/frame-000205.color.png -0.42034727334976196 -0.29968196153640747 0.3841269016265869 0.944135844707489 0.09121736884117126 -0.15598875284194946 -0.2755984663963318
redkitchen/seq-06/frame-000206.color.png -0.46495577692985535 -0.29862532019615173 0.34767967462539673 0.9495901465415955 0.0836995542049408 -0.14051833748817444 -0.26744624972343445
redkitchen/seq-06/frame-000207.color.png -0.4963943064212799 -0.311622679233551 0.3183248043060303 0.9501248598098755 0.08489536494016647 -0.15051697194576263 -0.25961530208587646
redkitchen/seq-06/frame-000208.color.png -0.49688008427619934 -0.32161688804626465 0.30832916498184204 0.9518508315086365 0.08580266684293747 -0.13817791640758514 -0.2598553001880646
redkitchen/seq-06/frame-000209.color.png -0.5623914003372192 -0.31088903546333313 0.31439509987831116 0.9465166330337524 0.0784650593996048 -0.16539448499679565 -0.2656955420970917
redkitchen/seq-06/frame-000210.color.png -0.5718396306037903 -0.29706233739852905 0.28939002752304077 0.9471536874771118 0.07427455484867096 -0.17013083398342133 -0.2616080939769745
redkitchen/seq-06/frame-000211.color.png -0.5885607600212097 -0.2937460243701935 0.25855588912963867 0.9485143423080444 0.07773535698652267 -0.1636873185634613 -0.25977757573127747
redkitchen/seq-06/frame-000212.color.png -0.6295508146286011 -0.25860923528671265 0.23584169149398804 0.9488412141799927 0.07948707789182663 -0.15569034218788147 -0.26294994354248047
redkitchen/seq-06/frame-000213.color.png -0.6382540464401245 -0.2766905426979065 0.27310165762901306 0.9486970901489258 0.0782225951552391 -0.16217026114463806 -0.25991499423980713
redkitchen/seq-06/frame-000214.color.png -0.6523091793060303 -0.2618553340435028 0.2767016589641571 0.9482991695404053 0.07443945854902267 -0.16894719004631042 -0.2581557035446167
redkitchen/seq-06/frame-000215.color.png -0.6981580853462219 -0.25499552488327026 0.25998902320861816 0.9460837841033936 0.06814824044704437 -0.1854107826948166 -0.2567177414894104
redkitchen/seq-06/frame-000216.color.png -0.7257106900215149 -0.2259296476840973 0.2723904848098755 0.9468284249305725 0.06335596740245819 -0.18385522067546844 -0.25631874799728394
redkitchen/seq-06/frame-000217.color.png -0.7333569526672363 -0.21842060983181 0.2597670257091522 0.9468474388122559 0.06125187501311302 -0.1903933584690094 -0.2519492506980896
redkitchen/seq-06/frame-000218.color.png -0.7769421339035034 -0.1944354772567749 0.28429198265075684 0.9490182399749756 0.05713297799229622 -0.18214532732963562 -0.25084516406059265
redkitchen/seq-06/frame-000219.color.png -0.7743871808052063 -0.190388023853302 0.28599703311920166 0.9457390904426575 0.05637926980853081 -0.19810369610786438 -0.2513044476509094
redkitchen/seq-06/frame-000220.color.png -0.8057634830474854 -0.19826997816562653 0.30769291520118713 0.9462771415710449 0.05721619725227356 -0.18985001742839813 -0.25542691349983215
redkitchen/seq-06/frame-000221.color.png -0.823767900466919 -0.17531538009643555 0.2996866703033447 0.9487982392311096 0.05333283543586731 -0.17719735205173492 -0.2560054659843445
redkitchen/seq-06/frame-000222.color.png -0.826838493347168 -0.16254407167434692 0.2684882879257202 0.9482675790786743 0.05647006630897522 -0.17122799158096313 -0.26130542159080505
redkitchen/seq-06/frame-000223.color.png -0.8510863184928894 -0.16518326103687286 0.2551881670951843 0.946293294429779 0.051512543112039566 -0.18057438731193542 -0.26318901777267456
redkitchen/seq-06/frame-000224.color.png -0.8682658076286316 -0.17564120888710022 0.2548098564147949 0.9433470964431763 0.05333877354860306 -0.19109898805618286 -0.2659556269645691
redkitchen/seq-06/frame-000225.color.png -0.8743739128112793 -0.17254546284675598 0.25778910517692566 0.9453548192977905 0.052106715738773346 -0.18758219480514526 -0.2615380883216858
redkitchen/seq-06/frame-000226.color.png -0.881782054901123 -0.16330328583717346 0.2219560742378235 0.9472818374633789 0.052476778626441956 -0.1702536791563034 -0.2663021385669708
redkitchen/seq-06/frame-000227.color.png -0.8791350722312927 -0.14357003569602966 0.20224988460540771 0.9491276741027832 0.05866476520895958 -0.14689680933952332 -0.2722799777984619
redkitchen/seq-06/frame-000228.color.png -0.887281596660614 -0.1499617099761963 0.23573607206344604 0.9411948323249817 0.04538821801543236 -0.19367486238479614 -0.27309733629226685
redkitchen/seq-06/frame-000229.color.png -0.8698151111602783 -0.14387978613376617 0.24936160445213318 0.9402973651885986 0.050001490861177444 -0.19919729232788086 -0.2714062035083771
redkitchen/seq-06/frame-000230.color.png -0.8950624465942383 -0.13765373826026917 0.23211976885795593 0.940659761428833 0.04806409403681755 -0.19572296738624573 -0.27302315831184387
redkitchen/seq-06/frame-000231.color.png -0.8879896998405457 -0.1296851485967636 0.18177032470703125 0.9438683986663818 0.04992296174168587 -0.17143498361110687 -0.27790310978889465
redkitchen/seq-06/frame-000232.color.png -0.8854015469551086 -0.10795573145151138 0.19633549451828003 0.9415956139564514 0.04956367239356041 -0.1788552701473236 -0.2809843420982361
redkitchen/seq-06/frame-000233.color.png -0.8800111413002014 -0.10486258566379547 0.20031186938285828 0.9415460228919983 0.049980685114860535 -0.1921185553073883 -0.27218273282051086
redkitchen/seq-06/frame-000234.color.png -0.9013423323631287 -0.10499715805053711 0.20413413643836975 0.9355734586715698 0.03611822798848152 -0.22771528363227844 -0.26747652888298035
redkitchen/seq-06/frame-000235.color.png -0.8821460604667664 -0.09450282901525497 0.24009400606155396 0.925929605960846 0.03465276584029198 -0.26779842376708984 -0.26407861709594727
redkitchen/seq-06/frame-000236.color.png -0.9145540595054626 -0.07880689948797226 0.22471830248832703 0.9261957406997681 0.032449133694171906 -0.26750949025154114 -0.2637181878089905
redkitchen/seq-06/frame-000237.color.png -0.9354276657104492 -0.062485579401254654 0.2077849805355072 0.9329233169555664 0.0320582278072834 -0.24928517639636993 -0.25784337520599365
redkitchen/seq-06/frame-000238.color.png -0.9434410333633423 -0.04867592081427574 0.17636358737945557 0.9300042390823364 0.030716238543391228 -0.2571876645088196 -0.26077425479888916
redkitchen/seq-06/frame-000239.color.png -0.939366340637207 -0.0428948849439621 0.16196030378341675 0.9276591539382935 0.0330386683344841 -0.2683815360069275 -0.25754299759864807
redkitchen/seq-06/frame-000240.color.png -0.9606496691703796 -0.04784894362092018 0.18350762128829956 0.9229738712310791 0.031556908041238785 -0.28503885865211487 -0.25666388869285583
redkitchen/seq-06/frame-000241.color.png -0.9599825739860535 -0.033527325838804245 0.18051889538764954 0.922792911529541 0.03232923522591591 -0.2870877981185913 -0.2549285292625427
redkitchen/seq-06/frame-000242.color.png -0.9471874237060547 -0.04133589565753937 0.19520556926727295 0.9203215837478638 0.026043536141514778 -0.2983846366405487 -0.2515881359577179
redkitchen/seq-06/frame-000243.color.png -0.9490774869918823 -0.049384962767362595 0.197970449924469 0.9186261296272278 0.023657117038965225 -0.302821546792984 -0.2527161240577698
redkitchen/seq-06/frame-000244.color.png -0.9487818479537964 -0.045561015605926514 0.20516344904899597 0.9166982769966125 0.02316386066377163 -0.3061492145061493 -0.2557351589202881
redkitchen/seq-06/frame-000245.color.png -0.9491732120513916 -0.053547050803899765 0.21932724118232727 0.9120174050331116 0.025540804490447044 -0.32255691289901733 -0.25204941630363464
redkitchen/seq-06/frame-000246.color.png -0.9480875134468079 -0.04485003650188446 0.19994956254959106 0.912847638130188 0.027173535898327827 -0.3242151439189911 -0.24668875336647034
redkitchen/seq-06/frame-000247.color.png -0.9452184438705444 -0.05002058669924736 0.1944408416748047 0.9136092662811279 0.02099076844751835 -0.3195228576660156 -0.2505648136138916
redkitchen/seq-06/frame-000248.color.png -0.944815456867218 -0.0515945665538311 0.1926376223564148 0.9120988845825195 0.020820971578359604 -0.3188994824886322 -0.2567980885505676
redkitchen/seq-06/frame-000249.color.png -0.950874388217926 -0.05129637196660042 0.18057632446289062 0.914423942565918 0.021371087059378624 -0.31311339139938354 -0.2556013762950897
redkitchen/seq-06/frame-000250.color.png -0.9713338017463684 -0.03247728571295738 0.14897650480270386 0.9236583113670349 0.019657596945762634 -0.2841367721557617 -0.25638866424560547
redkitchen/seq-06/frame-000251.color.png -0.9644261002540588 -0.03236718103289604 0.11886616796255112 0.9310895204544067 0.01920720934867859 -0.2639777362346649 -0.2510363459587097
redkitchen/seq-06/frame-000252.color.png -0.9685379862785339 -0.03437310829758644 0.11038369685411453 0.9374523162841797 0.016716085374355316 -0.2520403265953064 -0.23953980207443237
redkitchen/seq-06/frame-000253.color.png -0.9474936127662659 -0.0353347472846508 0.1009175181388855 0.9453654885292053 0.00944882445037365 -0.23917368054389954 -0.22133868932724
redkitchen/seq-06/frame-000254.color.png -0.9598682522773743 -0.0268360935151577 0.0914720743894577 0.9511950016021729 0.013553900644183159 -0.2292184829711914 -0.20616339147090912
redkitchen/seq-06/frame-000255.color.png -0.9430796504020691 -0.028383921831846237 0.08563795685768127 0.9575481414794922 0.009064571000635624 -0.20932449400424957 -0.1979970932006836
redkitchen/seq-06/frame-000256.color.png -0.8981763124465942 -0.03300972655415535 0.032891735434532166 0.9660660624504089 0.011140131391584873 -0.17091228067874908 -0.1933421939611435
redkitchen/seq-06/frame-000257.color.png -0.8975407481193542 -0.07910984009504318 0.007727358490228653 0.971569299697876 0.0015353799099102616 -0.16019006073474884 -0.1743270307779312
redkitchen/seq-06/frame-000258.color.png -0.9026675820350647 -0.08580365777015686 0.002745499834418297 0.9715458750724792 0.004056510515511036 -0.1724415123462677 -0.16231423616409302
redkitchen/seq-06/frame-000259.color.png -0.8716362714767456 -0.10008464753627777 -0.03697379678487778 0.9779457449913025 0.006036666221916676 -0.13289092481136322 -0.16101478040218353
redkitchen/seq-06/frame-000260.color.png -0.8584562540054321 -0.1350318193435669 -0.08741003274917603 0.9821016192436218 -0.006565128918737173 -0.12980659306049347 -0.136321023106575
redkitchen/seq-06/frame-000261.color.png -0.8539833426475525 -0.14369268715381622 -0.07738839834928513 0.9829410910606384 -0.01071212813258171 -0.13399982452392578 -0.12552370131015778
redkitchen/seq-06/frame-000262.color.png -0.8570041060447693 -0.15237106382846832 -0.09764472395181656 0.9846410751342773 -0.008545451797544956 -0.13160903751850128 -0.11440246552228928
redkitchen/seq-06/frame-000263.color.png -0.886491060256958 -0.14899460971355438 -0.08255763351917267 0.9912595152854919 -8.232549589592963e-05 -0.07497844845056534 -0.10854838043451309
redkitchen/seq-06/frame-000264.color.png -0.8895092606544495 -0.12513913214206696 -0.07033650577068329 0.9897711873054504 -0.006794243585318327 -0.09956856071949005 -0.10194560140371323
redkitchen/seq-06/frame-000265.color.png -0.8999959230422974 -0.10479577630758286 -0.08333144336938858 0.9919100403785706 -0.007111159153282642 -0.09587759524583817 -0.08289399743080139
redkitchen/seq-06/frame-000266.color.png -0.9010918736457825 -0.1101745218038559 -0.07611551880836487 0.9925172924995422 -0.006384557578712702 -0.09382878243923187 -0.07787832617759705
redkitchen/seq-06/frame-000267.color.png -0.9025608897209167 -0.10723936557769775 -0.06196554750204086 0.9943813681602478 -0.009188970550894737 -0.08099174499511719 -0.0675402358174324
redkitchen/seq-06/frame-000268.color.png -0.9025529026985168 -0.08453904837369919 -0.05589420348405838 0.9956891536712646 -0.004412700422108173 -0.0707726776599884 -0.05979083478450775
redkitchen/seq-06/frame-000269.color.png -0.9111352562904358 -0.07718545198440552 -0.04810216277837753 0.996224045753479 -0.0011724578216671944 -0.06825413554906845 -0.05364382639527321
redkitchen/seq-06/frame-000270.color.png -0.9028639793395996 -0.07256796956062317 -0.0689326673746109 0.9978353381156921 0.0052151973359286785 -0.04392451047897339 -0.048663925379514694
redkitchen/seq-06/frame-000271.color.png -0.9214328527450562 -0.08552048355340958 -0.06921224296092987 0.9980571866035461 -0.0021385469008237123 -0.04490913450717926 -0.04313405975699425
redkitchen/seq-06/frame-000272.color.png -0.9371382594108582 -0.06916317343711853 -0.07423467934131622 0.9987743496894836 -0.005112404003739357 -0.035391900688409805 -0.034218624234199524
redkitchen/seq-06/frame-000273.color.png -0.922089695930481 -0.060842473059892654 -0.07987675815820694 0.9992932081222534 0.007267609238624573 -0.02764563076198101 -0.024413658306002617
redkitchen/seq-06/frame-000274.color.png -0.9744278192520142 -0.03972874581813812 -0.052621521055698395 0.9990419149398804 0.0010865379590541124 -0.03991595283150673 -0.01790783368051052
redkitchen/seq-06/frame-000275.color.png -0.9795840382575989 -0.042065706104040146 -0.0478917621076107 0.9991559982299805 0.0004837221058551222 -0.03882691636681557 -0.013394373469054699
redkitchen/seq-06/frame-000276.color.png -0.9747493267059326 -0.06623941659927368 -0.05443451553583145 0.9991958737373352 -0.004340037703514099 -0.03979223221540451 -0.0023544172290712595
redkitchen/seq-06/frame-000277.color.png -0.9805036187171936 -0.07683280855417252 -0.06450443714857101 0.9999403357505798 0.00030614956631325185 -0.010386686772108078 0.003357549197971821
redkitchen/seq-06/frame-000278.color.png -0.9954234957695007 -0.08280886709690094 -0.0406959168612957 0.9998893141746521 -0.003268394386395812 -0.011245422065258026 0.009163205511868
redkitchen/seq-06/frame-000279.color.png -0.9970939755439758 -0.06920693814754486 -0.041230980306863785 0.9997840523719788 -0.00603523850440979 0.005454842001199722 0.019125478342175484
redkitchen/seq-06/frame-000280.color.png -0.9972459673881531 -0.06698568910360336 -0.05082622170448303 0.9993125796318054 -0.005833298433572054 0.02872944436967373 0.022696025669574738
redkitchen/seq-06/frame-000281.color.png -0.9951308369636536 -0.0879446491599083 -0.049108024686574936 0.9986874461174011 -0.005798041354864836 0.04014431685209274 0.03127427399158478
redkitchen/seq-06/frame-000282.color.png -0.995567262172699 -0.08915375918149948 -0.04287334159016609 0.9984482526779175 -0.005627887789160013 0.0366511344909668 0.041548363864421844
redkitchen/seq-06/frame-000283.color.png -1.0044447183609009 -0.10668420791625977 -0.042241036891937256 0.9980139136314392 -0.00580826448276639 0.04195159301161766 0.046632762998342514
redkitchen/seq-06/frame-000284.color.png -1.0141934156417847 -0.09558962285518646 -0.02584153041243553 0.9971447587013245 -0.0019656121730804443 0.05720920488238335 0.049249496310949326
redkitchen/seq-06/frame-000285.color.png -1.0287479162216187 -0.11331824958324432 -0.009465178474783897 0.9966727495193481 -0.008176290430128574 0.059194985777139664 0.05542838200926781
redkitchen/seq-06/frame-000286.color.png -1.0300283432006836 -0.12029285728931427 0.0163859985768795 0.9967538714408875 -0.00695163244381547 0.05984470620751381 0.05340232700109482
redkitchen/seq-06/frame-000287.color.png -1.0358258485794067 -0.13690045475959778 0.028504662215709686 0.996222972869873 -0.0074609676375985146 0.0612444244325161 0.06110188737511635
redkitchen/seq-06/frame-000288.color.png -1.052356481552124 -0.13459575176239014 0.0639437809586525 0.9961175322532654 0.0022742878645658493 0.060102276504039764 0.0642840638756752
redkitchen/seq-06/frame-000289.color.png -1.0647785663604736 -0.1481975018978119 0.09390679746866226 0.9939181804656982 -0.005014743655920029 0.08467938750982285 0.07022058218717575
redkitchen/seq-06/frame-000290.color.png -1.051888108253479 -0.15693973004817963 0.08793536573648453 0.9930354356765747 -0.003162134438753128 0.09592652320861816 0.06832776963710785
redkitchen/seq-06/frame-000291.color.png -1.0520477294921875 -0.183725506067276 0.11100033670663834 0.9912468791007996 -0.01380528137087822 0.10836722701787949 0.07413256168365479
redkitchen/seq-06/frame-000292.color.png -1.0632926225662231 -0.19323594868183136 0.13503527641296387 0.992192268371582 -0.014686121605336666 0.09613149613142014 0.07808630168437958
redkitchen/seq-06/frame-000293.color.png -1.0726484060287476 -0.19267460703849792 0.14020004868507385 0.9913625121116638 -0.013697981834411621 0.10147195309400558 0.0819539949297905
redkitchen/seq-06/frame-000294.color.png -1.0781278610229492 -0.1929863542318344 0.15850946307182312 0.990578293800354 -0.012096740305423737 0.10685605555772781 0.08479432016611099
redkitchen/seq-06/frame-000295.color.png -1.0692318677902222 -0.20974448323249817 0.16566947102546692 0.9907050728797913 -0.018018968403339386 0.1042836457490921 0.08546220511198044
redkitchen/seq-06/frame-000296.color.png -1.0711641311645508 -0.2229449599981308 0.19773516058921814 0.9872740507125854 -0.014192109927535057 0.12791842222213745 0.09340979903936386
redkitchen/seq-06/frame-000297.color.png -1.07487952709198 -0.22308501601219177 0.19226378202438354 0.9874280095100403 -0.020718993619084358 0.12451843172311783 0.09514080733060837
redkitchen/seq-06/frame-000298.color.png -1.0710862874984741 -0.23632511496543884 0.1927681267261505 0.9874178171157837 -0.015594732016324997 0.12413079291582108 0.09671730548143387
redkitchen/seq-06/frame-000299.color.png -1.061828851699829 -0.24737513065338135 0.20031261444091797 0.9852417707443237 -0.012539594434201717 0.13926565647125244 0.09872456640005112
redkitchen/seq-06/frame-000300.color.png -1.0522265434265137 -0.26617181301116943 0.21349063515663147 0.9839394092559814 -0.022691093385219574 0.1442669928073883 0.10264193266630173
redkitchen/seq-06/frame-000301.color.png -1.0483579635620117 -0.27855655550956726 0.22221991419792175 0.9833835959434509 -0.03174663335084915 0.1457914263010025 0.10341011732816696
redkitchen/seq-06/frame-000302.color.png -1.0549249649047852 -0.28322353959083557 0.2542603015899658 0.9843107461929321 -0.027028273791074753 0.13344618678092957 0.11222197115421295
redkitchen/seq-06/frame-000303.color.png -1.0496575832366943 -0.2960791289806366 0.2594397962093353 0.9836059808731079 -0.022288819774985313 0.13876910507678986 0.11298473924398422
redkitchen/seq-06/frame-000304.color.png -1.049599289894104 -0.3069899082183838 0.26781001687049866 0.981654942035675 -0.035983335226774216 0.14685915410518646 0.11615127325057983
redkitchen/seq-06/frame-000305.color.png -1.0537281036376953 -0.31945669651031494 0.2651362121105194 0.9809398055076599 -0.04539826512336731 0.14481377601623535 0.12134706974029541
redkitchen/seq-06/frame-000306.color.png -1.066812515258789 -0.32394805550575256 0.284769207239151 0.9808392524719238 -0.04469560831785202 0.14203888177871704 0.12562400102615356
redkitchen/seq-06/frame-000307.color.png -1.068838357925415 -0.3382354974746704 0.29729780554771423 0.9798068404197693 -0.050319842994213104 0.14972959458827972 0.1225866973400116
redkitchen/seq-06/frame-000308.color.png -1.0667650699615479 -0.34029096364974976 0.3089539110660553 0.9800611138343811 -0.051822975277900696 0.14640434086322784 0.12393682450056076
redkitchen/seq-06/frame-000309.color.png -1.0760043859481812 -0.35558614134788513 0.33226478099823 0.9780837893486023 -0.05322496220469475 0.15640854835510254 0.12671028077602386
redkitchen/seq-06/frame-000310.color.png -1.078485131263733 -0.36037948727607727 0.34572526812553406 0.9765803813934326 -0.055108752101659775 0.16223445534706116 0.13012975454330444
redkitchen/seq-06/frame-000311.color.png -1.091774344444275 -0.35922443866729736 0.36197248101234436 0.9750218987464905 -0.05915144458413124 0.1688433289527893 0.13162536919116974
redkitchen/seq-06/frame-000312.color.png -1.1082770824432373 -0.360975056886673 0.38587626814842224 0.9733049869537354 -0.06218155845999718 0.17551189661026 0.1341884285211563
redkitchen/seq-06/frame-000313.color.png -1.1161924600601196 -0.36980655789375305 0.3958018124103546 0.9718747138977051 -0.06763853132724762 0.17795346677303314 0.13862578570842743
redkitchen/seq-06/frame-000314.color.png -1.1146818399429321 -0.39422154426574707 0.4061279594898224 0.9712619185447693 -0.06912139803171158 0.17473621666431427 0.14608126878738403
redkitchen/seq-06/frame-000315.color.png -1.1109648942947388 -0.41291916370391846 0.41988247632980347 0.9661980867385864 -0.08033665269613266 0.19584216177463531 0.14714953303337097
redkitchen/seq-06/frame-000316.color.png -1.1025357246398926 -0.42007577419281006 0.4280984699726105 0.9634380340576172 -0.09678679704666138 0.2024359256029129 0.14642107486724854
redkitchen/seq-06/frame-000317.color.png -1.1190769672393799 -0.43071383237838745 0.4612889885902405 0.9677973985671997 -0.08428052067756653 0.18138721585273743 0.1528519243001938
redkitchen/seq-06/frame-000318.color.png -1.1411808729171753 -0.44398871064186096 0.49228692054748535 0.9668070077896118 -0.07575149834156036 0.18679019808769226 0.1570204645395279
redkitchen/seq-06/frame-000319.color.png -1.130737066268921 -0.4633162319660187 0.49370497465133667 0.9647740721702576 -0.09402204304933548 0.18939003348350525 0.15653225779533386
redkitchen/seq-06/frame-000320.color.png -1.128762125968933 -0.468289315700531 0.5066205859184265 0.9686005711555481 -0.08406747877597809 0.18301136791706085 0.1457827240228653
redkitchen/seq-06/frame-000321.color.png -1.1399576663970947 -0.48031747341156006 0.520513653755188 0.9691668152809143 -0.07801196724176407 0.18052104115486145 0.14846517145633698
redkitchen/seq-06/frame-000322.color.png -1.1534123420715332 -0.48704665899276733 0.5302354693412781 0.9702788591384888 -0.0761137455701828 0.17864890396595 0.14439627528190613
redkitchen/seq-06/frame-000323.color.png -1.1763135194778442 -0.49241334199905396 0.5697280168533325 0.9695717096328735 -0.07934112846851349 0.17616529762744904 0.15033750236034393
redkitchen/seq-06/frame-000324.color.png -1.1861685514450073 -0.4874928593635559 0.5841270089149475 0.9683164358139038 -0.07698940485715866 0.18685320019721985 0.14670339226722717
redkitchen/seq-06/frame-000325.color.png -1.1831697225570679 -0.4732326865196228 0.5971047878265381 0.9693385362625122 -0.06099996715784073 0.19111961126327515 0.14189784228801727
redkitchen/seq-06/frame-000326.color.png -1.1897820234298706 -0.4918438792228699 0.6206774115562439 0.968651533126831 -0.07203653454780579 0.1920531690120697 0.14014479517936707
redkitchen/seq-06/frame-000327.color.png -1.194646954536438 -0.5067363977432251 0.6259222626686096 0.9656558632850647 -0.07512156665325165 0.20363187789916992 0.14282701909542084
redkitchen/seq-06/frame-000328.color.png -1.1893725395202637 -0.5055050253868103 0.6400688290596008 0.9657835960388184 -0.07251542806625366 0.20091284811496735 0.1470974236726761
redkitchen/seq-06/frame-000329.color.png -1.1909235715866089 -0.513229489326477 0.6677127480506897 0.9666688442230225 -0.07756928354501724 0.19518616795539856 0.14641287922859192
redkitchen/seq-06/frame-000330.color.png -1.1897475719451904 -0.5145241618156433 0.686927318572998 0.9664835333824158 -0.07274927198886871 0.19704896211624146 0.14761044085025787
redkitchen/seq-06/frame-000331.color.png -1.183889627456665 -0.526134729385376 0.686870813369751 0.9661667943000793 -0.07545377314090729 0.20115897059440613 0.14270056784152985
redkitchen/seq-06/frame-000332.color.png -1.1761654615402222 -0.5247764587402344 0.6925687193870544 0.9650273323059082 -0.07296137511730194 0.20650237798690796 0.14406800270080566
redkitchen/seq-06/frame-000333.color.png -1.1899672746658325 -0.5345163941383362 0.7198694348335266 0.9640340209007263 -0.06822767108678818 0.2109212726354599 0.1466129720211029
redkitchen/seq-06/frame-000334.color.png -1.1865028142929077 -0.5265451073646545 0.7294664978981018 0.9659037590026855 -0.05790729448199272 0.20763283967971802 0.14340542256832123
redkitchen/seq-06/frame-000335.color.png -1.175875186920166 -0.5492992401123047 0.7561753392219543 0.9650591015815735 -0.06064743921160698 0.20947547256946564 0.14526784420013428
redkitchen/seq-06/frame-000336.color.png -1.1756222248077393 -0.5542948842048645 0.7763276100158691 0.9638447761535645 -0.06166672706604004 0.20794785022735596 0.15478453040122986
redkitchen/seq-06/frame-000337.color.png -1.1792678833007812 -0.5501759052276611 0.7818831205368042 0.9620597958564758 -0.04792989045381546 0.2201334536075592 0.153898686170578
redkitchen/seq-06/frame-000338.color.png -1.1823761463165283 -0.5504478216171265 0.7937051057815552 0.95989990234375 -0.038699451833963394 0.23272359371185303 0.15144114196300507
redkitchen/seq-06/frame-000339.color.png -1.2029218673706055 -0.548848569393158 0.8236473798751831 0.9593148827552795 -0.043701838701963425 0.23100493848323822 0.15633900463581085
redkitchen/seq-06/frame-000340.color.png -1.2219126224517822 -0.5464509725570679 0.8465275764465332 0.9586668610572815 -0.03604140877723694 0.23418907821178436 0.157525897026062
redkitchen/seq-06/frame-000341.color.png -1.222765326499939 -0.5514794588088989 0.8684540390968323 0.9563968181610107 -0.042521845549345016 0.23778797686100006 0.16417644917964935
redkitchen/seq-06/frame-000342.color.png -1.200695514678955 -0.5730981230735779 0.8786844611167908 0.948330283164978 -0.029258117079734802 0.2706369459629059 0.16300077736377716
redkitchen/seq-06/frame-000343.color.png -1.1844825744628906 -0.5302895307540894 0.8991905450820923 0.9505716562271118 -0.034848179668188095 0.26412713527679443 0.15948696434497833
redkitchen/seq-06/frame-000344.color.png -1.1781445741653442 -0.5251198410987854 0.9156758189201355 0.948146402835846 -0.03175627812743187 0.27152228355407715 0.16212788224220276
redkitchen/seq-06/frame-000345.color.png -1.1674805879592896 -0.5391872525215149 0.9382089376449585 0.9469947218894958 -0.024660101160407066 0.2751515507698059 0.16396524012088776
redkitchen/seq-06/frame-000346.color.png -1.1605947017669678 -0.5688778758049011 0.9559414982795715 0.9470940232276917 -0.028049053624272346 0.27605554461479187 0.1613054871559143
redkitchen/seq-06/frame-000347.color.png -1.1573858261108398 -0.5734615921974182 0.9891433119773865 0.943841278553009 -0.0238031093031168 0.2841367721557617 0.16692326962947845
redkitchen/seq-06/frame-000348.color.png -1.1622973680496216 -0.5599095821380615 1.009994387626648 0.9396275877952576 -0.017953883856534958 0.29646143317222595 0.1699652224779129
redkitchen/seq-06/frame-000349.color.png -1.1547964811325073 -0.5450383424758911 1.0352058410644531 0.9367507696151733 -0.006294208578765392 0.30794885754585266 0.16621088981628418
redkitchen/seq-06/frame-000350.color.png -1.1402668952941895 -0.5279958248138428 1.0370100736618042 0.9379500150680542 -0.002028943272307515 0.304755836725235 0.16543741524219513
redkitchen/seq-06/frame-000351.color.png -1.125956654548645 -0.5246803164482117 1.0627578496932983 0.9334040284156799 -0.0030944980680942535 0.317259281873703 0.16761262714862823
redkitchen/seq-06/frame-000352.color.png -1.1195334196090698 -0.520446240901947 1.0693256855010986 0.9320043921470642 -0.005224994849413633 0.3210287392139435 0.16816940903663635
redkitchen/seq-06/frame-000353.color.png -1.1266764402389526 -0.5404382944107056 1.0791521072387695 0.9291678071022034 -0.012813249602913857 0.327642560005188 0.1706850379705429
redkitchen/seq-06/frame-000354.color.png -1.1178910732269287 -0.556044340133667 1.1012394428253174 0.9285989999771118 -0.005029408261179924 0.3305138349533081 0.16863961517810822
redkitchen/seq-06/frame-000355.color.png -1.110312819480896 -0.5521974563598633 1.1143524646759033 0.9264888167381287 -0.0015705727273598313 0.3362197279930115 0.16903342306613922
redkitchen/seq-06/frame-000356.color.png -1.1130714416503906 -0.5484293699264526 1.1281440258026123 0.9274258613586426 -0.0008246140205301344 0.3336653411388397 0.16896118223667145
redkitchen/seq-06/frame-000357.color.png -1.1109665632247925 -0.5461182594299316 1.1199958324432373 0.924168586730957 -0.0005390156875364482 0.34262922406196594 0.16887108981609344
redkitchen/seq-06/frame-000358.color.png -1.107469081878662 -0.5332775712013245 1.1382198333740234 0.9211075305938721 0.003796186065301299 0.3501361608505249 0.17015092074871063
redkitchen/seq-06/frame-000359.color.png -1.0978655815124512 -0.5336172580718994 1.1507841348648071 0.9174847602844238 0.0006559746689163148 0.35729846358299255 0.17481151223182678
redkitchen/seq-06/frame-000360.color.png -1.1051297187805176 -0.5426343083381653 1.160679817199707 0.9176614284515381 -0.007486169226467609 0.35726404190063477 0.1737930178642273
redkitchen/seq-06/frame-000361.color.png -1.09806227684021 -0.5400203466415405 1.1815989017486572 0.9139124751091003 -0.01035359874367714 0.3642694056034088 0.17878641188144684
redkitchen/seq-06/frame-000362.color.png -1.0717120170593262 -0.5392540097236633 1.1774559020996094 0.9115374684333801 -0.0021453211084008217 0.3697817623615265 0.17987856268882751
redkitchen/seq-06/frame-000363.color.png -1.086926817893982 -0.5497801899909973 1.1920439004898071 0.9097487926483154 0.002249411540105939 0.3736039102077484 0.18103116750717163
redkitchen/seq-06/frame-000364.color.png -1.0976494550704956 -0.5496746301651001 1.1914170980453491 0.9098889827728271 -0.002166907535865903 0.3750397264957428 0.1773209273815155
redkitchen/seq-06/frame-000365.color.png -1.0910314321517944 -0.5639445185661316 1.1809136867523193 0.9052019119262695 -0.007181496359407902 0.3848303258419037 0.18017645180225372
redkitchen/seq-06/frame-000366.color.png -1.0819928646087646 -0.5652081370353699 1.2070159912109375 0.9058351516723633 -0.0023730434477329254 0.38404279947280884 0.17879687249660492
redkitchen/seq-06/frame-000367.color.png -1.060339093208313 -0.5832200646400452 1.2075519561767578 0.9049988985061646 -0.003289229003712535 0.38478323817253113 0.18140526115894318
redkitchen/seq-06/frame-000368.color.png -1.0703641176223755 -0.5951312780380249 1.225376009941101 0.9009743332862854 -0.003023899160325527 0.39553695917129517 0.1782880425453186
redkitchen/seq-06/frame-000369.color.png -1.0783450603485107 -0.6031768321990967 1.236132264137268 0.9026788473129272 -0.01062606181949377 0.3891066908836365 0.18345007300376892
redkitchen/seq-06/frame-000370.color.png -1.0911489725112915 -0.6126058101654053 1.2413653135299683 0.8974796533584595 -0.008444546721875668 0.40113693475723267 0.18316155672073364
redkitchen/seq-06/frame-000371.color.png -1.0857025384902954 -0.6446545124053955 1.225958228111267 0.8932643532752991 -0.006296777632087469 0.40920186042785645 0.18599188327789307
redkitchen/seq-06/frame-000372.color.png -1.0922181606292725 -0.6391683220863342 1.2418540716171265 0.8932536840438843 -0.006747170817106962 0.4079008400440216 0.18886315822601318
redkitchen/seq-06/frame-000373.color.png -1.1004767417907715 -0.6469889283180237 1.269386649131775 0.8931270837783813 -0.002376899356022477 0.4074558913707733 0.19052082300186157
redkitchen/seq-06/frame-000374.color.png -1.0975927114486694 -0.6568175554275513 1.303070306777954 0.8932655453681946 0.005134460516273975 0.40865886211395264 0.1872122883796692
redkitchen/seq-06/frame-000375.color.png -1.0893796682357788 -0.6550374031066895 1.2826108932495117 0.8907508254051208 0.003790240501984954 0.41484248638153076 0.18561887741088867
redkitchen/seq-06/frame-000376.color.png -1.1033134460449219 -0.6670623421669006 1.3187776803970337 0.893668532371521 0.003983459435403347 0.41017845273017883 0.18191780149936676
redkitchen/seq-06/frame-000377.color.png -1.1207760572433472 -0.687474250793457 1.3408714532852173 0.8921394348144531 0.0047790175303816795 0.41359132528305054 0.18167738616466522
redkitchen/seq-06/frame-000378.color.png -1.1193828582763672 -0.7016766667366028 1.3599399328231812 0.8973317742347717 0.01294358167797327 0.40380313992500305 0.1776827722787857
redkitchen/seq-06/frame-000379.color.png -1.1376736164093018 -0.7129660844802856 1.374855637550354 0.900930643081665 0.014557691290974617 0.3982106149196625 0.17187316715717316
redkitchen/seq-06/frame-000380.color.png -1.138517141342163 -0.7093594074249268 1.3536159992218018 0.9026588201522827 0.012780966237187386 0.395246297121048 0.1697767674922943
redkitchen/seq-06/frame-000381.color.png -1.1273870468139648 -0.6875198483467102 1.319178581237793 0.906151533126831 0.01907348446547985 0.3888658285140991 0.16525423526763916
redkitchen/seq-06/frame-000382.color.png -1.118135929107666 -0.6929569244384766 1.2950667142868042 0.9137231111526489 0.02260291762650013 0.37419193983078003 0.15677866339683533
redkitchen/seq-06/frame-000383.color.png -1.1124176979064941 -0.6998941898345947 1.3046835660934448 0.9107438921928406 0.021915562450885773 0.3831387758255005 0.15254457294940948
redkitchen/seq-06/frame-000384.color.png -1.105059027671814 -0.7096574902534485 1.3276838064193726 0.9145534038543701 0.022310428321361542 0.3762560784816742 0.14671704173088074
redkitchen/seq-06/frame-000385.color.png -1.104320764541626 -0.7062250375747681 1.3175592422485352 0.9144874215126038 0.025918202474713326 0.3788183927536011 0.13977773487567902
redkitchen/seq-06/frame-000386.color.png -1.101937174797058 -0.7041857838630676 1.268791675567627 0.917430579662323 0.02221052721142769 0.371844083070755 0.1398565024137497
redkitchen/seq-06/frame-000387.color.png -1.0816867351531982 -0.7020498514175415 1.245292067527771 0.9205408692359924 0.025239845737814903 0.3670252859592438 0.13137704133987427
redkitchen/seq-06/frame-000388.color.png -1.0780620574951172 -0.708243191242218 1.248109221458435 0.9161685705184937 0.019981665536761284 0.3773701786994934 0.1335199475288391
redkitchen/seq-06/frame-000389.color.png -1.0684356689453125 -0.7016723155975342 1.2422105073928833 0.9184841513633728 0.019149381667375565 0.3716135621070862 0.1338788866996765
redkitchen/seq-06/frame-000390.color.png -1.05722177028656 -0.6979588866233826 1.2376724481582642 0.9226694703102112 0.01745971292257309 0.36006298661231995 0.13686075806617737
redkitchen/seq-06/frame-000391.color.png -1.0575944185256958 -0.6853148341178894 1.1963759660720825 0.9282709360122681 0.0218109879642725 0.34694480895996094 0.13216115534305573
redkitchen/seq-06/frame-000392.color.png -1.0425883531570435 -0.6809959411621094 1.184972882270813 0.9316388964653015 0.02525985613465309 0.33994704484939575 0.12588465213775635
redkitchen/seq-06/frame-000393.color.png -1.0283786058425903 -0.6897276639938354 1.1553242206573486 0.9362593293190002 0.0237501859664917 0.3280999958515167 0.12330830097198486
redkitchen/seq-06/frame-000394.color.png -1.0310553312301636 -0.6900254487991333 1.128570795059204 0.9407243132591248 0.019920464605093002 0.31638577580451965 0.12058562785387039
redkitchen/seq-06/frame-000395.color.png -1.0143704414367676 -0.6844561100006104 1.1159679889678955 0.9440797567367554 0.014399058185517788 0.30670592188835144 0.12015582621097565
redkitchen/seq-06/frame-000396.color.png -1.0136688947677612 -0.6620116233825684 1.111519694328308 0.946538507938385 0.017198210582137108 0.30097275972366333 0.11482378095388412
redkitchen/seq-06/frame-000397.color.png -0.9883961081504822 -0.679172694683075 1.097129464149475 0.9536346197128296 0.009903722442686558 0.28290221095085144 0.10222099721431732
redkitchen/seq-06/frame-000398.color.png -0.97222501039505 -0.6921172738075256 1.1002477407455444 0.9565607905387878 0.004017004743218422 0.2744591534137726 0.09822191298007965
redkitchen/seq-06/frame-000399.color.png -0.9558529853820801 -0.6939614415168762 1.069193959236145 0.9589506387710571 -0.006755985785275698 0.2664954960346222 0.09668575972318649
redkitchen/seq-06/frame-000400.color.png -0.9028061032295227 -0.6899669766426086 1.0377949476242065 0.960028886795044 -0.009569458663463593 0.264267235994339 0.09173625707626343
redkitchen/seq-06/frame-000401.color.png -0.8961500525474548 -0.6767765879631042 0.9911211133003235 0.9635005593299866 -0.019874632358551025 0.2528672516345978 0.08561434596776962
redkitchen/seq-06/frame-000402.color.png -0.8712933659553528 -0.6861779689788818 0.9884517788887024 0.9650328755378723 -0.02963891811668873 0.24711157381534576 0.08227292448282242
redkitchen/seq-06/frame-000403.color.png -0.8483835458755493 -0.6973075866699219 0.9734757542610168 0.9679418206214905 -0.04375971853733063 0.23589913547039032 0.07433177530765533
redkitchen/seq-06/frame-000404.color.png -0.864517331123352 -0.6638933420181274 0.9414128661155701 0.9689723253250122 -0.04580160230398178 0.2339082658290863 0.06543449312448502
redkitchen/seq-06/frame-000405.color.png -0.8740160465240479 -0.6460648775100708 0.932290256023407 0.9682466387748718 -0.05302496626973152 0.2385779172182083 0.05260398983955383
redkitchen/seq-06/frame-000406.color.png -0.8893414735794067 -0.6661197543144226 0.8945403695106506 0.9709425568580627 -0.06475778669118881 0.22432416677474976 0.0524933747947216
redkitchen/seq-06/frame-000407.color.png -0.8306212425231934 -0.6883553862571716 0.8769109845161438 0.9718028903007507 -0.07952869683504105 0.21744880080223083 0.04461393877863884
redkitchen/seq-06/frame-000408.color.png -0.7867555618286133 -0.6851909160614014 0.8628474473953247 0.9711690545082092 -0.08498873561620712 0.21979917585849762 0.03599560633301735
redkitchen/seq-06/frame-000409.color.png -0.7613301873207092 -0.6442491412162781 0.8340477347373962 0.9695837497711182 -0.08755823224782944 0.22698958218097687 0.026768390089273453
redkitchen/seq-06/frame-000410.color.png -0.7799825668334961 -0.6157053709030151 0.8217280507087708 0.9701301455497742 -0.09377516061067581 0.22275309264659882 0.02084866538643837
redkitchen/seq-06/frame-000411.color.png -0.7657489776611328 -0.614111602306366 0.8419546484947205 0.9687492251396179 -0.0929720476269722 0.22889645397663116 0.02207872085273266
redkitchen/seq-06/frame-000412.color.png -0.7131343483924866 -0.5955878496170044 0.8194182515144348 0.9678696393966675 -0.09214430302381516 0.23315922915935516 0.019354892894625664
redkitchen/seq-06/frame-000413.color.png -0.6875994801521301 -0.5945849418640137 0.8196983337402344 0.9685925245285034 -0.09413113445043564 0.22939695417881012 0.018569784238934517
redkitchen/seq-06/frame-000414.color.png -0.6847314238548279 -0.5958011150360107 0.8074124455451965 0.9660172462463379 -0.09989795833826065 0.23737198114395142 0.022043179720640182
redkitchen/seq-06/frame-000415.color.png -0.6799861192703247 -0.5862503051757812 0.784772515296936 0.9671538472175598 -0.10541784763336182 0.23025381565093994 0.021993692964315414
redkitchen/seq-06/frame-000416.color.png -0.6768859028816223 -0.5896620154380798 0.7731239199638367 0.9667158722877502 -0.10375186055898666 0.23239216208457947 0.02626182697713375
redkitchen/seq-06/frame-000417.color.png -0.6489384770393372 -0.580434262752533 0.7636680006980896 0.9670615196228027 -0.09396711736917496 0.23572072386741638 0.01994444988667965
redkitchen/seq-06/frame-000418.color.png -0.6029548645019531 -0.5720475316047668 0.7566446661949158 0.9665383696556091 -0.09961820393800735 0.23580247163772583 0.016645090654492378
redkitchen/seq-06/frame-000419.color.png -0.5940976738929749 -0.5742329359054565 0.7413607835769653 0.9669440984725952 -0.10053309798240662 0.23379631340503693 0.01586446724832058
redkitchen/seq-06/frame-000420.color.png -0.5942132472991943 -0.5696573257446289 0.7324364185333252 0.9689088463783264 -0.09611403197050095 0.22695499658584595 0.021659867838025093
redkitchen/seq-06/frame-000421.color.png -0.5755895376205444 -0.5814134478569031 0.7286502122879028 0.9703438878059387 -0.10102954506874084 0.21814556419849396 0.02526732161641121
redkitchen/seq-06/frame-000422.color.png -0.5580649375915527 -0.56075519323349 0.730711817741394 0.9691574573516846 -0.10463371127843857 0.2216155230998993 0.025926202535629272
redkitchen/seq-06/frame-000423.color.png -0.5313829779624939 -0.5687736868858337 0.7201570272445679 0.9661218523979187 -0.10614576935768127 0.2334732562303543 0.02884264662861824
redkitchen/seq-06/frame-000424.color.png -0.5287227034568787 -0.5681483149528503 0.6973457336425781 0.9656583070755005 -0.10249952971935272 0.23691554367542267 0.029474060982465744
redkitchen/seq-06/frame-000425.color.png -0.5074933171272278 -0.5731924772262573 0.6821492910385132 0.9644790291786194 -0.1053965613245964 0.24036413431167603 0.02994617260992527
redkitchen/seq-06/frame-000426.color.png -0.4945966303348541 -0.5702283382415771 0.690043568611145 0.9648259282112122 -0.10591331869363785 0.23882532119750977 0.029250936582684517
redkitchen/seq-06/frame-000427.color.png -0.46485844254493713 -0.5503110885620117 0.6784593462944031 0.9679330587387085 -0.10949904471635818 0.22486454248428345 0.023486658930778503
redkitchen/seq-06/frame-000428.color.png -0.48720476031303406 -0.5501331686973572 0.6497704982757568 0.9697096347808838 -0.10834521800279617 0.21868090331554413 0.010161393322050571
redkitchen/seq-06/frame-000429.color.png -0.45813241600990295 -0.554576575756073 0.6500963568687439 0.9703934192657471 -0.11364712566137314 0.2122591882944107 0.01915683224797249
redkitchen/seq-06/frame-000430.color.png -0.4245719909667969 -0.5568099021911621 0.6540015935897827 0.9691939949989319 -0.11682499945163727 0.2162218987941742 0.016216449439525604
redkitchen/seq-06/frame-000431.color.png -0.4211520850658417 -0.5356428027153015 0.6450979709625244 0.9719129204750061 -0.12187426537275314 0.20128542184829712 0.0040038758888840675
redkitchen/seq-06/frame-000432.color.png -0.4362245500087738 -0.5526143908500671 0.6646603345870972 0.9754939675331116 -0.11412063241004944 0.1881120651960373 0.0013651128392666578
redkitchen/seq-06/frame-000433.color.png -0.4128664433956146 -0.553127110004425 0.6660736203193665 0.9771405458450317 -0.11442404240369797 0.17916040122509003 0.002264187904074788
redkitchen/seq-06/frame-000434.color.png -0.36957237124443054 -0.5348683595657349 0.661449134349823 0.9773270487785339 -0.1219947412610054 0.17293378710746765 0.006565951742231846
redkitchen/seq-06/frame-000435.color.png -0.3402532637119293 -0.5366061925888062 0.6775546073913574 0.9792179465293884 -0.11934014409780502 0.16397714614868164 0.0013519424246624112
redkitchen/seq-06/frame-000436.color.png -0.3292260468006134 -0.5419477224349976 0.693555474281311 0.9787371754646301 -0.12466998398303986 0.16286759078502655 0.002221351722255349
redkitchen/seq-06/frame-000437.color.png -0.3208187222480774 -0.5418655872344971 0.7013945579528809 0.981669545173645 -0.11740412563085556 0.15004776418209076 -0.005165867041796446
redkitchen/seq-06/frame-000438.color.png -0.3185427486896515 -0.540970504283905 0.7190781235694885 0.9832109212875366 -0.10972274094820023 0.14575935900211334 -0.0033631185069680214
redkitchen/seq-06/frame-000439.color.png -0.2936508357524872 -0.5288292765617371 0.7080809473991394 0.9815946221351624 -0.11484747380018234 0.15238967537879944 -0.0077119204215705395
redkitchen/seq-06/frame-000440.color.png -0.2754819691181183 -0.525602400302887 0.6981138586997986 0.9832771420478821 -0.1125851646065712 0.1430807262659073 -0.004291320685297251
redkitchen/seq-06/frame-000441.color.png -0.26294785737991333 -0.5212336778640747 0.6838172674179077 0.984022855758667 -0.10220125317573547 0.14544010162353516 -0.010051853023469448
redkitchen/seq-06/frame-000442.color.png -0.27616509795188904 -0.526358962059021 0.6710138320922852 0.9834911823272705 -0.09547294676303864 0.15318812429904938 -0.012785587459802628
redkitchen/seq-06/frame-000443.color.png -0.26086488366127014 -0.5200411677360535 0.6680466532707214 0.9844803810119629 -0.08851809054613113 0.1504613608121872 -0.018008654937148094
redkitchen/seq-06/frame-000444.color.png -0.24154973030090332 -0.5075123310089111 0.6583205461502075 0.9846791625022888 -0.09266891330480576 0.14657975733280182 -0.01827067881822586
redkitchen/seq-06/frame-000445.color.png -0.2312997281551361 -0.4967636466026306 0.6430572271347046 0.9850239157676697 -0.0939207449555397 0.14311659336090088 -0.02060675621032715
redkitchen/seq-06/frame-000446.color.png -0.19798141717910767 -0.4982801675796509 0.6289629340171814 0.9865999817848206 -0.08509918302297592 0.13720104098320007 -0.02354983426630497
redkitchen/seq-06/frame-000447.color.png -0.16938628256320953 -0.5054896473884583 0.6304084658622742 0.9878570437431335 -0.08952537178993225 0.12320398539304733 -0.030733643099665642
redkitchen/seq-06/frame-000448.color.png -0.16132253408432007 -0.5092796087265015 0.6435086727142334 0.9886360764503479 -0.08559146523475647 0.11922866106033325 -0.03251519799232483
redkitchen/seq-06/frame-000449.color.png -0.14298009872436523 -0.5118111371994019 0.6465567946434021 0.990333616733551 -0.07978522032499313 0.10894699394702911 -0.03168868646025658
redkitchen/seq-06/frame-000450.color.png -0.1005377471446991 -0.4992251992225647 0.660656750202179 0.9916749000549316 -0.07192467898130417 0.10152394324541092 -0.033174846321344376
redkitchen/seq-06/frame-000451.color.png -0.12894995510578156 -0.5102136731147766 0.6480974555015564 0.9929035305976868 -0.06012473627924919 0.09448832273483276 -0.03999524563550949
redkitchen/seq-06/frame-000452.color.png -0.10381767153739929 -0.5063695907592773 0.6650320887565613 0.9932758808135986 -0.057698410004377365 0.08937899023294449 -0.04566534236073494
redkitchen/seq-06/frame-000453.color.png -0.03675028681755066 -0.4986092448234558 0.6530610918998718 0.9933353662490845 -0.06283002346754074 0.0784200057387352 -0.056459035724401474
redkitchen/seq-06/frame-000454.color.png 0.0034732818603515625 -0.49686866998672485 0.6897121071815491 0.9951382279396057 -0.04975207895040512 0.05417809262871742 -0.06549254804849625
redkitchen/seq-06/frame-000455.color.png 0.05777725204825401 -0.5107901692390442 0.6837660670280457 0.9953601956367493 -0.04499531909823418 0.04283972457051277 -0.07347393780946732
redkitchen/seq-06/frame-000456.color.png 0.05777725204825401 -0.5107901692390442 0.6837660670280457 0.9953601956367493 -0.04499531909823418 0.04283972457051277 -0.07347393780946732
redkitchen/seq-06/frame-000457.color.png 0.08281916379928589 -0.48342886567115784 0.6924965381622314 0.9937479496002197 -0.04965629801154137 0.051362477242946625 -0.08579706400632858
redkitchen/seq-06/frame-000458.color.png 0.06105482950806618 -0.4852825999259949 0.6796773672103882 0.9932398200035095 -0.04904809594154358 0.04561654478311539 -0.09480579942464828
redkitchen/seq-06/frame-000459.color.png 0.04350420832633972 -0.48067066073417664 0.7028093338012695 0.993950366973877 -0.039623361080884933 0.013173558749258518 -0.10158396512269974
redkitchen/seq-06/frame-000460.color.png 0.07853512465953827 -0.49695491790771484 0.7048593163490295 0.9922529458999634 -0.03433658927679062 0.017893513664603233 -0.11804605275392532
redkitchen/seq-06/frame-000461.color.png 0.07853512465953827 -0.49695491790771484 0.7048593163490295 0.9922529458999634 -0.03433658927679062 0.017893513664603233 -0.11804605275392532
redkitchen/seq-06/frame-000462.color.png 0.12787537276744843 -0.5036106705665588 0.6838966012001038 0.9907661080360413 -0.031878650188446045 0.0054415930062532425 -0.1316695511341095
redkitchen/seq-06/frame-000463.color.png 0.15667623281478882 -0.48740845918655396 0.6856940388679504 0.9909622669219971 -0.030628319829702377 0.0013735402608290315 -0.13059009611606598
redkitchen/seq-06/frame-000464.color.png 0.14687395095825195 -0.47971007227897644 0.6591210961341858 0.9893442988395691 -0.03245149180293083 -0.00427584070712328 -0.14186781644821167
redkitchen/seq-06/frame-000465.color.png 0.12865452468395233 -0.4728240370750427 0.6813660264015198 0.989963710308075 -0.026640499010682106 -0.0043527549132704735 -0.13871999084949493
redkitchen/seq-06/frame-000466.color.png 0.15232670307159424 -0.4691731631755829 0.7036057710647583 0.990232527256012 -0.024893255904316902 -0.01127018965780735 -0.1367214024066925
redkitchen/seq-06/frame-000467.color.png 0.16630467772483826 -0.4637281000614166 0.6861788630485535 0.9889681935310364 -0.021509667858481407 -0.013352951034903526 -0.14594876766204834
redkitchen/seq-06/frame-000468.color.png 0.16630467772483826 -0.4637281000614166 0.6861788630485535 0.9889681935310364 -0.021509667858481407 -0.013352951034903526 -0.14594876766204834
redkitchen/seq-06/frame-000469.color.png 0.2000742256641388 -0.4554477334022522 0.6836386919021606 0.989210307598114 -0.019047599285840988 -0.026515675708651543 -0.142818421125412
redkitchen/seq-06/frame-000470.color.png 0.18387392163276672 -0.4604615867137909 0.6711242198944092 0.9894897937774658 -0.025891536846756935 -0.0272391177713871 -0.13963420689105988
redkitchen/seq-06/frame-000471.color.png 0.17989547550678253 -0.46741706132888794 0.6760707497596741 0.9896625876426697 -0.019529936835169792 -0.02119128592312336 -0.14048948884010315
redkitchen/seq-06/frame-000472.color.png 0.17989547550678253 -0.46741706132888794 0.6760707497596741 0.9896625876426697 -0.019529936835169792 -0.02119128592312336 -0.14048948884010315
redkitchen/seq-06/frame-000473.color.png 0.2046011984348297 -0.46655288338661194 0.687644362449646 0.9894580245018005 -0.02858678437769413 -0.030689183622598648 -0.138614222407341
redkitchen/seq-06/frame-000474.color.png 0.21104025840759277 -0.4741607904434204 0.6717919707298279 0.9890106320381165 -0.026831617578864098 -0.034115731716156006 -0.14132964611053467
redkitchen/seq-06/frame-000475.color.png 0.20884723961353302 -0.4596726894378662 0.6708479523658752 0.9897434711456299 -0.026372188702225685 -0.040924929082393646 -0.1343034952878952
redkitchen/seq-06/frame-000476.color.png 0.21577179431915283 -0.4532933235168457 0.6784098744392395 0.9897258281707764 -0.02909613586962223 -0.047417812049388885 -0.13171055912971497
redkitchen/seq-06/frame-000477.color.png 0.21577179431915283 -0.4532933235168457 0.6784098744392395 0.9897258281707764 -0.02909613586962223 -0.047417812049388885 -0.13171055912971497
redkitchen/seq-06/frame-000478.color.png 0.24330247938632965 -0.4542796015739441 0.6768120527267456 0.98924320936203 -0.033973004668951035 -0.048749200999736786 -0.13366831839084625
redkitchen/seq-06/frame-000479.color.png 0.2524207830429077 -0.44597792625427246 0.6937441825866699 0.9881723523139954 -0.03253280743956566 -0.04904947802424431 -0.14160171151161194
redkitchen/seq-06/frame-000480.color.png 0.2604076564311981 -0.44541221857070923 0.7105904221534729 0.9894221425056458 -0.032879672944545746 -0.05117584392428398 -0.13169531524181366
redkitchen/seq-06/frame-000481.color.png 0.2604839503765106 -0.43879979848861694 0.725920557975769 0.9901027083396912 -0.0298553928732872 -0.05065681412816048 -0.1274333894252777
redkitchen/seq-06/frame-000482.color.png 0.2604839503765106 -0.43879979848861694 0.725920557975769 0.9901027083396912 -0.0298553928732872 -0.05065681412816048 -0.1274333894252777
redkitchen/seq-06/frame-000483.color.png 0.26580727100372314 -0.4483599364757538 0.7191699743270874 0.9888063669204712 -0.02720881998538971 -0.060375701636075974 -0.1337028592824936
redkitchen/seq-06/frame-000484.color.png 0.2647784352302551 -0.4519314765930176 0.7382622957229614 0.9892301559448242 -0.02811056561768055 -0.046906206756830215 -0.13576893508434296
redkitchen/seq-06/frame-000485.color.png 0.29250290989875793 -0.44759318232536316 0.7451019287109375 0.9886631965637207 -0.030162829905748367 -0.04303587228059769 -0.14065273106098175
redkitchen/seq-06/frame-000486.color.png 0.31099018454551697 -0.4499611556529999 0.7566500306129456 0.9888043999671936 -0.029565609991550446 -0.04692717641592026 -0.13852615654468536
redkitchen/seq-06/frame-000487.color.png 0.31099018454551697 -0.4499611556529999 0.7566500306129456 0.9888043999671936 -0.029565609991550446 -0.04692717641592026 -0.13852615654468536
redkitchen/seq-06/frame-000488.color.png 0.3290105164051056 -0.4673682451248169 0.76683109998703 0.9886660575866699 -0.02714613266289234 -0.05280662328004837 -0.13789068162441254
redkitchen/seq-06/frame-000489.color.png 0.33861157298088074 -0.4605770707130432 0.7457835674285889 0.9890813231468201 -0.024528054520487785 -0.04830024391412735 -0.1370532363653183
redkitchen/seq-06/frame-000490.color.png 0.343213826417923 -0.46400877833366394 0.7760631442070007 0.9877656102180481 -0.02632783353328705 -0.05255385488271713 -0.14444401860237122
redkitchen/seq-06/frame-000491.color.png 0.343213826417923 -0.46400877833366394 0.7760631442070007 0.9877656102180481 -0.02632783353328705 -0.05255385488271713 -0.14444401860237122
redkitchen/seq-06/frame-000492.color.png 0.3657893240451813 -0.46758660674095154 0.770122230052948 0.9874505400657654 -0.014575746841728687 -0.05880085751414299 -0.1458471119403839
redkitchen/seq-06/frame-000493.color.png 0.3698902130126953 -0.4497107267379761 0.7572380304336548 0.9867100715637207 -0.012929529882967472 -0.06054383143782616 -0.15023481845855713
redkitchen/seq-06/frame-000494.color.png 0.37863990664482117 -0.44641774892807007 0.7738800048828125 0.9871705770492554 -0.018697982653975487 -0.05632253736257553 -0.14823022484779358
redkitchen/seq-06/frame-000495.color.png 0.38662055134773254 -0.44735127687454224 0.7683743238449097 0.9861956834793091 -0.015133189037442207 -0.04867599904537201 -0.15754316747188568
redkitchen/seq-06/frame-000496.color.png 0.41104358434677124 -0.452195942401886 0.7645644545555115 0.9852348566055298 -0.013022974133491516 -0.06390215456485748 -0.15830114483833313
redkitchen/seq-06/frame-000497.color.png 0.41475656628608704 -0.4562741816043854 0.7631086111068726 0.9850309491157532 -0.0076678902842104435 -0.06661007553339005 -0.15880243480205536
redkitchen/seq-06/frame-000498.color.png 0.4443507194519043 -0.46137571334838867 0.7773646712303162 0.9851886630058289 -0.004792974330484867 -0.07193857431411743 -0.15557967126369476
redkitchen/seq-06/frame-000499.color.png 0.4443507194519043 -0.46137571334838867 0.7773646712303162 0.9851886630058289 -0.004792974330484867 -0.07193857431411743 -0.15557967126369476
redkitchen/seq-06/frame-000500.color.png 0.45088285207748413 -0.4607906639575958 0.7933053374290466 0.9858748912811279 -0.003207842353731394 -0.08039222657680511 -0.14689265191555023
redkitchen/seq-06/frame-000501.color.png 0.4463809132575989 -0.46338164806365967 0.7844114303588867 0.9850033521652222 -0.002690058434382081 -0.0818806067109108 -0.1518438756465912
redkitchen/seq-06/frame-000502.color.png 0.4741969108581543 -0.4626920223236084 0.769849419593811 0.9865208268165588 -0.0022870111279189587 -0.07768967002630234 -0.14399926364421844
redkitchen/seq-06/frame-000503.color.png 0.4932328164577484 -0.45852652192115784 0.7678951621055603 0.9863707423210144 -0.003650067141279578 -0.07935836911201477 -0.14408975839614868
redkitchen/seq-06/frame-000504.color.png 0.47209301590919495 -0.4663202166557312 0.7808655500411987 0.986128568649292 -0.004516184329986572 -0.07661963999271393 -0.14717067778110504
redkitchen/seq-06/frame-000505.color.png 0.4816572964191437 -0.4696404039859772 0.7872753739356995 0.9858970642089844 -0.004032626282423735 -0.08015134930610657 -0.14685481786727905
redkitchen/seq-06/frame-000506.color.png 0.4816572964191437 -0.4696404039859772 0.7872753739356995 0.9858970642089844 -0.004032626282423735 -0.08015134930610657 -0.14685481786727905
redkitchen/seq-06/frame-000507.color.png 0.5035569071769714 -0.4642038941383362 0.7645946145057678 0.9850707054138184 -0.0012670865980908275 -0.09200028330087662 -0.14549897611141205
redkitchen/seq-06/frame-000508.color.png 0.5499321222305298 -0.45444294810295105 0.7501571774482727 0.986017644405365 -0.004774885717779398 -0.09173952043056488 -0.13903343677520752
redkitchen/seq-06/frame-000509.color.png 0.5745841860771179 -0.47211357951164246 0.7825397849082947 0.9854559302330017 -0.004761712159961462 -0.0906929224729538 -0.14362722635269165
redkitchen/seq-06/frame-000510.color.png 0.6002155542373657 -0.4683081805706024 0.7865327596664429 0.9858377575874329 -0.006409106310456991 -0.08701865375041962 -0.1432150900363922
redkitchen/seq-06/frame-000511.color.png 0.5979334712028503 -0.47177645564079285 0.7837335467338562 0.9857240915298462 -0.005295825656503439 -0.08915545791387558 -0.14272819459438324
redkitchen/seq-06/frame-000512.color.png 0.5979334712028503 -0.47177645564079285 0.7837335467338562 0.9857240915298462 -0.005295825656503439 -0.08915545791387558 -0.14272819459438324
redkitchen/seq-06/frame-000513.color.png 0.6301484107971191 -0.4707202613353729 0.7914703488349915 0.9847683310508728 -0.005965367890894413 -0.10333030670881271 -0.139709010720253
redkitchen/seq-06/frame-000514.color.png 0.6602298617362976 -0.4723109006881714 0.7810332775115967 0.9834313988685608 -0.004817165434360504 -0.11207923293113708 -0.14240014553070068
redkitchen/seq-06/frame-000515.color.png 0.6944449543952942 -0.471111536026001 0.7724626064300537 0.9832756519317627 -0.005984642542898655 -0.11278665065765381 -0.1428716480731964
redkitchen/seq-06/frame-000516.color.png 0.6905821561813354 -0.4774399995803833 0.7618885040283203 0.9826662540435791 -0.0034533280413597822 -0.1045796126127243 -0.15302981436252594
redkitchen/seq-06/frame-000517.color.png 0.6931177973747253 -0.4759267270565033 0.7481377124786377 0.9770728349685669 -0.008676482364535332 -0.13173267245292664 -0.1670318990945816
redkitchen/seq-06/frame-000518.color.png 0.7485780119895935 -0.4531230032444 0.7949135899543762 0.9785255193710327 -0.009279543533921242 -0.12696200609207153 -0.16211797297000885
redkitchen/seq-06/frame-000519.color.png 0.7485780119895935 -0.4531230032444 0.7949135899543762 0.9785255193710327 -0.009279543533921242 -0.12696200609207153 -0.16211797297000885
redkitchen/seq-06/frame-000520.color.png 0.7642930746078491 -0.4359998404979706 0.8256159424781799 0.9779470562934875 -0.008452048525214195 -0.12534210085868835 -0.16684569418430328
redkitchen/seq-06/frame-000521.color.png 0.783699631690979 -0.4418972134590149 0.8292396068572998 0.9757808446884155 -0.01515706442296505 -0.13227234780788422 -0.1735682338476181
redkitchen/seq-06/frame-000522.color.png 0.7975094318389893 -0.4414032995700836 0.8337403535842896 0.9743890166282654 -0.010244485922157764 -0.1356440782546997 -0.17905840277671814
redkitchen/seq-06/frame-000523.color.png 0.7953349947929382 -0.4386252760887146 0.8198533058166504 0.9713630080223083 -0.013595362193882465 -0.14823602139949799 -0.18518978357315063
redkitchen/seq-06/frame-000524.color.png 0.8217383623123169 -0.44291266798973083 0.8361899256706238 0.9716854691505432 -0.009534758515655994 -0.13818387687206268 -0.1914196014404297
redkitchen/seq-06/frame-000525.color.png 0.8117794394493103 -0.457302063703537 0.8321536779403687 0.9711598753929138 -0.0039840699173510075 -0.13451360166072845 -0.19682146608829498
redkitchen/seq-06/frame-000526.color.png 0.8235299587249756 -0.4530527889728546 0.8421380519866943 0.965732753276825 -0.014990163967013359 -0.16083933413028717 -0.20314094424247742
redkitchen/seq-06/frame-000527.color.png 0.8235299587249756 -0.4530527889728546 0.8421380519866943 0.965732753276825 -0.014990163967013359 -0.16083933413028717 -0.20314094424247742
redkitchen/seq-06/frame-000528.color.png 0.8133105635643005 -0.4285600781440735 0.8345596790313721 0.9655075669288635 -0.022956524044275284 -0.1552770435810089 -0.20774315297603607
redkitchen/seq-06/frame-000529.color.png 0.8401477336883545 -0.439911425113678 0.8301604390144348 0.9650471210479736 -0.019617097452282906 -0.15727128088474274 -0.20872251689434052
redkitchen/seq-06/frame-000530.color.png 0.8322669267654419 -0.4535674452781677 0.8385659456253052 0.9670067429542542 -0.016003122553229332 -0.14400066435337067 -0.20953674614429474
redkitchen/seq-06/frame-000531.color.png 0.8472350239753723 -0.4543972313404083 0.8499098420143127 0.9667624831199646 -0.01686737686395645 -0.1458176076412201 -0.20933929085731506
redkitchen/seq-06/frame-000532.color.png 0.841842532157898 -0.4579707384109497 0.8496522903442383 0.9684460163116455 -0.01643243432044983 -0.1333121955394745 -0.209928959608078
redkitchen/seq-06/frame-000533.color.png 0.842345654964447 -0.44288384914398193 0.8564680814743042 0.9690907597541809 -0.019134996458888054 -0.13406316936016083 -0.2062135934829712
redkitchen/seq-06/frame-000534.color.png 0.87405925989151 -0.45137491822242737 0.8409692049026489 0.9685171246528625 -0.021375514566898346 -0.14016853272914886 -0.2046227604150772
redkitchen/seq-06/frame-000535.color.png 0.8888661861419678 -0.4592761695384979 0.8240034580230713 0.9689921736717224 -0.021894045174121857 -0.13393068313598633 -0.20648835599422455
redkitchen/seq-06/frame-000536.color.png 0.9112956523895264 -0.452989399433136 0.846065104007721 0.9673702120780945 -0.02243639901280403 -0.14432230591773987 -0.20703326165676117
redkitchen/seq-06/frame-000537.color.png 0.9318829774856567 -0.4421834945678711 0.8424166440963745 0.9725201725959778 -0.023158760741353035 -0.12092342972755432 -0.19759976863861084
redkitchen/seq-06/frame-000538.color.png 0.9318829774856567 -0.4421834945678711 0.8424166440963745 0.9725201725959778 -0.023158760741353035 -0.12092342972755432 -0.19759976863861084
redkitchen/seq-06/frame-000539.color.png 0.9614433646202087 -0.44631657004356384 0.8572598099708557 0.9697579145431519 -0.029403217136859894 -0.13798820972442627 -0.19915851950645447
redkitchen/seq-06/frame-000540.color.png 0.9571347832679749 -0.44982069730758667 0.8714291453361511 0.9684119820594788 -0.0313245989382267 -0.14976920187473297 -0.19689129292964935
redkitchen/seq-06/frame-000541.color.png 0.9538950324058533 -0.4527294933795929 0.8698409795761108 0.9720683097839355 -0.025701798498630524 -0.12850123643875122 -0.1947048306465149
redkitchen/seq-06/frame-000542.color.png 0.9535815119743347 -0.4348852038383484 0.864685595035553 0.9732964038848877 -0.018930954858660698 -0.10116256028413773 -0.20518775284290314
redkitchen/seq-06/frame-000543.color.png 0.9619444012641907 -0.44975534081459045 0.8720016479492188 0.9728079438209534 -0.016102436929941177 -0.10354898124933243 -0.2065500020980835
redkitchen/seq-06/frame-000544.color.png 0.9767366051673889 -0.4747171700000763 0.8761165142059326 0.9693554639816284 -0.02833043597638607 -0.13796113431453705 -0.20128117501735687
redkitchen/seq-06/frame-000545.color.png 0.9926527142524719 -0.4726305603981018 0.8711156845092773 0.9692069292068481 -0.027357008308172226 -0.14019449055194855 -0.20058661699295044
redkitchen/seq-06/frame-000546.color.png 1.0136772394180298 -0.46876025199890137 0.8744742274284363 0.9690564870834351 -0.028495386242866516 -0.1414523720741272 -0.20027165114879608
redkitchen/seq-06/frame-000547.color.png 1.0210567712783813 -0.44493651390075684 0.8860923647880554 0.9664996862411499 -0.027527756989002228 -0.14557141065597534 -0.20959407091140747
redkitchen/seq-06/frame-000548.color.png 1.0210567712783813 -0.44493651390075684 0.8860923647880554 0.9664996862411499 -0.027527756989002228 -0.14557141065597534 -0.20959407091140747
redkitchen/seq-06/frame-000549.color.png 1.0611754655838013 -0.4382782578468323 0.9060543179512024 0.9690598845481873 -0.02130119502544403 -0.12507811188697815 -0.21171848475933075
redkitchen/seq-06/frame-000550.color.png 1.0616998672485352 -0.4473103880882263 0.9061543345451355 0.9666081070899963 -0.023342858999967575 -0.14115266501903534 -0.21260224282741547
redkitchen/seq-06/frame-000551.color.png 1.068522334098816 -0.45537298917770386 0.9003920555114746 0.9692139029502869 -0.023972418159246445 -0.11746349185705185 -0.21506287157535553
redkitchen/seq-06/frame-000552.color.png 1.075721263885498 -0.4553327262401581 0.8923320174217224 0.9698382616043091 -0.023774404078722 -0.11559049040079117 -0.21327784657478333
redkitchen/seq-06/frame-000553.color.png 1.0783897638320923 -0.46185073256492615 0.8891030550003052 0.9697667360305786 -0.019857292994856834 -0.11478423327207565 -0.21443571150302887
redkitchen/seq-06/frame-000554.color.png 1.068191647529602 -0.4561692178249359 0.887443482875824 0.9715984463691711 -0.016654253005981445 -0.10467352718114853 -0.21157234907150269
redkitchen/seq-06/frame-000555.color.png 1.0946447849273682 -0.4619351625442505 0.8972386717796326 0.9700767397880554 -0.015978721901774406 -0.10404506325721741 -0.21879275143146515
redkitchen/seq-06/frame-000556.color.png 1.1190651655197144 -0.4520733952522278 0.9031195044517517 0.9695010185241699 -0.013763234950602055 -0.11122413724660873 -0.21796239912509918
redkitchen/seq-06/frame-000557.color.png 1.1305733919143677 -0.46289926767349243 0.9209167957305908 0.9702954292297363 -0.01429036259651184 -0.10850947350263596 -0.21575064957141876
redkitchen/seq-06/frame-000558.color.png 1.1283084154129028 -0.474429726600647 0.9170355200767517 0.9692303538322449 -0.012693261727690697 -0.11408153921365738 -0.21775378286838531
redkitchen/seq-06/frame-000559.color.png 1.1650620698928833 -0.4759911000728607 0.9377912282943726 0.9712218046188354 -0.012062245048582554 -0.10682995617389679 -0.2125321924686432
redkitchen/seq-06/frame-000560.color.png 1.177528977394104 -0.4773031771183014 0.9363364577293396 0.9722961783409119 -0.009939736686646938 -0.1070236936211586 -0.2075745016336441
redkitchen/seq-06/frame-000561.color.png 1.189083218574524 -0.49061083793640137 0.9425767064094543 0.9728622436523438 -0.008768508210778236 -0.09777101129293442 -0.2095307558774948
redkitchen/seq-06/frame-000562.color.png 1.189083218574524 -0.49061083793640137 0.9425767064094543 0.9728622436523438 -0.008768508210778236 -0.09777101129293442 -0.2095307558774948
redkitchen/seq-06/frame-000563.color.png 1.213223934173584 -0.49783045053482056 0.9594918489456177 0.9739426970481873 -0.006224937736988068 -0.09816040843725204 -0.2043561041355133
redkitchen/seq-06/frame-000564.color.png 1.216564416885376 -0.498870313167572 0.9634640216827393 0.973118782043457 -0.0029954123310744762 -0.11251776665449142 -0.20092378556728363
redkitchen/seq-06/frame-000565.color.png 1.2528549432754517 -0.5051234364509583 0.97811359167099 0.973950207233429 -0.0011790792923420668 -0.09811270982027054 -0.20443449914455414
redkitchen/seq-06/frame-000566.color.png 1.254621982574463 -0.4847094714641571 0.981182873249054 0.9759104251861572 -0.0023210744839161634 -0.08715996146202087 -0.19999124109745026
redkitchen/seq-06/frame-000567.color.png 1.2534754276275635 -0.4781736433506012 0.9901767373085022 0.9743006229400635 -0.009792270138859749 -0.1094275563955307 -0.19664143025875092
redkitchen/seq-06/frame-000568.color.png 1.2736750841140747 -0.4867740869522095 1.0082255601882935 0.9715541005134583 -0.013933059759438038 -0.12816143035888672 -0.19865304231643677
redkitchen/seq-06/frame-000569.color.png 1.2702958583831787 -0.48284727334976196 0.9940428137779236 0.9701655507087708 -0.02212665043771267 -0.1388903558254242 -0.1974809169769287
redkitchen/seq-06/frame-000570.color.png 1.293177604675293 -0.4826917052268982 1.0073529481887817 0.9695510864257812 -0.02154276892542839 -0.14224115014076233 -0.1981768161058426
redkitchen/seq-06/frame-000571.color.png 1.2835057973861694 -0.48311030864715576 0.997035562992096 0.9678584933280945 -0.025362733751535416 -0.15149520337581635 -0.19913750886917114
redkitchen/seq-06/frame-000572.color.png 1.306562900543213 -0.4775599241256714 0.9931722283363342 0.966964840888977 -0.025561682879924774 -0.15814518928527832 -0.19828170537948608
redkitchen/seq-06/frame-000573.color.png 1.3066747188568115 -0.47628191113471985 1.0027375221252441 0.9668087959289551 -0.0219862200319767 -0.16041767597198486 -0.19764532148838043
redkitchen/seq-06/frame-000574.color.png 1.3115071058273315 -0.46866875886917114 0.9960877299308777 0.9667636156082153 -0.016705038025975227 -0.15457487106323242 -0.2029663771390915
redkitchen/seq-06/frame-000575.color.png 1.3246359825134277 -0.467813104391098 0.9941292405128479 0.9703481197357178 -0.00689186155796051 -0.13129770755767822 -0.20282475650310516
redkitchen/seq-06/frame-000576.color.png 1.3294801712036133 -0.4738672077655792 1.0038491487503052 0.9676326513290405 -0.01299975160509348 -0.15091779828071594 -0.20184622704982758
redkitchen/seq-06/frame-000577.color.png 1.341270923614502 -0.480506032705307 1.0037853717803955 0.9618959426879883 -0.020809978246688843 -0.17949287593364716 -0.20519587397575378
redkitchen/seq-06/frame-000578.color.png 1.3260329961776733 -0.4754297137260437 0.9784674644470215 0.9617898464202881 -0.025506233796477318 -0.17440097033977509 -0.2095087617635727
redkitchen/seq-06/frame-000579.color.png 1.3481907844543457 -0.4717743396759033 0.9704636931419373 0.9585047960281372 -0.03148139268159866 -0.18522119522094727 -0.21440757811069489
redkitchen/seq-06/frame-000580.color.png 1.3707826137542725 -0.4689469337463379 0.9866530299186707 0.9581611752510071 -0.02855752967298031 -0.18816518783569336 -0.21378843486309052
redkitchen/seq-06/frame-000581.color.png 1.3880869150161743 -0.46899646520614624 0.9945998787879944 0.9572919607162476 -0.02764642797410488 -0.19617506861686707 -0.21057824790477753
redkitchen/seq-06/frame-000582.color.png 1.3854544162750244 -0.4630175530910492 0.9826008081436157 0.9595368504524231 -0.021464712917804718 -0.18424056470394135 -0.211857870221138
redkitchen/seq-06/frame-000583.color.png 1.3380218744277954 -0.4749879240989685 0.9876105189323425 0.9588121175765991 -0.019329076632857323 -0.18219876289367676 -0.21704716980457306
redkitchen/seq-06/frame-000584.color.png 1.320719838142395 -0.5009390115737915 1.0047951936721802 0.9591456651687622 -0.012781488709151745 -0.16945421695709229 -0.2261890023946762
redkitchen/seq-06/frame-000585.color.png 1.302024483680725 -0.5181660652160645 1.0186444520950317 0.9575785398483276 -0.006220543757081032 -0.1774502992630005 -0.22697117924690247
redkitchen/seq-06/frame-000586.color.png 1.3160991668701172 -0.5141161680221558 1.0279759168624878 0.954738199710846 -0.00746067613363266 -0.18484672904014587 -0.23291854560375214
redkitchen/seq-06/frame-000587.color.png 1.3197358846664429 -0.516082227230072 1.056181788444519 0.9525001049041748 -0.005587458144873381 -0.1876136064529419 -0.23981954157352448
redkitchen/seq-06/frame-000588.color.png 1.3259049654006958 -0.5208839774131775 1.062371015548706 0.9471177458763123 -0.009697926230728626 -0.20986312627792358 -0.24255187809467316
redkitchen/seq-06/frame-000589.color.png 1.3719531297683716 -0.5339263677597046 1.067738652229309 0.9364896416664124 -0.018857110291719437 -0.2518378496170044 -0.2433294802904129
redkitchen/seq-06/frame-000590.color.png 1.323177695274353 -0.5274965167045593 1.0286285877227783 0.9369162917137146 -0.003958011046051979 -0.23686747252941132 -0.2570330500602722
redkitchen/seq-06/frame-000591.color.png 1.2802348136901855 -0.5370779037475586 1.0537068843841553 0.925116777420044 -0.010930457152426243 -0.2771315276622772 -0.2593021094799042
redkitchen/seq-06/frame-000592.color.png 1.2917637825012207 -0.5585659742355347 1.0431855916976929 0.9171117544174194 -0.01758531853556633 -0.30319157242774963 -0.2582082748413086
redkitchen/seq-06/frame-000593.color.png 1.2869842052459717 -0.55560302734375 1.0223201513290405 0.9019896984100342 -0.013891709968447685 -0.33686286211013794 -0.2697129249572754
redkitchen/seq-06/frame-000594.color.png 1.2866978645324707 -0.546518862247467 1.0333327054977417 0.8946990966796875 -0.0071295141242444515 -0.358494371175766 -0.26635444164276123
redkitchen/seq-06/frame-000595.color.png 1.2928435802459717 -0.5551217794418335 1.0599064826965332 0.8950033783912659 -0.0055761272087693214 -0.3484905958175659 -0.2783743441104889
redkitchen/seq-06/frame-000596.color.png 1.2944257259368896 -0.532802164554596 1.0581732988357544 0.8803275227546692 -0.010063521564006805 -0.37827882170677185 -0.2860546112060547
redkitchen/seq-06/frame-000597.color.png 1.2756139039993286 -0.5225516557693481 1.0780104398727417 0.8791652917861938 -0.010140394791960716 -0.373805433511734 -0.29535624384880066
redkitchen/seq-06/frame-000598.color.png 1.276841163635254 -0.5087410807609558 1.100807547569275 0.8690173625946045 -0.00842991378158331 -0.40544965863227844 -0.2834576368331909
redkitchen/seq-06/frame-000599.color.png 1.2669179439544678 -0.5272307395935059 1.1038674116134644 0.8621450662612915 -0.0060561057180166245 -0.41986721754074097 -0.2835148870944977
redkitchen/seq-06/frame-000600.color.png 1.2778534889221191 -0.537234365940094 1.098409652709961 0.8556155562400818 0.0005616546841338277 -0.4281330704689026 -0.2909015417098999
redkitchen/seq-06/frame-000601.color.png 1.2893245220184326 -0.5230932831764221 1.1258517503738403 0.856224000453949 -0.013428093865513802 -0.427755206823349 -0.28935396671295166
redkitchen/seq-06/frame-000602.color.png 1.296857476234436 -0.5158562064170837 1.169130563735962 0.8509631156921387 -0.001141414395533502 -0.43507352471351624 -0.29423031210899353
redkitchen/seq-06/frame-000603.color.png 1.3289822340011597 -0.5246301889419556 1.1731584072113037 0.8489512205123901 -0.020603956654667854 -0.4339423179626465 -0.3009175956249237
redkitchen/seq-06/frame-000604.color.png 1.3386234045028687 -0.5536796450614929 1.1620291471481323 0.8519728779792786 0.01648937538266182 -0.4384179413318634 -0.2857622802257538
redkitchen/seq-06/frame-000605.color.png 1.3222668170928955 -0.5379570126533508 1.1725761890411377 0.8566651940345764 0.014712280593812466 -0.43144866824150085 -0.28241872787475586
redkitchen/seq-06/frame-000606.color.png 1.2995219230651855 -0.52174311876297 1.1442590951919556 0.8604132533073425 0.03291048854589462 -0.4271756112575531 -0.27591145038604736
redkitchen/seq-06/frame-000607.color.png 1.298662543296814 -0.517471432685852 1.1462225914001465 0.8595017194747925 0.035795483738183975 -0.42977210879325867 -0.27435609698295593
redkitchen/seq-06/frame-000608.color.png 1.2654896974563599 -0.5138722658157349 1.148659110069275 0.864820122718811 0.03275509551167488 -0.4225267171859741 -0.26922887563705444
redkitchen/seq-06/frame-000609.color.png 1.2674864530563354 -0.5080130696296692 1.1847624778747559 0.8608880043029785 0.06628002226352692 -0.4299921691417694 -0.26379066705703735
redkitchen/seq-06/frame-000610.color.png 1.2630548477172852 -0.5156509876251221 1.20674729347229 0.8557043671607971 0.06496504694223404 -0.4448542892932892 -0.25623074173927307
redkitchen/seq-06/frame-000611.color.png 1.2131160497665405 -0.5232676863670349 1.156054973602295 0.8562649488449097 0.07927408814430237 -0.4439571499824524 -0.25184884667396545
redkitchen/seq-06/frame-000612.color.png 1.2290520668029785 -0.5384379625320435 1.1736685037612915 0.8484487533569336 0.0846109464764595 -0.45937588810920715 -0.24889656901359558
redkitchen/seq-06/frame-000613.color.png 1.225920557975769 -0.5029202699661255 1.1773960590362549 0.8521453738212585 0.07984787970781326 -0.44954726099967957 -0.25569483637809753
redkitchen/seq-06/frame-000614.color.png 1.2282540798187256 -0.5135814547538757 1.2286025285720825 0.8430137038230896 0.08518568426370621 -0.46894049644470215 -0.24933107197284698
redkitchen/seq-06/frame-000615.color.png 1.2268980741500854 -0.505287766456604 1.2185088396072388 0.8438990116119385 0.09253975749015808 -0.4670458734035492 -0.2472628951072693
redkitchen/seq-06/frame-000616.color.png 1.1995012760162354 -0.5232889652252197 1.183226227760315 0.8418236374855042 0.1031774953007698 -0.4673476219177246 -0.24954693019390106
redkitchen/seq-06/frame-000617.color.png 1.1674124002456665 -0.5406545400619507 1.203852891921997 0.8420019745826721 0.10452393442392349 -0.47462520003318787 -0.23417547345161438
redkitchen/seq-06/frame-000618.color.png 1.1577471494674683 -0.5220001339912415 1.217181921005249 0.8357270956039429 0.11475671827793121 -0.48215368390083313 -0.23647139966487885
redkitchen/seq-06/frame-000619.color.png 1.1250113248825073 -0.49862319231033325 1.1909464597702026 0.8434531688690186 0.10488762706518173 -0.473747193813324 -0.23053987324237823
redkitchen/seq-06/frame-000620.color.png 1.052575945854187 -0.5181151628494263 1.1565178632736206 0.8334743976593018 0.12380712479352951 -0.49017205834388733 -0.22298817336559296
redkitchen/seq-06/frame-000621.color.png 1.0454378128051758 -0.5370481610298157 1.198989748954773 0.8395803570747375 0.12261785566806793 -0.4809165298938751 -0.22088214755058289
redkitchen/seq-06/frame-000622.color.png 0.9967538714408875 -0.5353874564170837 1.2109706401824951 0.8413790464401245 0.12229055166244507 -0.4801768660545349 -0.21576929092407227
redkitchen/seq-06/frame-000623.color.png 0.9072412848472595 -0.5334751605987549 1.2234739065170288 0.8400521278381348 0.11903664469718933 -0.481743186712265 -0.21924015879631042
redkitchen/seq-06/frame-000624.color.png 0.862614095211029 -0.5203298926353455 1.2197457551956177 0.8452491164207458 0.1261175274848938 -0.4755881428718567 -0.20848099887371063
redkitchen/seq-06/frame-000625.color.png 0.8331934809684753 -0.50693279504776 1.2150180339813232 0.842718243598938 0.12444799393415451 -0.4831867218017578 -0.20216163992881775
redkitchen/seq-06/frame-000626.color.png 0.7555539011955261 -0.5113047361373901 1.2077258825302124 0.8382606506347656 0.12125613540410995 -0.4934161305427551 -0.19788047671318054
redkitchen/seq-06/frame-000627.color.png 0.7523801326751709 -0.5057181119918823 1.1814970970153809 0.8458001017570496 0.11711101979017258 -0.4824182987213135 -0.19539663195610046
redkitchen/seq-06/frame-000628.color.png 0.6733223795890808 -0.524257242679596 1.2244293689727783 0.8468051552772522 0.1288301646709442 -0.4793156683444977 -0.19125954806804657
redkitchen/seq-06/frame-000629.color.png 0.6863927841186523 -0.5179086327552795 1.2526898384094238 0.8390708565711975 0.1291511356830597 -0.4917513132095337 -0.1935478150844574
redkitchen/seq-06/frame-000630.color.png 0.6351533532142639 -0.5224472880363464 1.2276655435562134 0.8324877023696899 0.13103218376636505 -0.5028493404388428 -0.1921911984682083
redkitchen/seq-06/frame-000631.color.png 0.6141930222511292 -0.5267961621284485 1.2331727743148804 0.8366963267326355 0.13434746861457825 -0.49667057394981384 -0.1876389980316162
redkitchen/seq-06/frame-000632.color.png 0.604154646396637 -0.5303307175636292 1.223304033279419 0.8386773467063904 0.13415496051311493 -0.4935106337070465 -0.18726953864097595
redkitchen/seq-06/frame-000633.color.png 0.5951257944107056 -0.5266010761260986 1.2286391258239746 0.8465457558631897 0.13357828557491302 -0.479760080575943 -0.18800896406173706
redkitchen/seq-06/frame-000634.color.png 0.5738080143928528 -0.5252204537391663 1.2326604127883911 0.8368679285049438 0.13693039119243622 -0.4955385625362396 -0.1879991888999939
redkitchen/seq-06/frame-000635.color.png 0.551669180393219 -0.5232893824577332 1.2281266450881958 0.832016110420227 0.13756579160690308 -0.5023937225341797 -0.19085484743118286
redkitchen/seq-06/frame-000636.color.png 0.5421066284179688 -0.5373338460922241 1.2242511510849 0.824581503868103 0.1390906721353531 -0.5155896544456482 -0.18677876889705658
redkitchen/seq-06/frame-000637.color.png 0.5294072031974792 -0.5362895131111145 1.2238503694534302 0.8284748196601868 0.1395874172449112 -0.5086223483085632 -0.18827663362026215
redkitchen/seq-06/frame-000638.color.png 0.5093105435371399 -0.5258865356445312 1.2006596326828003 0.8232030272483826 0.13888300955295563 -0.5188571810722351 -0.1839447021484375
redkitchen/seq-06/frame-000639.color.png 0.48979106545448303 -0.5235364437103271 1.1955790519714355 0.8222137093544006 0.13923965394496918 -0.519088089466095 -0.1874150186777115
redkitchen/seq-06/frame-000640.color.png 0.4855862259864807 -0.5298348665237427 1.196617841720581 0.8224397897720337 0.1340237706899643 -0.519824206829071 -0.18818382918834686
redkitchen/seq-06/frame-000641.color.png 0.4833054840564728 -0.5334904193878174 1.2124714851379395 0.8302540183067322 0.13785649836063385 -0.5083245635032654 -0.1824282854795456
redkitchen/seq-06/frame-000642.color.png 0.5009596943855286 -0.5344423651695251 1.2054405212402344 0.8239294290542603 0.13171344995498657 -0.5203734040260315 -0.18166832625865936
redkitchen/seq-06/frame-000643.color.png 0.4821787178516388 -0.5295265913009644 1.1844429969787598 0.8124393820762634 0.12224166840314865 -0.5380043983459473 -0.18854860961437225
redkitchen/seq-06/frame-000644.color.png 0.47774508595466614 -0.5131325125694275 1.1872197389602661 0.8267678022384644 0.11855548620223999 -0.5194597244262695 -0.1804468333721161
redkitchen/seq-06/frame-000645.color.png 0.4799553453922272 -0.5302571654319763 1.2146306037902832 0.8160336017608643 0.11782088875770569 -0.5351032018661499 -0.1840435415506363
redkitchen/seq-06/frame-000646.color.png 0.4716213047504425 -0.5252841711044312 1.1954457759857178 0.8209048509597778 0.11152980476617813 -0.529924750328064 -0.18126244843006134
redkitchen/seq-06/frame-000647.color.png 0.47088125348091125 -0.5315918326377869 1.2043333053588867 0.8205836415290833 0.11023693531751633 -0.5309798717498779 -0.18041794002056122
redkitchen/seq-06/frame-000648.color.png 0.4779200851917267 -0.520783007144928 1.2007865905761719 0.8241674304008484 0.10934799164533615 -0.5269420146942139 -0.176417276263237
redkitchen/seq-06/frame-000649.color.png 0.4603627324104309 -0.5200273394584656 1.1764874458312988 0.8255534768104553 0.10740870982408524 -0.5250661969184875 -0.1767212301492691
redkitchen/seq-06/frame-000650.color.png 0.43524041771888733 -0.5170722007751465 1.1587992906570435 0.827053964138031 0.10246911644935608 -0.5246911644935608 -0.1737270951271057
redkitchen/seq-06/frame-000651.color.png 0.43853357434272766 -0.5175790786743164 1.1749942302703857 0.8330338597297668 0.10368629544973373 -0.5144733190536499 -0.17498835921287537
redkitchen/seq-06/frame-000652.color.png 0.445227712392807 -0.5074487924575806 1.164103627204895 0.8351253271102905 0.10254660993814468 -0.5113303065299988 -0.17490282654762268
redkitchen/seq-06/frame-000653.color.png 0.4427925646305084 -0.513714075088501 1.1768860816955566 0.8319960236549377 0.10164420306682587 -0.5167475938796997 -0.17442187666893005
redkitchen/seq-06/frame-000654.color.png 0.43944811820983887 -0.5199952125549316 1.1724722385406494 0.8345865607261658 0.09895680844783783 -0.5122669339179993 -0.17679180204868317
redkitchen/seq-06/frame-000655.color.png 0.41497841477394104 -0.5077590942382812 1.1353143453598022 0.8318997025489807 0.09864161163568497 -0.5175292491912842 -0.17428725957870483
redkitchen/seq-06/frame-000656.color.png 0.42801910638809204 -0.5132341384887695 1.154650092124939 0.8343595266342163 0.10088673233985901 -0.516049861907959 -0.16540466248989105
redkitchen/seq-06/frame-000657.color.png 0.4271185100078583 -0.509657621383667 1.1428394317626953 0.8325795531272888 0.10509907454252243 -0.518744170665741 -0.1633097231388092
redkitchen/seq-06/frame-000658.color.png 0.38791951537132263 -0.49708807468414307 1.1011837720870972 0.8340199589729309 0.10015850514173508 -0.520720899105072 -0.15240974724292755
redkitchen/seq-06/frame-000659.color.png 0.3989291489124298 -0.5034216046333313 1.1297886371612549 0.835297167301178 0.1014324277639389 -0.5186949372291565 -0.15147817134857178
redkitchen/seq-06/frame-000660.color.png 0.3837740421295166 -0.500671923160553 1.0971193313598633 0.8283993601799011 0.09859312325716019 -0.5307967662811279 -0.14929421246051788
redkitchen/seq-06/frame-000661.color.png 0.37609755992889404 -0.4892222285270691 1.0857685804367065 0.839703381061554 0.09492897242307663 -0.5146701335906982 -0.14491961896419525
redkitchen/seq-06/frame-000662.color.png 0.3654295802116394 -0.4809739291667938 1.0872814655303955 0.8446102142333984 0.09651684015989304 -0.5068889260292053 -0.14276383817195892
redkitchen/seq-06/frame-000663.color.png 0.3649712800979614 -0.4935237765312195 1.1117732524871826 0.8481578230857849 0.0940123200416565 -0.5011175870895386 -0.14377394318580627
redkitchen/seq-06/frame-000664.color.png 0.35491523146629333 -0.4805297255516052 1.121214747428894 0.8559235334396362 0.08815024793148041 -0.49106043577194214 -0.13595624268054962
redkitchen/seq-06/frame-000665.color.png 0.34017881751060486 -0.48885148763656616 1.1222513914108276 0.8645740151405334 0.08876769244670868 -0.47935768961906433 -0.1218537911772728
redkitchen/seq-06/frame-000666.color.png 0.32511547207832336 -0.48302772641181946 1.1305679082870483 0.869086742401123 0.08734507858753204 -0.47171512246131897 -0.12059728801250458
redkitchen/seq-06/frame-000667.color.png 0.3143700063228607 -0.4784160256385803 1.1149848699569702 0.874215841293335 0.08356768637895584 -0.4631679952144623 -0.11932530999183655
redkitchen/seq-06/frame-000668.color.png 0.2993049621582031 -0.4735609292984009 1.1199580430984497 0.8689338564872742 0.0875621885061264 -0.4725925326347351 -0.1180814653635025
redkitchen/seq-06/frame-000669.color.png 0.2885287404060364 -0.47941315174102783 1.1158442497253418 0.866127610206604 0.08334646373987198 -0.47888603806495667 -0.11638199537992477
redkitchen/seq-06/frame-000670.color.png 0.2626996338367462 -0.466645747423172 1.1055645942687988 0.8710474371910095 0.0847184956073761 -0.46916714310646057 -0.11824270337820053
redkitchen/seq-06/frame-000671.color.png 0.2543356120586395 -0.46029573678970337 1.0891326665878296 0.8712204694747925 0.0884937196969986 -0.4677909016609192 -0.11964691430330276
redkitchen/seq-06/frame-000672.color.png 0.256090372800827 -0.4686518609523773 1.101440191268921 0.8641554117202759 0.08245720714330673 -0.48278719186782837 -0.11555460095405579
redkitchen/seq-06/frame-000673.color.png 0.2269572615623474 -0.44885969161987305 1.0870654582977295 0.8554133772850037 0.08526396006345749 -0.49660786986351013 -0.11991062760353088
redkitchen/seq-06/frame-000674.color.png 0.1995599865913391 -0.43422192335128784 1.0533751249313354 0.8527466058731079 0.08414866030216217 -0.5007098913192749 -0.12260428071022034
redkitchen/seq-06/frame-000675.color.png 0.21972177922725677 -0.4320225417613983 1.05653977394104 0.8513170480728149 0.08526713401079178 -0.5038703083992004 -0.11875800043344498
redkitchen/seq-06/frame-000676.color.png 0.26378166675567627 -0.4351809620857239 1.0733562707901 0.8532388210296631 0.0879882201552391 -0.5012944340705872 -0.11377853900194168
redkitchen/seq-06/frame-000677.color.png 0.2541749179363251 -0.4399600923061371 1.0866376161575317 0.8556807041168213 0.08725609630346298 -0.49860864877700806 -0.1076398491859436
redkitchen/seq-06/frame-000678.color.png 0.20767349004745483 -0.4285312592983246 1.0554109811782837 0.8512792587280273 0.0830259695649147 -0.5060480833053589 -0.11111021041870117
redkitchen/seq-06/frame-000679.color.png 0.18595650792121887 -0.4420417845249176 1.0610724687576294 0.8536454439163208 0.08760252594947815 -0.5015247464179993 -0.10994672775268555
redkitchen/seq-06/frame-000680.color.png 0.1344149261713028 -0.4338721036911011 1.0495189428329468 0.8714720010757446 0.09579459577798843 -0.4716600775718689 -0.0943220853805542
redkitchen/seq-06/frame-000681.color.png 0.10124862194061279 -0.4175844192504883 1.0323880910873413 0.8781408071517944 0.09407516568899155 -0.45985451340675354 -0.09247913956642151
redkitchen/seq-06/frame-000682.color.png 0.10064190626144409 -0.412227064371109 1.020172119140625 0.8803538084030151 0.09604144841432571 -0.4570615291595459 -0.08275268971920013
redkitchen/seq-06/frame-000683.color.png 0.11350148916244507 -0.41185200214385986 1.0219061374664307 0.8806756138801575 0.10025789588689804 -0.45440739393234253 -0.08872896432876587
redkitchen/seq-06/frame-000684.color.png 0.1413974165916443 -0.4248203933238983 1.0427254438400269 0.8865587711334229 0.1052260547876358 -0.4432002305984497 -0.08071345835924149
redkitchen/seq-06/frame-000685.color.png 0.1164337694644928 -0.4172224700450897 1.028014063835144 0.8886038064956665 0.10845844447612762 -0.43779078125953674 -0.0834214985370636
redkitchen/seq-06/frame-000686.color.png 0.10949654877185822 -0.41002556681632996 1.0244832038879395 0.8849237561225891 0.10687202960252762 -0.44456517696380615 -0.08860146999359131
redkitchen/seq-06/frame-000687.color.png 0.0975579172372818 -0.403624027967453 1.00447678565979 0.8905381560325623 0.10956158488988876 -0.43394559621810913 -0.08142096549272537
redkitchen/seq-06/frame-000688.color.png 0.1013215035200119 -0.40126365423202515 1.0016940832138062 0.880017101764679 0.10608914494514465 -0.4552137851715088 -0.08423430472612381
redkitchen/seq-06/frame-000689.color.png 0.089827761054039 -0.4021490514278412 0.9923945069313049 0.8791816830635071 0.10923336446285248 -0.45655956864356995 -0.08161444216966629
redkitchen/seq-06/frame-000690.color.png 0.03045269474387169 -0.3868856430053711 0.9630693793296814 0.8893684148788452 0.10824616998434067 -0.4366632401943207 -0.08143692463636398
redkitchen/seq-06/frame-000691.color.png 0.05300707742571831 -0.40558668971061707 0.992095410823822 0.8915754556655884 0.11047955602407455 -0.43112170696258545 -0.083794504404068
redkitchen/seq-06/frame-000692.color.png 0.02724134549498558 -0.38101428747177124 0.9561075568199158 0.8881149291992188 0.10846041887998581 -0.4375157356262207 -0.08982369303703308
redkitchen/seq-06/frame-000693.color.png 0.08452348411083221 -0.3878782093524933 0.9589107632637024 0.8924587368965149 0.10508596152067184 -0.4306679666042328 -0.0836610496044159
redkitchen/seq-06/frame-000694.color.png 0.11568884551525116 -0.3839223086833954 0.9538176655769348 0.8967872262001038 0.09581521898508072 -0.42383280396461487 -0.08341407030820847
redkitchen/seq-06/frame-000695.color.png 0.10224892199039459 -0.3670490086078644 0.9221495985984802 0.9070888161659241 0.09370675683021545 -0.400746613740921 -0.08837882429361343
redkitchen/seq-06/frame-000696.color.png 0.07398936152458191 -0.36207491159439087 0.9256514310836792 0.904249370098114 0.09522035717964172 -0.4071667492389679 -0.08649560064077377
redkitchen/seq-06/frame-000697.color.png 0.034820977598428726 -0.35271212458610535 0.9225899577140808 0.9187211990356445 0.09574119746685028 -0.3759267330169678 -0.07391819357872009
redkitchen/seq-06/frame-000698.color.png 0.0342247374355793 -0.3658985197544098 0.9513739943504333 0.9186644554138184 0.09769069403409958 -0.3746631443500519 -0.078355573117733
redkitchen/seq-06/frame-000699.color.png -0.008182741701602936 -0.3468537926673889 0.9192411303520203 0.9259819984436035 0.10124053806066513 -0.3559644818305969 -0.07481318712234497
redkitchen/seq-06/frame-000700.color.png -3.958120942115784e-05 -0.34497275948524475 0.9113581776618958 0.9308243989944458 0.10285628587007523 -0.34228628873825073 -0.07633177191019058
redkitchen/seq-06/frame-000701.color.png -0.010135721415281296 -0.3344777226448059 0.9024859666824341 0.9280369877815247 0.10025474429130554 -0.3511606752872467 -0.07336623221635818
redkitchen/seq-06/frame-000702.color.png -0.02469557896256447 -0.34144142270088196 0.9043125510215759 0.9310891032218933 0.09872710704803467 -0.34285277128219604 -0.0760115385055542
redkitchen/seq-06/frame-000703.color.png -0.051332276314496994 -0.32770591974258423 0.8899667859077454 0.9301730990409851 0.0995463877916336 -0.3447715938091278 -0.07746607810258865
redkitchen/seq-06/frame-000704.color.png -0.026171524077653885 -0.32812201976776123 0.8890325427055359 0.9347783327102661 0.0975850522518158 -0.3337465226650238 -0.07266096770763397
redkitchen/seq-06/frame-000705.color.png -0.030735351145267487 -0.33876410126686096 0.9047240614891052 0.938171923160553 0.10110093653202057 -0.32333728671073914 -0.07116925716400146
redkitchen/seq-06/frame-000706.color.png -0.04301276430487633 -0.34302324056625366 0.9131053686141968 0.9367905855178833 0.1055532768368721 -0.3252820372581482 -0.07398227602243423
redkitchen/seq-06/frame-000707.color.png -0.06141382083296776 -0.34002524614334106 0.8936154842376709 0.9375007748603821 0.10332969576120377 -0.32463929057121277 -0.07088274508714676
redkitchen/seq-06/frame-000708.color.png -0.061363670974969864 -0.33736103773117065 0.8959107398986816 0.9414107799530029 0.10840945690870285 -0.3110487163066864 -0.07240144908428192
redkitchen/seq-06/frame-000709.color.png -0.058027636259794235 -0.32900094985961914 0.8928219676017761 0.9437694549560547 0.10555195808410645 -0.3050400912761688 -0.07147356867790222
redkitchen/seq-06/frame-000710.color.png -0.06999514997005463 -0.3180050849914551 0.8783842325210571 0.9426965117454529 0.09746727347373962 -0.3105201721191406 -0.07348795235157013
redkitchen/seq-06/frame-000711.color.png -0.06788483262062073 -0.3248269855976105 0.8589483499526978 0.9442314505577087 0.09888732433319092 -0.3065565228462219 -0.06834738701581955
redkitchen/seq-06/frame-000712.color.png -0.1342824399471283 -0.32425129413604736 0.8627081513404846 0.939112663269043 0.09605497121810913 -0.32257214188575745 -0.06919626891613007
redkitchen/seq-06/frame-000713.color.png -0.15483888983726501 -0.3234913945198059 0.8503987789154053 0.936447024345398 0.09751643985509872 -0.3297182619571686 -0.06959357112646103
redkitchen/seq-06/frame-000714.color.png -0.12852159142494202 -0.3317461609840393 0.8675730228424072 0.9416412711143494 0.09224063903093338 -0.31648850440979004 -0.06810525059700012
redkitchen/seq-06/frame-000715.color.png -0.17339378595352173 -0.33175620436668396 0.8592875599861145 0.942021906375885 0.09309733659029007 -0.31487390398979187 -0.06915300339460373
redkitchen/seq-06/frame-000716.color.png -0.19458739459514618 -0.32462388277053833 0.8414878249168396 0.9397667646408081 0.09666602313518524 -0.32129397988319397 -0.06530244648456573
redkitchen/seq-06/frame-000717.color.png -0.21496304869651794 -0.3231111168861389 0.8277702331542969 0.9409759640693665 0.09735166281461716 -0.31766441464424133 -0.06462305039167404
redkitchen/seq-06/frame-000718.color.png -0.22487914562225342 -0.30996114015579224 0.8141492009162903 0.9428576231002808 0.09458023309707642 -0.3133136034011841 -0.06251965463161469
redkitchen/seq-06/frame-000719.color.png -0.22058072686195374 -0.3153814673423767 0.8130149245262146 0.944593608379364 0.09968122839927673 -0.3066538870334625 -0.061398763209581375
redkitchen/seq-06/frame-000720.color.png -0.2414485514163971 -0.31496304273605347 0.8139100670814514 0.9444394111633301 0.09860461950302124 -0.3072023391723633 -0.06275475025177002
redkitchen/seq-06/frame-000721.color.png -0.25380367040634155 -0.30654171109199524 0.8098085522651672 0.945548951625824 0.09644325077533722 -0.3046012818813324 -0.06207945942878723
redkitchen/seq-06/frame-000722.color.png -0.27229073643684387 -0.3054009675979614 0.8036028742790222 0.9496337175369263 0.10103578865528107 -0.2913205027580261 -0.05585648864507675
redkitchen/seq-06/frame-000723.color.png -0.2947290539741516 -0.275458425283432 0.7563714385032654 0.9471786022186279 0.09608682245016098 -0.2990335524082184 -0.06479889154434204
redkitchen/seq-06/frame-000724.color.png -0.2977224886417389 -0.2842230200767517 0.7678568363189697 0.9487181305885315 0.08746367692947388 -0.29618048667907715 -0.0675351619720459
redkitchen/seq-06/frame-000725.color.png -0.3221524655818939 -0.2785232961177826 0.747728168964386 0.9485300779342651 0.0914352759718895 -0.2943885326385498 -0.07256505638360977
redkitchen/seq-06/frame-000726.color.png -0.3243267238140106 -0.2842826843261719 0.7580913305282593 0.9490996599197388 0.09430648386478424 -0.29254150390625 -0.0688140019774437
redkitchen/seq-06/frame-000727.color.png -0.313066303730011 -0.2955942451953888 0.7680371999740601 0.9503706097602844 0.09528040140867233 -0.2861601412296295 -0.07635281980037689
redkitchen/seq-06/frame-000728.color.png -0.3411093056201935 -0.2636528015136719 0.747048020362854 0.9506099820137024 0.09765945374965668 -0.2854298949241638 -0.07302891463041306
redkitchen/seq-06/frame-000729.color.png -0.3441982865333557 -0.2577494978904724 0.7501221895217896 0.9503687620162964 0.08737204223871231 -0.2884214222431183 -0.07732126116752625
redkitchen/seq-06/frame-000730.color.png -0.3559790551662445 -0.25797131657600403 0.7538301348686218 0.9488927125930786 0.08584525436162949 -0.2925184667110443 -0.08164729177951813
redkitchen/seq-06/frame-000731.color.png -0.37022367119789124 -0.23288942873477936 0.7324289083480835 0.9526551365852356 0.08138379454612732 -0.2798348665237427 -0.0867028459906578
redkitchen/seq-06/frame-000732.color.png -0.3956071436405182 -0.2137846052646637 0.7011390924453735 0.9547763466835022 0.08385889232158661 -0.2717902362346649 -0.08660095185041428
redkitchen/seq-06/frame-000733.color.png -0.4088672995567322 -0.21312932670116425 0.711444079875946 0.9587327837944031 0.08607807010412216 -0.2587125897407532 -0.08055917173624039
redkitchen/seq-06/frame-000734.color.png -0.4277822971343994 -0.21343271434307098 0.6928508877754211 0.9556710124015808 0.0798017606139183 -0.26991403102874756 -0.08643578737974167
redkitchen/seq-06/frame-000735.color.png -0.4225735366344452 -0.2191770076751709 0.6736922860145569 0.9618212580680847 0.06854084134101868 -0.25018197298049927 -0.08724097907543182
redkitchen/seq-06/frame-000736.color.png -0.4521755874156952 -0.22362762689590454 0.6623104214668274 0.9624517560005188 0.06323675066232681 -0.2470237910747528 -0.09309688210487366
redkitchen/seq-06/frame-000737.color.png -0.46689552068710327 -0.20739693939685822 0.6592764258384705 0.9572222828865051 0.06388184428215027 -0.2671236991882324 -0.09104790538549423
redkitchen/seq-06/frame-000738.color.png -0.4672926366329193 -0.18394318222999573 0.6347963809967041 0.9606295824050903 0.05583525076508522 -0.25691917538642883 -0.08980992436408997
redkitchen/seq-06/frame-000739.color.png -0.4779687821865082 -0.1970939189195633 0.6308454871177673 0.9584740400314331 0.046638794243335724 -0.26374197006225586 -0.09794191271066666
redkitchen/seq-06/frame-000740.color.png -0.49921008944511414 -0.17216995358467102 0.6148156523704529 0.9598199129104614 0.04955337941646576 -0.2600245475769043 -0.09315284341573715
redkitchen/seq-06/frame-000741.color.png -0.535325825214386 -0.138362318277359 0.6021016836166382 0.9654920697212219 0.044167160987854004 -0.2406362146139145 -0.08926664292812347
redkitchen/seq-06/frame-000742.color.png -0.5750188827514648 -0.10057324171066284 0.565338134765625 0.9672684073448181 0.03422155603766441 -0.23545409739017487 -0.08821608126163483
redkitchen/seq-06/frame-000743.color.png -0.5972259640693665 -0.09444156289100647 0.5493512749671936 0.9712582230567932 0.033795036375522614 -0.2199752926826477 -0.08441762626171112
redkitchen/seq-06/frame-000744.color.png -0.6121543049812317 -0.0677071362733841 0.5129766464233398 0.9724320769309998 0.033599574118852615 -0.21614764630794525 -0.0807916596531868
redkitchen/seq-06/frame-000745.color.png -0.6248618960380554 -0.05271381512284279 0.5094283223152161 0.9763710498809814 0.026400599628686905 -0.19822876155376434 -0.08190256357192993
redkitchen/seq-06/frame-000746.color.png -0.6174178719520569 -0.050898078829050064 0.5134252905845642 0.9770388603210449 0.014535201713442802 -0.19563008844852448 -0.08314334601163864
redkitchen/seq-06/frame-000747.color.png -0.6331823468208313 -0.04016159102320671 0.4992485046386719 0.9779121279716492 0.015072575770318508 -0.1886804699897766 -0.088658407330513
redkitchen/seq-06/frame-000748.color.png -0.6304296851158142 0.001756475307047367 0.4462692439556122 0.9836158156394958 0.0014285958604887128 -0.15578721463680267 -0.09070993214845657
redkitchen/seq-06/frame-000749.color.png -0.6313941478729248 0.013387474231421947 0.434598833322525 0.980618953704834 -0.0042353430762887 -0.17251917719841003 -0.09276663511991501
redkitchen/seq-06/frame-000750.color.png -0.6394836902618408 0.014134270139038563 0.4366859793663025 0.9833998680114746 0.005097441840916872 -0.1623656153678894 -0.0808475911617279
redkitchen/seq-06/frame-000751.color.png -0.6462357044219971 0.0178428553044796 0.42170947790145874 0.986318051815033 0.004712393041700125 -0.14515207707881927 -0.07801016420125961
redkitchen/seq-06/frame-000752.color.png -0.6048770546913147 0.01690758764743805 0.41966256499290466 0.9835336804389954 0.009126104414463043 -0.1594497263431549 -0.08458124846220016
redkitchen/seq-06/frame-000753.color.png -0.6182792782783508 0.02783924713730812 0.39557015895843506 0.9819574952125549 0.007231889292597771 -0.16975820064544678 -0.08300173282623291
redkitchen/seq-06/frame-000754.color.png -0.6326941847801208 0.03877284377813339 0.38146620988845825 0.9848390221595764 0.011939660646021366 -0.15399090945720673 -0.07897010445594788
redkitchen/seq-06/frame-000755.color.png -0.6505137085914612 0.05212778598070145 0.36970311403274536 0.9870935082435608 0.01433679647743702 -0.14204652607440948 -0.07255209237337112
redkitchen/seq-06/frame-000756.color.png -0.6712061762809753 0.048535559326410294 0.3663865923881531 0.9857202768325806 0.010055290535092354 -0.149479478597641 -0.07687921822071075
redkitchen/seq-06/frame-000757.color.png -0.6838682293891907 0.0557657815515995 0.3418714702129364 0.9829180240631104 0.020009854808449745 -0.162363201379776 -0.08431952446699142
redkitchen/seq-06/frame-000758.color.png -0.699565052986145 0.05169185623526573 0.3278854489326477 0.9895583987236023 0.018021294847130775 -0.11807218939065933 -0.08067279309034348
redkitchen/seq-06/frame-000759.color.png -0.7175813913345337 0.05473240837454796 0.3065224587917328 0.9890782237052917 0.016315994784235954 -0.12003153562545776 -0.08396761119365692
redkitchen/seq-06/frame-000760.color.png -0.6977934241294861 0.06580016016960144 0.2783760726451874 0.9920023083686829 0.0158962644636631 -0.09912393987178802 -0.07650631666183472
redkitchen/seq-06/frame-000761.color.png -0.7154263854026794 0.06895077228546143 0.27602696418762207 0.9950185418128967 0.013484057039022446 -0.06685391813516617 -0.07270975410938263
redkitchen/seq-06/frame-000762.color.png -0.7083874344825745 0.0673055425286293 0.2665974497795105 0.9940551519393921 0.009312991052865982 -0.08320951461791992 -0.06959717720746994
redkitchen/seq-06/frame-000763.color.png -0.6860472559928894 0.07475337386131287 0.24350690841674805 0.99594646692276 0.007156402338296175 -0.05922907590866089 -0.06731664389371872
redkitchen/seq-06/frame-000764.color.png -0.6865125298500061 0.08318805694580078 0.2163236439228058 0.9960686564445496 -0.0002781275543384254 -0.06117427721619606 -0.06406944245100021
redkitchen/seq-06/frame-000765.color.png -0.7122688293457031 0.08166429400444031 0.21330863237380981 0.9975422024726868 -0.008716304786503315 -0.019021296873688698 -0.06687165796756744
redkitchen/seq-06/frame-000766.color.png -0.7323405742645264 0.07796357572078705 0.23415708541870117 0.9973849654197693 -0.007993810810148716 -0.032704588025808334 -0.06394960731267929
redkitchen/seq-06/frame-000767.color.png -0.715424120426178 0.0930175706744194 0.22797462344169617 0.9971104264259338 0.0006258025532588363 -0.048154670745134354 -0.05874953791499138
redkitchen/seq-06/frame-000768.color.png -0.7087962627410889 0.10344256460666656 0.20842266082763672 0.997830867767334 -0.006624382454901934 -0.03675736114382744 -0.054209426045417786
redkitchen/seq-06/frame-000769.color.png -0.7414857149124146 0.09211816638708115 0.1855047047138214 0.9987910389900208 -0.0192848090082407 -0.005111264996230602 -0.04492782801389694
redkitchen/seq-06/frame-000770.color.png -0.7439717650413513 0.09241332858800888 0.17382729053497314 0.9991198778152466 -0.023168720304965973 0.011705119162797928 -0.032950181514024734
redkitchen/seq-06/frame-000771.color.png -0.7504866719245911 0.0906105786561966 0.1442185938358307 0.9987147450447083 -0.034713614732027054 0.02478904090821743 -0.027373844757676125
redkitchen/seq-06/frame-000772.color.png -0.7187257409095764 0.10190820693969727 0.13469284772872925 0.9978587031364441 -0.04116399958729744 0.048400599509477615 -0.015517404302954674
redkitchen/seq-06/frame-000773.color.png -0.7230288982391357 0.09844847768545151 0.15001893043518066 0.9987630248069763 -0.028783397749066353 0.03887974098324776 -0.011503150686621666
redkitchen/seq-06/frame-000774.color.png -0.7070414423942566 0.09275193512439728 0.12269637733697891 0.998587429523468 -0.02872888371348381 0.043944139033555984 -0.008167591877281666
redkitchen/seq-06/frame-000775.color.png -0.6271699666976929 0.09729786217212677 0.08724924176931381 0.9963976740837097 -0.05589187145233154 0.06354489922523499 -0.0054754032753407955
redkitchen/seq-06/frame-000776.color.png -0.5567818880081177 0.08901771903038025 0.0796293094754219 0.9949678182601929 -0.05973690748214722 0.08043182641267776 0.0011047079460695386
redkitchen/seq-06/frame-000777.color.png -0.5477632880210876 0.06285235285758972 0.08543805778026581 0.995220422744751 -0.06140216067433357 0.07559027522802353 -0.007222754880785942
redkitchen/seq-06/frame-000778.color.png -0.5151748061180115 0.08446848392486572 0.06884225457906723 0.9946852326393127 -0.05949772894382477 0.0840260237455368 -0.001010012929327786
redkitchen/seq-06/frame-000779.color.png -0.4855557978153229 0.06013331934809685 0.09081152826547623 0.993366539478302 -0.06258133798837662 0.09627248346805573 0.006169328466057777
redkitchen/seq-06/frame-000780.color.png -0.4855557978153229 0.06013331934809685 0.09081152826547623 0.993366539478302 -0.06258133798837662 0.09627248346805573 0.006169328466057777
redkitchen/seq-06/frame-000781.color.png -0.4685407280921936 0.05707229673862457 0.09045328944921494 0.9931994676589966 -0.0635966807603836 0.09645523130893707 0.014379187487065792
redkitchen/seq-06/frame-000782.color.png -0.3643363118171692 0.03890884667634964 0.11774400621652603 0.9922524690628052 -0.07157139480113983 0.09884777665138245 0.023277297616004944
redkitchen/seq-06/frame-000783.color.png -0.36099687218666077 0.06970678269863129 0.12430860847234726 0.9924565553665161 -0.07001497596502304 0.09648802876472473 0.028600843623280525
redkitchen/seq-06/frame-000784.color.png -0.36099687218666077 0.06970678269863129 0.12430860847234726 0.9924565553665161 -0.07001497596502304 0.09648802876472473 0.028600843623280525
redkitchen/seq-06/frame-000785.color.png -0.3960637152194977 0.061719927936792374 0.1312180459499359 0.9902172684669495 -0.08387549966573715 0.10553969442844391 0.03600097447633743
redkitchen/seq-06/frame-000786.color.png -0.21453925967216492 0.04176323115825653 0.13810554146766663 0.9863343238830566 -0.0969308391213417 0.1263410896062851 0.04227221757173538
redkitchen/seq-06/frame-000787.color.png -0.10302674770355225 0.05999577417969704 0.14718514680862427 0.9874774217605591 -0.10192253440618515 0.11052734404802322 0.04779050871729851
redkitchen/seq-06/frame-000788.color.png -0.10302674770355225 0.05999577417969704 0.14718514680862427 0.9874774217605591 -0.10192253440618515 0.11052734404802322 0.04779050871729851
redkitchen/seq-06/frame-000789.color.png -0.13779814541339874 0.05516913905739784 0.16963598132133484 0.9875182509422302 -0.09899608045816422 0.11060494929552078 0.052669625729322433
redkitchen/seq-06/frame-000790.color.png -0.07336434721946716 0.031006108969449997 0.18506088852882385 0.9865785241127014 -0.10114128142595291 0.11522720754146576 0.0561770498752594
redkitchen/seq-06/frame-000791.color.png -0.026292607188224792 0.009001231752336025 0.17735683917999268 0.9855766296386719 -0.10396049916744232 0.12035298347473145 0.05784447491168976
redkitchen/seq-06/frame-000792.color.png -0.03950593248009682 0.0013646585866808891 0.16971629858016968 0.9848642945289612 -0.1090901792049408 0.1196165606379509 0.06191534921526909
redkitchen/seq-06/frame-000793.color.png -0.03950593248009682 0.0013646585866808891 0.16971629858016968 0.9848642945289612 -0.1090901792049408 0.1196165606379509 0.06191534921526909
redkitchen/seq-06/frame-000794.color.png -0.06972703337669373 0.0018301969394087791 0.1800847351551056 0.9831058382987976 -0.11213402450084686 0.127615287899971 0.0681382492184639
redkitchen/seq-06/frame-000795.color.png -0.04305555298924446 -0.006075271405279636 0.19823813438415527 0.9825529456138611 -0.11121711134910583 0.134207084774971 0.06487651914358139
redkitchen/seq-06/frame-000796.color.png -0.04731488600373268 0.00406354945152998 0.1846887171268463 0.9809255599975586 -0.11320241540670395 0.14313308894634247 0.06695786863565445
redkitchen/seq-06/frame-000797.color.png -0.04731488600373268 0.00406354945152998 0.1846887171268463 0.9809255599975586 -0.11320241540670395 0.14313308894634247 0.06695786863565445
redkitchen/seq-06/frame-000798.color.png -0.04251643642783165 -0.009536216966807842 0.1863037347793579 0.9820011854171753 -0.10846490412950516 0.13637571036815643 0.07287296652793884
redkitchen/seq-06/frame-000799.color.png -0.04604460671544075 -0.004544821567833424 0.21001267433166504 0.9833630323410034 -0.10536287724971771 0.1281524896621704 0.07397764921188354
redkitchen/seq-06/frame-000800.color.png 0.004554916173219681 0.006459665484726429 0.20084190368652344 0.9816741943359375 -0.1103346049785614 0.13664084672927856 0.07396948337554932
redkitchen/seq-06/frame-000801.color.png -0.02817390486598015 0.010202371515333652 0.20076146721839905 0.9799630641937256 -0.10805504769086838 0.14596876502037048 0.08178946375846863
redkitchen/seq-06/frame-000802.color.png -0.02817390486598015 0.010202371515333652 0.20076146721839905 0.9799630641937256 -0.10805504769086838 0.14596876502037048 0.08178946375846863
redkitchen/seq-06/frame-000803.color.png -0.023550570011138916 0.015881936997175217 0.21175462007522583 0.9803707003593445 -0.10880841314792633 0.1415446549654007 0.08366097509860992
redkitchen/seq-06/frame-000804.color.png -0.024314865469932556 -0.0028544561937451363 0.23251265287399292 0.9792697429656982 -0.11456271260976791 0.14266255497932434 0.08691186457872391
redkitchen/seq-06/frame-000805.color.png -0.016812380403280258 -0.005948062054812908 0.2354324460029602 0.978855311870575 -0.11752572655677795 0.14067254960536957 0.0907808467745781
redkitchen/seq-06/frame-000806.color.png -0.01671333611011505 0.0017743417993187904 0.22339469194412231 0.9776164889335632 -0.11389682441949844 0.14671969413757324 0.09882783889770508
redkitchen/seq-06/frame-000807.color.png 0.0017321668565273285 0.00023613590747117996 0.235985666513443 0.9753363132476807 -0.11831312626600266 0.15097808837890625 0.10920937359333038
redkitchen/seq-06/frame-000808.color.png 0.0017321668565273285 0.00023613590747117996 0.235985666513443 0.9753363132476807 -0.11831312626600266 0.15097808837890625 0.10920937359333038
redkitchen/seq-06/frame-000809.color.png -0.0011510197073221207 -0.006346552632749081 0.23785245418548584 0.9741128087043762 -0.11797147989273071 0.15259084105491638 0.11791057884693146
redkitchen/seq-06/frame-000810.color.png 0.06608837842941284 0.0027209939435124397 0.2523418366909027 0.9771186113357544 -0.11034549027681351 0.14109176397323608 0.11470033973455429
redkitchen/seq-06/frame-000811.color.png 0.08774702250957489 -0.020502623170614243 0.2701801061630249 0.97673100233078 -0.1101151704788208 0.14079724252223969 0.11852099001407623
redkitchen/seq-06/frame-000812.color.png 0.14030715823173523 -0.018911629915237427 0.2624494433403015 0.9749850630760193 -0.11112186312675476 0.14187023043632507 0.13011090457439423
redkitchen/seq-06/frame-000813.color.png 0.12699295580387115 -0.04212073236703873 0.2587621212005615 0.9736687541007996 -0.10466283559799194 0.14959459006786346 0.13651448488235474
redkitchen/seq-06/frame-000814.color.png 0.1694139987230301 -0.06260602921247482 0.2866160273551941 0.973542332649231 -0.10579326003789902 0.14844951033592224 0.13778932392597198
redkitchen/seq-06/frame-000815.color.png 0.1694139987230301 -0.06260602921247482 0.2866160273551941 0.973542332649231 -0.10579326003789902 0.14844951033592224 0.13778932392597198
redkitchen/seq-06/frame-000816.color.png 0.13899357616901398 -0.06880062818527222 0.2939378023147583 0.9726344347000122 -0.1074734628200531 0.14542892575263977 0.14588402211666107
redkitchen/seq-06/frame-000817.color.png 0.09721700847148895 -0.06660754978656769 0.31889602541923523 0.969310462474823 -0.10042513906955719 0.15768449008464813 0.15964823961257935
redkitchen/seq-06/frame-000818.color.png 0.007003512233495712 -0.06767657399177551 0.3571849763393402 0.970928430557251 -0.09311515092849731 0.14829733967781067 0.16320359706878662
redkitchen/seq-06/frame-000819.color.png 0.07864362001419067 -0.1259278506040573 0.3376723527908325 0.9723607897758484 -0.0982356145977974 0.14295265078544617 0.15629731118679047
redkitchen/seq-06/frame-000820.color.png 0.06480956077575684 -0.13784216344356537 0.33402711153030396 0.9715745449066162 -0.08890189975500107 0.15041464567184448 0.1597333699464798
redkitchen/seq-06/frame-000821.color.png 0.05318029224872589 -0.12320134043693542 0.34591615200042725 0.9707693457603455 -0.09202956408262253 0.1471748650074005 0.16576187312602997
redkitchen/seq-06/frame-000822.color.png 0.09111553430557251 -0.1568727195262909 0.36931803822517395 0.9696649312973022 -0.09172473847866058 0.1512078046798706 0.16873878240585327
redkitchen/seq-06/frame-000823.color.png 0.09256072342395782 -0.178939551115036 0.3521217405796051 0.9682866334915161 -0.09258393943309784 0.15614651143550873 0.17166094481945038
redkitchen/seq-06/frame-000824.color.png 0.06438673287630081 -0.18721850216388702 0.35594889521598816 0.9663712978363037 -0.09912018477916718 0.15826261043548584 0.1767902970314026
redkitchen/seq-06/frame-000825.color.png 0.097278892993927 -0.17911434173583984 0.40606746077537537 0.9678301215171814 -0.10232523083686829 0.14881646633148193 0.17517977952957153
redkitchen/seq-06/frame-000826.color.png 0.2489243447780609 -0.19516818225383759 0.4277850389480591 0.9650450944900513 -0.09889085590839386 0.1564231514930725 0.185581237077713
redkitchen/seq-06/frame-000827.color.png 0.33678340911865234 -0.20679348707199097 0.4500778913497925 0.9614914059638977 -0.09538690745830536 0.17528432607650757 0.18897369503974915
redkitchen/seq-06/frame-000828.color.png 0.30158498883247375 -0.19663095474243164 0.4244039058685303 0.9616768956184387 -0.09814753383398056 0.17186014354228973 0.18975959718227386
redkitchen/seq-06/frame-000829.color.png 0.34555497765541077 -0.17492543160915375 0.4415237605571747 0.9611568450927734 -0.09888310730457306 0.16533280909061432 0.19764797389507294
redkitchen/seq-06/frame-000830.color.png 0.2605203092098236 -0.15217669308185577 0.44862979650497437 0.959182858467102 -0.09604819864034653 0.17529159784317017 0.2000395655632019
redkitchen/seq-06/frame-000831.color.png 0.2737347185611725 -0.15786045789718628 0.43639564514160156 0.9607475399971008 -0.09827335178852081 0.17319245636463165 0.19316072762012482
redkitchen/seq-06/frame-000832.color.png 0.29887619614601135 -0.1749054491519928 0.469256728887558 0.9616797566413879 -0.09869801253080368 0.16806580126285553 0.1928335577249527
redkitchen/seq-06/frame-000833.color.png 0.15096354484558105 -0.1618328094482422 0.4308992028236389 0.9580013751983643 -0.09790367633104324 0.17750924825668335 0.2028270959854126
redkitchen/seq-06/frame-000834.color.png 0.04296335205435753 -0.15251252055168152 0.41023731231689453 0.9567220211029053 -0.10444065183401108 0.17975619435310364 0.20362401008605957
redkitchen/seq-06/frame-000835.color.png -0.0334298349916935 -0.13535693287849426 0.39317524433135986 0.9566507339477539 -0.10979597270488739 0.16954562067985535 0.20980563759803772
redkitchen/seq-06/frame-000836.color.png -0.17068412899971008 -0.12153780460357666 0.38289275765419006 0.9577375650405884 -0.10694173723459244 0.17115518450737 0.20495891571044922
redkitchen/seq-06/frame-000837.color.png -0.26563313603401184 -0.1335756629705429 0.3579908609390259 0.9563100337982178 -0.10113634914159775 0.178860604763031 0.20796987414360046
redkitchen/seq-06/frame-000838.color.png -0.2655167877674103 -0.1188327819108963 0.3654734790325165 0.9520758986473083 -0.1084161028265953 0.18495668470859528 0.2181481122970581
redkitchen/seq-06/frame-000839.color.png -0.5033673644065857 -0.08354776352643967 0.35338178277015686 0.949528694152832 -0.10408573597669601 0.19001784920692444 0.22683636844158173
redkitchen/seq-06/frame-000840.color.png -0.397093266248703 -0.10929268598556519 0.3552064001560211 0.9516242146492004 -0.10627710074186325 0.18427269160747528 0.22172048687934875
redkitchen/seq-06/frame-000841.color.png -0.379715234041214 -0.12172403931617737 0.3516300618648529 0.9481064677238464 -0.10211795568466187 0.19653916358947754 0.22811917960643768
redkitchen/seq-06/frame-000842.color.png -0.5472110509872437 -0.13977959752082825 0.4031151235103607 0.9462077617645264 -0.10651164501905441 0.19681315124034882 0.23368926346302032
redkitchen/seq-06/frame-000843.color.png -0.61471027135849 -0.14396288990974426 0.385134756565094 0.9496991038322449 -0.10827767103910446 0.19215014576911926 0.2223193496465683
redkitchen/seq-06/frame-000844.color.png -0.6473063826560974 -0.1386171579360962 0.3833526074886322 0.9500835537910461 -0.10152819752693176 0.19537070393562317 0.2210509479045868
redkitchen/seq-06/frame-000845.color.png -0.7568668723106384 -0.13959503173828125 0.42358043789863586 0.9503182172775269 -0.10180658847093582 0.18991686403751373 0.22463840246200562
redkitchen/seq-06/frame-000846.color.png -0.7672251462936401 -0.14979586005210876 0.4374694526195526 0.950263261795044 -0.10996647924184799 0.18717432022094727 0.22332268953323364
redkitchen/seq-06/frame-000847.color.png -0.7309181690216064 -0.18740876019001007 0.44805198907852173 0.9486719369888306 -0.11475899815559387 0.18542054295539856 0.2290654480457306
redkitchen/seq-06/frame-000848.color.png -0.6825899481773376 -0.18065300583839417 0.4347933828830719 0.9462912082672119 -0.11000258475542068 0.19171422719955444 0.23596172034740448
redkitchen/seq-06/frame-000849.color.png -0.6577075719833374 -0.1585611253976822 0.42205268144607544 0.944368839263916 -0.10813776403665543 0.19085468351840973 0.24504788219928741
redkitchen/seq-06/frame-000850.color.png -0.7606346607208252 -0.1672198474407196 0.4608246684074402 0.9424635171890259 -0.10830066353082657 0.19853629171848297 0.24620488286018372
redkitchen/seq-06/frame-000851.color.png -0.82855623960495 -0.17308184504508972 0.5046145915985107 0.9451344609260559 -0.10619983822107315 0.1896902620792389 0.24384437501430511
redkitchen/seq-06/frame-000852.color.png -0.8302632570266724 -0.14990326762199402 0.4532971978187561 0.9435646533966064 -0.10768437385559082 0.19279804825782776 0.24681732058525085
redkitchen/seq-06/frame-000853.color.png -0.8222635388374329 -0.12094530463218689 0.4119337201118469 0.9435654878616333 -0.09947554767131805 0.19282720983028412 0.25021296739578247
redkitchen/seq-06/frame-000854.color.png -0.8224655985832214 -0.1290103644132614 0.42539453506469727 0.9429756999015808 -0.10421300679445267 0.19231285154819489 0.25090280175209045
redkitchen/seq-06/frame-000855.color.png -0.869425356388092 -0.13756805658340454 0.4422403872013092 0.9435465931892395 -0.10607527941465378 0.1877303123474121 0.25144630670547485
redkitchen/seq-06/frame-000856.color.png -0.9012790322303772 -0.1331688016653061 0.4383813440799713 0.9445725679397583 -0.10765811055898666 0.1904093623161316 0.24482014775276184
redkitchen/seq-06/frame-000857.color.png -0.9311991333961487 -0.1106182336807251 0.4337155520915985 0.9444293975830078 -0.10539240390062332 0.18953445553779602 0.24702678620815277
redkitchen/seq-06/frame-000858.color.png -0.915393054485321 -0.10809300094842911 0.4199758470058441 0.9461928009986877 -0.10522007942199707 0.18438169360160828 0.2442363053560257
redkitchen/seq-06/frame-000859.color.png -0.9053904414176941 -0.12467679381370544 0.4407567083835602 0.9452419281005859 -0.11193861812353134 0.187384232878685 0.2426406294107437
redkitchen/seq-06/frame-000860.color.png -0.9161611199378967 -0.11193811893463135 0.41680991649627686 0.9477024078369141 -0.10817700624465942 0.18167798221111298 0.23906277120113373
redkitchen/seq-06/frame-000861.color.png -0.9504374861717224 -0.12281754612922668 0.42627155780792236 0.9475055932998657 -0.09709149599075317 0.18588756024837494 0.24135524034500122
redkitchen/seq-06/frame-000862.color.png -0.9586240649223328 -0.11969929933547974 0.42143362760543823 0.9473752379417419 -0.10102347284555435 0.18401594460010529 0.24168694019317627
redkitchen/seq-06/frame-000863.color.png -0.9347005486488342 -0.1261264681816101 0.417025625705719 0.946442723274231 -0.1000446304678917 0.1872367560863495 0.24326865375041962
redkitchen/seq-06/frame-000864.color.png -0.9545760154724121 -0.13729719817638397 0.4269481301307678 0.9458488821983337 -0.1018701046705246 0.18833304941654205 0.2439737468957901
redkitchen/seq-06/frame-000865.color.png -0.9606536626815796 -0.13875246047973633 0.43417176604270935 0.9447824358940125 -0.10073643177747726 0.19236430525779724 0.24542689323425293
redkitchen/seq-06/frame-000866.color.png -0.9659729599952698 -0.13442462682724 0.42894670367240906 0.9436864852905273 -0.10013166069984436 0.1920439749956131 0.2500971853733063
redkitchen/seq-06/frame-000867.color.png -0.9725314378738403 -0.14194843173027039 0.44039037823677063 0.9430176615715027 -0.09990310668945312 0.19276194274425507 0.25215041637420654
redkitchen/seq-06/frame-000868.color.png -0.9363722205162048 -0.14707528054714203 0.4291420578956604 0.9426131248474121 -0.09667716920375824 0.2018754631280899 0.2477504312992096
redkitchen/seq-06/frame-000869.color.png -0.9569388628005981 -0.1400110125541687 0.4342760145664215 0.9432274103164673 -0.09732276946306229 0.20165559649467468 0.24532683193683624
redkitchen/seq-06/frame-000870.color.png -0.933574914932251 -0.14819446206092834 0.4322703778743744 0.9392057657241821 -0.09403004497289658 0.21246787905693054 0.25280070304870605
redkitchen/seq-06/frame-000871.color.png -0.9494478702545166 -0.14540773630142212 0.43804284930229187 0.9402881860733032 -0.09709592908620834 0.20899944007396698 0.25049886107444763
redkitchen/seq-06/frame-000872.color.png -0.9574220776557922 -0.13808858394622803 0.43224266171455383 0.9403814077377319 -0.09582110494375229 0.20867563784122467 0.25090980529785156
redkitchen/seq-06/frame-000873.color.png -0.9699409008026123 -0.14279286563396454 0.44132405519485474 0.941535234451294 -0.08778505772352219 0.21119724214076996 0.24738852679729462
redkitchen/seq-06/frame-000874.color.png -0.9905151724815369 -0.12945613265037537 0.4494255781173706 0.9396028518676758 -0.08873837441205978 0.2189818173646927 0.24762651324272156
redkitchen/seq-06/frame-000875.color.png -0.9819709658622742 -0.1314687579870224 0.4618959426879883 0.942240297794342 -0.08932795375585556 0.2132083922624588 0.24237573146820068
redkitchen/seq-06/frame-000876.color.png -0.9697442054748535 -0.13641728460788727 0.4606838822364807 0.9413012266159058 -0.08216933161020279 0.22174660861492157 0.24089141190052032
redkitchen/seq-06/frame-000877.color.png -1.0043278932571411 -0.12922266125679016 0.46268361806869507 0.9423009157180786 -0.07947534322738647 0.22080491483211517 0.23874235153198242
redkitchen/seq-06/frame-000878.color.png -0.984194815158844 -0.13624447584152222 0.46537068486213684 0.9406724572181702 -0.08397042751312256 0.22623883187770844 0.23853781819343567
redkitchen/seq-06/frame-000879.color.png -1.0013514757156372 -0.1373695284128189 0.46453994512557983 0.9442160129547119 -0.08904504030942917 0.21841976046562195 0.2298264354467392
redkitchen/seq-06/frame-000880.color.png -0.9807800650596619 -0.13404443860054016 0.4629565179347992 0.9486244916915894 -0.08754003047943115 0.20441001653671265 0.2250884771347046
redkitchen/seq-06/frame-000881.color.png -0.9433107376098633 -0.13715586066246033 0.455560564994812 0.9463728070259094 -0.07625129818916321 0.21679939329624176 0.22707323729991913
redkitchen/seq-06/frame-000882.color.png -0.9248647093772888 -0.14018499851226807 0.45815953612327576 0.9425750970840454 -0.07992000877857208 0.23696841299533844 0.22138400375843048
redkitchen/seq-06/frame-000883.color.png -0.9337930679321289 -0.13474443554878235 0.4661175012588501 0.9426046013832092 -0.07873290032148361 0.24037697911262512 0.21798311173915863
redkitchen/seq-06/frame-000884.color.png -1.0073893070220947 -0.12282812595367432 0.4622212052345276 0.9465230107307434 -0.07722794264554977 0.22801171243190765 0.21480347216129303
redkitchen/seq-06/frame-000885.color.png -0.9726883769035339 -0.1295655071735382 0.44895434379577637 0.9481104612350464 -0.06856542825698853 0.23101122677326202 0.2074100375175476
redkitchen/seq-06/frame-000886.color.png -0.9487654566764832 -0.10465965420007706 0.44378530979156494 0.9495158195495605 -0.07063868641853333 0.22648164629936218 0.2052704393863678
redkitchen/seq-06/frame-000887.color.png -0.9671610593795776 -0.10511776804924011 0.4500740170478821 0.9473123550415039 -0.06539689749479294 0.2363615483045578 0.20604780316352844
redkitchen/seq-06/frame-000888.color.png -0.9246473908424377 -0.11002472043037415 0.4369906485080719 0.945921003818512 -0.05253790318965912 0.25232329964637756 0.19699247181415558
redkitchen/seq-06/frame-000889.color.png -0.9304401278495789 -0.11059629917144775 0.4256345331668854 0.9462947249412537 -0.05190261825919151 0.253476083278656 0.193861186504364
redkitchen/seq-06/frame-000890.color.png -0.956061601638794 -0.108681321144104 0.4351006746292114 0.9467698931694031 -0.04590384662151337 0.25403475761413574 0.19231732189655304
redkitchen/seq-06/frame-000891.color.png -0.9299339652061462 -0.10033568739891052 0.42437654733657837 0.9462234377861023 -0.04534754157066345 0.2577255368232727 0.19021612405776978
redkitchen/seq-06/frame-000892.color.png -0.9175673127174377 -0.09992743283510208 0.4221085011959076 0.9474760293960571 -0.04341943562030792 0.2538125216960907 0.1896917074918747
redkitchen/seq-06/frame-000893.color.png -0.8975724577903748 -0.0960933119058609 0.41376712918281555 0.9473785758018494 -0.043205659836530685 0.24642188847064972 0.19970834255218506
redkitchen/seq-06/frame-000894.color.png -0.970691978931427 -0.09739352762699127 0.44117894768714905 0.9488204121589661 -0.052037786692380905 0.23379985988140106 0.20583869516849518
redkitchen/seq-06/frame-000895.color.png -0.948156476020813 -0.11671315133571625 0.47382956743240356 0.9447688460350037 -0.03289236128330231 0.26199716329574585 0.19413265585899353
redkitchen/seq-06/frame-000896.color.png -0.9269083738327026 -0.09490182250738144 0.442461758852005 0.9466894865036011 -0.031121160835027695 0.26102983951568604 0.18620967864990234
redkitchen/seq-06/frame-000897.color.png -0.9339261054992676 -0.1026049256324768 0.4488738775253296 0.9518645405769348 -0.014577112160623074 0.2504643499851227 0.17609335482120514
redkitchen/seq-06/frame-000898.color.png -0.9520452618598938 -0.10865437239408493 0.4554256796836853 0.9477189779281616 -0.024326639249920845 0.2604842782020569 0.18271534144878387
redkitchen/seq-06/frame-000899.color.png -0.9268234968185425 -0.11622533202171326 0.4830244481563568 0.9413509368896484 -0.013080558739602566 0.28356385231018066 0.1824244260787964
redkitchen/seq-06/frame-000900.color.png -0.9008792638778687 -0.10113352537155151 0.451873242855072 0.9370761513710022 -0.013410398736596107 0.2991429567337036 0.17950452864170074
redkitchen/seq-06/frame-000901.color.png -0.9250634908676147 -0.10460823029279709 0.46010833978652954 0.93732088804245 -0.012062807567417622 0.2995217740535736 0.177681103348732
redkitchen/seq-06/frame-000902.color.png -0.8922023177146912 -0.10448119044303894 0.4543989300727844 0.9340939521789551 -0.014099312014877796 0.3057974576950073 0.1837320476770401
redkitchen/seq-06/frame-000903.color.png -0.9218384027481079 -0.10384528338909149 0.4727074205875397 0.9397916197776794 -0.012232288718223572 0.29082927107810974 0.17905458807945251
redkitchen/seq-06/frame-000904.color.png -0.8960944414138794 -0.10613022744655609 0.46284323930740356 0.9376784563064575 -0.015571163035929203 0.29646673798561096 0.18062148988246918
redkitchen/seq-06/frame-000905.color.png -0.8904154300689697 -0.10426117479801178 0.47064512968063354 0.9407764673233032 -0.011710412800312042 0.28668826818466187 0.18058885633945465
redkitchen/seq-06/frame-000906.color.png -0.8721615076065063 -0.10886426270008087 0.468458354473114 0.9400644302368164 -0.012336361221969128 0.2873104512691498 0.18324653804302216
redkitchen/seq-06/frame-000907.color.png -0.8952618837356567 -0.11374258995056152 0.48251619935035706 0.9382683038711548 -0.01109369844198227 0.2926981747150421 0.18400324881076813
redkitchen/seq-06/frame-000908.color.png -0.893043577671051 -0.11204037070274353 0.48867928981781006 0.9420582056045532 -0.007488064933568239 0.28088250756263733 0.18323595821857452
redkitchen/seq-06/frame-000909.color.png -0.94586181640625 -0.1142713725566864 0.4874640703201294 0.9401706457138062 -0.011973862536251545 0.281066358089447 0.19219151139259338
redkitchen/seq-06/frame-000910.color.png -0.9495858550071716 -0.10765969008207321 0.46155670285224915 0.9410892724990845 -0.010061601176857948 0.28178587555885315 0.18667273223400116
redkitchen/seq-06/frame-000911.color.png -0.9903525710105896 -0.11200723052024841 0.4874584674835205 0.94368577003479 -0.012254326604306698 0.2718296945095062 0.1881895661354065
redkitchen/seq-06/frame-000912.color.png -1.0249663591384888 -0.11897778511047363 0.47508513927459717 0.9418956637382507 -0.019112465903162956 0.27732130885124207 0.18857336044311523
redkitchen/seq-06/frame-000913.color.png -0.977712094783783 -0.10209706425666809 0.4378240704536438 0.9436054229736328 -0.015742674469947815 0.2735324800014496 0.18585160374641418
redkitchen/seq-06/frame-000914.color.png -1.0659536123275757 -0.10816599428653717 0.4613818824291229 0.9476146101951599 -0.01534635666757822 0.2583984136581421 0.1871393322944641
redkitchen/seq-06/frame-000915.color.png -1.0629138946533203 -0.09495478868484497 0.4470400810241699 0.9518333077430725 -0.015856405720114708 0.2471356987953186 0.18079176545143127
redkitchen/seq-06/frame-000916.color.png -1.0861077308654785 -0.09312644600868225 0.4425186514854431 0.9519376158714294 -0.016085399314761162 0.24580122530460358 0.18203774094581604
redkitchen/seq-06/frame-000917.color.png -1.084916591644287 -0.09624053537845612 0.4201827049255371 0.9496915340423584 -0.019686594605445862 0.2535669803619385 0.18276262283325195
redkitchen/seq-06/frame-000918.color.png -1.0946786403656006 -0.10119614005088806 0.4375506341457367 0.9535104036331177 -0.018710855394601822 0.2425909787416458 0.17781251668930054
redkitchen/seq-06/frame-000919.color.png -1.1280832290649414 -0.10650480538606644 0.46503946185112 0.9538446068763733 -0.02249074913561344 0.23906150460243225 0.1803450733423233
redkitchen/seq-06/frame-000920.color.png -1.1212594509124756 -0.1022675633430481 0.43430304527282715 0.9520436525344849 -0.026831572875380516 0.24255108833312988 0.18455810844898224
redkitchen/seq-06/frame-000921.color.png -1.1121927499771118 -0.10024508088827133 0.4347917437553406 0.9534389972686768 -0.015862097963690758 0.2413870245218277 0.18009668588638306
redkitchen/seq-06/frame-000922.color.png -1.151850700378418 -0.11129078269004822 0.468430757522583 0.9507476687431335 -0.02458137460052967 0.24903029203414917 0.18291698396205902
redkitchen/seq-06/frame-000923.color.png -1.1601060628890991 -0.1212448924779892 0.4607526659965515 0.9497733116149902 -0.03306962549686432 0.251130074262619 0.18376821279525757
redkitchen/seq-06/frame-000924.color.png -1.1694854497909546 -0.1267741173505783 0.492281436920166 0.9503874182701111 -0.022259054705500603 0.24654754996299744 0.18836833536624908
redkitchen/seq-06/frame-000925.color.png -1.1903282403945923 -0.1728452444076538 0.5177323222160339 0.9524418115615845 -0.022920699790120125 0.23790381848812103 0.18902640044689178
redkitchen/seq-06/frame-000926.color.png -1.1674623489379883 -0.15885703265666962 0.4999440312385559 0.9454010725021362 -0.00028760969871655107 0.26557040214538574 0.18891571462154388
redkitchen/seq-06/frame-000927.color.png -1.1585291624069214 -0.17737235128879547 0.4965490698814392 0.9483868479728699 -0.009339085780084133 0.25467273592948914 0.18872490525245667
redkitchen/seq-06/frame-000928.color.png -1.143338680267334 -0.21389737725257874 0.5291464924812317 0.9470718502998352 -0.01813388615846634 0.25589343905448914 0.192988783121109
redkitchen/seq-06/frame-000929.color.png -1.1481060981750488 -0.21676814556121826 0.5074982643127441 0.9490728974342346 0.003024619771167636 0.2601071894168854 0.17775243520736694
redkitchen/seq-06/frame-000930.color.png -1.146432638168335 -0.20341983437538147 0.494243860244751 0.950250506401062 -0.0012422166764736176 0.25292694568634033 0.1817973107099533
redkitchen/seq-06/frame-000931.color.png -1.1717594861984253 -0.22362357378005981 0.4676195979118347 0.9538351893424988 -0.003517626319080591 0.2398149073123932 0.1807621419429779
redkitchen/seq-06/frame-000932.color.png -1.151058554649353 -0.21218296885490417 0.4507608711719513 0.9526428580284119 -0.0070976996794342995 0.24883122742176056 0.1746544986963272
redkitchen/seq-06/frame-000933.color.png -1.1760059595108032 -0.21707868576049805 0.47661399841308594 0.9529550671577454 -0.006524567026644945 0.2501925230026245 0.1709904670715332
redkitchen/seq-06/frame-000934.color.png -1.1788605451583862 -0.22494252026081085 0.49772632122039795 0.9540373682975769 -0.0017615359975025058 0.24870406091213226 0.16720011830329895
redkitchen/seq-06/frame-000935.color.png -1.2203030586242676 -0.20862111449241638 0.5211495161056519 0.9573742151260376 -0.009310160763561726 0.24100174009799957 0.15895366668701172
redkitchen/seq-06/frame-000936.color.png -1.2359309196472168 -0.19022709131240845 0.4774076044559479 0.9608950614929199 -0.012171667069196701 0.22918611764907837 0.15493908524513245
redkitchen/seq-06/frame-000937.color.png -1.245286464691162 -0.19800379872322083 0.471154123544693 0.9615594148635864 -0.003257522825151682 0.23119212687015533 0.14813174307346344
redkitchen/seq-06/frame-000938.color.png -1.2345246076583862 -0.17992445826530457 0.4650580585002899 0.9629027247428894 0.000999560346826911 0.228591188788414 0.1433999091386795
redkitchen/seq-06/frame-000939.color.png -1.2507768869400024 -0.1593821942806244 0.4557080864906311 0.9656633734703064 0.009038112126290798 0.2204962968826294 0.13709035515785217
redkitchen/seq-06/frame-000940.color.png -1.2761834859848022 -0.17330658435821533 0.4564027190208435 0.9666368961334229 0.0022715379018336535 0.21662454307079315 0.1366807520389557
redkitchen/seq-06/frame-000941.color.png -1.2814359664916992 -0.18792693316936493 0.4415312707424164 0.9661991596221924 -0.0015039696590974927 0.2177792340517044 0.1379452794790268
redkitchen/seq-06/frame-000942.color.png -1.2515836954116821 -0.19277240335941315 0.4331115186214447 0.9661015272140503 0.00325495982542634 0.2201099395751953 0.13486608862876892
redkitchen/seq-06/frame-000943.color.png -1.2180583477020264 -0.2240990549325943 0.445655882358551 0.9676904082298279 0.004044897388666868 0.21689321100711823 0.12851543724536896
redkitchen/seq-06/frame-000944.color.png -1.2347265481948853 -0.2284134477376938 0.46960699558258057 0.9688012003898621 0.009512476623058319 0.2139359563589096 0.12475987523794174
redkitchen/seq-06/frame-000945.color.png -1.2214877605438232 -0.23992151021957397 0.4473467767238617 0.9699328541755676 0.0166543647646904 0.208781898021698 0.12394728511571884
redkitchen/seq-06/frame-000946.color.png -1.2052936553955078 -0.2184986174106598 0.4311060309410095 0.9687455892562866 0.02531183697283268 0.21356076002120972 0.12362527847290039
redkitchen/seq-06/frame-000947.color.png -1.1481846570968628 -0.22375734150409698 0.4463895559310913 0.9714764952659607 0.018727725371718407 0.2042524218559265 0.11901086568832397
redkitchen/seq-06/frame-000948.color.png -1.135062336921692 -0.2185770720243454 0.4420524537563324 0.9722860455513 0.023341713473200798 0.2004256546497345 0.11808771640062332
redkitchen/seq-06/frame-000949.color.png -1.1803141832351685 -0.2237098515033722 0.48994505405426025 0.9702728986740112 0.023967968299984932 0.2092345952987671 0.1192348375916481
redkitchen/seq-06/frame-000950.color.png -1.1635414361953735 -0.2209595888853073 0.5012576580047607 0.9710351228713989 0.025140244513750076 0.20562328398227692 0.1190715953707695
redkitchen/seq-06/frame-000951.color.png -1.1763561964035034 -0.2682045102119446 0.5774683356285095 0.9720751047134399 0.033966127783060074 0.20116086304187775 0.11597633361816406
redkitchen/seq-06/frame-000952.color.png -1.1819509267807007 -0.3028786778450012 0.5995051860809326 0.9711112380027771 0.04001842066645622 0.20429468154907227 0.11664149165153503
redkitchen/seq-06/frame-000953.color.png -1.1866375207901 -0.32504770159721375 0.6032744646072388 0.9682793617248535 0.03499613329768181 0.21648994088172913 0.11976049095392227
redkitchen/seq-06/frame-000954.color.png -1.188759207725525 -0.3405224084854126 0.6350595951080322 0.9691957831382751 0.026524348184466362 0.21350352466106415 0.11988513916730881
redkitchen/seq-06/frame-000955.color.png -1.1845242977142334 -0.3433384299278259 0.6452983617782593 0.9702564477920532 0.03332741558551788 0.20884329080581665 0.11779791861772537
redkitchen/seq-06/frame-000956.color.png -1.192093014717102 -0.34937578439712524 0.7077332139015198 0.9686240553855896 0.03281945735216141 0.21540991961956024 0.11953644454479218
redkitchen/seq-06/frame-000957.color.png -1.168196678161621 -0.3749769628047943 0.7244482636451721 0.9686542749404907 0.036444567143917084 0.21615661680698395 0.1168631762266159
redkitchen/seq-06/frame-000958.color.png -1.1588435173034668 -0.37504398822784424 0.7472026944160461 0.9680691361427307 0.039000850170850754 0.2165347933769226 0.12014119327068329
redkitchen/seq-06/frame-000959.color.png -1.152999997138977 -0.3766005039215088 0.7688726186752319 0.9670859575271606 0.039853375405073166 0.2210400551557541 0.11957398802042007
redkitchen/seq-06/frame-000960.color.png -1.143074631690979 -0.371534138917923 0.7818235158920288 0.9665110111236572 0.03855901211500168 0.224495992064476 0.11819983273744583
redkitchen/seq-06/frame-000961.color.png -1.1519830226898193 -0.37665700912475586 0.8102827668190002 0.9662416577339172 0.030913420021533966 0.2247542142868042 0.12209363281726837
redkitchen/seq-06/frame-000962.color.png -1.1796252727508545 -0.40435224771499634 0.8445784449577332 0.9657649993896484 0.026701709255576134 0.22584618628025055 0.12481299042701721
redkitchen/seq-06/frame-000963.color.png -1.181052803993225 -0.42213737964630127 0.8704372644424438 0.964932918548584 0.034015968441963196 0.22822317481040955 0.12514646351337433
redkitchen/seq-06/frame-000964.color.png -1.1919194459915161 -0.4321070909500122 0.8876742124557495 0.9647007584571838 0.029927143827080727 0.22916492819786072 0.12625493109226227
redkitchen/seq-06/frame-000965.color.png -1.2096621990203857 -0.44499653577804565 0.9183367490768433 0.9645320773124695 0.03635609522461891 0.22840319573879242 0.12723258137702942
redkitchen/seq-06/frame-000966.color.png -1.2210328578948975 -0.46044978499412537 0.9345800280570984 0.965269148349762 0.03438633680343628 0.22829614579677582 0.12228664010763168
redkitchen/seq-06/frame-000967.color.png -1.2284215688705444 -0.4615316689014435 0.9223342537879944 0.9657661318778992 0.03944115713238716 0.226642444729805 0.1198890283703804
redkitchen/seq-06/frame-000968.color.png -1.2136789560317993 -0.4720836877822876 0.9416208863258362 0.9658690690994263 0.039306070655584335 0.22575511038303375 0.12077539414167404
redkitchen/seq-06/frame-000969.color.png -1.217755913734436 -0.4825770854949951 0.955700695514679 0.9685152769088745 0.03254154324531555 0.21774190664291382 0.11622187495231628
redkitchen/seq-06/frame-000970.color.png -1.2245732545852661 -0.48444825410842896 0.9651100039482117 0.9679589867591858 0.03089728020131588 0.21806611120700836 0.12061437219381332
redkitchen/seq-06/frame-000971.color.png -1.199092149734497 -0.4967957139015198 0.9850447773933411 0.9660524129867554 0.044236715883016586 0.22583207488059998 0.11741190403699875
redkitchen/seq-06/frame-000972.color.png -1.1942694187164307 -0.5112805366516113 1.0109680891036987 0.9645192623138428 0.046782806515693665 0.23100990056991577 0.11894737929105759
redkitchen/seq-06/frame-000973.color.png -1.1996941566467285 -0.5149199366569519 1.0217376947402954 0.9649620056152344 0.04331569746136665 0.22984206676483154 0.11893074214458466
redkitchen/seq-06/frame-000974.color.png -1.2321422100067139 -0.5523133277893066 1.0650593042373657 0.9629791975021362 0.040286507457494736 0.239313542842865 0.1173752099275589
redkitchen/seq-06/frame-000975.color.png -1.258393406867981 -0.5534725189208984 1.1020509004592896 0.9640165567398071 0.040395643562078476 0.23601604998111725 0.11548490822315216
redkitchen/seq-06/frame-000976.color.png -1.2613766193389893 -0.5464034676551819 1.108793020248413 0.9647467732429504 0.04032967984676361 0.23330271244049072 0.11492205411195755
redkitchen/seq-06/frame-000977.color.png -1.268982172012329 -0.5650764107704163 1.1176027059555054 0.9675330519676208 0.04079774022102356 0.2221769392490387 0.11337009817361832
redkitchen/seq-06/frame-000978.color.png -1.2811774015426636 -0.5803840756416321 1.1386791467666626 0.9642535448074341 0.03539081662893295 0.23456813395023346 0.11806914955377579
redkitchen/seq-06/frame-000979.color.png -1.283060073852539 -0.5853614807128906 1.1486953496932983 0.9645006656646729 0.04443714767694473 0.23331113159656525 0.11545442044734955
redkitchen/seq-06/frame-000980.color.png -1.3011130094528198 -0.584871768951416 1.193324327468872 0.9647561311721802 0.04576100781559944 0.23233303427696228 0.11477282643318176
redkitchen/seq-06/frame-000981.color.png -1.308133840560913 -0.5790735483169556 1.19307541847229 0.9668217897415161 0.04722866415977478 0.22597907483577728 0.10935387015342712
redkitchen/seq-06/frame-000982.color.png -1.3218870162963867 -0.5884039402008057 1.2034388780593872 0.9681692719459534 0.0464610755443573 0.22151771187782288 0.10686216503381729
redkitchen/seq-06/frame-000983.color.png -1.317905068397522 -0.5862820744514465 1.199680209159851 0.9676874876022339 0.05246612802147865 0.2229856252670288 0.10538393259048462
redkitchen/seq-06/frame-000984.color.png -1.32412850856781 -0.5851027369499207 1.2238998413085938 0.969001054763794 0.04523855447769165 0.22101669013500214 0.10070717334747314
redkitchen/seq-06/frame-000985.color.png -1.3463401794433594 -0.5751017928123474 1.2330633401870728 0.9721707105636597 0.04411937668919563 0.2087949961423874 0.09665623307228088
redkitchen/seq-06/frame-000986.color.png -1.352673888206482 -0.56051105260849 1.2068252563476562 0.9713121056556702 0.052164070308208466 0.2115858644247055 0.09520011395215988
redkitchen/seq-06/frame-000987.color.png -1.360190749168396 -0.5564669370651245 1.1957321166992188 0.9738075137138367 0.05264715105295181 0.19960427284240723 0.09531709551811218
redkitchen/seq-06/frame-000988.color.png -1.3572651147842407 -0.5429364442825317 1.198289394378662 0.9729071259498596 0.05667627602815628 0.2040124535560608 0.0928352102637291
redkitchen/seq-06/frame-000989.color.png -1.332578420639038 -0.5367423295974731 1.2095873355865479 0.9739559888839722 0.05166182667016983 0.20102167129516602 0.09127461165189743
redkitchen/seq-06/frame-000990.color.png -1.3302104473114014 -0.5467880368232727 1.2269841432571411 0.9762583374977112 0.051299288868904114 0.1892838329076767 0.09197555482387543
redkitchen/seq-06/frame-000991.color.png -1.3514602184295654 -0.5550691485404968 1.2253555059432983 0.9790668487548828 0.048308152705430984 0.17576964199543 0.09054992347955704
redkitchen/seq-06/frame-000992.color.png -1.3539652824401855 -0.5559309124946594 1.2404546737670898 0.9777410626411438 0.051167190074920654 0.1808028221130371 0.09335240721702576
redkitchen/seq-06/frame-000993.color.png -1.3634413480758667 -0.5647757649421692 1.2514877319335938 0.9801928400993347 0.05020316690206528 0.17006990313529968 0.08819226175546646
redkitchen/seq-06/frame-000994.color.png -1.3681052923202515 -0.5695479512214661 1.2577153444290161 0.9815636873245239 0.046971410512924194 0.16417650878429413 0.08586210757493973
redkitchen/seq-06/frame-000995.color.png -1.3689934015274048 -0.593033492565155 1.2645710706710815 0.9818382263183594 0.049816783517599106 0.16104787588119507 0.08703719079494476
redkitchen/seq-06/frame-000996.color.png -1.3641438484191895 -0.603827178478241 1.285021185874939 0.9811574220657349 0.052301593124866486 0.16492855548858643 0.08598381280899048
redkitchen/seq-06/frame-000997.color.png -1.3658555746078491 -0.5951369404792786 1.2560664415359497 0.9824525713920593 0.04330559819936752 0.15947189927101135 0.08648765832185745
redkitchen/seq-06/frame-000998.color.png -1.369323968887329 -0.5945970416069031 1.2580746412277222 0.9848338961601257 0.033144328743219376 0.1468115895986557 0.0863131582736969
redkitchen/seq-06/frame-000999.color.png -1.3801054954528809 -0.596152126789093 1.266457200050354 0.9866508841514587 0.03811335563659668 0.1366507112979889 0.07996319979429245
redkitchen/seq-12/frame-000000.color.png 0.08131209015846252 -0.0023243194445967674 0.2744714021682739 0.9991713762283325 -0.03849431872367859 0.0027331127785146236 -0.01293574832379818
redkitchen/seq-12/frame-000001.color.png 0.07908385246992111 0.005271994508802891 0.2776893079280853 0.9992780089378357 -0.03494526445865631 0.010056104511022568 -0.011009188368916512
redkitchen/seq-12/frame-000002.color.png 0.08573384582996368 0.011046064086258411 0.28155016899108887 0.9994381070137024 -0.030286267399787903 0.0028453345876187086 -0.014072678983211517
redkitchen/seq-12/frame-000003.color.png 0.07696320116519928 0.006424196995794773 0.27507537603378296 0.9994240999221802 -0.03252009302377701 0.0029869526624679565 -0.009229268878698349
redkitchen/seq-12/frame-000004.color.png 0.09493184089660645 0.0012385034933686256 0.280850887298584 0.9993403553962708 -0.03511592000722885 0.0012593541759997606 -0.00917081255465746
redkitchen/seq-12/frame-000005.color.png 0.07802075147628784 -0.003177397884428501 0.2759656608104706 0.9991430640220642 -0.04026200622320175 0.0019207738805562258 -0.009398958645761013
redkitchen/seq-12/frame-000006.color.png 0.08887292444705963 0.017014987766742706 0.27517902851104736 0.9991089701652527 -0.038754902780056 -0.012084742076694965 -0.011546607129275799
redkitchen/seq-12/frame-000007.color.png 0.08447872847318649 0.013598487712442875 0.2931813597679138 0.9993345737457275 -0.03092021308839321 -0.012879498302936554 -0.01444043405354023
redkitchen/seq-12/frame-000008.color.png 0.01689073070883751 0.01569058746099472 0.2911842465400696 0.9992315769195557 -0.033750034868717194 -0.007433854974806309 -0.018490063026547432
redkitchen/seq-12/frame-000009.color.png 0.051914703100919724 0.02379404380917549 0.27673399448394775 0.9995312690734863 -0.026286199688911438 -0.0070758238434791565 -0.014011845923960209
redkitchen/seq-12/frame-000010.color.png 0.051914703100919724 0.02379404380917549 0.27673399448394775 0.9995312690734863 -0.026286199688911438 -0.0070758238434791565 -0.014011845923960209
redkitchen/seq-12/frame-000011.color.png 0.07013506442308426 0.01875568926334381 0.2820550203323364 0.9989802241325378 -0.03301195427775383 -0.024590646848082542 -0.01854560151696205
redkitchen/seq-12/frame-000012.color.png 0.07522936165332794 0.021586168557405472 0.2821222245693207 0.9983924031257629 -0.04001087322831154 -0.034089408814907074 -0.021200429648160934
redkitchen/seq-12/frame-000013.color.png 0.07522936165332794 0.021586168557405472 0.2821222245693207 0.9983924031257629 -0.04001087322831154 -0.034089408814907074 -0.021200429648160934
redkitchen/seq-12/frame-000014.color.png 0.06378796696662903 0.0028530778363347054 0.29642224311828613 0.9984471201896667 -0.03869549557566643 -0.03553488105535507 -0.018523115664720535
redkitchen/seq-12/frame-000015.color.png 0.06353312730789185 0.004494470544159412 0.30257025361061096 0.9984421133995056 -0.03098825365304947 -0.042543817311525345 -0.018522169440984726
redkitchen/seq-12/frame-000016.color.png 0.014105748385190964 0.005397164262831211 0.28731465339660645 0.9982535243034363 -0.03970140218734741 -0.03911774605512619 -0.01958870328962803
redkitchen/seq-12/frame-000017.color.png 0.009905602782964706 -0.010658578015863895 0.2968100607395172 0.9986246228218079 -0.034572113305330276 -0.034470174461603165 -0.01911851204931736
redkitchen/seq-12/frame-000018.color.png 0.009905602782964706 -0.010658578015863895 0.2968100607395172 0.9986246228218079 -0.034572113305330276 -0.034470174461603165 -0.01911851204931736
redkitchen/seq-12/frame-000019.color.png -0.002666708081960678 -0.0010770531371235847 0.2867458164691925 0.9987401366233826 -0.027608858421444893 -0.037687625735998154 -0.018317751586437225
redkitchen/seq-12/frame-000020.color.png -0.016654331237077713 0.012062442488968372 0.2965713143348694 0.9982614517211914 -0.02896559238433838 -0.048974957317113876 -0.015376017428934574
redkitchen/seq-12/frame-000021.color.png 0.003484051674604416 -0.0057367561385035515 0.2836515009403229 0.9981507062911987 -0.039559826254844666 -0.04524438455700874 -0.00911229383200407
redkitchen/seq-12/frame-000022.color.png 0.003484051674604416 -0.0057367561385035515 0.2836515009403229 0.9981507062911987 -0.039559826254844666 -0.04524438455700874 -0.00911229383200407
redkitchen/seq-12/frame-000023.color.png -0.012531131505966187 -0.00542417261749506 0.28654104471206665 0.9980522990226746 -0.04573364555835724 -0.042144306004047394 -0.004887967836111784
redkitchen/seq-12/frame-000024.color.png -0.021899960935115814 0.003758125938475132 0.28114479780197144 0.9981520771980286 -0.042794112116098404 -0.04307499900460243 -0.002356139710173011
redkitchen/seq-12/frame-000025.color.png -0.02386002615094185 -0.01026968378573656 0.29082465171813965 0.9978733658790588 -0.054118555039167404 -0.03629717975854874 0.0015766092110425234
redkitchen/seq-12/frame-000026.color.png -0.02386002615094185 -0.01026968378573656 0.29082465171813965 0.9978733658790588 -0.054118555039167404 -0.03629717975854874 0.0015766092110425234
redkitchen/seq-12/frame-000027.color.png -0.041599925607442856 -0.013585989363491535 0.31300824880599976 0.9980151057243347 -0.04753937944769859 -0.041300442069768906 -0.00012794476060662419
redkitchen/seq-12/frame-000028.color.png -0.038047078996896744 -0.0054565304890275 0.2967197000980377 0.9982910752296448 -0.04773864895105362 -0.033546674996614456 -0.0032700872980058193
redkitchen/seq-12/frame-000029.color.png -0.038047078996896744 -0.0054565304890275 0.2967197000980377 0.9982910752296448 -0.04773864895105362 -0.033546674996614456 -0.0032700872980058193
redkitchen/seq-12/frame-000030.color.png -0.04940455034375191 0.00865685474127531 0.29493093490600586 0.9987658858299255 -0.041472066193819046 -0.0269791129976511 -0.004359432030469179
redkitchen/seq-12/frame-000031.color.png -0.070639967918396 0.014252073131501675 0.2877693772315979 0.9988409280776978 -0.04361119866371155 -0.019993653520941734 0.003885607235133648
redkitchen/seq-12/frame-000032.color.png -0.08057177066802979 0.018882926553487778 0.2784809172153473 0.9989696145057678 -0.04410868510603905 -0.006516043562442064 0.008487639017403126
redkitchen/seq-12/frame-000033.color.png -0.08057177066802979 0.018882926553487778 0.2784809172153473 0.9989696145057678 -0.04410868510603905 -0.006516043562442064 0.008487639017403126
redkitchen/seq-12/frame-000034.color.png -0.08962956070899963 -0.0034399842843413353 0.2949768602848053 0.9987342953681946 -0.04779382795095444 -0.0074994005262851715 0.01376013457775116
redkitchen/seq-12/frame-000035.color.png -0.10221710801124573 -0.014356209896504879 0.2869133949279785 0.9990367889404297 -0.042109664529561996 -0.0074494085274636745 0.00984187051653862
redkitchen/seq-12/frame-000036.color.png -0.1134718507528305 0.0055141756311059 0.2841370105743408 0.9989922046661377 -0.043223656713962555 -0.011100726202130318 0.00478375144302845
redkitchen/seq-12/frame-000037.color.png -0.1134718507528305 0.0055141756311059 0.2841370105743408 0.9989922046661377 -0.043223656713962555 -0.011100726202130318 0.00478375144302845
redkitchen/seq-12/frame-000038.color.png -0.11772216856479645 -0.006247657351195812 0.2819804549217224 0.9986404776573181 -0.05140305683016777 6.376096280291677e-05 0.00866155605763197
redkitchen/seq-12/frame-000039.color.png -0.14196525514125824 -0.03557351604104042 0.2818049490451813 0.9986639618873596 -0.050803035497665405 -0.007682760711759329 0.005523447412997484
redkitchen/seq-12/frame-000040.color.png -0.1514245718717575 -0.029255863279104233 0.2931685149669647 0.9982280135154724 -0.05803629010915756 -0.009227664209902287 0.009361312724649906
redkitchen/seq-12/frame-000041.color.png -0.1514245718717575 -0.029255863279104233 0.2931685149669647 0.9982280135154724 -0.05803629010915756 -0.009227664209902287 0.009361312724649906
redkitchen/seq-12/frame-000042.color.png -0.16314922273159027 -0.02799404039978981 0.2867286205291748 0.9983717203140259 -0.05203193053603172 -0.022816356271505356 0.005098541267216206
redkitchen/seq-12/frame-000043.color.png -0.1775367110967636 -0.03859799727797508 0.29274874925613403 0.9984366297721863 -0.04891537129878998 -0.026201564818620682 0.006717426236718893
redkitchen/seq-12/frame-000044.color.png -0.17206059396266937 -0.037847843021154404 0.29597267508506775 0.9983028173446655 -0.05695497244596481 -0.009761489927768707 0.007221866864711046
redkitchen/seq-12/frame-000045.color.png -0.17206059396266937 -0.037847843021154404 0.29597267508506775 0.9983028173446655 -0.05695497244596481 -0.009761489927768707 0.007221866864711046
redkitchen/seq-12/frame-000046.color.png -0.18120227754116058 -0.047426458448171616 0.3019202649593353 0.9985404014587402 -0.046877019107341766 -0.02467232756316662 0.010537402704358101
redkitchen/seq-12/frame-000047.color.png -0.2009429633617401 -0.05488913133740425 0.30938199162483215 0.9986532926559448 -0.04358210042119026 -0.02310045436024666 0.01607881300151348
redkitchen/seq-12/frame-000048.color.png -0.2138850837945938 -0.044720008969306946 0.32365861535072327 0.9989367127418518 -0.03856300562620163 -0.016024848446249962 0.019535565748810768
redkitchen/seq-12/frame-000049.color.png -0.2138850837945938 -0.044720008969306946 0.32365861535072327 0.9989367127418518 -0.03856300562620163 -0.016024848446249962 0.019535565748810768
redkitchen/seq-12/frame-000050.color.png -0.2204960584640503 -0.05235249176621437 0.3264698088169098 0.9990043640136719 -0.036748673766851425 -0.01536948699504137 0.020090756937861443
redkitchen/seq-12/frame-000051.color.png -0.23121604323387146 -0.07869122922420502 0.34883028268814087 0.9992706775665283 -0.031619105488061905 -0.00357044511474669 0.021103154867887497
redkitchen/seq-12/frame-000052.color.png -0.2483709156513214 -0.07573267817497253 0.3787745237350464 0.998688817024231 -0.04158443212509155 0.00038385126390494406 0.029848871752619743
redkitchen/seq-12/frame-000053.color.png -0.2483709156513214 -0.07573267817497253 0.3787745237350464 0.998688817024231 -0.04158443212509155 0.00038385126390494406 0.029848871752619743
redkitchen/seq-12/frame-000054.color.png -0.25402235984802246 -0.08412569761276245 0.3872259855270386 0.9987978935241699 -0.03367619588971138 -0.006924393121153116 0.03493794426321983
redkitchen/seq-12/frame-000055.color.png -0.26770538091659546 -0.08743590861558914 0.38245195150375366 0.9988535642623901 -0.024317434057593346 -0.018646318465471268 0.03677717223763466
redkitchen/seq-12/frame-000056.color.png -0.26770538091659546 -0.08743590861558914 0.38245195150375366 0.9988535642623901 -0.024317434057593346 -0.018646318465471268 0.03677717223763466
redkitchen/seq-12/frame-000057.color.png -0.2727419435977936 -0.08063933998346329 0.40132737159729004 0.9990382790565491 -0.018883876502513885 -0.014669688418507576 0.0367523655295372
redkitchen/seq-12/frame-000058.color.png -0.316219300031662 -0.057761531323194504 0.4106411933898926 0.9991633892059326 -0.015006525442004204 -0.005282380152493715 0.0376739427447319
redkitchen/seq-12/frame-000059.color.png -0.3353061378002167 -0.043899111449718475 0.40155330300331116 0.9994884133338928 -0.005083105061203241 0.0027492912486195564 0.03145722672343254
redkitchen/seq-12/frame-000060.color.png -0.3034950792789459 -0.05306379869580269 0.38527822494506836 0.9990139007568359 -0.02744084782898426 -0.014359097927808762 0.03181009367108345
redkitchen/seq-12/frame-000061.color.png -0.3034950792789459 -0.05306379869580269 0.38527822494506836 0.9990139007568359 -0.02744084782898426 -0.014359097927808762 0.03181009367108345
redkitchen/seq-12/frame-000062.color.png -0.31243816018104553 -0.06110600754618645 0.3951640725135803 0.9993616342544556 -0.013248667120933533 -0.008141928352415562 0.03216191381216049
redkitchen/seq-12/frame-000063.color.png -0.32949382066726685 -0.06410650908946991 0.39178067445755005 0.9995105266571045 -0.013729413039982319 -0.011135325767099857 0.02581043168902397
redkitchen/seq-12/frame-000064.color.png -0.3556748926639557 -0.061419542878866196 0.3907819986343384 0.9994987845420837 -0.010105452500283718 -0.021302374079823494 0.021129481494426727
redkitchen/seq-12/frame-000065.color.png -0.3556748926639557 -0.061419542878866196 0.3907819986343384 0.9994987845420837 -0.010105452500283718 -0.021302374079823494 0.021129481494426727
redkitchen/seq-12/frame-000066.color.png -0.3828333914279938 -0.03875972703099251 0.388360857963562 0.9996048212051392 -0.0004311434458941221 -0.019737157970666885 0.020008638501167297
redkitchen/seq-12/frame-000067.color.png -0.4106825292110443 -0.03786022588610649 0.38503125309944153 0.9997471570968628 -0.003975674510002136 -0.0010244314325973392 0.022100985050201416
redkitchen/seq-12/frame-000068.color.png -0.4398285448551178 -0.04110182449221611 0.3944548964500427 0.9997648000717163 -0.011429190635681152 0.0005269728717394173 0.018417660146951675
redkitchen/seq-12/frame-000069.color.png -0.4398285448551178 -0.04110182449221611 0.3944548964500427 0.9997648000717163 -0.011429190635681152 0.0005269728717394173 0.018417660146951675
redkitchen/seq-12/frame-000070.color.png -0.4025796353816986 -0.03999027982354164 0.35947874188423157 0.9997082948684692 -0.0038361307233572006 -0.023017333820462227 0.006232985761016607
redkitchen/seq-12/frame-000071.color.png -0.3989045023918152 -0.034131161868572235 0.3411068618297577 0.9993920922279358 -0.005482084583491087 -0.03399881348013878 0.0054303850047290325
redkitchen/seq-12/frame-000072.color.png -0.4222206473350525 -0.026830829679965973 0.32162728905677795 0.9994860291481018 -0.0023123114369809628 -0.031491585075855255 0.005514439195394516
redkitchen/seq-12/frame-000073.color.png -0.4222206473350525 -0.026830829679965973 0.32162728905677795 0.9994860291481018 -0.0023123114369809628 -0.031491585075855255 0.005514439195394516
redkitchen/seq-12/frame-000074.color.png -0.4365757703781128 -0.027198929339647293 0.3139868974685669 0.9996152520179749 -0.001787855289876461 -0.027486341074109077 0.003266701940447092
redkitchen/seq-12/frame-000075.color.png -0.46920451521873474 -0.022718112915754318 0.3309861719608307 0.9995637536048889 -0.0015709827421233058 -0.028282498940825462 0.008375833742320538
redkitchen/seq-12/frame-000076.color.png -0.45754334330558777 -0.025471948087215424 0.3327866196632385 0.9996673464775085 -5.4169529903447255e-05 -0.024438433349132538 0.008238918147981167
redkitchen/seq-12/frame-000077.color.png -0.47214868664741516 -0.02397913858294487 0.3324986696243286 0.9996619820594788 0.003702418878674507 -0.024372771382331848 0.008257557637989521
redkitchen/seq-12/frame-000078.color.png -0.4854603707790375 -0.021648522466421127 0.32064762711524963 0.9991924166679382 -0.0031237283255904913 -0.03916577994823456 0.008416898548603058
redkitchen/seq-12/frame-000079.color.png -0.4854603707790375 -0.021648522466421127 0.32064762711524963 0.9991924166679382 -0.0031237283255904913 -0.03916577994823456 0.008416898548603058
redkitchen/seq-12/frame-000080.color.png -0.5185741782188416 -0.008079915307462215 0.31960025429725647 0.9989755153656006 -0.003684659954160452 -0.04438769817352295 0.007998109795153141
redkitchen/seq-12/frame-000081.color.png -0.5590525269508362 -0.004983182065188885 0.3055665194988251 0.999221682548523 0.00022286320745479316 -0.037732601165771484 0.0114976791664958
redkitchen/seq-12/frame-000082.color.png -0.5598402619361877 -0.0030828164890408516 0.31596291065216064 0.9996102452278137 0.0029474806506186724 -0.018838897347450256 0.020392926409840584
redkitchen/seq-12/frame-000083.color.png -0.5712649822235107 -0.018265500664711 0.3331044912338257 0.999521017074585 0.0031850761733949184 -0.024322431534528732 0.018863817676901817
redkitchen/seq-12/frame-000084.color.png -0.5712649822235107 -0.018265500664711 0.3331044912338257 0.999521017074585 0.0031850761733949184 -0.024322431534528732 0.018863817676901817
redkitchen/seq-12/frame-000085.color.png -0.6019170880317688 -0.02225450426340103 0.3301343023777008 0.9990783333778381 -0.015585213899612427 -0.035402048379182816 0.01861194521188736
redkitchen/seq-12/frame-000086.color.png -0.6341060400009155 -0.00904324185103178 0.3155994713306427 0.998599112033844 -0.010379594750702381 -0.04528865963220596 0.025320125743746758
redkitchen/seq-12/frame-000087.color.png -0.6672655344009399 -0.001369754783809185 0.324017196893692 0.9989526271820068 -0.007663571275770664 -0.036960531026124954 0.025857731699943542
redkitchen/seq-12/frame-000088.color.png -0.6417043209075928 0.01355683896690607 0.34072789549827576 0.9994637966156006 -0.015266108326613903 -0.023489274084568024 0.016952991485595703
redkitchen/seq-12/frame-000089.color.png -0.6365005373954773 0.009383556433022022 0.32754477858543396 0.9984641671180725 -0.0065526580438017845 -0.05335506051778793 0.01340241078287363
redkitchen/seq-12/frame-000090.color.png -0.6365005373954773 0.009383556433022022 0.32754477858543396 0.9984641671180725 -0.0065526580438017845 -0.05335506051778793 0.01340241078287363
redkitchen/seq-12/frame-000091.color.png -0.6815728545188904 0.003012591041624546 0.3180188536643982 0.9972388744354248 -0.014432167634367943 -0.07105372846126556 0.016049416735768318
redkitchen/seq-12/frame-000092.color.png -0.7143167853355408 0.005711321718990803 0.3163873851299286 0.9971771240234375 -0.0036179106682538986 -0.07302550971508026 0.017087118700146675
redkitchen/seq-12/frame-000093.color.png -0.7624832987785339 0.012409885413944721 0.30219510197639465 0.999384880065918 0.008615556173026562 -0.02773127146065235 0.01966695301234722
redkitchen/seq-12/frame-000094.color.png -0.7410314083099365 0.0016478216275572777 0.30853310227394104 0.9997254014015198 0.004764867015182972 -0.017422491684556007 0.014937778934836388
redkitchen/seq-12/frame-000095.color.png -0.7377362251281738 0.02337118238210678 0.32054609060287476 0.9993531703948975 0.01500583253800869 -0.03124075196683407 0.009599030017852783
redkitchen/seq-12/frame-000096.color.png -0.7377362251281738 0.02337118238210678 0.32054609060287476 0.9993531703948975 0.01500583253800869 -0.03124075196683407 0.009599030017852783
redkitchen/seq-12/frame-000097.color.png -0.7591766119003296 0.01973307505249977 0.3023688793182373 0.9989264011383057 0.005797133315354586 -0.04429314658045769 0.012270080856978893
redkitchen/seq-12/frame-000098.color.png -0.7807992100715637 0.02285902574658394 0.29749634861946106 0.9992982745170593 0.015557734295725822 -0.03345955163240433 0.006425473373383284
redkitchen/seq-12/frame-000099.color.png -0.7746993899345398 0.028377491980791092 0.3298298716545105 0.9987432360649109 0.006828153505921364 -0.049648720771074295 0.0005175327532924712
redkitchen/seq-12/frame-000100.color.png -0.7585198879241943 0.015006386674940586 0.32960429787635803 0.9983428120613098 0.01682416908442974 -0.054971225559711456 -0.00259258970618248
redkitchen/seq-12/frame-000101.color.png -0.7777714729309082 0.015644319355487823 0.32855331897735596 0.9972840547561646 0.018042825162410736 -0.07140345871448517 -0.0007114147301763296
redkitchen/seq-12/frame-000102.color.png -0.7880792617797852 0.009017162956297398 0.3403264582157135 0.9969899654388428 0.019025703892111778 -0.07459458708763123 -0.009210648015141487
redkitchen/seq-12/frame-000103.color.png -0.8232496380805969 0.001647871918976307 0.33978399634361267 0.9971415400505066 0.01703369989991188 -0.0725049376487732 -0.012715840712189674
redkitchen/seq-12/frame-000104.color.png -0.836626410484314 0.01733110472559929 0.3473351299762726 0.9976108074188232 0.0217775609344244 -0.06418878585100174 -0.0133536821231246
redkitchen/seq-12/frame-000105.color.png -0.836626410484314 0.01733110472559929 0.3473351299762726 0.9976108074188232 0.0217775609344244 -0.06418878585100174 -0.0133536821231246
redkitchen/seq-12/frame-000106.color.png -0.8480468392372131 0.01141113881021738 0.3703318238258362 0.9969005584716797 0.027535106986761093 -0.07040013372898102 -0.02179679274559021
redkitchen/seq-12/frame-000107.color.png -0.8526924252510071 0.008233104832470417 0.37908682227134705 0.9957908987998962 0.029335055500268936 -0.08390460908412933 -0.02235734462738037
redkitchen/seq-12/frame-000108.color.png -0.8568584322929382 0.0031965160742402077 0.38912761211395264 0.9949489235877991 0.037665676325559616 -0.08783566206693649 -0.030704520642757416
redkitchen/seq-12/frame-000109.color.png -0.8893383741378784 0.008562210015952587 0.3761902451515198 0.9938348531723022 0.039853598922491074 -0.09746292233467102 -0.03471501171588898
redkitchen/seq-12/frame-000110.color.png -0.9097214937210083 0.002325776033103466 0.3723464012145996 0.9932840466499329 0.04489648714661598 -0.09995819628238678 -0.03714238107204437
redkitchen/seq-12/frame-000111.color.png -0.9192308187484741 -0.006589784286916256 0.38358384370803833 0.9930217266082764 0.046792786568403244 -0.10157059133052826 -0.037440165877342224
redkitchen/seq-12/frame-000112.color.png -0.9014221429824829 -0.016692597419023514 0.4116551876068115 0.9899464845657349 0.049038682132959366 -0.125811368227005 -0.0421057790517807
redkitchen/seq-12/frame-000113.color.png -0.9081458449363708 -0.02493884786963463 0.40855875611305237 0.9892770051956177 0.04675827920436859 -0.13086068630218506 -0.04494776949286461
redkitchen/seq-12/frame-000114.color.png -0.9105166792869568 -0.021605800837278366 0.4087825417518616 0.989115834236145 0.05138517916202545 -0.1309964507818222 -0.043002303689718246
redkitchen/seq-12/frame-000115.color.png -0.9275583028793335 -0.015655599534511566 0.4071403443813324 0.991121768951416 0.05308540165424347 -0.11779193580150604 -0.031380049884319305
redkitchen/seq-12/frame-000116.color.png -0.9578425884246826 -0.018098805099725723 0.42473989725112915 0.9895086884498596 0.054754044860601425 -0.1299481838941574 -0.0314345620572567
redkitchen/seq-12/frame-000117.color.png -0.9472357034683228 -0.017856087535619736 0.43322882056236267 0.9869203567504883 0.05949734151363373 -0.14581142365932465 -0.03445801883935928
redkitchen/seq-12/frame-000118.color.png -0.9599620699882507 -0.027972590178251266 0.4386732578277588 0.9897212982177734 0.05638749897480011 -0.12822143733501434 -0.0288347490131855
redkitchen/seq-12/frame-000119.color.png -0.9924343228340149 -0.027833275496959686 0.4328051209449768 0.988440215587616 0.052202604711055756 -0.14034432172775269 -0.02375815249979496
redkitchen/seq-12/frame-000120.color.png -0.9871024489402771 -0.03684496879577637 0.4454641044139862 0.9880286455154419 0.06411907821893692 -0.1381865292787552 -0.02434227615594864
redkitchen/seq-12/frame-000121.color.png -0.9867627024650574 -0.04680893197655678 0.4653777480125427 0.9891392588615417 0.06378763169050217 -0.13061143457889557 -0.021805647760629654
redkitchen/seq-12/frame-000122.color.png -0.9932188391685486 -0.04797539487481117 0.4875943064689636 0.9878060817718506 0.06471226364374161 -0.13979864120483398 -0.02253803238272667
redkitchen/seq-12/frame-000123.color.png -0.9932188391685486 -0.04797539487481117 0.4875943064689636 0.9878060817718506 0.06471226364374161 -0.13979864120483398 -0.02253803238272667
redkitchen/seq-12/frame-000124.color.png -1.0129421949386597 -0.04911459609866142 0.4931524395942688 0.9870885610580444 0.06556288152933121 -0.1444387137889862 -0.022257130593061447
redkitchen/seq-12/frame-000125.color.png -1.0013909339904785 -0.04756777361035347 0.48553532361984253 0.9855486750602722 0.06643363833427429 -0.1540457159280777 -0.02345939166843891
redkitchen/seq-12/frame-000126.color.png -0.972654402256012 -0.05399930104613304 0.514316201210022 0.9867611527442932 0.0642910972237587 -0.14684590697288513 -0.024606989696621895
redkitchen/seq-12/frame-000127.color.png -1.0147168636322021 -0.05882621183991432 0.5233115553855896 0.9848121404647827 0.07138592004776001 -0.15486383438110352 -0.03265604004263878
redkitchen/seq-12/frame-000128.color.png -1.0620417594909668 -0.05870099738240242 0.5258787274360657 0.9838089942932129 0.06810060143470764 -0.1623227298259735 -0.03367078676819801
redkitchen/seq-12/frame-000129.color.png -1.0787372589111328 -0.05329042300581932 0.5162165760993958 0.9835661053657532 0.06315170228481293 -0.16504447162151337 -0.03701455518603325
redkitchen/seq-12/frame-000130.color.png -1.0740749835968018 -0.054139044135808945 0.5191494226455688 0.9832373261451721 0.06587625294923782 -0.16500774025917053 -0.0409531369805336
redkitchen/seq-12/frame-000131.color.png -1.055572271347046 -0.05974413827061653 0.5100705027580261 0.9801768064498901 0.07266595959663391 -0.17874938249588013 -0.04496227949857712
redkitchen/seq-12/frame-000132.color.png -1.099125862121582 -0.06470091640949249 0.5297587513923645 0.9838635325431824 0.056263163685798645 -0.16276243329048157 -0.0485331192612648
redkitchen/seq-12/frame-000133.color.png -1.0897163152694702 -0.0689752846956253 0.548785388469696 0.9810677170753479 0.05607692897319794 -0.1762223243713379 -0.057509008795022964
redkitchen/seq-12/frame-000134.color.png -1.0919142961502075 -0.08344288170337677 0.5667452216148376 0.98003089427948 0.0598602220416069 -0.18084226548671722 -0.057026900351047516
redkitchen/seq-12/frame-000135.color.png -1.0856884717941284 -0.0937894880771637 0.5791605710983276 0.9778109192848206 0.06339287012815475 -0.19196441769599915 -0.05492670089006424
redkitchen/seq-12/frame-000136.color.png -1.1072183847427368 -0.10125037282705307 0.5935181379318237 0.9795244336128235 0.058588963001966476 -0.1843595653772354 -0.05577346682548523
redkitchen/seq-12/frame-000137.color.png -1.142526626586914 -0.10159780830144882 0.6021506190299988 0.9787126183509827 0.06063036620616913 -0.1862606257200241 -0.06125810742378235
redkitchen/seq-12/frame-000138.color.png -1.1319936513900757 -0.11024913191795349 0.6153442859649658 0.9758575558662415 0.06178930029273033 -0.199029341340065 -0.06535619497299194
redkitchen/seq-12/frame-000139.color.png -1.1335171461105347 -0.11164107918739319 0.6090930700302124 0.9777988791465759 0.059731051325798035 -0.18804095685482025 -0.07058553397655487
redkitchen/seq-12/frame-000140.color.png -1.184398889541626 -0.11754465103149414 0.6084985733032227 0.9764950275421143 0.060089174658060074 -0.19376419484615326 -0.07281507551670074
redkitchen/seq-12/frame-000141.color.png -1.2004791498184204 -0.1274460405111313 0.6263443827629089 0.9753687381744385 0.061943914741277695 -0.19840633869171143 -0.07384905964136124
redkitchen/seq-12/frame-000142.color.png -1.1923233270645142 -0.1295434683561325 0.6349503397941589 0.9740735292434692 0.05813101679086685 -0.203886017203331 -0.0789439007639885
redkitchen/seq-12/frame-000143.color.png -1.189850926399231 -0.1304871141910553 0.6406074166297913 0.9725149869918823 0.05928604304790497 -0.20911164581775665 -0.08349863439798355
redkitchen/seq-12/frame-000144.color.png -1.2137396335601807 -0.13518992066383362 0.6534437537193298 0.9714998006820679 0.05580484867095947 -0.2127515822649002 -0.08837871998548508
redkitchen/seq-12/frame-000145.color.png -1.2277265787124634 -0.14436526596546173 0.6657694578170776 0.9690934419631958 0.05982954055070877 -0.22248168289661407 -0.08820486813783646
redkitchen/seq-12/frame-000146.color.png -1.2100898027420044 -0.1496797651052475 0.6774356365203857 0.9683570265769958 0.05789151415228844 -0.2245153933763504 -0.09233575314283371
redkitchen/seq-12/frame-000147.color.png -1.2062101364135742 -0.1657932847738266 0.6983940601348877 0.9676564931869507 0.05807226523756981 -0.2262984961271286 -0.09517087787389755
redkitchen/seq-12/frame-000148.color.png -1.2081907987594604 -0.16969603300094604 0.707679033279419 0.965429425239563 0.061925116926431656 -0.2337987720966339 -0.09720813482999802
redkitchen/seq-12/frame-000149.color.png -1.217631220817566 -0.1750771552324295 0.7134007811546326 0.9627922773361206 0.06224469840526581 -0.24469244480133057 -0.09634377062320709
redkitchen/seq-12/frame-000150.color.png -1.2244230508804321 -0.18054132163524628 0.719356894493103 0.9627900719642639 0.06444192677736282 -0.24600696563720703 -0.09144944697618484
redkitchen/seq-12/frame-000151.color.png -1.2275621891021729 -0.18739114701747894 0.7294967770576477 0.9614431858062744 0.059919100254774094 -0.25228002667427063 -0.09160584956407547
redkitchen/seq-12/frame-000152.color.png -1.220128059387207 -0.19163250923156738 0.7389781475067139 0.9603679180145264 0.06336242705583572 -0.25471821427345276 -0.0937936082482338
redkitchen/seq-12/frame-000153.color.png -1.2236031293869019 -0.20083464682102203 0.7477075457572937 0.9591100811958313 0.06137017533183098 -0.259275883436203 -0.0954856351017952
redkitchen/seq-12/frame-000154.color.png -1.24041748046875 -0.2027321755886078 0.759106457233429 0.9579452276229858 0.05571923032402992 -0.26550009846687317 -0.09351921081542969
redkitchen/seq-12/frame-000155.color.png -1.233810305595398 -0.22278016805648804 0.7790598273277283 0.9579339623451233 0.056633360683918 -0.26430779695510864 -0.09641865640878677
redkitchen/seq-12/frame-000156.color.png -1.2384979724884033 -0.21158698201179504 0.7708019018173218 0.9559074640274048 0.05900496989488602 -0.27080729603767395 -0.09707091748714447
redkitchen/seq-12/frame-000157.color.png -1.2384979724884033 -0.21158698201179504 0.7708019018173218 0.9559074640274048 0.05900496989488602 -0.27080729603767395 -0.09707091748714447
redkitchen/seq-12/frame-000158.color.png -1.2411307096481323 -0.22627019882202148 0.7928935289382935 0.9564898610115051 0.06399699300527573 -0.26704517006874084 -0.09858200699090958
redkitchen/seq-12/frame-000159.color.png -1.2647563219070435 -0.2430739402770996 0.8129301071166992 0.9547062516212463 0.05858052894473076 -0.27395889163017273 -0.10025405883789062
redkitchen/seq-12/frame-000160.color.png -1.283456563949585 -0.2498379349708557 0.8208951354026794 0.9532755613327026 0.05395500734448433 -0.27854040265083313 -0.1037776917219162
redkitchen/seq-12/frame-000161.color.png -1.279061198234558 -0.2529586851596832 0.8268948197364807 0.9520222544670105 0.05070449039340019 -0.28212621808052063 -0.10718061774969101
redkitchen/seq-12/frame-000162.color.png -1.282291293144226 -0.25547900795936584 0.8311197757720947 0.9497576355934143 0.0524296760559082 -0.2880996763706207 -0.1105000227689743
redkitchen/seq-12/frame-000163.color.png -1.2862985134124756 -0.2637736201286316 0.8396431803703308 0.9484119415283203 0.05132061243057251 -0.292326956987381 -0.11147086322307587
redkitchen/seq-12/frame-000164.color.png -1.2832186222076416 -0.26713648438453674 0.845061719417572 0.9516658186912537 0.05262819305062294 -0.2802901268005371 -0.1140173077583313
redkitchen/seq-12/frame-000165.color.png -1.2928386926651 -0.2645410895347595 0.8449073433876038 0.9509680271148682 0.050045643001794815 -0.2827204167842865 -0.11499704420566559
redkitchen/seq-12/frame-000166.color.png -1.301808476448059 -0.2721225321292877 0.8550828695297241 0.9489319920539856 0.0468851774930954 -0.2887428402900696 -0.11814136803150177
redkitchen/seq-12/frame-000167.color.png -1.3151159286499023 -0.27820247411727905 0.8709039688110352 0.949329137802124 0.05095578730106354 -0.2866238057613373 -0.11842550337314606
redkitchen/seq-12/frame-000168.color.png -1.3136768341064453 -0.2843805253505707 0.8750361800193787 0.9507249593734741 0.05161818861961365 -0.2812131941318512 -0.11990272253751755
redkitchen/seq-12/frame-000169.color.png -1.3099993467330933 -0.29263046383857727 0.8933041095733643 0.9485184550285339 0.05695350468158722 -0.2878536283969879 -0.1192023754119873
redkitchen/seq-12/frame-000170.color.png -1.3195734024047852 -0.306228369474411 0.9188973903656006 0.9491903781890869 0.0518694706261158 -0.28605344891548157 -0.1205010786652565
redkitchen/seq-12/frame-000171.color.png -1.3340984582901 -0.3149435520172119 0.9317136406898499 0.9529476165771484 0.04712524637579918 -0.27387502789497375 -0.12108827382326126
redkitchen/seq-12/frame-000172.color.png -1.3469312191009521 -0.31027883291244507 0.9372755885124207 0.9515900611877441 0.05241384729743004 -0.2768709063529968 -0.12276693433523178
redkitchen/seq-12/frame-000173.color.png -1.3568593263626099 -0.3156704902648926 0.9414936304092407 0.9540596604347229 0.05583498999476433 -0.2679849863052368 -0.12180600315332413
redkitchen/seq-12/frame-000174.color.png -1.3704742193222046 -0.3149639368057251 0.9400443434715271 0.9521328806877136 0.05458204448223114 -0.2774480879306793 -0.11613060534000397
redkitchen/seq-12/frame-000175.color.png -1.3929224014282227 -0.3221784830093384 0.9489440321922302 0.9529023170471191 0.05383206531405449 -0.27407097816467285 -0.11817095428705215
redkitchen/seq-12/frame-000176.color.png -1.3855116367340088 -0.34428519010543823 0.9889068007469177 0.9529688954353333 0.051937639713287354 -0.2743490934371948 -0.11783640086650848
redkitchen/seq-12/frame-000177.color.png -1.395890712738037 -0.36003583669662476 1.010509729385376 0.953085720539093 0.05529863014817238 -0.2732563316822052 -0.11790168285369873
redkitchen/seq-12/frame-000178.color.png -1.377850890159607 -0.3752635717391968 1.028854489326477 0.951391875743866 0.056963760405778885 -0.2777627408504486 -0.12023544311523438
redkitchen/seq-12/frame-000179.color.png -1.4109160900115967 -0.37764450907707214 1.0375736951828003 0.9581054449081421 0.055238861590623856 -0.2543519139289856 -0.11953113973140717
redkitchen/seq-12/frame-000180.color.png -1.4297173023223877 -0.3878200650215149 1.0553406476974487 0.9554153680801392 0.061015769839286804 -0.26520368456840515 -0.11456689238548279
redkitchen/seq-12/frame-000181.color.png -1.4270673990249634 -0.387042760848999 1.052660584449768 0.9534376859664917 0.060602929443120956 -0.2723678648471832 -0.11445312947034836
redkitchen/seq-12/frame-000182.color.png -1.4270673990249634 -0.387042760848999 1.052660584449768 0.9534376859664917 0.060602929443120956 -0.2723678648471832 -0.11445312947034836
redkitchen/seq-12/frame-000183.color.png -1.439161777496338 -0.4006349444389343 1.068554162979126 0.9611676931381226 0.06513580679893494 -0.24394327402114868 -0.11138100177049637
redkitchen/seq-12/frame-000184.color.png -1.4551547765731812 -0.4149269163608551 1.0970094203948975 0.9597697854042053 0.060490284115076065 -0.2508983016014099 -0.11060211807489395
redkitchen/seq-12/frame-000185.color.png -1.451576828956604 -0.43374401330947876 1.1209474802017212 0.9601102471351624 0.06173378601670265 -0.24823999404907227 -0.11293506622314453
redkitchen/seq-12/frame-000186.color.png -1.453849196434021 -0.4384823143482208 1.125407338142395 0.9627971053123474 0.06263555586338043 -0.23984955251216888 -0.10756751894950867
redkitchen/seq-12/frame-000187.color.png -1.458430528640747 -0.4348800778388977 1.1163979768753052 0.9635769724845886 0.07035651803016663 -0.23730292916297913 -0.10127413272857666
redkitchen/seq-12/frame-000188.color.png -1.4576563835144043 -0.43093258142471313 1.11159348487854 0.9611753225326538 0.0669066533446312 -0.24552279710769653 -0.10669517517089844
redkitchen/seq-12/frame-000189.color.png -1.4769117832183838 -0.43402257561683655 1.1175601482391357 0.9650281667709351 0.06818778812885284 -0.2319125086069107 -0.10142827779054642
redkitchen/seq-12/frame-000190.color.png -1.4718878269195557 -0.4485430121421814 1.1223812103271484 0.9632057547569275 0.07072075456380844 -0.23610951006412506 -0.10717110335826874
redkitchen/seq-12/frame-000191.color.png -1.4690316915512085 -0.43916982412338257 1.1075397729873657 0.9650073051452637 0.07338667660951614 -0.2315126210451126 -0.09887971729040146
redkitchen/seq-12/frame-000192.color.png -1.4748529195785522 -0.44214344024658203 1.1262192726135254 0.9639548063278198 0.07535161077976227 -0.23389558494091034 -0.10201029479503632
redkitchen/seq-12/frame-000193.color.png -1.468124270439148 -0.4464159607887268 1.1398404836654663 0.9645995497703552 0.06557860970497131 -0.23311367630958557 -0.10442834347486496
redkitchen/seq-12/frame-000194.color.png -1.468124270439148 -0.4464159607887268 1.1398404836654663 0.9645995497703552 0.06557860970497131 -0.23311367630958557 -0.10442834347486496
redkitchen/seq-12/frame-000195.color.png -1.4886772632598877 -0.44855064153671265 1.1482245922088623 0.9672942757606506 0.06679576635360718 -0.22450381517410278 -0.0973566398024559
redkitchen/seq-12/frame-000196.color.png -1.50569748878479 -0.46507465839385986 1.1689965724945068 0.9712437391281128 0.06590498238801956 -0.2101726233959198 -0.09038412570953369
redkitchen/seq-12/frame-000197.color.png -1.5064332485198975 -0.47570741176605225 1.1795213222503662 0.9706547856330872 0.061449624598026276 -0.21145550906658173 -0.09664252400398254
redkitchen/seq-12/frame-000198.color.png -1.5140596628189087 -0.4873563051223755 1.198662281036377 0.9698613286018372 0.05911799520254135 -0.2144075483083725 -0.09951607137918472
redkitchen/seq-12/frame-000199.color.png -1.530859351158142 -0.4877076745033264 1.205803632736206 0.9698746204376221 0.0561366006731987 -0.2140653282403946 -0.10182300209999084
redkitchen/seq-12/frame-000200.color.png -1.535449743270874 -0.48572444915771484 1.198258399963379 0.9726398587226868 0.061082519590854645 -0.20370249450206757 -0.09351938217878342
redkitchen/seq-12/frame-000201.color.png -1.5423334836959839 -0.4922899603843689 1.216329574584961 0.9701499938964844 0.060534413903951645 -0.21490158140659332 -0.0946672111749649
redkitchen/seq-12/frame-000202.color.png -1.5423334836959839 -0.4922899603843689 1.216329574584961 0.9701499938964844 0.060534413903951645 -0.21490158140659332 -0.0946672111749649
redkitchen/seq-12/frame-000203.color.png -1.5508222579956055 -0.49448591470718384 1.2208164930343628 0.9692331552505493 0.06094707176089287 -0.21668872237205505 -0.09959108382463455
redkitchen/seq-12/frame-000204.color.png -1.552427887916565 -0.5022717714309692 1.2339762449264526 0.9733578562736511 0.06007392704486847 -0.20050469040870667 -0.09361306577920914
redkitchen/seq-12/frame-000205.color.png -1.5470633506774902 -0.5030406713485718 1.236425518989563 0.9720535278320312 0.06250974535942078 -0.20668913424015045 -0.09210918843746185
redkitchen/seq-12/frame-000206.color.png -1.5346373319625854 -0.5149723291397095 1.2558513879776 0.9740695953369141 0.06087709218263626 -0.1986503303050995 -0.08955696225166321
redkitchen/seq-12/frame-000207.color.png -1.5347107648849487 -0.5222592949867249 1.2745896577835083 0.9724494218826294 0.0601993091404438 -0.20301254093647003 -0.09748943150043488
redkitchen/seq-12/frame-000208.color.png -1.5380221605300903 -0.5380731225013733 1.3018238544464111 0.9778124690055847 0.05852549523115158 -0.1815367490053177 -0.08661363273859024
redkitchen/seq-12/frame-000209.color.png -1.5380221605300903 -0.5380731225013733 1.3018238544464111 0.9778124690055847 0.05852549523115158 -0.1815367490053177 -0.08661363273859024
redkitchen/seq-12/frame-000210.color.png -1.5452536344528198 -0.5406597852706909 1.303383469581604 0.9778839349746704 0.05025714635848999 -0.18279898166656494 -0.08832831680774689
redkitchen/seq-12/frame-000211.color.png -1.5403861999511719 -0.5430379509925842 1.3191910982131958 0.9802833199501038 0.05539034679532051 -0.16904598474502563 -0.0860234871506691
redkitchen/seq-12/frame-000212.color.png -1.523732304573059 -0.540888786315918 1.319894552230835 0.9790724515914917 0.060417283326387405 -0.17413684725761414 -0.08627378195524216
redkitchen/seq-12/frame-000213.color.png -1.525942087173462 -0.559553325176239 1.3539838790893555 0.979293704032898 0.0571737065911293 -0.17478466033935547 -0.08464699983596802
redkitchen/seq-12/frame-000214.color.png -1.5295498371124268 -0.5601246356964111 1.3505792617797852 0.9799492359161377 0.053919583559036255 -0.17308096587657928 -0.08267529308795929
redkitchen/seq-12/frame-000215.color.png -1.5304034948349 -0.5636745691299438 1.3738104104995728 0.983394205570221 0.05259867385029793 -0.1558494120836258 -0.07668180763721466
redkitchen/seq-12/frame-000216.color.png -1.5273640155792236 -0.5759556293487549 1.383974552154541 0.98553866147995 0.05161743983626366 -0.1440550535917282 -0.07278266549110413
redkitchen/seq-12/frame-000217.color.png -1.5273640155792236 -0.5759556293487549 1.383974552154541 0.98553866147995 0.05161743983626366 -0.1440550535917282 -0.07278266549110413
redkitchen/seq-12/frame-000218.color.png -1.5249329805374146 -0.578028678894043 1.3885138034820557 0.983234703540802 0.0649590939283371 -0.1556994915008545 -0.06919193267822266
redkitchen/seq-12/frame-000219.color.png -1.5451828241348267 -0.5812703967094421 1.4077924489974976 0.9841547012329102 0.06257283687591553 -0.15121369063854218 -0.06825461983680725
redkitchen/seq-12/frame-000220.color.png -1.5362223386764526 -0.5854795575141907 1.4059988260269165 0.9854260087013245 0.06344611197710037 -0.14400726556777954 -0.06459293514490128
redkitchen/seq-12/frame-000221.color.png -1.5364419221878052 -0.5954259634017944 1.4060208797454834 0.9858782887458801 0.06651254743337631 -0.14019101858139038 -0.06298097968101501
redkitchen/seq-12/frame-000222.color.png -1.5416573286056519 -0.5954706072807312 1.3996727466583252 0.9853824973106384 0.06237456947565079 -0.14478415250778198 -0.06456355005502701
redkitchen/seq-12/frame-000223.color.png -1.5416573286056519 -0.5954706072807312 1.3996727466583252 0.9853824973106384 0.06237456947565079 -0.14478415250778198 -0.06456355005502701
redkitchen/seq-12/frame-000224.color.png -1.5423288345336914 -0.5987282991409302 1.4161487817764282 0.9864934086799622 0.05955282971262932 -0.13935618102550507 -0.06216305494308472
redkitchen/seq-12/frame-000225.color.png -1.5471084117889404 -0.6195778846740723 1.4428439140319824 0.986426591873169 0.06949831545352936 -0.13598045706748962 -0.06034716218709946
redkitchen/seq-12/frame-000226.color.png -1.5477501153945923 -0.613910436630249 1.4361755847930908 0.9862031936645508 0.07447084039449692 -0.13722465932369232 -0.05501728504896164
redkitchen/seq-12/frame-000227.color.png -1.5477501153945923 -0.613910436630249 1.4361755847930908 0.9862031936645508 0.07447084039449692 -0.13722465932369232 -0.05501728504896164
redkitchen/seq-12/frame-000228.color.png -1.5422992706298828 -0.6105638146400452 1.4305905103683472 0.9870988130569458 0.07436194270849228 -0.13167767226696014 -0.052605465054512024
redkitchen/seq-12/frame-000229.color.png -1.5475654602050781 -0.6373084783554077 1.4777871370315552 0.9871116876602173 0.0746743306517601 -0.13209351897239685 -0.05084884539246559
redkitchen/seq-12/frame-000230.color.png -1.5547882318496704 -0.641749382019043 1.4959564208984375 0.9872473478317261 0.07110483944416046 -0.13223214447498322 -0.05292978882789612
redkitchen/seq-12/frame-000231.color.png -1.5417041778564453 -0.6359736323356628 1.490221381187439 0.988746166229248 0.07243333011865616 -0.12251418083906174 -0.04609435424208641
redkitchen/seq-12/frame-000232.color.png -1.5417041778564453 -0.6359736323356628 1.490221381187439 0.988746166229248 0.07243333011865616 -0.12251418083906174 -0.04609435424208641
redkitchen/seq-12/frame-000233.color.png -1.5416820049285889 -0.654945969581604 1.5242912769317627 0.9906774759292603 0.0677991583943367 -0.11000911891460419 -0.04312333092093468
redkitchen/seq-12/frame-000234.color.png -1.5518172979354858 -0.6569657921791077 1.5336873531341553 0.9911271929740906 0.06942080706357956 -0.10465138405561447 -0.04354033246636391
redkitchen/seq-12/frame-000235.color.png -1.541739821434021 -0.6574015021324158 1.539788842201233 0.9920911192893982 0.0667070522904396 -0.09830401092767715 -0.04052090272307396
redkitchen/seq-12/frame-000236.color.png -1.541739821434021 -0.6574015021324158 1.539788842201233 0.9920911192893982 0.0667070522904396 -0.09830401092767715 -0.04052090272307396
redkitchen/seq-12/frame-000237.color.png -1.5485628843307495 -0.6651827096939087 1.552502989768982 0.9924737215042114 0.06312763690948486 -0.09757531434297562 -0.038600027561187744
redkitchen/seq-12/frame-000238.color.png -1.5530637502670288 -0.6764127016067505 1.5690580606460571 0.9927916526794434 0.06834407895803452 -0.09084353595972061 -0.03796439617872238
redkitchen/seq-12/frame-000239.color.png -1.5530637502670288 -0.6764127016067505 1.5690580606460571 0.9927916526794434 0.06834407895803452 -0.09084353595972061 -0.03796439617872238
redkitchen/seq-12/frame-000240.color.png -1.5495924949645996 -0.6724397540092468 1.5745633840560913 0.9938806295394897 0.06818977743387222 -0.07982618361711502 -0.034341707825660706
redkitchen/seq-12/frame-000241.color.png -1.534115195274353 -0.6734988689422607 1.5699918270111084 0.9943276643753052 0.0673900842666626 -0.07450571656227112 -0.03493044897913933
redkitchen/seq-12/frame-000242.color.png -1.5312427282333374 -0.6745815277099609 1.5684093236923218 0.9952119588851929 0.06770948320627213 -0.06409196555614471 -0.029339609667658806
redkitchen/seq-12/frame-000243.color.png -1.5312427282333374 -0.6745815277099609 1.5684093236923218 0.9952119588851929 0.06770948320627213 -0.06409196555614471 -0.029339609667658806
redkitchen/seq-12/frame-000244.color.png -1.5442219972610474 -0.6804111003875732 1.5819272994995117 0.9961011409759521 0.06362105160951614 -0.054803285747766495 -0.027047893032431602
redkitchen/seq-12/frame-000245.color.png -1.550514817237854 -0.6826202869415283 1.572769045829773 0.9960914850234985 0.06520386040210724 -0.05350662022829056 -0.026219896972179413
redkitchen/seq-12/frame-000246.color.png -1.5581943988800049 -0.7084042429924011 1.5986772775650024 0.9958426356315613 0.07374496757984161 -0.04722881689667702 -0.025069236755371094
redkitchen/seq-12/frame-000247.color.png -1.5581943988800049 -0.7084042429924011 1.5986772775650024 0.9958426356315613 0.07374496757984161 -0.04722881689667702 -0.025069236755371094
redkitchen/seq-12/frame-000248.color.png -1.5625370740890503 -0.6977975368499756 1.578660011291504 0.996331512928009 0.068967804312706 -0.04294828698039055 -0.026880674064159393
redkitchen/seq-12/frame-000249.color.png -1.5625370740890503 -0.6977975368499756 1.578660011291504 0.996331512928009 0.068967804312706 -0.04294828698039055 -0.026880674064159393
redkitchen/seq-12/frame-000250.color.png -1.561697006225586 -0.7055181860923767 1.5888012647628784 0.9968395233154297 0.06304692476987839 -0.0403774231672287 -0.026563243940472603
redkitchen/seq-12/frame-000251.color.png -1.5569283962249756 -0.7187284231185913 1.606899380683899 0.9980195164680481 0.05713745206594467 -0.013266329653561115 -0.022720182314515114
redkitchen/seq-12/frame-000252.color.png -1.5569283962249756 -0.7187284231185913 1.606899380683899 0.9980195164680481 0.05713745206594467 -0.013266329653561115 -0.022720182314515114
redkitchen/seq-12/frame-000253.color.png -1.5451511144638062 -0.7145514488220215 1.6014028787612915 0.9977483749389648 0.06209126114845276 -0.013728076592087746 -0.021315978839993477
redkitchen/seq-12/frame-000254.color.png -1.5329630374908447 -0.7232113480567932 1.6170598268508911 0.9979264140129089 0.062290582805871964 -0.0065537067130208015 -0.014820140786468983
redkitchen/seq-12/frame-000255.color.png -1.5329630374908447 -0.7232113480567932 1.6170598268508911 0.9979264140129089 0.062290582805871964 -0.0065537067130208015 -0.014820140786468983
redkitchen/seq-12/frame-000256.color.png -1.5368378162384033 -0.7093755006790161 1.628210186958313 0.9980049133300781 0.061785005033016205 0.0002873337361961603 -0.012983588501811028
redkitchen/seq-12/frame-000257.color.png -1.544891357421875 -0.7236267924308777 1.6545689105987549 0.9980436563491821 0.06109665334224701 0.011791239492595196 -0.006087467540055513
redkitchen/seq-12/frame-000258.color.png -1.562137246131897 -0.7088090777397156 1.6545500755310059 0.9974193572998047 0.06922812759876251 0.0188195388764143 0.0027947560884058475
redkitchen/seq-12/frame-000259.color.png -1.562137246131897 -0.7088090777397156 1.6545500755310059 0.9974193572998047 0.06922812759876251 0.0188195388764143 0.0027947560884058475
redkitchen/seq-12/frame-000260.color.png -1.556260585784912 -0.7230784296989441 1.67765212059021 0.9973161220550537 0.06500409543514252 0.03259461745619774 0.008517920039594173
redkitchen/seq-12/frame-000261.color.png -1.556260585784912 -0.7230784296989441 1.67765212059021 0.9973161220550537 0.06500409543514252 0.03259461745619774 0.008517920039594173
redkitchen/seq-12/frame-000262.color.png -1.5274790525436401 -0.7334612011909485 1.6770116090774536 0.9967070817947388 0.060196083039045334 0.05415888875722885 0.004274506587535143
redkitchen/seq-12/frame-000263.color.png -1.5371145009994507 -0.7281034588813782 1.69432532787323 0.9963164925575256 0.059369850903749466 0.06091960147023201 0.010832046158611774
redkitchen/seq-12/frame-000264.color.png -1.5371145009994507 -0.7281034588813782 1.69432532787323 0.9963164925575256 0.059369850903749466 0.06091960147023201 0.010832046158611774
redkitchen/seq-12/frame-000265.color.png -1.5160447359085083 -0.7393507361412048 1.7027620077133179 0.9957649111747742 0.05731520429253578 0.06981492787599564 0.017123673111200333
redkitchen/seq-12/frame-000266.color.png -1.5160447359085083 -0.7393507361412048 1.7027620077133179 0.9957649111747742 0.05731520429253578 0.06981492787599564 0.017123673111200333
redkitchen/seq-12/frame-000267.color.png -1.5064618587493896 -0.7302155494689941 1.6986663341522217 0.9945719242095947 0.052915770560503006 0.08721429854631424 0.020503263920545578
redkitchen/seq-12/frame-000268.color.png -1.514951467514038 -0.7562249302864075 1.7275899648666382 0.9940595030784607 0.050705213099718094 0.09225846081972122 0.02762666717171669
redkitchen/seq-12/frame-000269.color.png -1.514951467514038 -0.7562249302864075 1.7275899648666382 0.9940595030784607 0.050705213099718094 0.09225846081972122 0.02762666717171669
redkitchen/seq-12/frame-000270.color.png -1.522898554801941 -0.7420340180397034 1.7043849229812622 0.99379962682724 0.055456675589084625 0.09106574952602386 0.03152769058942795
redkitchen/seq-12/frame-000271.color.png -1.522898554801941 -0.7420340180397034 1.7043849229812622 0.99379962682724 0.055456675589084625 0.09106574952602386 0.03152769058942795
redkitchen/seq-12/frame-000272.color.png -1.5045486688613892 -0.7481089234352112 1.706680417060852 0.9922231435775757 0.05445604771375656 0.1052677109837532 0.03803055360913277
redkitchen/seq-12/frame-000273.color.png -1.4915302991867065 -0.76276034116745 1.7311290502548218 0.991814374923706 0.050825826823711395 0.10946601629257202 0.041692912578582764
redkitchen/seq-12/frame-000274.color.png -1.4915302991867065 -0.76276034116745 1.7311290502548218 0.991814374923706 0.050825826823711395 0.10946601629257202 0.041692912578582764
redkitchen/seq-12/frame-000275.color.png -1.4939329624176025 -0.7480013370513916 1.7011412382125854 0.9909787774085999 0.04295837879180908 0.11775007098913193 0.0474417544901371
redkitchen/seq-12/frame-000276.color.png -1.4947662353515625 -0.7471906542778015 1.7208691835403442 0.988574206829071 0.03330259025096893 0.1359347701072693 0.055979322642087936
redkitchen/seq-12/frame-000277.color.png -1.4722082614898682 -0.7551128268241882 1.7140880823135376 0.9869523048400879 0.034498173743486404 0.145407035946846 0.059932466596364975
redkitchen/seq-12/frame-000278.color.png -1.4722082614898682 -0.7551128268241882 1.7140880823135376 0.9869523048400879 0.034498173743486404 0.145407035946846 0.059932466596364975
redkitchen/seq-12/frame-000279.color.png -1.4824309349060059 -0.7547587752342224 1.7271875143051147 0.9873225688934326 0.03669516369700432 0.140528604388237 0.06402590125799179
redkitchen/seq-12/frame-000280.color.png -1.4642199277877808 -0.7654883861541748 1.7456769943237305 0.9864742159843445 0.03587082028388977 0.14628440141677856 0.06467496603727341
redkitchen/seq-12/frame-000281.color.png -1.4642199277877808 -0.7654883861541748 1.7456769943237305 0.9864742159843445 0.03587082028388977 0.14628440141677856 0.06467496603727341
redkitchen/seq-12/frame-000282.color.png -1.4512513875961304 -0.7530291080474854 1.7181366682052612 0.9858384728431702 0.033859867602586746 0.15117371082305908 0.06420906633138657
redkitchen/seq-12/frame-000283.color.png -1.4523826837539673 -0.7505587339401245 1.721409559249878 0.9849454760551453 0.032774418592453 0.15620344877243042 0.06639906018972397
redkitchen/seq-12/frame-000284.color.png -1.4355919361114502 -0.7708766460418701 1.7415330410003662 0.983856737613678 0.02924095280468464 0.16226588189601898 0.0695749819278717
redkitchen/seq-12/frame-000285.color.png -1.4275903701782227 -0.7727170586585999 1.7394243478775024 0.9819432497024536 0.030713967978954315 0.17269393801689148 0.07085853815078735
redkitchen/seq-12/frame-000286.color.png -1.4275903701782227 -0.7727170586585999 1.7394243478775024 0.9819432497024536 0.030713967978954315 0.17269393801689148 0.07085853815078735
redkitchen/seq-12/frame-000287.color.png -1.4294785261154175 -0.7705263495445251 1.743408203125 0.9802861213684082 0.020470643416047096 0.18068963289260864 0.07727503031492233
redkitchen/seq-12/frame-000288.color.png -1.420792579650879 -0.7808032631874084 1.7576367855072021 0.980029284954071 0.026505185291171074 0.1820451319217682 0.07549549639225006
redkitchen/seq-12/frame-000289.color.png -1.4212675094604492 -0.7932853698730469 1.7667123079299927 0.9794079661369324 0.021832019090652466 0.18410253524780273 0.0799349993467331
redkitchen/seq-12/frame-000290.color.png -1.4212675094604492 -0.7932853698730469 1.7667123079299927 0.9794079661369324 0.021832019090652466 0.18410253524780273 0.0799349993467331
redkitchen/seq-12/frame-000291.color.png -1.4012668132781982 -0.7825839519500732 1.7632019519805908 0.9773367643356323 0.025599172338843346 0.19418656826019287 0.08030723035335541
redkitchen/seq-12/frame-000292.color.png -1.3848189115524292 -0.7850459814071655 1.765444278717041 0.9757366180419922 0.028089268133044243 0.19880223274230957 0.08733049035072327
redkitchen/seq-12/frame-000293.color.png -1.3768916130065918 -0.78659987449646 1.7741776704788208 0.9767301678657532 0.02804272621870041 0.19621431827545166 0.08192451298236847
redkitchen/seq-12/frame-000294.color.png -1.3540691137313843 -0.7921240329742432 1.7794162034988403 0.9755129814147949 0.02127358503639698 0.20047453045845032 0.08793065696954727
redkitchen/seq-12/frame-000295.color.png -1.3558576107025146 -0.7860440015792847 1.7799746990203857 0.9741665124893188 0.030290750786662102 0.204941526055336 0.08989403396844864
redkitchen/seq-12/frame-000296.color.png -1.3369877338409424 -0.7897816300392151 1.78007972240448 0.9758926033973694 0.028717685490846634 0.19785861670970917 0.08752764761447906
redkitchen/seq-12/frame-000297.color.png -1.3379358053207397 -0.798721969127655 1.7938084602355957 0.9733589291572571 0.02826550416648388 0.2088492512702942 0.09030726552009583
redkitchen/seq-12/frame-000298.color.png -1.318242073059082 -0.7990992665290833 1.7943919897079468 0.9739547371864319 0.028745518997311592 0.206262469291687 0.0896754264831543
redkitchen/seq-12/frame-000299.color.png -1.3114820718765259 -0.7927141785621643 1.776332139968872 0.9725949764251709 0.03356365114450455 0.20951604843139648 0.09505464136600494
redkitchen/seq-12/frame-000300.color.png -1.300073266029358 -0.7870883941650391 1.7745596170425415 0.9719908237457275 0.03428713232278824 0.21331577003002167 0.0924917683005333
redkitchen/seq-12/frame-000301.color.png -1.3014274835586548 -0.7926262021064758 1.7821029424667358 0.970090925693512 0.04170633852481842 0.22035609185695648 0.0928826704621315
redkitchen/seq-12/frame-000302.color.png -1.2900810241699219 -0.7910866737365723 1.7831834554672241 0.9686349034309387 0.0400945320725441 0.22461767494678497 0.09841606765985489
redkitchen/seq-12/frame-000303.color.png -1.2802475690841675 -0.7875334620475769 1.7791327238082886 0.9684123396873474 0.035501934587955475 0.22573578357696533 0.09980195015668869
redkitchen/seq-12/frame-000304.color.png -1.2642056941986084 -0.7845960855484009 1.7703429460525513 0.9665319919586182 0.03894653543829918 0.23158858716487885 0.10327507555484772
redkitchen/seq-12/frame-000305.color.png -1.2800885438919067 -0.7913798689842224 1.7733722925186157 0.9629283547401428 0.04443579167127609 0.24394921958446503 0.10622235387563705
redkitchen/seq-12/frame-000306.color.png -1.2837594747543335 -0.7937041521072388 1.7630283832550049 0.9591612219810486 0.045787323266267776 0.256515234708786 0.11005973815917969
redkitchen/seq-12/frame-000307.color.png -1.274019479751587 -0.7975470423698425 1.7512894868850708 0.9591931104660034 0.04943101108074188 0.2554722726345062 0.11063024401664734
redkitchen/seq-12/frame-000308.color.png -1.2743788957595825 -0.7862043380737305 1.7380638122558594 0.9575240015983582 0.04171517863869667 0.2615394592285156 0.11403769254684448
redkitchen/seq-12/frame-000309.color.png -1.2622365951538086 -0.7845359444618225 1.7639845609664917 0.9580286145210266 0.041780680418014526 0.2579606771469116 0.1178647130727768
redkitchen/seq-12/frame-000310.color.png -1.25021493434906 -0.797027051448822 1.7732716798782349 0.9574018716812134 0.04425394535064697 0.25956085324287415 0.11853861808776855
redkitchen/seq-12/frame-000311.color.png -1.2507442235946655 -0.8087577819824219 1.777317762374878 0.9576848149299622 0.046405427157878876 0.25674372911453247 0.12152799218893051
redkitchen/seq-12/frame-000312.color.png -1.250308632850647 -0.8196327090263367 1.7772198915481567 0.9545398950576782 0.04485144838690758 0.26992446184158325 0.1182486042380333
redkitchen/seq-12/frame-000313.color.png -1.2436959743499756 -0.8205322027206421 1.7541382312774658 0.9528903365135193 0.037810731679201126 0.27667462825775146 0.11841263622045517
redkitchen/seq-12/frame-000314.color.png -1.252575159072876 -0.8258751034736633 1.7709920406341553 0.9479702711105347 0.0347018763422966 0.28992921113967896 0.12684331834316254
redkitchen/seq-12/frame-000315.color.png -1.243967056274414 -0.8055946826934814 1.7757902145385742 0.9467212557792664 0.03651037812232971 0.2906118929386139 0.13390563428401947
redkitchen/seq-12/frame-000316.color.png -1.2291518449783325 -0.7997381687164307 1.7764768600463867 0.9468064904212952 0.03882583975791931 0.29140353202819824 0.1308976411819458
redkitchen/seq-12/frame-000317.color.png -1.2267167568206787 -0.8101711869239807 1.756113886833191 0.9450254440307617 0.03849150240421295 0.29798632860183716 0.12903350591659546
redkitchen/seq-12/frame-000318.color.png -1.2254890203475952 -0.805220901966095 1.7411454916000366 0.9430800080299377 0.03488823398947716 0.30476391315460205 0.12845943868160248
redkitchen/seq-12/frame-000319.color.png -1.2442940473556519 -0.7973207831382751 1.7466038465499878 0.9418948292732239 0.0378941148519516 0.30637943744659424 0.13239994645118713
redkitchen/seq-12/frame-000320.color.png -1.2227606773376465 -0.7990885376930237 1.723821997642517 0.9403411149978638 0.037778135389089584 0.3100297749042511 0.13495571911334991
redkitchen/seq-12/frame-000321.color.png -1.2275325059890747 -0.8150113821029663 1.7052137851715088 0.9370782971382141 0.03753624111413956 0.3186362385749817 0.1376451551914215
redkitchen/seq-12/frame-000322.color.png -1.2169941663742065 -0.8143942952156067 1.7336689233779907 0.9343551397323608 0.029802734032273293 0.32616493105888367 0.1403876096010208
redkitchen/seq-12/frame-000323.color.png -1.2271013259887695 -0.794709324836731 1.7174674272537231 0.9335830807685852 0.031071411445736885 0.32712510228157043 0.14299091696739197
redkitchen/seq-12/frame-000324.color.png -1.2227364778518677 -0.812377393245697 1.7209060192108154 0.9315958619117737 0.028588101267814636 0.3329184651374817 0.1430981606245041
redkitchen/seq-12/frame-000325.color.png -1.2035425901412964 -0.8532567620277405 1.7372325658798218 0.9276745319366455 0.01562491524964571 0.3431492745876312 0.1463717669248581
redkitchen/seq-12/frame-000326.color.png -1.2167187929153442 -0.8436711430549622 1.7275372743606567 0.9247679710388184 0.015034792944788933 0.34923046827316284 0.15038709342479706
redkitchen/seq-12/frame-000327.color.png -1.2342866659164429 -0.8459702730178833 1.722910761833191 0.9229752421379089 0.00879842322319746 0.3496253490447998 0.16062864661216736
redkitchen/seq-12/frame-000328.color.png -1.2321157455444336 -0.831503689289093 1.677704095840454 0.9171085953712463 -0.001728735165670514 0.3595080077648163 0.1722288727760315
redkitchen/seq-12/frame-000329.color.png -1.2274566888809204 -0.8738857507705688 1.68767249584198 0.9128127098083496 -0.011655406095087528 0.36827054619789124 0.17610764503479004
redkitchen/seq-12/frame-000330.color.png -1.2346012592315674 -0.8526394367218018 1.6677398681640625 0.9122228622436523 -0.0162181593477726 0.366199791431427 0.18298648297786713
redkitchen/seq-12/frame-000331.color.png -1.247443437576294 -0.8280138969421387 1.6200332641601562 0.909437894821167 -0.017033426091074944 0.3735131323337555 0.18199077248573303
redkitchen/seq-12/frame-000332.color.png -1.2450977563858032 -0.830501914024353 1.6397863626480103 0.9063092470169067 -0.018991732969880104 0.37806615233421326 0.18790699541568756
redkitchen/seq-12/frame-000333.color.png -1.2439384460449219 -0.8389339447021484 1.6367311477661133 0.9085159301757812 -0.024039560928940773 0.3721230626106262 0.18853530287742615
redkitchen/seq-12/frame-000334.color.png -1.2438384294509888 -0.8379590511322021 1.6459262371063232 0.9059737920761108 -0.022530242800712585 0.3768531382083893 0.19153539836406708
redkitchen/seq-12/frame-000335.color.png -1.2298017740249634 -0.8459612131118774 1.649356484413147 0.9078259468078613 -0.026084722951054573 0.3724101781845093 0.19100366532802582
redkitchen/seq-12/frame-000336.color.png -1.2418073415756226 -0.8581320643424988 1.624323844909668 0.9110754728317261 -0.03004157543182373 0.3649432063102722 0.18935464322566986
redkitchen/seq-12/frame-000337.color.png -1.2399495840072632 -0.8797134160995483 1.6127341985702515 0.9078373908996582 -0.04148796945810318 0.36652037501335144 0.19943128526210785
redkitchen/seq-12/frame-000338.color.png -1.2437266111373901 -0.898616373538971 1.5994911193847656 0.902654767036438 -0.044776082038879395 0.3700062036514282 0.21518628299236298
redkitchen/seq-12/frame-000339.color.png -1.2299457788467407 -0.8729770183563232 1.564986228942871 0.9006696343421936 -0.0497785359621048 0.3728005886077881 0.21756798028945923
redkitchen/seq-12/frame-000340.color.png -1.1941720247268677 -0.921114444732666 1.6071770191192627 0.903124988079071 -0.041270773857831955 0.3675856292247772 0.21804273128509521
redkitchen/seq-12/frame-000341.color.png -1.2142548561096191 -0.9007033705711365 1.5991647243499756 0.9010447859764099 -0.05228571966290474 0.3693391978740692 0.22129866480827332
redkitchen/seq-12/frame-000342.color.png -1.23720121383667 -0.8477095365524292 1.57269287109375 0.8982603549957275 -0.052683379501104355 0.37156227231025696 0.22867973148822784
redkitchen/seq-12/frame-000343.color.png -1.2451940774917603 -0.8576773405075073 1.5580257177352905 0.8966163396835327 -0.05023897439241409 0.3737160265445709 0.23214595019817352
redkitchen/seq-12/frame-000344.color.png -1.2331774234771729 -0.8919634819030762 1.6004602909088135 0.8940081000328064 -0.06112099438905716 0.3782351613044739 0.23227566480636597
redkitchen/seq-12/frame-000345.color.png -1.2321735620498657 -0.8685693144798279 1.5961999893188477 0.8933828473091125 -0.0587238110601902 0.3803292214870453 0.23188014328479767
redkitchen/seq-12/frame-000346.color.png -1.2387887239456177 -0.8886808753013611 1.603662371635437 0.8930006623268127 -0.05551654100418091 0.38380664587020874 0.22838643193244934
redkitchen/seq-12/frame-000347.color.png -1.239463210105896 -0.8673089146614075 1.5838037729263306 0.8914667367935181 -0.06265612691640854 0.3858151435852051 0.22914589941501617
redkitchen/seq-12/frame-000348.color.png -1.2330577373504639 -0.851718544960022 1.5785068273544312 0.8897280693054199 -0.0668090209364891 0.38686493039131165 0.23292942345142365
redkitchen/seq-12/frame-000349.color.png -1.2004035711288452 -0.8692567348480225 1.5908600091934204 0.8905379772186279 -0.0694798156619072 0.38204413652420044 0.2369750738143921
redkitchen/seq-12/frame-000350.color.png -1.1984241008758545 -0.8926497101783752 1.6274374723434448 0.8857059478759766 -0.07030133157968521 0.3860444724559784 0.24809759855270386
redkitchen/seq-12/frame-000351.color.png -1.2222288846969604 -0.8691033720970154 1.582398533821106 0.8646950721740723 -0.07217593491077423 0.41408833861351013 0.27499818801879883
redkitchen/seq-12/frame-000352.color.png -1.2137292623519897 -0.8801663517951965 1.6333718299865723 0.8694320917129517 -0.0784730464220047 0.41614189743995667 0.25447168946266174
redkitchen/seq-12/frame-000353.color.png -1.2150779962539673 -0.8820084929466248 1.6633225679397583 0.8767572641372681 -0.07502446323633194 0.40346118807792664 0.25077301263809204
redkitchen/seq-12/frame-000354.color.png -1.1963982582092285 -0.9029954671859741 1.6912367343902588 0.8718094825744629 -0.0711633488535881 0.4151059687137604 0.250141978263855
redkitchen/seq-12/frame-000355.color.png -1.2155007123947144 -0.9012987017631531 1.688301682472229 0.8718116283416748 -0.060487572103738785 0.4142043888568878 0.25440219044685364
redkitchen/seq-12/frame-000356.color.png -1.228962779045105 -0.8857871890068054 1.6582337617874146 0.8731539249420166 -0.05507785081863403 0.4118293523788452 0.25488266348838806
redkitchen/seq-12/frame-000357.color.png -1.2306963205337524 -0.8874027729034424 1.6523557901382446 0.8759276866912842 -0.038847118616104126 0.41051337122917175 0.2504403591156006
redkitchen/seq-12/frame-000358.color.png -1.2383992671966553 -0.8714262843132019 1.656005620956421 0.8712520599365234 -0.036027856171131134 0.42062193155288696 0.25039783120155334
redkitchen/seq-12/frame-000359.color.png -1.2425129413604736 -0.8514153957366943 1.621813416481018 0.8685915470123291 -0.04361797496676445 0.42099958658218384 0.25769269466400146
redkitchen/seq-12/frame-000360.color.png -1.2708877325057983 -0.8019764423370361 1.587661623954773 0.8658886551856995 -0.03383765369653702 0.4253893196582794 0.2610284686088562
redkitchen/seq-12/frame-000361.color.png -1.2658467292785645 -0.81513911485672 1.5935862064361572 0.8603871464729309 -0.028573675081133842 0.4353468418121338 0.26342105865478516
redkitchen/seq-12/frame-000362.color.png -1.2380757331848145 -0.8031372427940369 1.5781570672988892 0.8567383289337158 -0.03529128432273865 0.4366745054721832 0.27215686440467834
redkitchen/seq-12/frame-000363.color.png -1.2306764125823975 -0.805367112159729 1.5812890529632568 0.8614959716796875 -0.029384136199951172 0.42860695719718933 0.2706611156463623
redkitchen/seq-12/frame-000364.color.png -1.2303310632705688 -0.7923392057418823 1.5941613912582397 0.856089174747467 -0.029191231355071068 0.43619269132614136 0.275672048330307
redkitchen/seq-12/frame-000365.color.png -1.2165085077285767 -0.7894595265388489 1.602023720741272 0.8511413931846619 -0.02758256159722805 0.44326460361480713 0.27984657883644104
redkitchen/seq-12/frame-000366.color.png -1.2002378702163696 -0.7858982682228088 1.6176677942276 0.8499229550361633 -0.032899219542741776 0.44516807794570923 0.2799535393714905
redkitchen/seq-12/frame-000367.color.png -1.2142369747161865 -0.7936346530914307 1.5862568616867065 0.8145859837532043 -0.03084511309862137 0.4831687808036804 0.31944671273231506
redkitchen/seq-12/frame-000368.color.png -1.2286466360092163 -0.7749062180519104 1.5473434925079346 0.812162458896637 -0.02655075490474701 0.4818878471851349 0.32782819867134094
redkitchen/seq-12/frame-000369.color.png -1.1962403059005737 -0.752374529838562 1.5317288637161255 0.8029300570487976 -0.03601497784256935 0.49287116527557373 0.33329278230667114
redkitchen/seq-12/frame-000370.color.png -1.1666603088378906 -0.713688850402832 1.5013989210128784 0.805188775062561 -0.03497219830751419 0.48909318447113037 0.33352038264274597
redkitchen/seq-12/frame-000371.color.png -1.1767083406448364 -0.7484169602394104 1.5379579067230225 0.8194842338562012 -0.032180484384298325 0.47430047392845154 0.3200767934322357
redkitchen/seq-12/frame-000372.color.png -1.1119661331176758 -0.7377537488937378 1.5298926830291748 0.8202246427536011 -0.0401591882109642 0.47262683510780334 0.31975385546684265
redkitchen/seq-12/frame-000373.color.png -0.9648571610450745 -0.7139622569084167 1.4929167032241821 0.8109275698661804 -0.02985224686563015 0.4771070182323456 0.3374529480934143
redkitchen/seq-12/frame-000374.color.png -0.8860640525817871 -0.7140004634857178 1.4954110383987427 0.8845559358596802 -0.02628975734114647 0.3789188265800476 0.2707217037677765
redkitchen/seq-12/frame-000375.color.png -0.9072932600975037 -0.6941245794296265 1.4311162233352661 0.8324069380760193 -0.02124089188873768 0.45561760663986206 0.3147382140159607
redkitchen/seq-12/frame-000376.color.png -0.9883493781089783 -0.6909244656562805 1.4228500127792358 0.8091179728507996 -0.029736662283539772 0.4861607551574707 0.3287726938724518
redkitchen/seq-12/frame-000377.color.png -1.0572841167449951 -0.6999395489692688 1.4290820360183716 0.8940434455871582 -0.039356593042612076 0.3663674592971802 0.2547789216041565
redkitchen/seq-12/frame-000378.color.png -1.1055222749710083 -0.6915642619132996 1.4206463098526 0.9293227791786194 -0.04414849728345871 0.2943555414676666 0.21855174005031586
redkitchen/seq-12/frame-000379.color.png -1.0931401252746582 -0.6530918478965759 1.3531380891799927 0.9973489046096802 -0.03993607312440872 0.006222794763743877 0.06051109358668327
redkitchen/seq-12/frame-000380.color.png -1.0115638971328735 -0.653913676738739 1.3834275007247925 0.9977215528488159 -0.04503297433257103 -0.04394969716668129 0.024329129606485367
redkitchen/seq-12/frame-000381.color.png -0.9502606987953186 -0.6158769130706787 1.3553122282028198 0.9943766593933105 -0.03998212516307831 -0.09706830233335495 -0.013933044858276844
redkitchen/seq-12/frame-000382.color.png -0.9358164072036743 -0.5934225916862488 1.3777817487716675 0.9154455661773682 -0.06003491207957268 -0.3558734059333801 -0.17807121574878693
redkitchen/seq-12/frame-000383.color.png -0.8521703481674194 -0.5829054713249207 1.3774611949920654 0.7601538300514221 -0.10119298845529556 -0.5503256916999817 -0.33025434613227844
redkitchen/seq-12/frame-000384.color.png -0.39501264691352844 -0.5934948921203613 1.343529224395752 0.7228525280952454 -0.09414422512054443 -0.5884976387023926 -0.34970206022262573
redkitchen/seq-12/frame-000385.color.png -0.3083062469959259 -0.5652440786361694 1.31991708278656 0.7208117842674255 -0.0922725722193718 -0.5940285921096802 -0.3450305163860321
redkitchen/seq-12/frame-000386.color.png -0.4751165211200714 -0.5569629669189453 1.3375946283340454 0.8529282808303833 -0.11447460949420929 -0.44588980078697205 -0.24615280330181122
redkitchen/seq-12/frame-000387.color.png -0.5520673990249634 -0.5545653104782104 1.3355792760849 0.9197832942008972 -0.13202162086963654 -0.3197250962257385 -0.18532398343086243
redkitchen/seq-12/frame-000388.color.png -0.40765732526779175 -0.5518458485603333 1.3716928958892822 0.886342465877533 -0.14508400857448578 -0.3718695342540741 -0.23465010523796082
redkitchen/seq-12/frame-000389.color.png -0.5382751822471619 -0.552804172039032 1.3824689388275146 0.9623582363128662 -0.14553537964820862 -0.19365078210830688 -0.12322979420423508
redkitchen/seq-12/frame-000390.color.png -0.018232639878988266 -0.50273597240448 1.2552751302719116 0.960016667842865 -0.14888794720172882 -0.18805068731307983 -0.14435125887393951
redkitchen/seq-12/frame-000391.color.png 0.2908150851726532 -0.5107229351997375 1.2499593496322632 0.9599524140357971 -0.14500689506530762 -0.19129827618598938 -0.14446163177490234
redkitchen/seq-12/frame-000392.color.png -0.06255760788917542 -0.49442023038864136 1.2724411487579346 0.9937117695808411 -0.10600394755601883 -0.02845233865082264 -0.022149525582790375
redkitchen/seq-12/frame-000393.color.png -0.5297736525535583 -0.5148802399635315 1.289404273033142 0.9954324960708618 -0.09351617842912674 0.018786778673529625 -0.003976248204708099
redkitchen/seq-12/frame-000394.color.png 0.2836705446243286 -0.5587807893753052 1.2854732275009155 0.9944659471511841 -0.10354535281658173 -0.004317448474466801 -0.017243482172489166
redkitchen/seq-12/frame-000395.color.png 0.8097819685935974 -0.5590181350708008 1.2132560014724731 0.9597292542457581 -0.12824784219264984 -0.20326751470565796 -0.1454460769891739
redkitchen/seq-12/frame-000396.color.png 0.8481943011283875 -0.5710391998291016 1.222601056098938 0.9500980377197266 -0.12720367312431335 -0.23245927691459656 -0.16460779309272766
redkitchen/seq-12/frame-000397.color.png 0.8693827986717224 -0.5979464054107666 1.264785885810852 0.9696816802024841 -0.1369452029466629 -0.16211949288845062 -0.12116403132677078
redkitchen/seq-12/frame-000398.color.png 0.8328370451927185 -0.6037864685058594 1.2795774936676025 0.9587142467498779 -0.13363398611545563 -0.20557646453380585 -0.14403919875621796
redkitchen/seq-12/frame-000399.color.png 0.8770115375518799 -0.5961883664131165 1.2561233043670654 0.9799602627754211 -0.12288220971822739 -0.12363410741090775 -0.096397265791893
redkitchen/seq-12/frame-000400.color.png 0.8763476610183716 -0.5884703993797302 1.2468841075897217 0.9529954195022583 -0.12520645558834076 -0.2245861291885376 -0.1602630317211151
redkitchen/seq-12/frame-000401.color.png 0.8526397347450256 -0.5805949568748474 1.2336710691452026 0.9614136219024658 -0.12303335964679718 -0.2008274495601654 -0.1421797275543213
redkitchen/seq-12/frame-000402.color.png 0.922834575176239 -0.5778939723968506 1.2328287363052368 0.9525790810585022 -0.12788014113903046 -0.2255447655916214 -0.15927734971046448
redkitchen/seq-12/frame-000403.color.png 0.9554263353347778 -0.5923633575439453 1.2704910039901733 0.9292341470718384 -0.13411207497119904 -0.28127434849739075 -0.1985510289669037
redkitchen/seq-12/frame-000404.color.png 0.9319880604743958 -0.5891342163085938 1.2736119031906128 0.9779860377311707 -0.12049473077058792 -0.13319651782512665 -0.10622131079435349
redkitchen/seq-12/frame-000405.color.png 0.9047026038169861 -0.5638504028320312 1.2532459497451782 0.9572461843490601 -0.1195363998413086 -0.21836499869823456 -0.14733485877513885
redkitchen/seq-12/frame-000406.color.png 0.9864931702613831 -0.5792888402938843 1.2586101293563843 0.8428667783737183 -0.13888977468013763 -0.43076029419898987 -0.29108524322509766
redkitchen/seq-12/frame-000407.color.png 1.0252444744110107 -0.5871657729148865 1.2772703170776367 0.7856449484825134 -0.1338953822851181 -0.5069410800933838 -0.32839709520339966
redkitchen/seq-12/frame-000408.color.png 1.0353347063064575 -0.6133292317390442 1.3008391857147217 0.75643390417099 -0.11430715769529343 -0.5471437573432922 -0.33966943621635437
redkitchen/seq-12/frame-000409.color.png 1.0247324705123901 -0.5925854444503784 1.282708764076233 0.7533825635910034 -0.11825291067361832 -0.5465143918991089 -0.34605348110198975
redkitchen/seq-12/frame-000410.color.png 1.0338526964187622 -0.6012483835220337 1.2715693712234497 0.7644538879394531 -0.12273281067609787 -0.5353633761405945 -0.3375394642353058
redkitchen/seq-12/frame-000411.color.png 1.0218219757080078 -0.6022425293922424 1.2818819284439087 0.757752537727356 -0.11275520920753479 -0.5465465784072876 -0.3382071852684021
redkitchen/seq-12/frame-000412.color.png 1.0320168733596802 -0.6153243184089661 1.2848509550094604 0.7619761824607849 -0.12110625207424164 -0.5365991592407227 -0.34174108505249023
redkitchen/seq-12/frame-000413.color.png 0.9977017641067505 -0.6107892990112305 1.2975481748580933 0.7608129978179932 -0.11930891871452332 -0.5395910739898682 -0.340250700712204
redkitchen/seq-12/frame-000414.color.png 1.0514558553695679 -0.595693826675415 1.2603116035461426 0.7397967576980591 -0.11100608110427856 -0.5607278347015381 -0.35491231083869934
redkitchen/seq-12/frame-000415.color.png 1.0889534950256348 -0.6259227991104126 1.2991701364517212 0.7456080913543701 -0.12408766150474548 -0.5501768589019775 -0.35493144392967224
redkitchen/seq-12/frame-000416.color.png 1.1212557554244995 -0.6350818872451782 1.2911664247512817 0.7523466348648071 -0.12875011563301086 -0.5414391160011292 -0.35247930884361267
redkitchen/seq-12/frame-000417.color.png 1.1231188774108887 -0.6288999319076538 1.3094764947891235 0.74823397397995 -0.12674683332443237 -0.5491915941238403 -0.34995678067207336
redkitchen/seq-12/frame-000418.color.png 1.097221851348877 -0.6454123854637146 1.3081823587417603 0.7430161237716675 -0.12945857644081116 -0.5498369336128235 -0.35895243287086487
redkitchen/seq-12/frame-000419.color.png 1.1475316286087036 -0.671225368976593 1.3401225805282593 0.7342635989189148 -0.12022604048252106 -0.5642199516296387 -0.35785266757011414
redkitchen/seq-12/frame-000420.color.png 1.0928328037261963 -0.6717668175697327 1.3580634593963623 0.7340410351753235 -0.12205786257982254 -0.5611338019371033 -0.36251145601272583
redkitchen/seq-12/frame-000421.color.png 1.0967795848846436 -0.6616672873497009 1.372348427772522 0.7400444746017456 -0.12712979316711426 -0.5551557540893555 -0.35773465037345886
redkitchen/seq-12/frame-000422.color.png 1.0445832014083862 -0.6800561547279358 1.386870265007019 0.751659095287323 -0.12403044104576111 -0.5454049706459045 -0.3495118021965027
redkitchen/seq-12/frame-000423.color.png 1.0809152126312256 -0.6915204524993896 1.406896710395813 0.7606282234191895 -0.12344611436128616 -0.5376235246658325 -0.3422963619232178
redkitchen/seq-12/frame-000424.color.png 1.0552407503128052 -0.6849667429924011 1.3968315124511719 0.7297002673149109 -0.1242779940366745 -0.570891261100769 -0.3552122116088867
redkitchen/seq-12/frame-000425.color.png 1.1087632179260254 -0.7063184380531311 1.4322069883346558 0.7312479615211487 -0.1257372498512268 -0.5663027167320251 -0.3588424324989319
redkitchen/seq-12/frame-000426.color.png 1.1539392471313477 -0.7208906412124634 1.4415397644042969 0.7330999970436096 -0.12723895907402039 -0.5641874670982361 -0.357864648103714
redkitchen/seq-12/frame-000427.color.png 1.1731922626495361 -0.7202436923980713 1.4503440856933594 0.7359519004821777 -0.12604229152202606 -0.5636342167854309 -0.3532768487930298
redkitchen/seq-12/frame-000428.color.png 1.1958048343658447 -0.7524635791778564 1.4835379123687744 0.7270062565803528 -0.12652891874313354 -0.5712562203407288 -0.3593308925628662
redkitchen/seq-12/frame-000429.color.png 1.1425334215164185 -0.7300400733947754 1.4707659482955933 0.7256062030792236 -0.12579460442066193 -0.5735055208206177 -0.35883527994155884
redkitchen/seq-12/frame-000430.color.png 1.1476733684539795 -0.7488255500793457 1.4934430122375488 0.7255211472511292 -0.12552939355373383 -0.5740072727203369 -0.3582973778247833
redkitchen/seq-12/frame-000431.color.png 1.1639142036437988 -0.7422486543655396 1.4852250814437866 0.7295513153076172 -0.12747237086296082 -0.5677390098571777 -0.3594135642051697
redkitchen/seq-12/frame-000432.color.png 1.0542588233947754 -0.7304024696350098 1.4672582149505615 0.7224469780921936 -0.12829647958278656 -0.5748799443244934 -0.36210963129997253
redkitchen/seq-12/frame-000433.color.png 1.0280336141586304 -0.73286372423172 1.4623055458068848 0.7276479601860046 -0.13063518702983856 -0.5691909193992615 -0.3598395884037018
redkitchen/seq-12/frame-000434.color.png 1.1214513778686523 -0.7517951726913452 1.5173540115356445 0.726058304309845 -0.13595007359981537 -0.5667406320571899 -0.36491382122039795
redkitchen/seq-12/frame-000435.color.png 1.177633285522461 -0.7455498576164246 1.521218180656433 0.7267685532569885 -0.13598933815956116 -0.564678966999054 -0.36667707562446594
redkitchen/seq-12/frame-000436.color.png 1.217751383781433 -0.728202760219574 1.4702086448669434 0.7233089804649353 -0.13883017003536224 -0.5684859156608582 -0.3665705919265747
redkitchen/seq-12/frame-000437.color.png 1.1448724269866943 -0.7109586000442505 1.4556759595870972 0.7196222543716431 -0.1401485651731491 -0.5718348026275635 -0.368112713098526
redkitchen/seq-12/frame-000438.color.png 1.1164374351501465 -0.744261622428894 1.4667882919311523 0.722819983959198 -0.1348453164100647 -0.5724977850914001 -0.36275923252105713
redkitchen/seq-12/frame-000439.color.png 1.1187649965286255 -0.7095447182655334 1.4042657613754272 0.7303998470306396 -0.15193748474121094 -0.553188145160675 -0.3706939220428467
redkitchen/seq-12/frame-000440.color.png 1.1743355989456177 -0.7165071368217468 1.3983982801437378 0.7281169891357422 -0.14864662289619446 -0.5560547709465027 -0.37222686409950256
redkitchen/seq-12/frame-000441.color.png 1.1577458381652832 -0.6988403797149658 1.3877081871032715 0.7261400818824768 -0.14187729358673096 -0.5641463398933411 -0.3665112257003784
redkitchen/seq-12/frame-000442.color.png 1.1619082689285278 -0.6742045283317566 1.3934110403060913 0.7222466468811035 -0.1443345993757248 -0.5681660175323486 -0.36703500151634216
redkitchen/seq-12/frame-000443.color.png 1.1642634868621826 -0.701383650302887 1.406719446182251 0.723234236240387 -0.1440892070531845 -0.5689607262611389 -0.3639428913593292
redkitchen/seq-12/frame-000444.color.png 1.0454437732696533 -0.7428205013275146 1.3732435703277588 0.7381667494773865 -0.14573036134243011 -0.5494130849838257 -0.3633425831794739
redkitchen/seq-12/frame-000445.color.png 1.0932226181030273 -0.748511016368866 1.427984356880188 0.7412615418434143 -0.15674808621406555 -0.5379713177680969 -0.3695243299007416
redkitchen/seq-12/frame-000446.color.png 1.0722934007644653 -0.7154156565666199 1.3662397861480713 0.7722872495651245 -0.17407600581645966 -0.5033899545669556 -0.34622034430503845
redkitchen/seq-12/frame-000447.color.png 0.9895214438438416 -0.7758559584617615 1.407863974571228 0.7716796398162842 -0.15788140892982483 -0.5102283358573914 -0.3453271985054016
redkitchen/seq-12/frame-000448.color.png 1.0602571964263916 -0.7638002634048462 1.4121707677841187 0.7442820072174072 -0.1471683531999588 -0.5462361574172974 -0.35498154163360596
redkitchen/seq-12/frame-000449.color.png 1.0155694484710693 -0.7345654368400574 1.3888849020004272 0.7532998323440552 -0.15438146889209747 -0.5352445840835571 -0.349598228931427
redkitchen/seq-12/frame-000450.color.png 1.0626769065856934 -0.7922593951225281 1.482418179512024 0.7808491587638855 -0.1569775938987732 -0.5033748745918274 -0.33503198623657227
redkitchen/seq-12/frame-000451.color.png 0.8929381966590881 -0.8072258234024048 1.503424048423767 0.747901976108551 -0.1472199559211731 -0.5395861268043518 -0.3575132191181183
redkitchen/seq-12/frame-000452.color.png 0.8959078788757324 -0.8184564709663391 1.4754949808120728 0.7472621202468872 -0.14946165680885315 -0.5384417176246643 -0.35964030027389526
redkitchen/seq-12/frame-000453.color.png 1.016231894493103 -0.8243033289909363 1.4989230632781982 0.7356584668159485 -0.12911677360534668 -0.5606088042259216 -0.35756564140319824
redkitchen/seq-12/frame-000454.color.png 1.0945568084716797 -0.8006483912467957 1.4679912328720093 0.7402260303497314 -0.13361583650112152 -0.5567850470542908 -0.352423757314682
redkitchen/seq-12/frame-000455.color.png 1.0219509601593018 -0.7916901111602783 1.4306244850158691 0.7561749815940857 -0.12916842103004456 -0.5445490479469299 -0.3390887677669525
redkitchen/seq-12/frame-000456.color.png 0.9582720398902893 -0.8085493445396423 1.4823904037475586 0.7560849189758301 -0.12408281117677689 -0.5473324060440063 -0.3366990089416504
redkitchen/seq-12/frame-000457.color.png 0.8539944291114807 -0.8114789724349976 1.4766122102737427 0.750926673412323 -0.1291029006242752 -0.5505832433700562 -0.34102728962898254
redkitchen/seq-12/frame-000458.color.png 0.877659261226654 -0.8576121926307678 1.4913638830184937 0.7402437925338745 -0.12080634385347366 -0.5668807625770569 -0.34072157740592957
redkitchen/seq-12/frame-000459.color.png 0.8447784781455994 -0.894737184047699 1.521938681602478 0.7399332523345947 -0.11854048073291779 -0.5690404176712036 -0.3385850787162781
redkitchen/seq-12/frame-000460.color.png 0.8154735565185547 -0.893508791923523 1.4969896078109741 0.7248977422714233 -0.11956840753555298 -0.5827166438102722 -0.34737280011177063
redkitchen/seq-12/frame-000461.color.png 0.913676917552948 -0.8682422637939453 1.4718595743179321 0.7131099104881287 -0.11884783208370209 -0.5950952172279358 -0.35101431608200073
redkitchen/seq-12/frame-000462.color.png 0.528417706489563 -0.8789845705032349 1.5577481985092163 0.7111034989356995 -0.11841612309217453 -0.5933167934417725 -0.35816821455955505
redkitchen/seq-12/frame-000463.color.png 0.4819745719432831 -0.8864367604255676 1.536666750907898 0.7126426100730896 -0.10667376220226288 -0.5949285626411438 -0.35611990094184875
redkitchen/seq-12/frame-000464.color.png 0.34557515382766724 -0.9021302461624146 1.606906533241272 0.6946489810943604 -0.09879588335752487 -0.6159278154373169 -0.3582388162612915
redkitchen/seq-12/frame-000465.color.png 0.1058613508939743 -0.8989046812057495 1.5911297798156738 0.7054076194763184 -0.10491028428077698 -0.6030805110931396 -0.3573342263698578
redkitchen/seq-12/frame-000466.color.png 0.29646041989326477 -0.9023517966270447 1.5867894887924194 0.7014414072036743 -0.10151208192110062 -0.6085761785507202 -0.3568057119846344
redkitchen/seq-12/frame-000467.color.png 0.09119495749473572 -0.8842299580574036 1.556610345840454 0.6913670301437378 -0.09563300013542175 -0.6195421814918518 -0.3592125475406647
redkitchen/seq-12/frame-000468.color.png 0.17220744490623474 -0.8653857707977295 1.5216450691223145 0.6955933570861816 -0.09304508566856384 -0.6162979602813721 -0.35730820894241333
redkitchen/seq-12/frame-000469.color.png 0.06713681668043137 -0.8740659356117249 1.539289951324463 0.6916343569755554 -0.0932125672698021 -0.6185351014137268 -0.36106476187705994
redkitchen/seq-12/frame-000470.color.png -0.12444345653057098 -0.8777070045471191 1.516033411026001 0.7008291482925415 -0.08717259764671326 -0.6153450608253479 -0.3501285910606384
redkitchen/seq-12/frame-000471.color.png -0.21562784910202026 -0.8874873518943787 1.5134574174880981 0.7134756445884705 -0.08464577794075012 -0.6080952286720276 -0.3376505970954895
redkitchen/seq-12/frame-000472.color.png -0.3162615895271301 -0.8889514207839966 1.525369644165039 0.6976049542427063 -0.08983192592859268 -0.6181777715682983 -0.350904256105423
redkitchen/seq-12/frame-000473.color.png -0.4780624806880951 -0.8560593128204346 1.4967941045761108 0.9652518033981323 -0.031101612374186516 -0.23433642089366913 -0.11139204353094101
redkitchen/seq-12/frame-000474.color.png -0.35379719734191895 -0.8556768298149109 1.4808447360992432 0.9935712814331055 -0.0012270284350961447 -0.1096053346991539 -0.02830791100859642
redkitchen/seq-12/frame-000475.color.png -0.480978399515152 -0.8337554931640625 1.4588803052902222 0.9743776917457581 0.012852905318140984 0.17004142701625824 0.14665886759757996
redkitchen/seq-12/frame-000476.color.png -0.6570859551429749 -0.8269582986831665 1.4376980066299438 0.8522990345954895 0.007928598672151566 0.4260074198246002 0.30338287353515625
redkitchen/seq-12/frame-000477.color.png -0.8996990323066711 -0.8306214809417725 1.444304347038269 0.8101025223731995 0.0015114041743800044 0.475721538066864 0.3426671326160431
redkitchen/seq-12/frame-000478.color.png -0.9197051525115967 -0.8127599954605103 1.4582074880599976 0.8681542277336121 0.011176066473126411 0.4032793641090393 0.2890484929084778
redkitchen/seq-12/frame-000479.color.png -1.017263650894165 -0.806043803691864 1.4655776023864746 0.8117396831512451 -0.005325485486537218 0.4800388813018799 0.33258533477783203
redkitchen/seq-12/frame-000480.color.png -1.1866060495376587 -0.8137365579605103 1.4242032766342163 0.7999162077903748 -0.007100066635757685 0.4917852282524109 0.34384751319885254
redkitchen/seq-12/frame-000481.color.png -1.1905173063278198 -0.7876139879226685 1.402062177658081 0.7960602641105652 -0.005984459072351456 0.48805978894233704 0.35784074664115906
redkitchen/seq-12/frame-000482.color.png -1.228044867515564 -0.7964717745780945 1.4326441287994385 0.7981100678443909 -0.021788759157061577 0.4858715236186981 0.35563236474990845
redkitchen/seq-12/frame-000483.color.png -1.2470065355300903 -0.8113510012626648 1.4862604141235352 0.8061046004295349 -0.015156298875808716 0.4799277186393738 0.34588319063186646
redkitchen/seq-12/frame-000484.color.png -1.2510035037994385 -0.8215657472610474 1.477612018585205 0.8205663561820984 -0.03872724622488022 0.46758994460105896 0.32639023661613464
redkitchen/seq-12/frame-000485.color.png -1.241801381111145 -0.8261454105377197 1.5042020082473755 0.8295912146568298 -0.044546227902173996 0.4583792984485626 0.3157256543636322
redkitchen/seq-12/frame-000486.color.png -1.258273959159851 -0.816922664642334 1.515960931777954 0.8322631120681763 -0.04459308087825775 0.45529448986053467 0.31313973665237427
redkitchen/seq-12/frame-000487.color.png -1.2597824335098267 -0.827306866645813 1.5245945453643799 0.8377763628959656 -0.05629301071166992 0.4553622901439667 0.2959849238395691
redkitchen/seq-12/frame-000488.color.png -1.2793807983398438 -0.8239895701408386 1.487964153289795 0.8444377779960632 -0.050214800983667374 0.4439239501953125 0.2955246567726135
redkitchen/seq-12/frame-000489.color.png -1.278270959854126 -0.8046044111251831 1.465491771697998 0.8540854454040527 -0.05852329358458519 0.4332188367843628 0.2818414270877838
redkitchen/seq-12/frame-000490.color.png -1.2786327600479126 -0.793450653553009 1.4537513256072998 0.8555206656455994 -0.06553930044174194 0.4315299391746521 0.2785152494907379
redkitchen/seq-12/frame-000491.color.png -1.2807210683822632 -0.7833594083786011 1.446964979171753 0.8591181039810181 -0.07662110775709152 0.4273747503757477 0.2709171175956726
redkitchen/seq-12/frame-000492.color.png -1.2708020210266113 -0.8010690808296204 1.4504060745239258 0.8584412932395935 -0.07544708997011185 0.42602890729904175 0.2754739224910736
redkitchen/seq-12/frame-000493.color.png -1.2687046527862549 -0.7889836430549622 1.4729341268539429 0.855626106262207 -0.07116391509771347 0.436207115650177 0.2693752944469452
redkitchen/seq-12/frame-000494.color.png -1.2717896699905396 -0.7976322174072266 1.4750406742095947 0.8620449900627136 -0.0681704729795456 0.42610159516334534 0.26583579182624817
redkitchen/seq-12/frame-000495.color.png -1.2586532831192017 -0.7998483777046204 1.4560256004333496 0.8675118088722229 -0.07106462866067886 0.4190497100353241 0.258400022983551
redkitchen/seq-12/frame-000496.color.png -1.255003571510315 -0.786454975605011 1.4158039093017578 0.8698118329048157 -0.0741453617811203 0.41796913743019104 0.25145912170410156
redkitchen/seq-12/frame-000497.color.png -1.2546007633209229 -0.7708196043968201 1.4093027114868164 0.8763978481292725 -0.07511420547962189 0.4083842933177948 0.243940532207489
redkitchen/seq-12/frame-000498.color.png -1.2508203983306885 -0.7839940786361694 1.3966352939605713 0.8739295601844788 -0.07645030319690704 0.41173475980758667 0.24673280119895935
redkitchen/seq-12/frame-000499.color.png -1.2473535537719727 -0.7788558602333069 1.3811825513839722 0.8777862787246704 -0.07262121886014938 0.4080641567707062 0.24020995199680328
redkitchen/seq-12/frame-000500.color.png -1.230015516281128 -0.7580460906028748 1.37288498878479 0.8794823288917542 -0.07967092096805573 0.4036039710044861 0.23930580914020538
redkitchen/seq-12/frame-000501.color.png -1.221523404121399 -0.7673175930976868 1.344844102859497 0.8865408897399902 -0.08565807342529297 0.3924008905887604 0.22962921857833862
redkitchen/seq-12/frame-000502.color.png -1.2089344263076782 -0.7542286515235901 1.3466581106185913 0.8958047032356262 -0.08565879613161087 0.37703248858451843 0.21918706595897675
redkitchen/seq-12/frame-000503.color.png -1.2117608785629272 -0.7510229349136353 1.315571904182434 0.8975765109062195 -0.08012007921934128 0.3748270273208618 0.21781109273433685
redkitchen/seq-12/frame-000504.color.png -1.2087957859039307 -0.7258687019348145 1.3192819356918335 0.894639253616333 -0.08393334597349167 0.38121339678764343 0.21737560629844666
redkitchen/seq-12/frame-000505.color.png -1.2014873027801514 -0.7184836864471436 1.3069586753845215 0.8991581201553345 -0.09016396850347519 0.3741679787635803 0.20828655362129211
redkitchen/seq-12/frame-000506.color.png -1.1979864835739136 -0.7245967388153076 1.2843886613845825 0.906532883644104 -0.09153696894645691 0.3600706160068512 0.20042039453983307
redkitchen/seq-12/frame-000507.color.png -1.1903804540634155 -0.715829074382782 1.2726417779922485 0.9082852005958557 -0.09305334091186523 0.357808381319046 0.19578632712364197
redkitchen/seq-12/frame-000508.color.png -1.1824862957000732 -0.7181431651115417 1.2601529359817505 0.9099035859107971 -0.09079671651124954 0.3571028411388397 0.19054879248142242
redkitchen/seq-12/frame-000509.color.png -1.2002322673797607 -0.7305052876472473 1.2590572834014893 0.9179310202598572 -0.08770237118005753 0.338024377822876 0.18828292191028595
redkitchen/seq-12/frame-000510.color.png -1.189670205116272 -0.7262890934944153 1.2394529581069946 0.9202908873558044 -0.08790187537670135 0.33380821347236633 0.18414662778377533
redkitchen/seq-12/frame-000511.color.png -1.195780873298645 -0.7289372682571411 1.2242343425750732 0.924201250076294 -0.08153368532657623 0.32967042922973633 0.17470408976078033
redkitchen/seq-12/frame-000512.color.png -1.168590784072876 -0.7322757840156555 1.1711230278015137 0.9281104803085327 -0.06710223108530045 0.32401514053344727 0.17065276205539703
redkitchen/seq-12/frame-000513.color.png -1.1744979619979858 -0.7313830852508545 1.180504322052002 0.935943603515625 -0.07101047784090042 0.30091002583503723 0.16858263313770294
redkitchen/seq-12/frame-000514.color.png -1.159200668334961 -0.7413567304611206 1.1325005292892456 0.942067563533783 -0.06178728863596916 0.28642600774765015 0.16325171291828156
redkitchen/seq-12/frame-000515.color.png -1.1620107889175415 -0.7260766625404358 1.1147575378417969 0.9471660852432251 -0.04738993942737579 0.27540966868400574 0.15741722285747528
redkitchen/seq-12/frame-000516.color.png -1.1622669696807861 -0.7035040855407715 1.1306428909301758 0.9485688805580139 -0.04940301179885864 0.2703273296356201 0.15716096758842468
redkitchen/seq-12/frame-000517.color.png -1.1589184999465942 -0.7034937143325806 1.1100960969924927 0.9470100998878479 -0.05548448860645294 0.2722552418708801 0.16115327179431915
redkitchen/seq-12/frame-000518.color.png -1.1555557250976562 -0.6943196058273315 1.106181263923645 0.9498697519302368 -0.048464544117450714 0.2682572603225708 0.15308967232704163
redkitchen/seq-12/frame-000519.color.png -1.1424063444137573 -0.6767899394035339 1.0851552486419678 0.9536702036857605 -0.053589027374982834 0.2557472288608551 0.14911268651485443
redkitchen/seq-12/frame-000520.color.png -1.1361207962036133 -0.6594590544700623 1.069974422454834 0.9590229392051697 -0.050178077071905136 0.23778873682022095 0.14564867317676544
redkitchen/seq-12/frame-000521.color.png -1.1448755264282227 -0.6531592011451721 1.0515029430389404 0.9611431360244751 -0.04471942037343979 0.23275873064994812 0.14151789247989655
redkitchen/seq-12/frame-000522.color.png -1.1478736400604248 -0.6373414993286133 1.0280622243881226 0.9629679918289185 -0.05702313408255577 0.22250717878341675 0.14117856323719025
redkitchen/seq-12/frame-000523.color.png -1.1587986946105957 -0.6230206489562988 0.9982417225837708 0.9655354619026184 -0.07089244574308395 0.20977726578712463 0.1367810219526291
redkitchen/seq-12/frame-000524.color.png -1.1433641910552979 -0.6141231060028076 0.9798526763916016 0.9688852429389954 -0.06404849141836166 0.1981535255908966 0.13376951217651367
redkitchen/seq-12/frame-000525.color.png -1.1337347030639648 -0.6105828881263733 0.9645324349403381 0.9692445397377014 -0.06479231268167496 0.19466306269168854 0.1359158754348755
redkitchen/seq-12/frame-000526.color.png -1.1349233388900757 -0.6055750846862793 0.9424501657485962 0.9698621034622192 -0.07190316170454025 0.1926201581954956 0.13074754178524017
redkitchen/seq-12/frame-000527.color.png -1.1332429647445679 -0.5950121879577637 0.9082448482513428 0.9710225462913513 -0.07353507727384567 0.18698851764202118 0.12939463555812836
redkitchen/seq-12/frame-000528.color.png -1.1224799156188965 -0.6003408432006836 0.8961883187294006 0.9740111231803894 -0.06915563344955444 0.17538315057754517 0.12554098665714264
redkitchen/seq-12/frame-000529.color.png -1.0967774391174316 -0.5945959091186523 0.8604022264480591 0.9763345122337341 -0.0718599483370781 0.1646621972322464 0.1203882023692131
redkitchen/seq-12/frame-000530.color.png -1.0853271484375 -0.5763275623321533 0.814522385597229 0.9765670895576477 -0.08067388832569122 0.16132554411888123 0.11739856749773026
redkitchen/seq-12/frame-000531.color.png -1.0746384859085083 -0.5792351365089417 0.8050879836082458 0.9780737161636353 -0.08277896791696548 0.1556055247783661 0.11093490570783615
redkitchen/seq-12/frame-000532.color.png -1.0534297227859497 -0.5696398615837097 0.7824093103408813 0.9780409932136536 -0.0853690505027771 0.1590743511915207 0.10413163900375366
redkitchen/seq-12/frame-000533.color.png -1.037467360496521 -0.5638291239738464 0.7728487849235535 0.9803048372268677 -0.07743415236473083 0.1490330696105957 0.10390038788318634
redkitchen/seq-12/frame-000534.color.png -1.0367344617843628 -0.5655632019042969 0.7566404342651367 0.9810020923614502 -0.08393267542123795 0.1442948430776596 0.09883834421634674
redkitchen/seq-12/frame-000535.color.png -1.0365030765533447 -0.5679566264152527 0.7305672764778137 0.9831226468086243 -0.08004350960254669 0.13610883057117462 0.09239749610424042
redkitchen/seq-12/frame-000536.color.png -1.0123406648635864 -0.5599378943443298 0.7111026644706726 0.9822758436203003 -0.0857064425945282 0.13949179649353027 0.09127246588468552
redkitchen/seq-12/frame-000537.color.png -1.0216935873031616 -0.5459173917770386 0.6928069591522217 0.9826286435127258 -0.0846223309636116 0.14005157351493835 0.08755361288785934
redkitchen/seq-12/frame-000538.color.png -1.0115915536880493 -0.5492523312568665 0.6669931411743164 0.9829668998718262 -0.08570132404565811 0.13789814710617065 0.08611365407705307
redkitchen/seq-12/frame-000539.color.png -1.0066537857055664 -0.5394237637519836 0.6541228890419006 0.9826207756996155 -0.08659080415964127 0.14246375858783722 0.08162366598844528
redkitchen/seq-12/frame-000540.color.png -0.9939607977867126 -0.544974684715271 0.6417049765586853 0.9846175312995911 -0.08164361119270325 0.13277757167816162 0.07894865423440933
redkitchen/seq-12/frame-000541.color.png -1.0028879642486572 -0.5379342436790466 0.6084508299827576 0.9858437776565552 -0.07487921416759491 0.1282324492931366 0.07785664498806
redkitchen/seq-12/frame-000542.color.png -0.9892873167991638 -0.532976508140564 0.5949403643608093 0.987703263759613 -0.06939344853162766 0.11967512965202332 0.0728340819478035
redkitchen/seq-12/frame-000543.color.png -0.9904248118400574 -0.5362991094589233 0.580646276473999 0.985782265663147 -0.07882952690124512 0.13106878101825714 0.06957153975963593
redkitchen/seq-12/frame-000544.color.png -0.9788331389427185 -0.5291544198989868 0.5817226767539978 0.9842228889465332 -0.09018097817897797 0.13548661768436432 0.06939880549907684
redkitchen/seq-12/frame-000545.color.png -0.968167245388031 -0.5248182415962219 0.5887442231178284 0.9819721579551697 -0.08994434773921967 0.14882811903953552 0.07410144060850143
redkitchen/seq-12/frame-000546.color.png -0.9584276676177979 -0.5211453437805176 0.5780689120292664 0.9837477207183838 -0.08233030140399933 0.1423128843307495 0.07217451184988022
redkitchen/seq-12/frame-000547.color.png -0.9593592286109924 -0.5256798267364502 0.5639979243278503 0.9865121245384216 -0.0807914137840271 0.1264583170413971 0.06538306176662445
redkitchen/seq-12/frame-000548.color.png -0.9416519999504089 -0.5094855427742004 0.5586603283882141 0.9888293147087097 -0.08256956189870834 0.1093103289604187 0.0587388277053833
redkitchen/seq-12/frame-000549.color.png -0.9416519999504089 -0.5094855427742004 0.5586603283882141 0.9888293147087097 -0.08256956189870834 0.1093103289604187 0.0587388277053833
redkitchen/seq-12/frame-000550.color.png -0.9324117302894592 -0.4968000054359436 0.5536649227142334 0.9912038445472717 -0.07879041880369186 0.08876758813858032 0.058544885367155075
redkitchen/seq-12/frame-000551.color.png -0.9280049204826355 -0.49278104305267334 0.5398661494255066 0.9911770224571228 -0.06961111724376678 0.09507770091295242 0.06068471446633339
redkitchen/seq-12/frame-000552.color.png -0.9088234305381775 -0.4932897090911865 0.5540881156921387 0.988333523273468 -0.08853612840175629 0.11047205328941345 0.05616207420825958
redkitchen/seq-12/frame-000553.color.png -0.8957393169403076 -0.48938339948654175 0.5629638433456421 0.9890156388282776 -0.0947878360748291 0.10137472301721573 0.05085979774594307
redkitchen/seq-12/frame-000554.color.png -0.8957393169403076 -0.48938339948654175 0.5629638433456421 0.9890156388282776 -0.0947878360748291 0.10137472301721573 0.05085979774594307
redkitchen/seq-12/frame-000555.color.png -0.8729926943778992 -0.47259521484375 0.5545055866241455 0.9906802773475647 -0.09323520958423615 0.08787427842617035 0.046238455921411514
redkitchen/seq-12/frame-000556.color.png -0.846150815486908 -0.4576748311519623 0.5649177432060242 0.9926121830940247 -0.0814654678106308 0.07732730358839035 0.045880746096372604
redkitchen/seq-12/frame-000557.color.png -0.8299874663352966 -0.447304368019104 0.5713537335395813 0.9935981035232544 -0.06939893215894699 0.08087533712387085 0.037495408207178116
redkitchen/seq-12/frame-000558.color.png -0.8299874663352966 -0.447304368019104 0.5713537335395813 0.9935981035232544 -0.06939893215894699 0.08087533712387085 0.037495408207178116
redkitchen/seq-12/frame-000559.color.png -0.8169569969177246 -0.44214552640914917 0.559342086315155 0.9933450222015381 -0.07371174544095993 0.08013985306024551 0.037548188120126724
redkitchen/seq-12/frame-000560.color.png -0.8016670346260071 -0.4235216975212097 0.5510611534118652 0.9950851202011108 -0.06566917896270752 0.06577000021934509 0.03416377305984497
redkitchen/seq-12/frame-000561.color.png -0.8172065019607544 -0.4405832290649414 0.5220010876655579 0.9942960739135742 -0.06602663546800613 0.0767681747674942 0.03350667655467987
redkitchen/seq-12/frame-000562.color.png -0.8172065019607544 -0.4405832290649414 0.5220010876655579 0.9942960739135742 -0.06602663546800613 0.0767681747674942 0.03350667655467987
redkitchen/seq-12/frame-000563.color.png -0.795569121837616 -0.4290103316307068 0.51279217004776 0.996964156627655 -0.053787074983119965 0.05036553367972374 0.025158314034342766
redkitchen/seq-12/frame-000564.color.png -0.7891061902046204 -0.42561930418014526 0.5199243426322937 0.9963962435722351 -0.05780063942074776 0.05662136152386665 0.025448409840464592
redkitchen/seq-12/frame-000565.color.png -0.784469485282898 -0.41250887513160706 0.5019874572753906 0.997042715549469 -0.051813505589962006 0.05133286863565445 0.024210555478930473
redkitchen/seq-12/frame-000566.color.png -0.784469485282898 -0.41250887513160706 0.5019874572753906 0.997042715549469 -0.051813505589962006 0.05133286863565445 0.024210555478930473
redkitchen/seq-12/frame-000567.color.png -0.757986843585968 -0.3911719024181366 0.5087741017341614 0.9972277879714966 -0.05094541981816292 0.04939579963684082 0.022389575839042664
redkitchen/seq-12/frame-000568.color.png -0.7427539825439453 -0.3791300058364868 0.5010513067245483 0.9975278377532959 -0.045837610960006714 0.049695998430252075 0.0191685501486063
redkitchen/seq-12/frame-000569.color.png -0.7221359610557556 -0.37489864230155945 0.5067750811576843 0.9983287453651428 -0.03968469426035881 0.036680690944194794 0.02047424018383026
redkitchen/seq-12/frame-000570.color.png -0.7221359610557556 -0.37489864230155945 0.5067750811576843 0.9983287453651428 -0.03968469426035881 0.036680690944194794 0.02047424018383026
redkitchen/seq-12/frame-000571.color.png -0.6953150033950806 -0.35636255145072937 0.4967508316040039 0.9984113574028015 -0.04275752976536751 0.03315635770559311 0.015723731368780136
redkitchen/seq-12/frame-000572.color.png -0.6749610900878906 -0.34044915437698364 0.5039650201797485 0.9984685778617859 -0.039354126900434494 0.03554076701402664 0.01576896943151951
redkitchen/seq-12/frame-000573.color.png -0.659866452217102 -0.33197370171546936 0.5037559866905212 0.9985657930374146 -0.03926309198141098 0.03441336378455162 0.011850327253341675
redkitchen/seq-12/frame-000574.color.png -0.659866452217102 -0.33197370171546936 0.5037559866905212 0.9985657930374146 -0.03926309198141098 0.03441336378455162 0.011850327253341675
redkitchen/seq-12/frame-000575.color.png -0.6392289996147156 -0.3345144987106323 0.49182188510894775 0.999137818813324 -0.03525163233280182 0.0175258070230484 0.013188743032515049
redkitchen/seq-12/frame-000576.color.png -0.613824188709259 -0.32412081956863403 0.48408249020576477 0.9993051886558533 -0.03129851818084717 0.015085547231137753 0.013494757004082203
redkitchen/seq-12/frame-000577.color.png -0.5920194983482361 -0.3181460499763489 0.4863938093185425 0.9992122054100037 -0.03347678855061531 0.01935698464512825 0.008924338966608047
redkitchen/seq-12/frame-000578.color.png -0.5920194983482361 -0.3181460499763489 0.4863938093185425 0.9992122054100037 -0.03347678855061531 0.01935698464512825 0.008924338966608047
redkitchen/seq-12/frame-000579.color.png -0.5763795375823975 -0.3107687830924988 0.4777833819389343 0.9992812275886536 -0.03267887234687805 0.01831245608627796 0.0058227237313985825
redkitchen/seq-12/frame-000580.color.png -0.5584249496459961 -0.3057975172996521 0.48254087567329407 0.9995802640914917 -0.02646901272237301 0.010308814235031605 0.005689809564501047
redkitchen/seq-12/frame-000581.color.png -0.5455697178840637 -0.2958032488822937 0.473163366317749 0.9996526837348938 -0.024963105097413063 0.008316019549965858 0.0014585814205929637
redkitchen/seq-12/frame-000582.color.png -0.5455697178840637 -0.2958032488822937 0.473163366317749 0.9996526837348938 -0.024963105097413063 0.008316019549965858 0.0014585814205929637
redkitchen/seq-12/frame-000583.color.png -0.5197246670722961 -0.2824179232120514 0.47790294885635376 0.9996374845504761 -0.026289161294698715 -0.005039685405790806 0.002925708657130599
redkitchen/seq-12/frame-000584.color.png -0.5076632499694824 -0.26799851655960083 0.49293196201324463 0.9992977976799011 -0.03075386770069599 -0.020679663866758347 0.005524184554815292
redkitchen/seq-12/frame-000585.color.png -0.48542681336402893 -0.2579631805419922 0.48425111174583435 0.9984619617462158 -0.041689567267894745 -0.0362979881465435 0.0042328559793531895
redkitchen/seq-12/frame-000586.color.png -0.48542681336402893 -0.2579631805419922 0.48425111174583435 0.9984619617462158 -0.041689567267894745 -0.0362979881465435 0.0042328559793531895
redkitchen/seq-12/frame-000587.color.png -0.4810306131839752 -0.2397538721561432 0.4704948365688324 0.9979345202445984 -0.040775101631879807 -0.0494847409427166 0.003950460348278284
redkitchen/seq-12/frame-000588.color.png -0.4503459930419922 -0.2494015395641327 0.4613673686981201 0.9979060888290405 -0.040502384305000305 -0.05029315873980522 0.003655108390375972
redkitchen/seq-12/frame-000589.color.png -0.42937013506889343 -0.24919041991233826 0.4575784206390381 0.9977920055389404 -0.05636080726981163 -0.03510252386331558 -0.0015681240474805236
redkitchen/seq-12/frame-000590.color.png -0.42937013506889343 -0.24919041991233826 0.4575784206390381 0.9977920055389404 -0.05636080726981163 -0.03510252386331558 -0.0015681240474805236
redkitchen/seq-12/frame-000591.color.png -0.41967716813087463 -0.25828033685684204 0.45490315556526184 0.9963803291320801 -0.0689803883433342 -0.0494367815554142 -0.004899144638329744
redkitchen/seq-12/frame-000592.color.png -0.3812774419784546 -0.26046788692474365 0.46967893838882446 0.9970133304595947 -0.05865781009197235 -0.04970858246088028 -0.00726938946172595
redkitchen/seq-12/frame-000593.color.png -0.363452285528183 -0.2600393295288086 0.448529988527298 0.9965019822120667 -0.05111604183912277 -0.06459575146436691 -0.014080976136028767
redkitchen/seq-12/frame-000594.color.png -0.363452285528183 -0.2600393295288086 0.448529988527298 0.9965019822120667 -0.05111604183912277 -0.06459575146436691 -0.014080976136028767
redkitchen/seq-12/frame-000595.color.png -0.35987019538879395 -0.2564910352230072 0.4446243941783905 0.9965742826461792 -0.05143667757511139 -0.06264110654592514 -0.016426807269454002
redkitchen/seq-12/frame-000596.color.png -0.34016552567481995 -0.24214109778404236 0.43805816769599915 0.9968898892402649 -0.05361240357160568 -0.05481928959488869 -0.018199104815721512
redkitchen/seq-12/frame-000597.color.png -0.3303193151950836 -0.2411036193370819 0.4398123621940613 0.9966427683830261 -0.04373449832201004 -0.06295287609100342 -0.028763065114617348
redkitchen/seq-12/frame-000598.color.png -0.3303193151950836 -0.2411036193370819 0.4398123621940613 0.9966427683830261 -0.04373449832201004 -0.06295287609100342 -0.028763065114617348
redkitchen/seq-12/frame-000599.color.png -0.3275648057460785 -0.24620455503463745 0.44646498560905457 0.9964799880981445 -0.04709755256772041 -0.06302352994680405 -0.028942689299583435
redkitchen/seq-12/frame-000600.color.png -0.29045283794403076 -0.24482986330986023 0.4526236057281494 0.997039258480072 -0.0441276989877224 -0.05584065616130829 -0.029108785092830658
redkitchen/seq-12/frame-000601.color.png -0.29045283794403076 -0.24482986330986023 0.4526236057281494 0.997039258480072 -0.0441276989877224 -0.05584065616130829 -0.029108785092830658
redkitchen/seq-12/frame-000602.color.png -0.28323549032211304 -0.2509095370769501 0.4433943033218384 0.9971237778663635 -0.03975369781255722 -0.058920636773109436 -0.026305699720978737
redkitchen/seq-12/frame-000603.color.png -0.27910110354423523 -0.2457273304462433 0.45102378726005554 0.9968038201332092 -0.04065109044313431 -0.06215531751513481 -0.029437003657221794
redkitchen/seq-12/frame-000604.color.png -0.25693240761756897 -0.23342500627040863 0.4554462134838104 0.9964973330497742 -0.03885761648416519 -0.0686107724905014 -0.027847353368997574
redkitchen/seq-12/frame-000605.color.png -0.26012879610061646 -0.2157222181558609 0.450013667345047 0.9958367943763733 -0.03222973644733429 -0.08042853325605392 -0.02830919250845909
redkitchen/seq-12/frame-000606.color.png -0.26012879610061646 -0.2157222181558609 0.450013667345047 0.9958367943763733 -0.03222973644733429 -0.08042853325605392 -0.02830919250845909
redkitchen/seq-12/frame-000607.color.png -0.23896169662475586 -0.21814192831516266 0.45043161511421204 0.9958503842353821 -0.029016582295298576 -0.08214133977890015 -0.0263225045055151
redkitchen/seq-12/frame-000608.color.png -0.22609379887580872 -0.2071598470211029 0.4338584542274475 0.9959596395492554 -0.035484183579683304 -0.0784740298986435 -0.025438973680138588
redkitchen/seq-12/frame-000609.color.png -0.20738859474658966 -0.2126665711402893 0.43710771203041077 0.9959812760353088 -0.03393557295203209 -0.07893102616071701 -0.025291530415415764
redkitchen/seq-12/frame-000610.color.png -0.20738859474658966 -0.2126665711402893 0.43710771203041077 0.9959812760353088 -0.03393557295203209 -0.07893102616071701 -0.025291530415415764
redkitchen/seq-12/frame-000611.color.png -0.1938343048095703 -0.21556434035301208 0.43590933084487915 0.9954637289047241 -0.030180297791957855 -0.08715894818305969 -0.02332879975438118
redkitchen/seq-12/frame-000612.color.png -0.16941215097904205 -0.2124343365430832 0.4332785904407501 0.9961737990379333 -0.024858947843313217 -0.08033095300197601 -0.023807400837540627
redkitchen/seq-12/frame-000613.color.png -0.16860195994377136 -0.2188374400138855 0.42687228322029114 0.9954131245613098 -0.02033459022641182 -0.09103713184595108 -0.021248064935207367
redkitchen/seq-12/frame-000614.color.png -0.15840178728103638 -0.22168223559856415 0.41632431745529175 0.994569718837738 -0.024487821385264397 -0.09914882481098175 -0.020019656047225
redkitchen/seq-12/frame-000615.color.png -0.15840178728103638 -0.22168223559856415 0.41632431745529175 0.994569718837738 -0.024487821385264397 -0.09914882481098175 -0.020019656047225
redkitchen/seq-12/frame-000616.color.png -0.13354432582855225 -0.23225419223308563 0.417331337928772 0.9942212700843811 -0.02867276780307293 -0.10124169290065765 -0.02126416563987732
redkitchen/seq-12/frame-000617.color.png -0.13736367225646973 -0.2339053601026535 0.407376229763031 0.994510293006897 -0.022986510768532753 -0.0997905284166336 -0.021513227373361588
redkitchen/seq-12/frame-000618.color.png -0.13132338225841522 -0.23524051904678345 0.4142836332321167 0.9944905042648315 -0.025088107213377953 -0.0999906063079834 -0.01900111883878708
redkitchen/seq-12/frame-000619.color.png -0.13132338225841522 -0.23524051904678345 0.4142836332321167 0.9944905042648315 -0.025088107213377953 -0.0999906063079834 -0.01900111883878708
redkitchen/seq-12/frame-000620.color.png -0.1240360289812088 -0.24681752920150757 0.41034695506095886 0.9944217801094055 -0.028533924371004105 -0.0997675433754921 -0.018911192193627357
redkitchen/seq-12/frame-000621.color.png -0.11882957816123962 -0.24729913473129272 0.41268253326416016 0.9940260648727417 -0.027489589527249336 -0.10210003703832626 -0.027055371552705765
redkitchen/seq-12/frame-000622.color.png -0.086081862449646 -0.26242944598197937 0.40170925855636597 0.994620680809021 -0.02411520853638649 -0.09545435756444931 -0.03219795599579811
redkitchen/seq-12/frame-000623.color.png -0.086081862449646 -0.26242944598197937 0.40170925855636597 0.994620680809021 -0.02411520853638649 -0.09545435756444931 -0.03219795599579811
redkitchen/seq-12/frame-000624.color.png -0.07511952519416809 -0.25692787766456604 0.4189164638519287 0.996593177318573 -0.012403343804180622 -0.0723765566945076 -0.03754854574799538
redkitchen/seq-12/frame-000625.color.png -0.05947587266564369 -0.2542514204978943 0.436488538980484 0.9949763417243958 -0.011541107669472694 -0.09348201751708984 -0.033913224935531616
redkitchen/seq-12/frame-000626.color.png -0.04074690118432045 -0.24984800815582275 0.45000365376472473 0.9962560534477234 -0.012563073076307774 -0.07945947349071503 -0.03165927156805992
redkitchen/seq-12/frame-000627.color.png -0.016107305884361267 -0.25919899344444275 0.44046783447265625 0.9963312745094299 -0.011678935959935188 -0.0775577574968338 -0.034239672124385834
redkitchen/seq-12/frame-000628.color.png -0.016107305884361267 -0.25919899344444275 0.44046783447265625 0.9963312745094299 -0.011678935959935188 -0.0775577574968338 -0.034239672124385834
redkitchen/seq-12/frame-000629.color.png 0.03921491652727127 -0.26565539836883545 0.4264039099216461 0.9972625970840454 0.004000309854745865 -0.06351319700479507 -0.03764817491173744
redkitchen/seq-12/frame-000630.color.png 0.05056070163846016 -0.26133403182029724 0.4291470944881439 0.9958133697509766 -0.002503321273252368 -0.07817335426807404 -0.0473124161362648
redkitchen/seq-12/frame-000631.color.png 0.07266221940517426 -0.23908528685569763 0.446355938911438 0.9958097338676453 -0.0034109181724488735 -0.08014433830976486 -0.04391131550073624
redkitchen/seq-12/frame-000632.color.png 0.07266221940517426 -0.23908528685569763 0.446355938911438 0.9958097338676453 -0.0034109181724488735 -0.08014433830976486 -0.04391131550073624
redkitchen/seq-12/frame-000633.color.png 0.10662703216075897 -0.25046300888061523 0.44922128319740295 0.9964653253555298 0.007915334776043892 -0.07105622440576553 -0.04410206153988838
redkitchen/seq-12/frame-000634.color.png 0.09634660184383392 -0.21399058401584625 0.4662629961967468 0.9962766170501709 0.0015342230908572674 -0.07095316052436829 -0.0489518977701664
redkitchen/seq-12/frame-000635.color.png 0.10204105079174042 -0.20203255116939545 0.4884387254714966 0.9967334866523743 0.007970849983394146 -0.06840243935585022 -0.04218636453151703
redkitchen/seq-12/frame-000636.color.png 0.10204105079174042 -0.20203255116939545 0.4884387254714966 0.9967334866523743 0.007970849983394146 -0.06840243935585022 -0.04218636453151703
redkitchen/seq-12/frame-000637.color.png 0.11288139224052429 -0.22602781653404236 0.4744040071964264 0.9975722432136536 0.012062531895935535 -0.0593385174870491 -0.03439296782016754
redkitchen/seq-12/frame-000638.color.png 0.12243132293224335 -0.2196149379014969 0.4878992438316345 0.9975413084030151 0.016056649386882782 -0.059995874762535095 -0.03246603161096573
redkitchen/seq-12/frame-000639.color.png 0.1297377347946167 -0.22968433797359467 0.4763411581516266 0.9979044198989868 0.011043316684663296 -0.05467357859015465 -0.032794345170259476
redkitchen/seq-12/frame-000640.color.png 0.15840786695480347 -0.2456035017967224 0.48249202966690063 0.9983201622962952 0.010097247548401356 -0.04994587227702141 -0.027573280036449432
redkitchen/seq-12/frame-000641.color.png 0.15840786695480347 -0.2456035017967224 0.48249202966690063 0.9983201622962952 0.010097247548401356 -0.04994587227702141 -0.027573280036449432
redkitchen/seq-12/frame-000642.color.png 0.18350017070770264 -0.26211005449295044 0.4653099775314331 0.9982807636260986 0.017102092504501343 -0.04893596097826958 -0.027356674894690514
redkitchen/seq-12/frame-000643.color.png 0.1786029040813446 -0.2586717903614044 0.4555603265762329 0.9976041913032532 0.027099208906292915 -0.055804572999477386 -0.030615394935011864
redkitchen/seq-12/frame-000644.color.png 0.1820870041847229 -0.2534104287624359 0.4631288945674896 0.9976761937141418 0.023844590410590172 -0.057183947414159775 -0.028349654749035835
redkitchen/seq-12/frame-000645.color.png 0.1820870041847229 -0.2534104287624359 0.4631288945674896 0.9976761937141418 0.023844590410590172 -0.057183947414159775 -0.028349654749035835
redkitchen/seq-12/frame-000646.color.png 0.1956508904695511 -0.2549794912338257 0.4551123082637787 0.9982267618179321 0.02392490766942501 -0.04847307130694389 -0.02492598257958889
redkitchen/seq-12/frame-000647.color.png 0.21564090251922607 -0.26681673526763916 0.45281198620796204 0.997869610786438 0.02515224926173687 -0.05589818209409714 -0.022332437336444855
redkitchen/seq-12/frame-000648.color.png 0.24135084450244904 -0.27795007824897766 0.43749040365219116 0.9977331161499023 0.027186555787920952 -0.0575607605278492 -0.02181907370686531
redkitchen/seq-12/frame-000649.color.png 0.2601670026779175 -0.26391586661338806 0.47783342003822327 0.9983667135238647 0.020551767200231552 -0.047952182590961456 -0.023284059017896652
redkitchen/seq-12/frame-000650.color.png 0.2601670026779175 -0.26391586661338806 0.47783342003822327 0.9983667135238647 0.020551767200231552 -0.047952182590961456 -0.023284059017896652
redkitchen/seq-12/frame-000651.color.png 0.2722480595111847 -0.2622813284397125 0.47982579469680786 0.998003363609314 0.024184690788388252 -0.05214598774909973 -0.02617156133055687
redkitchen/seq-12/frame-000652.color.png 0.31678685545921326 -0.2582303583621979 0.492983341217041 0.9979670643806458 0.027807438746094704 -0.051771994680166245 -0.02466529980301857
redkitchen/seq-12/frame-000653.color.png 0.33253899216651917 -0.25369831919670105 0.5157931447029114 0.9973067045211792 0.031245827674865723 -0.05904883146286011 -0.030268918722867966
redkitchen/seq-12/frame-000654.color.png 0.34836453199386597 -0.26607486605644226 0.4834456741809845 0.997391402721405 0.030577797442674637 -0.055806033313274384 -0.03407403081655502
redkitchen/seq-12/frame-000655.color.png 0.34836453199386597 -0.26607486605644226 0.4834456741809845 0.997391402721405 0.030577797442674637 -0.055806033313274384 -0.03407403081655502
redkitchen/seq-12/frame-000656.color.png 0.36146149039268494 -0.2709929049015045 0.48178136348724365 0.9967756867408752 0.028665369376540184 -0.06409173458814621 -0.038839392364025116
redkitchen/seq-12/frame-000657.color.png 0.4006883203983307 -0.2697094976902008 0.46748390793800354 0.9966542720794678 0.03411980718374252 -0.06312206387519836 -0.03913671523332596
redkitchen/seq-12/frame-000658.color.png 0.4408782720565796 -0.26265567541122437 0.47769224643707275 0.995978057384491 0.03320037201046944 -0.07059721648693085 -0.04406251758337021
redkitchen/seq-12/frame-000659.color.png 0.4408782720565796 -0.26265567541122437 0.47769224643707275 0.995978057384491 0.03320037201046944 -0.07059721648693085 -0.04406251758337021
redkitchen/seq-12/frame-000660.color.png 0.4537535011768341 -0.2664619982242584 0.47443556785583496 0.9954478144645691 0.03960114344954491 -0.07277938723564148 -0.04710128530859947
redkitchen/seq-12/frame-000661.color.png 0.46188828349113464 -0.26430222392082214 0.4561956524848938 0.9960342049598694 0.028699394315481186 -0.06784585118293762 -0.04989124462008476
redkitchen/seq-12/frame-000662.color.png 0.48560455441474915 -0.27784693241119385 0.4483361840248108 0.9958893060684204 0.02398146688938141 -0.07187774777412415 -0.04962976276874542
redkitchen/seq-12/frame-000663.color.png 0.4993742108345032 -0.2686077058315277 0.4349805414676666 0.9954291582107544 0.028352677822113037 -0.07654008269309998 -0.0495828278362751
redkitchen/seq-12/frame-000664.color.png 0.4993742108345032 -0.2686077058315277 0.4349805414676666 0.9954291582107544 0.028352677822113037 -0.07654008269309998 -0.0495828278362751
redkitchen/seq-12/frame-000665.color.png 0.493514746427536 -0.25148218870162964 0.4481639266014099 0.9953187704086304 0.02039911597967148 -0.07858318835496902 -0.052431073039770126
redkitchen/seq-12/frame-000666.color.png 0.5212605595588684 -0.24213886260986328 0.4663434326648712 0.9954070448875427 0.023359237238764763 -0.07518497854471207 -0.05446462705731392
redkitchen/seq-12/frame-000667.color.png 0.5492823719978333 -0.255046546459198 0.4453553259372711 0.995256781578064 0.025748886168003082 -0.07724029570817947 -0.05324316397309303
redkitchen/seq-12/frame-000668.color.png 0.5779855847358704 -0.2640557885169983 0.4266224205493927 0.9945753216743469 0.02239188738167286 -0.08561253547668457 -0.054671384394168854
redkitchen/seq-12/frame-000669.color.png 0.5782459378242493 -0.25987502932548523 0.423178106546402 0.9947917461395264 0.014644229784607887 -0.08543548732995987 -0.05362808704376221
redkitchen/seq-12/frame-000670.color.png 0.5782459378242493 -0.25987502932548523 0.423178106546402 0.9947917461395264 0.014644229784607887 -0.08543548732995987 -0.05362808704376221
redkitchen/seq-12/frame-000671.color.png 0.5998131632804871 -0.25746026635169983 0.41080209612846375 0.995551347732544 0.011713942512869835 -0.07457699626684189 -0.0563800111413002
redkitchen/seq-12/frame-000672.color.png 0.6095291376113892 -0.249545156955719 0.40648069977760315 0.9948323965072632 0.0023841403890401125 -0.08099093288183212 -0.061181847006082535
redkitchen/seq-12/frame-000673.color.png 0.6489694714546204 -0.24913308024406433 0.4122718870639801 0.995198130607605 0.0008744189981371164 -0.07626158744096756 -0.06135180592536926
redkitchen/seq-12/frame-000674.color.png 0.6507894396781921 -0.2501760721206665 0.4109085500240326 0.9952548742294312 0.00389096955768764 -0.07676434516906738 -0.059664975851774216
redkitchen/seq-12/frame-000675.color.png 0.6794436573982239 -0.2526065409183502 0.41256144642829895 0.9948749542236328 0.0010184950660914183 -0.08180069923400879 -0.05942665785551071
redkitchen/seq-12/frame-000676.color.png 0.6794436573982239 -0.2526065409183502 0.41256144642829895 0.9948749542236328 0.0010184950660914183 -0.08180069923400879 -0.05942665785551071
redkitchen/seq-12/frame-000677.color.png 0.6910275220870972 -0.25391775369644165 0.4006872773170471 0.9950339794158936 -0.004363824147731066 -0.08154649287462234 -0.05690769478678703
redkitchen/seq-12/frame-000678.color.png 0.703137218952179 -0.2556777894496918 0.3868354260921478 0.9945164918899536 -0.011168242432177067 -0.0867823138833046 -0.05728033185005188
redkitchen/seq-12/frame-000679.color.png 0.7170400023460388 -0.25301167368888855 0.38947680592536926 0.9946455955505371 -0.008757510222494602 -0.08550912141799927 -0.05737341567873955
redkitchen/seq-12/frame-000680.color.png 0.7314877510070801 -0.25354182720184326 0.3936540186405182 0.9943088889122009 -0.0024302350357174873 -0.09067146480083466 -0.05588166415691376
redkitchen/seq-12/frame-000681.color.png 0.7512704730033875 -0.2408662736415863 0.4044512212276459 0.9933781027793884 0.00033012503990903497 -0.09974424540996552 -0.05701841413974762
redkitchen/seq-12/frame-000682.color.png 0.7717494368553162 -0.24193888902664185 0.41782882809638977 0.9929966926574707 -0.004914493300020695 -0.10392486304044724 -0.05597485229372978
redkitchen/seq-12/frame-000683.color.png 0.7717494368553162 -0.24193888902664185 0.41782882809638977 0.9929966926574707 -0.004914493300020695 -0.10392486304044724 -0.05597485229372978
redkitchen/seq-12/frame-000684.color.png 0.7739566564559937 -0.24409621953964233 0.4047532379627228 0.9934198260307312 -0.014452597126364708 -0.09977331757545471 -0.05434567481279373
redkitchen/seq-12/frame-000685.color.png 0.7835209965705872 -0.23561590909957886 0.4237355887889862 0.9924517869949341 -0.015047079883515835 -0.10986547917127609 -0.05237036570906639
redkitchen/seq-12/frame-000686.color.png 0.7903375029563904 -0.2295866310596466 0.4268471896648407 0.9929355382919312 -0.017383521422743797 -0.10437867790460587 -0.05368317291140556
redkitchen/seq-12/frame-000687.color.png 0.8097068667411804 -0.23409093916416168 0.4314384460449219 0.9937914609909058 -0.020953258499503136 -0.09557093679904938 -0.05296921357512474
redkitchen/seq-12/frame-000688.color.png 0.8335520029067993 -0.23668000102043152 0.43381422758102417 0.9939040541648865 -0.02660035528242588 -0.09141156077384949 -0.055595651268959045
redkitchen/seq-12/frame-000689.color.png 0.855968713760376 -0.22650113701820374 0.45420390367507935 0.9936535954475403 -0.023769425228238106 -0.09521806240081787 -0.05496576055884361
redkitchen/seq-12/frame-000690.color.png 0.855968713760376 -0.22650113701820374 0.45420390367507935 0.9936535954475403 -0.023769425228238106 -0.09521806240081787 -0.05496576055884361
redkitchen/seq-12/frame-000691.color.png 0.8790311813354492 -0.22195644676685333 0.47329676151275635 0.9935093522071838 -0.02800821326673031 -0.09432802349328995 -0.05707067623734474
redkitchen/seq-12/frame-000692.color.png 0.8938034772872925 -0.22903358936309814 0.4670065641403198 0.9924375414848328 -0.027752624824643135 -0.10392612963914871 -0.059135232120752335
redkitchen/seq-12/frame-000693.color.png 0.8979529142379761 -0.23610273003578186 0.468343585729599 0.992436408996582 -0.026798661798238754 -0.10480833053588867 -0.058027517050504684
redkitchen/seq-12/frame-000694.color.png 0.9230852127075195 -0.2395937740802765 0.4740946292877197 0.9924753904342651 -0.029410358518362045 -0.10222914814949036 -0.0606369823217392
redkitchen/seq-12/frame-000695.color.png 0.9454777836799622 -0.24363484978675842 0.46449708938598633 0.9920117259025574 -0.01892278343439102 -0.10576379299163818 -0.06609580665826797
redkitchen/seq-12/frame-000696.color.png 0.9695255756378174 -0.24748507142066956 0.4688107371330261 0.9907996654510498 -0.02277723141014576 -0.11451580375432968 -0.06843560934066772
redkitchen/seq-12/frame-000697.color.png 0.9771415591239929 -0.24395790696144104 0.47153088450431824 0.9906918406486511 -0.016511674970388412 -0.11364126205444336 -0.07309281826019287
redkitchen/seq-12/frame-000698.color.png 0.9771415591239929 -0.24395790696144104 0.47153088450431824 0.9906918406486511 -0.016511674970388412 -0.11364126205444336 -0.07309281826019287
redkitchen/seq-12/frame-000699.color.png 0.9990615248680115 -0.2431214451789856 0.4795770049095154 0.9895410537719727 -0.01947135478258133 -0.12058855593204498 -0.07673216611146927
redkitchen/seq-12/frame-000700.color.png 1.0147500038146973 -0.23195099830627441 0.47777503728866577 0.9901311993598938 -0.018735133111476898 -0.11689265817403793 -0.07500330358743668
redkitchen/seq-12/frame-000701.color.png 1.028210163116455 -0.23626992106437683 0.48127803206443787 0.9893553256988525 -0.016179436817765236 -0.12183067202568054 -0.07792080193758011
redkitchen/seq-12/frame-000702.color.png 1.0218913555145264 -0.2415522038936615 0.4862141013145447 0.9883816838264465 -0.014323076233267784 -0.12745407223701477 -0.08155976235866547
redkitchen/seq-12/frame-000703.color.png 1.0368669033050537 -0.24230778217315674 0.4794096350669861 0.9877985715866089 -0.022068796679377556 -0.12769155204296112 -0.08638270944356918
redkitchen/seq-12/frame-000704.color.png 1.064325213432312 -0.2465580403804779 0.494779109954834 0.9887527227401733 -0.018623149022459984 -0.11786114424467087 -0.09016630798578262
redkitchen/seq-12/frame-000705.color.png 1.0800520181655884 -0.24222150444984436 0.509107232093811 0.9888002872467041 -0.019875554367899895 -0.11617206782102585 -0.09156007319688797
redkitchen/seq-12/frame-000706.color.png 1.0959625244140625 -0.23743611574172974 0.5212582945823669 0.9871351718902588 -0.015809757634997368 -0.13043907284736633 -0.0911044329404831
redkitchen/seq-12/frame-000707.color.png 1.1129932403564453 -0.2336287498474121 0.5422390699386597 0.9871938824653625 -0.007011403329670429 -0.13263145089149475 -0.08836259692907333
redkitchen/seq-12/frame-000708.color.png 1.1263676881790161 -0.23671799898147583 0.5419410467147827 0.9873349070549011 -0.010055324994027615 -0.13141745328903198 -0.08830620348453522
redkitchen/seq-12/frame-000709.color.png 1.1361156702041626 -0.2387601137161255 0.5436722040176392 0.9854841232299805 -0.012475400231778622 -0.14443840086460114 -0.08833391964435577
redkitchen/seq-12/frame-000710.color.png 1.137147307395935 -0.24672988057136536 0.5334832668304443 0.984592616558075 -0.01671624183654785 -0.1466982364654541 -0.09369000047445297
redkitchen/seq-12/frame-000711.color.png 1.1384919881820679 -0.2541279196739197 0.5257188081741333 0.9844808578491211 -0.015536792576313019 -0.14537674188613892 -0.09706462174654007
redkitchen/seq-12/frame-000712.color.png 1.1586464643478394 -0.24683475494384766 0.5432923436164856 0.9832398891448975 -0.012853473424911499 -0.1542312353849411 -0.09636775404214859
redkitchen/seq-12/frame-000713.color.png 1.1793628931045532 -0.23851853609085083 0.5636825561523438 0.9845808148384094 -0.015734395012259483 -0.14908842742443085 -0.09014283865690231
redkitchen/seq-12/frame-000714.color.png 1.1999421119689941 -0.2358623743057251 0.5674551129341125 0.982768177986145 -0.01620359905064106 -0.16053491830825806 -0.09018176794052124
redkitchen/seq-12/frame-000715.color.png 1.213775396347046 -0.23908624053001404 0.573222279548645 0.9818645715713501 -0.014017804525792599 -0.1685158610343933 -0.08571989089250565
redkitchen/seq-12/frame-000716.color.png 1.2249494791030884 -0.24178868532180786 0.5706140995025635 0.978003203868866 -0.022383512929081917 -0.1865433007478714 -0.09061039984226227
redkitchen/seq-12/frame-000717.color.png 1.229007601737976 -0.24762216210365295 0.5629768967628479 0.9786704778671265 -0.02231159433722496 -0.18396256864070892 -0.0886806771159172
redkitchen/seq-12/frame-000718.color.png 1.251127004623413 -0.24459776282310486 0.5778838396072388 0.976965606212616 -0.02714673802256584 -0.19060596823692322 -0.09203601628541946
redkitchen/seq-12/frame-000719.color.png 1.2651138305664062 -0.2368999719619751 0.5740609169006348 0.9708061218261719 -0.022918013855814934 -0.21713827550411224 -0.09930276870727539
redkitchen/seq-12/frame-000720.color.png 1.299346923828125 -0.23761031031608582 0.589937150478363 0.9705960750579834 -0.03288312628865242 -0.21214497089385986 -0.10888808965682983
redkitchen/seq-12/frame-000721.color.png 1.3222254514694214 -0.24112993478775024 0.6118157505989075 0.9721696376800537 -0.024841105565428734 -0.20224671065807343 -0.11560926586389542
redkitchen/seq-12/frame-000722.color.png 1.3125065565109253 -0.24669596552848816 0.6213102340698242 0.9663143754005432 -0.013633651658892632 -0.22723327577114105 -0.12006592750549316
redkitchen/seq-12/frame-000723.color.png 1.3357586860656738 -0.2506147623062134 0.6152888536453247 0.9699994921684265 -0.009558573365211487 -0.21703003346920013 -0.10912109166383743
redkitchen/seq-12/frame-000724.color.png 1.357692837715149 -0.24108338356018066 0.6428312063217163 0.9702013731002808 -0.0039862655103206635 -0.21370451152324677 -0.11412104964256287
redkitchen/seq-12/frame-000725.color.png 1.3971205949783325 -0.24994024634361267 0.6472828388214111 0.9700372219085693 0.000790249730926007 -0.21365462243556976 -0.11566785722970963
redkitchen/seq-12/frame-000726.color.png 1.4283697605133057 -0.23857682943344116 0.6837884187698364 0.9720613956451416 -0.004248001147061586 -0.20290367305278778 -0.11793527752161026
redkitchen/seq-12/frame-000727.color.png 1.4263255596160889 -0.25791841745376587 0.6841811537742615 0.969636857509613 -0.008303752169013023 -0.21108472347259521 -0.12320173531770706
redkitchen/seq-12/frame-000728.color.png 1.425486445426941 -0.25579601526260376 0.6948277950286865 0.9727262854576111 0.001496956218034029 -0.19963619112968445 -0.11809609085321426
redkitchen/seq-12/frame-000729.color.png 1.4514199495315552 -0.25787413120269775 0.7152398228645325 0.9725009202957153 -0.0019476610468700528 -0.2013733685016632 -0.11699070036411285
redkitchen/seq-12/frame-000730.color.png 1.472469449043274 -0.261942058801651 0.7216894030570984 0.9698395133018494 0.008945954032242298 -0.20708569884300232 -0.12824520468711853
redkitchen/seq-12/frame-000731.color.png 1.49413001537323 -0.27446380257606506 0.7608989477157593 0.9708923101425171 0.012760079465806484 -0.20518741011619568 -0.12289644777774811
redkitchen/seq-12/frame-000732.color.png 1.527626633644104 -0.28067517280578613 0.7884671092033386 0.972017228603363 0.013330424204468727 -0.19591936469078064 -0.12892000377178192
redkitchen/seq-12/frame-000733.color.png 1.5292398929595947 -0.27925044298171997 0.7925643920898438 0.9703546166419983 0.016631344333291054 -0.20276392996311188 -0.1304689645767212
redkitchen/seq-12/frame-000734.color.png 1.5364166498184204 -0.2818477749824524 0.808320164680481 0.9710788130760193 0.018929945304989815 -0.19893179833889008 -0.1306666135787964
redkitchen/seq-12/frame-000735.color.png 1.5385892391204834 -0.2748720645904541 0.7986860871315002 0.9727991223335266 0.023374775424599648 -0.1929863691329956 -0.12598367035388947
redkitchen/seq-12/frame-000736.color.png 1.5214232206344604 -0.26719844341278076 0.8000237345695496 0.9720050096511841 0.02440570294857025 -0.1969286948442459 -0.12581653892993927
redkitchen/seq-12/frame-000737.color.png 1.5406371355056763 -0.2718830704689026 0.8067143559455872 0.9696420431137085 0.02246696688234806 -0.2065107375383377 -0.12900778651237488
redkitchen/seq-12/frame-000738.color.png 1.5475467443466187 -0.2731626331806183 0.8019241690635681 0.9712451696395874 0.02133334055542946 -0.19927597045898438 -0.1285182386636734
redkitchen/seq-12/frame-000739.color.png 1.5465141534805298 -0.28184008598327637 0.8215208649635315 0.9692686796188354 0.023163335397839546 -0.2082398384809494 -0.12891070544719696
redkitchen/seq-12/frame-000740.color.png 1.5896599292755127 -0.2849345803260803 0.877572238445282 0.9618013501167297 0.021085398271679878 -0.23907308280467987 -0.13167226314544678
redkitchen/seq-12/frame-000741.color.png 1.5923826694488525 -0.30070236325263977 0.875142514705658 0.9675025939941406 0.026578450575470924 -0.2141633778810501 -0.1317816525697708
redkitchen/seq-12/frame-000742.color.png 1.6038841009140015 -0.3206974267959595 0.9008249640464783 0.9703603982925415 0.03249531239271164 -0.20174936950206757 -0.12900473177433014
redkitchen/seq-12/frame-000743.color.png 1.5962330102920532 -0.3191981017589569 0.9082723259925842 0.9694119691848755 0.03293010592460632 -0.2044185996055603 -0.13179180026054382
redkitchen/seq-12/frame-000744.color.png 1.5950812101364136 -0.32817572355270386 0.9088970422744751 0.9682115316390991 0.0317734070122242 -0.21141944825649261 -0.12984158098697662
redkitchen/seq-12/frame-000745.color.png 1.6143954992294312 -0.32807889580726624 0.920860230922699 0.9676462411880493 0.041643090546131134 -0.21356892585754395 -0.1277294158935547
redkitchen/seq-12/frame-000746.color.png 1.6235605478286743 -0.3289259076118469 0.9358638525009155 0.9651404619216919 0.0397137887775898 -0.2231685221195221 -0.13085253536701202
redkitchen/seq-12/frame-000747.color.png 1.6262818574905396 -0.3314376473426819 0.9391497373580933 0.9670476317405701 0.04538852721452713 -0.21544276177883148 -0.12784099578857422
redkitchen/seq-12/frame-000748.color.png 1.6446964740753174 -0.3419778645038605 0.9710063338279724 0.9648975133895874 0.0435187891125679 -0.22270886600017548 -0.13221144676208496
redkitchen/seq-12/frame-000749.color.png 1.6487127542495728 -0.34026187658309937 0.9915012717247009 0.9658424258232117 0.055012449622154236 -0.21262197196483612 -0.13752762973308563
redkitchen/seq-12/frame-000750.color.png 1.6380573511123657 -0.3452697694301605 0.9989911913871765 0.9662464261054993 0.050311122089624405 -0.210658460855484 -0.13949790596961975
redkitchen/seq-12/frame-000751.color.png 1.6294529438018799 -0.3511770963668823 1.0125186443328857 0.9611519575119019 0.04906679689884186 -0.23105360567569733 -0.1428060382604599
redkitchen/seq-12/frame-000752.color.png 1.638917326927185 -0.3448672592639923 1.0177359580993652 0.9597455859184265 0.053585413843393326 -0.2306828647851944 -0.1510048359632492
redkitchen/seq-12/frame-000753.color.png 1.6286982297897339 -0.350830614566803 1.0292439460754395 0.9567555785179138 0.054914988577365875 -0.24381601810455322 -0.14885224401950836
redkitchen/seq-12/frame-000754.color.png 1.6266837120056152 -0.33840271830558777 1.0447883605957031 0.9558286666870117 0.06544768810272217 -0.24397966265678406 -0.15027327835559845
redkitchen/seq-12/frame-000755.color.png 1.632776141166687 -0.36004847288131714 1.0609182119369507 0.9548894762992859 0.05492754653096199 -0.2501148581504822 -0.15037107467651367
redkitchen/seq-12/frame-000756.color.png 1.6522350311279297 -0.3827604651451111 1.0829123258590698 0.9568151831626892 0.060102980583906174 -0.24023644626140594 -0.1522454470396042
redkitchen/seq-12/frame-000757.color.png 1.6736581325531006 -0.41465628147125244 1.0986101627349854 0.9564884901046753 0.06228310242295265 -0.24400624632835388 -0.1473485231399536
redkitchen/seq-12/frame-000758.color.png 1.6810483932495117 -0.42179471254348755 1.121069073677063 0.9566821455955505 0.06550124287605286 -0.24513259530067444 -0.1427539438009262
redkitchen/seq-12/frame-000759.color.png 1.7065117359161377 -0.4276139736175537 1.1387063264846802 0.9566525220870972 0.06223660334944725 -0.24617141485214233 -0.14262515306472778
redkitchen/seq-12/frame-000760.color.png 1.7019466161727905 -0.4430164694786072 1.1388081312179565 0.9581629037857056 0.06072423234581947 -0.24262721836566925 -0.13916978240013123
redkitchen/seq-12/frame-000761.color.png 1.7199909687042236 -0.4737822115421295 1.163341760635376 0.9584684371948242 0.05873719975352287 -0.24277757108211517 -0.13764916360378265
redkitchen/seq-12/frame-000762.color.png 1.7181565761566162 -0.49141788482666016 1.170520305633545 0.9570058584213257 0.05778657644987106 -0.24750690162181854 -0.1397886574268341
redkitchen/seq-12/frame-000763.color.png 1.7412132024765015 -0.48555219173431396 1.191696047782898 0.9549081921577454 0.06204671040177345 -0.255696177482605 -0.13755060732364655
redkitchen/seq-12/frame-000764.color.png 1.733523964881897 -0.46396294236183167 1.188683032989502 0.9529273509979248 0.06611442565917969 -0.2623523473739624 -0.13685543835163116
redkitchen/seq-12/frame-000765.color.png 1.725911021232605 -0.47300201654434204 1.1983435153961182 0.9560535550117493 0.07172456383705139 -0.25277724862098694 -0.13008007407188416
redkitchen/seq-12/frame-000766.color.png 1.7215934991836548 -0.4992804527282715 1.228554606437683 0.9521660804748535 0.07360804080963135 -0.2642090618610382 -0.1347404420375824
redkitchen/seq-12/frame-000767.color.png 1.7263261079788208 -0.4940323829650879 1.2298470735549927 0.9495541453361511 0.0777207762002945 -0.27181509137153625 -0.13573110103607178
redkitchen/seq-12/frame-000768.color.png 1.7246147394180298 -0.497649610042572 1.2354938983917236 0.9488018751144409 0.08244059234857559 -0.2729659676551819 -0.13589735329151154
redkitchen/seq-12/frame-000769.color.png 1.7055412530899048 -0.5086256265640259 1.2652474641799927 0.9507399797439575 0.07980384677648544 -0.2661769688129425 -0.1373848021030426
redkitchen/seq-12/frame-000770.color.png 1.6998575925827026 -0.5048915147781372 1.2780282497406006 0.9522318243980408 0.08682290464639664 -0.2600180208683014 -0.1345619112253189
redkitchen/seq-12/frame-000771.color.png 1.7144771814346313 -0.5125914216041565 1.3088730573654175 0.9527729749679565 0.0910009890794754 -0.25714799761772156 -0.13348141312599182
redkitchen/seq-12/frame-000772.color.png 1.6975538730621338 -0.4972613453865051 1.2962716817855835 0.9535897970199585 0.0848051905632019 -0.2560875415802002 -0.1337677389383316
redkitchen/seq-12/frame-000773.color.png 1.680348515510559 -0.49184417724609375 1.321057677268982 0.951990008354187 0.09248876571655273 -0.2590866982936859 -0.13429445028305054
redkitchen/seq-12/frame-000774.color.png 1.6594502925872803 -0.5123142004013062 1.3276312351226807 0.9510287642478943 0.08928509056568146 -0.26265957951545715 -0.13631771504878998
redkitchen/seq-12/frame-000775.color.png 1.6566219329833984 -0.5260754823684692 1.3407566547393799 0.94827800989151 0.09700525552034378 -0.2680673599243164 -0.13963821530342102
redkitchen/seq-12/frame-000776.color.png 1.6558775901794434 -0.5350987315177917 1.3485513925552368 0.9457585215568542 0.0986211746931076 -0.27739417552948 -0.13735739886760712
redkitchen/seq-12/frame-000777.color.png 1.6488803625106812 -0.5277822613716125 1.3569514751434326 0.9497014880180359 0.0986378863453865 -0.26374778151512146 -0.13702112436294556
redkitchen/seq-12/frame-000778.color.png 1.6352664232254028 -0.546174943447113 1.3681871891021729 0.941973865032196 0.09949425607919693 -0.2889084219932556 -0.13898923993110657
redkitchen/seq-12/frame-000779.color.png 1.6105178594589233 -0.5443695783615112 1.3497940301895142 0.944863498210907 0.10066884011030197 -0.2791728377342224 -0.13842420279979706
redkitchen/seq-12/frame-000780.color.png 1.6471161842346191 -0.5641680359840393 1.3931944370269775 0.9431818127632141 0.1014774963259697 -0.2828865051269531 -0.14172400534152985
redkitchen/seq-12/frame-000781.color.png 1.6423252820968628 -0.5767297148704529 1.4201395511627197 0.9409453868865967 0.10854098200798035 -0.2898121476173401 -0.1372937709093094
redkitchen/seq-12/frame-000782.color.png 1.6368417739868164 -0.5568455457687378 1.40518057346344 0.9345830678939819 0.10951398313045502 -0.30857110023498535 -0.139086052775383
redkitchen/seq-12/frame-000783.color.png 1.6388756036758423 -0.5896662473678589 1.4284921884536743 0.9271792769432068 0.11138138920068741 -0.3302267789840698 -0.1374150514602661
redkitchen/seq-12/frame-000784.color.png 1.63356614112854 -0.612983226776123 1.449126124382019 0.9320193529129028 0.11545399576425552 -0.31511959433555603 -0.13678377866744995
redkitchen/seq-12/frame-000785.color.png 1.6810821294784546 -0.6231322288513184 1.4763816595077515 0.9313713312149048 0.11072132736444473 -0.32062864303588867 -0.13223330676555634
redkitchen/seq-12/frame-000786.color.png 1.6814779043197632 -0.6541801691055298 1.507523536682129 0.924126148223877 0.10446623712778091 -0.3432652950286865 -0.13132576644420624
redkitchen/seq-12/frame-000787.color.png 1.648730754852295 -0.6652849316596985 1.5175031423568726 0.9287296533584595 0.10907032340765 -0.3312269449234009 -0.1259109526872635
redkitchen/seq-12/frame-000788.color.png 1.6552008390426636 -0.6912803053855896 1.5407048463821411 0.9247031807899475 0.10777975618839264 -0.34154894948005676 -0.12904174625873566
redkitchen/seq-12/frame-000789.color.png 1.6486746072769165 -0.6805356740951538 1.5442636013031006 0.9246187210083008 0.10813865065574646 -0.34111452102661133 -0.13048849999904633
redkitchen/seq-12/frame-000790.color.png 1.6411300897598267 -0.6972852349281311 1.567238211631775 0.9200495481491089 0.10482607036828995 -0.35230115056037903 -0.13566240668296814
redkitchen/seq-12/frame-000791.color.png 1.6435939073562622 -0.6943951845169067 1.5658061504364014 0.9225326776504517 0.1098158061504364 -0.3452244699001312 -0.13301873207092285
redkitchen/seq-12/frame-000792.color.png 1.6608014106750488 -0.6929274201393127 1.568609595298767 0.9182826280593872 0.09998767077922821 -0.35886815190315247 -0.13406355679035187
redkitchen/seq-12/frame-000793.color.png 1.6584928035736084 -0.7000203132629395 1.571010947227478 0.9152392148971558 0.10109768062829971 -0.3665868043899536 -0.1331557035446167
redkitchen/seq-12/frame-000794.color.png 1.6459360122680664 -0.7018536329269409 1.5652722120285034 0.9160035252571106 0.10245499014854431 -0.36555570363998413 -0.12965185940265656
redkitchen/seq-12/frame-000795.color.png 1.6062538623809814 -0.7127597332000732 1.5732618570327759 0.9124296307563782 0.10740645229816437 -0.3711082935333252 -0.1349608451128006
redkitchen/seq-12/frame-000796.color.png 1.6123764514923096 -0.7022465467453003 1.5700474977493286 0.9125251173973083 0.10627435892820358 -0.37289634346961975 -0.13020002841949463
redkitchen/seq-12/frame-000797.color.png 1.6058478355407715 -0.7032817602157593 1.590278148651123 0.9132356643676758 0.10374806821346283 -0.3729364573955536 -0.12710340321063995
redkitchen/seq-12/frame-000798.color.png 1.5950392484664917 -0.7082954049110413 1.5873576402664185 0.910723865032196 0.09997770935297012 -0.37998461723327637 -0.12727271020412445
redkitchen/seq-12/frame-000799.color.png 1.5735256671905518 -0.7042312622070312 1.5818125009536743 0.9147476553916931 0.10409221053123474 -0.3690279424190521 -0.12735779583454132
redkitchen/seq-12/frame-000800.color.png 1.5848389863967896 -0.7206524610519409 1.5986239910125732 0.9117732644081116 0.10046832263469696 -0.37647297978401184 -0.12978315353393555
redkitchen/seq-12/frame-000801.color.png 1.5684881210327148 -0.7178838849067688 1.608109951019287 0.9078657031059265 0.09979283064603806 -0.38540175557136536 -0.13147911429405212
redkitchen/seq-12/frame-000802.color.png 1.5568773746490479 -0.7101953029632568 1.574870228767395 0.9084233045578003 0.10164881497621536 -0.3836301565170288 -0.13138695061206818
redkitchen/seq-12/frame-000803.color.png 1.5560857057571411 -0.7141517400741577 1.6203774213790894 0.9090406894683838 0.10365103930234909 -0.38391268253326416 -0.12454890459775925
redkitchen/seq-12/frame-000804.color.png 1.57688307762146 -0.7064975500106812 1.6148483753204346 0.9059786200523376 0.10160592198371887 -0.3909761309623718 -0.1265571415424347
redkitchen/seq-12/frame-000805.color.png 1.5571953058242798 -0.7107435464859009 1.6191102266311646 0.9017035961151123 0.10239100456237793 -0.40101295709609985 -0.12504112720489502
redkitchen/seq-12/frame-000806.color.png 1.5446984767913818 -0.7003690600395203 1.6162256002426147 0.9020506143569946 0.10729064792394638 -0.39976438879966736 -0.12240071594715118
redkitchen/seq-12/frame-000807.color.png 1.541944980621338 -0.7209183573722839 1.6386492252349854 0.901954710483551 0.10211241245269775 -0.40219590067863464 -0.11953745782375336
redkitchen/seq-12/frame-000808.color.png 1.529073715209961 -0.7355846166610718 1.6576404571533203 0.895524263381958 0.1033877581357956 -0.4149205684661865 -0.12324035167694092
redkitchen/seq-12/frame-000809.color.png 1.516318440437317 -0.7385189533233643 1.630645990371704 0.8961095213890076 0.10192111879587173 -0.4133497178554535 -0.12546692788600922
redkitchen/seq-12/frame-000810.color.png 1.4875586032867432 -0.7276617884635925 1.6205203533172607 0.8871694803237915 0.09556547552347183 -0.43238481879234314 -0.12977264821529388
redkitchen/seq-12/frame-000811.color.png 1.4777861833572388 -0.718515932559967 1.619950294494629 0.8887202739715576 0.09725961089134216 -0.42917853593826294 -0.1285405308008194
redkitchen/seq-12/frame-000812.color.png 1.469050407409668 -0.7332251071929932 1.635633111000061 0.8870732188224792 0.09778102487325668 -0.43324998021125793 -0.12583526968955994
redkitchen/seq-12/frame-000813.color.png 1.4051254987716675 -0.7192946672439575 1.6306066513061523 0.880330502986908 0.09313943237066269 -0.4486750364303589 -0.12261264771223068
redkitchen/seq-12/frame-000814.color.png 1.39320707321167 -0.717950165271759 1.6211220026016235 0.8807640671730042 0.09363711625337601 -0.4491543173789978 -0.11724833399057388
redkitchen/seq-12/frame-000815.color.png 1.3608287572860718 -0.7055980563163757 1.6067346334457397 0.8796648383140564 0.09053961932659149 -0.45308905839920044 -0.11270580440759659
redkitchen/seq-12/frame-000816.color.png 1.319085955619812 -0.7059929370880127 1.6161178350448608 0.8725058436393738 0.09253335744142532 -0.46370306611061096 -0.1230868548154831
redkitchen/seq-12/frame-000817.color.png 1.2730686664581299 -0.6840322017669678 1.5807288885116577 0.8757289052009583 0.09303002804517746 -0.4602811932563782 -0.11218558996915817
redkitchen/seq-12/frame-000818.color.png 1.2969651222229004 -0.6926411390304565 1.5858452320098877 0.8695329427719116 0.09437918663024902 -0.46784690022468567 -0.12698160111904144
redkitchen/seq-12/frame-000819.color.png 1.2882258892059326 -0.7085908651351929 1.620661735534668 0.8645151853561401 0.0947151705622673 -0.47726690769195557 -0.12593193352222443
redkitchen/seq-12/frame-000820.color.png 1.2649579048156738 -0.7035093903541565 1.6226907968521118 0.8587376475334167 0.09340941905975342 -0.48631399869918823 -0.13169357180595398
redkitchen/seq-12/frame-000821.color.png 1.2481491565704346 -0.6923187971115112 1.6297988891601562 0.8654138445854187 0.09927665442228317 -0.4735887348651886 -0.13006512820720673
redkitchen/seq-12/frame-000822.color.png 1.213539958000183 -0.6893050670623779 1.615741491317749 0.855387270450592 0.10063058137893677 -0.4905000329017639 -0.13265009224414825
redkitchen/seq-12/frame-000823.color.png 1.190755009651184 -0.6938239336013794 1.623573899269104 0.8563753962516785 0.10602681338787079 -0.48883360624313354 -0.12814602255821228
redkitchen/seq-12/frame-000824.color.png 1.205240249633789 -0.6786566972732544 1.5919444561004639 0.8605552315711975 0.11236727982759476 -0.47878167033195496 -0.1326134353876114
redkitchen/seq-12/frame-000825.color.png 1.1939493417739868 -0.6901199221611023 1.6164355278015137 0.8580644130706787 0.10928411781787872 -0.482831746339798 -0.1365865170955658
redkitchen/seq-12/frame-000826.color.png 1.1727858781814575 -0.706412136554718 1.623658299446106 0.8569825291633606 0.10833535343408585 -0.4858997166156769 -0.13321399688720703
redkitchen/seq-12/frame-000827.color.png 1.1691008806228638 -0.6743355989456177 1.597145676612854 0.856140673160553 0.10230585187673569 -0.48698917031288147 -0.1392773985862732
redkitchen/seq-12/frame-000828.color.png 1.2032086849212646 -0.6755419373512268 1.6147173643112183 0.8570885062217712 0.10564643889665604 -0.4853900372982025 -0.13650913536548615
redkitchen/seq-12/frame-000829.color.png 1.1946223974227905 -0.6667580008506775 1.5855344533920288 0.8527177572250366 0.10359082370996475 -0.4940188229084015 -0.13448667526245117
redkitchen/seq-12/frame-000830.color.png 1.206064224243164 -0.6465196013450623 1.5856046676635742 0.8546894192695618 0.10593276470899582 -0.4904516339302063 -0.13319642841815948
redkitchen/seq-12/frame-000831.color.png 1.2148717641830444 -0.6661761403083801 1.613472819328308 0.8530681133270264 0.10858651995658875 -0.49240490794181824 -0.13424323499202728
redkitchen/seq-12/frame-000832.color.png 1.2078937292099 -0.6502832174301147 1.5970226526260376 0.8491359353065491 0.10190518200397491 -0.4988667070865631 -0.14041171967983246
redkitchen/seq-12/frame-000833.color.png 1.188689112663269 -0.6490945816040039 1.58113694190979 0.8468136787414551 0.09404157847166061 -0.5046443343162537 -0.13927295804023743
redkitchen/seq-12/frame-000834.color.png 1.1974231004714966 -0.6747108697891235 1.623333215713501 0.8431301712989807 0.09619557857513428 -0.5089662075042725 -0.14433062076568604
redkitchen/seq-12/frame-000835.color.png 1.23331618309021 -0.7041414976119995 1.663758635520935 0.8393304944038391 0.09421540796756744 -0.5164323449134827 -0.14122815430164337
redkitchen/seq-12/frame-000836.color.png 1.2069692611694336 -0.7087917923927307 1.6436479091644287 0.8361563086509705 0.0953110083937645 -0.52108234167099 -0.1422380656003952
redkitchen/seq-12/frame-000837.color.png 1.1956145763397217 -0.715213418006897 1.6506317853927612 0.8308548927307129 0.0956655815243721 -0.5282682180404663 -0.146495059132576
redkitchen/seq-12/frame-000838.color.png 1.1653691530227661 -0.7105545401573181 1.638780117034912 0.830516517162323 0.08998757600784302 -0.5285710692405701 -0.15085457265377045
redkitchen/seq-12/frame-000839.color.png 1.1842801570892334 -0.7197149395942688 1.6638295650482178 0.8150008916854858 0.08798767626285553 -0.5503131151199341 -0.1587042510509491
redkitchen/seq-12/frame-000840.color.png 1.1220592260360718 -0.7279337048530579 1.653841257095337 0.8275034427642822 0.09862546622753143 -0.5300897359848022 -0.15657570958137512
redkitchen/seq-12/frame-000841.color.png 1.1257007122039795 -0.7297214865684509 1.6287550926208496 0.8086228966712952 0.0824400931596756 -0.5579683184623718 -0.16734376549720764
redkitchen/seq-12/frame-000842.color.png 1.1484647989273071 -0.7360865473747253 1.656968593597412 0.7864424586296082 0.07404796779155731 -0.5855713486671448 -0.18201971054077148
redkitchen/seq-12/frame-000843.color.png 1.157145619392395 -0.753489077091217 1.6800868511199951 0.7961111068725586 0.08199819922447205 -0.5723229646682739 -0.17868947982788086
redkitchen/seq-12/frame-000844.color.png 1.049660563468933 -0.7642724514007568 1.7009799480438232 0.7813425064086914 0.0751684382557869 -0.5912525057792664 -0.18513192236423492
redkitchen/seq-12/frame-000845.color.png 1.017417311668396 -0.7494547367095947 1.665571689605713 0.7844849228858948 0.07874493300914764 -0.5876541137695312 -0.18178336322307587
redkitchen/seq-12/frame-000846.color.png 1.0383418798446655 -0.7583657503128052 1.686456322669983 0.7834389805793762 0.07811202108860016 -0.5877212882041931 -0.1862945854663849
redkitchen/seq-12/frame-000847.color.png 1.0000991821289062 -0.7373998761177063 1.6623034477233887 0.7924870252609253 0.08524112403392792 -0.5769669413566589 -0.17834621667861938
redkitchen/seq-12/frame-000848.color.png 1.0452765226364136 -0.7250252366065979 1.649647831916809 0.7832871675491333 0.07925470173358917 -0.5871602296829224 -0.18820925056934357
redkitchen/seq-12/frame-000849.color.png 1.0486663579940796 -0.7496820092201233 1.6894781589508057 0.7883715033531189 0.087517149746418 -0.5809352993965149 -0.18255144357681274
redkitchen/seq-12/frame-000850.color.png 1.0199743509292603 -0.7329758405685425 1.665926456451416 0.7840403318405151 0.08698777109384537 -0.5851266384124756 -0.18799108266830444
redkitchen/seq-12/frame-000851.color.png 1.0406725406646729 -0.7198554277420044 1.6608805656433105 0.7804467082023621 0.08702877163887024 -0.5892009139060974 -0.1901869922876358
redkitchen/seq-12/frame-000852.color.png 1.0674724578857422 -0.7141525149345398 1.6615135669708252 0.7755885124206543 0.08182825148105621 -0.5955513715744019 -0.192575141787529
redkitchen/seq-12/frame-000853.color.png 1.051763892173767 -0.7118759155273438 1.6317534446716309 0.7755459547042847 0.0809343010187149 -0.5951641201972961 -0.1943138688802719
redkitchen/seq-12/frame-000854.color.png 1.0838754177093506 -0.7025169730186462 1.6217772960662842 0.7823531031608582 0.08341037482023239 -0.5883480906486511 -0.18658193945884705
redkitchen/seq-12/frame-000855.color.png 1.1445903778076172 -0.7027601003646851 1.616575002670288 0.779123067855835 0.08037620037794113 -0.5906505584716797 -0.19400770962238312
redkitchen/seq-12/frame-000856.color.png 1.1776686906814575 -0.7009018063545227 1.6235334873199463 0.7701022624969482 0.07607335597276688 -0.6014896035194397 -0.19840824604034424
redkitchen/seq-12/frame-000857.color.png 1.1319315433502197 -0.6703511476516724 1.5880074501037598 0.7785887718200684 0.07392396032810211 -0.5917825102806091 -0.1952645629644394
redkitchen/seq-12/frame-000858.color.png 1.1379474401474 -0.6791284680366516 1.586617350578308 0.7777440547943115 0.07160646468400955 -0.5943277478218079 -0.19173218309879303
redkitchen/seq-12/frame-000859.color.png 1.148910641670227 -0.7109885811805725 1.640289068222046 0.7713421583175659 0.065816730260849 -0.6002828478813171 -0.2008974701166153
redkitchen/seq-12/frame-000860.color.png 1.1541823148727417 -0.7188025712966919 1.6654831171035767 0.7646019458770752 0.06388817727565765 -0.6085821390151978 -0.202311709523201
redkitchen/seq-12/frame-000861.color.png 1.2866908311843872 -0.7157531976699829 1.6471401453018188 0.7840551733970642 0.0666111633181572 -0.5879454016685486 -0.18745818734169006
redkitchen/seq-12/frame-000862.color.png 1.330138087272644 -0.7448288202285767 1.7002840042114258 0.7830473780632019 0.05695832520723343 -0.5873461961746216 -0.1965126246213913
redkitchen/seq-12/frame-000863.color.png 1.351645588874817 -0.7532694935798645 1.6803945302963257 0.7820482850074768 0.05973120033740997 -0.5879238247871399 -0.19793495535850525
redkitchen/seq-12/frame-000864.color.png 1.321535348892212 -0.7420318126678467 1.64103102684021 0.7858328223228455 0.04750613868236542 -0.5845012068748474 -0.19638831913471222
redkitchen/seq-12/frame-000865.color.png 1.3474997282028198 -0.753635823726654 1.6752341985702515 0.7812379002571106 0.037156421691179276 -0.5895806550979614 -0.20169606804847717
redkitchen/seq-12/frame-000866.color.png 1.3787522315979004 -0.7426868677139282 1.6836055517196655 0.7831786870956421 0.035608284175395966 -0.5867711305618286 -0.2026393562555313
redkitchen/seq-12/frame-000867.color.png 1.3892039060592651 -0.7570159435272217 1.7194782495498657 0.7878152132034302 0.029994815587997437 -0.5792487859725952 -0.20716720819473267
redkitchen/seq-12/frame-000868.color.png 1.3890317678451538 -0.761873185634613 1.7203327417373657 0.7875756025314331 0.03217563405632973 -0.5804305672645569 -0.2044249176979065
redkitchen/seq-12/frame-000869.color.png 1.3933333158493042 -0.7629213929176331 1.6940358877182007 0.7884626984596252 0.027068335562944412 -0.5786809921264648 -0.20669329166412354
redkitchen/seq-12/frame-000870.color.png 1.3912379741668701 -0.7499676942825317 1.672918677330017 0.7832262516021729 0.01996009238064289 -0.5845984220504761 -0.21072019636631012
redkitchen/seq-12/frame-000871.color.png 1.4484578371047974 -0.7632427215576172 1.6751391887664795 0.7923140525817871 0.020313894376158714 -0.5726905465126038 -0.20940738916397095
redkitchen/seq-12/frame-000872.color.png 1.441483736038208 -0.7703974843025208 1.6695820093154907 0.7943260073661804 0.02063853107392788 -0.5701159238815308 -0.20877769589424133
redkitchen/seq-12/frame-000873.color.png 1.4520952701568604 -0.7387281060218811 1.6424262523651123 0.7953739762306213 0.020564304664731026 -0.5745508074760437 -0.19195972383022308
redkitchen/seq-12/frame-000874.color.png 1.4600459337234497 -0.7347657680511475 1.6210039854049683 0.8062332272529602 0.02234814316034317 -0.5593515634536743 -0.19134850800037384
redkitchen/seq-12/frame-000875.color.png 1.4855237007141113 -0.7466560006141663 1.6189651489257812 0.8075528740882874 0.023964891210198402 -0.5576063394546509 -0.19068077206611633
redkitchen/seq-12/frame-000876.color.png 1.4945130348205566 -0.7321856617927551 1.6063072681427002 0.8133842945098877 0.021395251154899597 -0.5474607348442078 -0.1955375224351883
redkitchen/seq-12/frame-000877.color.png 1.4581429958343506 -0.7049229741096497 1.5507533550262451 0.8166922926902771 0.023277809843420982 -0.5467379689216614 -0.1831652969121933
redkitchen/seq-12/frame-000878.color.png 1.476283073425293 -0.7049710750579834 1.5373742580413818 0.8191461563110352 0.03157759830355644 -0.5442285537719727 -0.1783744841814041
redkitchen/seq-12/frame-000879.color.png 1.4803889989852905 -0.6971482634544373 1.52082359790802 0.8216767311096191 0.02563776820898056 -0.5394107699394226 -0.18228024244308472
redkitchen/seq-12/frame-000880.color.png 1.479767918586731 -0.6895279884338379 1.5069950819015503 0.8211078643798828 0.02308795414865017 -0.5401285886764526 -0.18305805325508118
redkitchen/seq-12/frame-000881.color.png 1.4865553379058838 -0.6627664566040039 1.4692106246948242 0.8229826092720032 0.017248261719942093 -0.5346817970275879 -0.19109521806240082
redkitchen/seq-12/frame-000882.color.png 1.494897723197937 -0.6400839686393738 1.4242273569107056 0.8191064596176147 0.019827794283628464 -0.5414106845855713 -0.18853604793548584
redkitchen/seq-12/frame-000883.color.png 1.474868893623352 -0.6369163393974304 1.4192293882369995 0.8256930112838745 0.01855076663196087 -0.5314798355102539 -0.1881914585828781
redkitchen/seq-12/frame-000884.color.png 1.4936927556991577 -0.6221201419830322 1.3960751295089722 0.8220064043998718 0.017495369538664818 -0.5366829037666321 -0.18965989351272583
redkitchen/seq-12/frame-000885.color.png 1.4779287576675415 -0.6049764156341553 1.3579219579696655 0.8250576257705688 0.021628038957715034 -0.531299889087677 -0.19113494455814362
redkitchen/seq-12/frame-000886.color.png 1.4716435670852661 -0.5890749096870422 1.3334678411483765 0.8234006762504578 0.021662889048457146 -0.5346866846084595 -0.18881794810295105
redkitchen/seq-12/frame-000887.color.png 1.5066741704940796 -0.5841447114944458 1.3272000551223755 0.8206407427787781 0.015217902138829231 -0.5377280712127686 -0.19278410077095032
redkitchen/seq-12/frame-000888.color.png 1.5080342292785645 -0.5772026181221008 1.32024085521698 0.8255401849746704 0.01806073822081089 -0.530927836894989 -0.1904543787240982
redkitchen/seq-12/frame-000889.color.png 1.4939066171646118 -0.5774751901626587 1.3106266260147095 0.8262258768081665 0.017538245767354965 -0.5288459062576294 -0.19330047070980072
redkitchen/seq-12/frame-000890.color.png 1.4637354612350464 -0.5725439786911011 1.3096153736114502 0.8267067670822144 0.020199107006192207 -0.5282342433929443 -0.1926567256450653
redkitchen/seq-12/frame-000891.color.png 1.4936141967773438 -0.5665222406387329 1.3035850524902344 0.8250784277915955 0.020803995430469513 -0.5314301252365112 -0.19077403843402863
redkitchen/seq-12/frame-000892.color.png 1.4676154851913452 -0.5557011365890503 1.303686261177063 0.828019917011261 0.026226041838526726 -0.5286898016929626 -0.18488381803035736
redkitchen/seq-12/frame-000893.color.png 1.4788812398910522 -0.554904043674469 1.2822622060775757 0.8310205936431885 0.029298676177859306 -0.5256265997886658 -0.17961899936199188
redkitchen/seq-12/frame-000894.color.png 1.4889230728149414 -0.5506925582885742 1.2725880146026611 0.8371781706809998 0.03342027962207794 -0.5177252292633057 -0.173136904835701
redkitchen/seq-12/frame-000895.color.png 1.4932115077972412 -0.5419071912765503 1.260951280593872 0.8352605700492859 0.03387387841939926 -0.5211054086685181 -0.17216669023036957
redkitchen/seq-12/frame-000896.color.png 1.4512579441070557 -0.5405477285385132 1.2505196332931519 0.8437706232070923 0.03476451337337494 -0.5090181827545166 -0.1665622889995575
redkitchen/seq-12/frame-000897.color.png 1.4233815670013428 -0.5305654406547546 1.2374637126922607 0.8473917841911316 0.028185006231069565 -0.5038453936576843 -0.1651439219713211
redkitchen/seq-12/frame-000898.color.png 1.3906364440917969 -0.5066114664077759 1.206712245941162 0.8530036211013794 0.037093449383974075 -0.49817878007888794 -0.1510855108499527
redkitchen/seq-12/frame-000899.color.png 1.4016683101654053 -0.5003700852394104 1.2059279680252075 0.8562626242637634 0.04256032407283783 -0.4941515326499939 -0.14428162574768066
redkitchen/seq-12/frame-000900.color.png 1.397260308265686 -0.5090986490249634 1.198779821395874 0.8609046339988708 0.040231477469205856 -0.4876408874988556 -0.13939547538757324
redkitchen/seq-12/frame-000901.color.png 1.3744052648544312 -0.5213943123817444 1.1995280981063843 0.8708795309066772 0.04714659973978996 -0.4723983407020569 -0.12722378969192505
redkitchen/seq-12/frame-000902.color.png 1.3454477787017822 -0.5230703353881836 1.1981987953186035 0.872708797454834 0.04613078385591507 -0.47041553258895874 -0.12231308221817017
redkitchen/seq-12/frame-000903.color.png 1.3391379117965698 -0.5047008395195007 1.1681400537490845 0.8790616393089294 0.03999939188361168 -0.45936456322669983 -0.1209745779633522
redkitchen/seq-12/frame-000904.color.png 1.2972785234451294 -0.5064178705215454 1.1699559688568115 0.886036217212677 0.038624122738838196 -0.44928666949272156 -0.10765528678894043
redkitchen/seq-12/frame-000905.color.png 1.2947906255722046 -0.49811434745788574 1.1676242351531982 0.8876212239265442 0.03979811444878578 -0.4471602439880371 -0.10291916131973267
redkitchen/seq-12/frame-000906.color.png 1.3136377334594727 -0.4975510835647583 1.156937837600708 0.8854979872703552 0.03729422390460968 -0.4512041211128235 -0.10448674112558365
redkitchen/seq-12/frame-000907.color.png 1.2877637147903442 -0.4998122453689575 1.1551828384399414 0.8877490162849426 0.04019133746623993 -0.447382390499115 -0.10067545622587204
redkitchen/seq-12/frame-000908.color.png 1.2823396921157837 -0.5010813474655151 1.1544018983840942 0.8909050226211548 0.04072682186961174 -0.44100505113601685 -0.1007169857621193
redkitchen/seq-12/frame-000909.color.png 1.2857201099395752 -0.49591559171676636 1.1469228267669678 0.8899343013763428 0.04227412864565849 -0.4411081373691559 -0.10795087367296219
redkitchen/seq-12/frame-000910.color.png 1.2891820669174194 -0.48547452688217163 1.138350009918213 0.8871155977249146 0.04344279319047928 -0.44731977581977844 -0.10508935153484344
redkitchen/seq-12/frame-000911.color.png 1.2873047590255737 -0.4909612536430359 1.1486717462539673 0.8855276107788086 0.0415693074464798 -0.44941914081573486 -0.11016058176755905
redkitchen/seq-12/frame-000912.color.png 1.2892673015594482 -0.4681837260723114 1.127466082572937 0.8831130266189575 0.0450008362531662 -0.45334264636039734 -0.11210104078054428
redkitchen/seq-12/frame-000913.color.png 1.2617578506469727 -0.46991994976997375 1.1382781267166138 0.8886964321136475 0.045801881700754166 -0.44216927886009216 -0.11228086799383163
redkitchen/seq-12/frame-000914.color.png 1.2426315546035767 -0.4635787010192871 1.1254814863204956 0.8915442228317261 0.050031211227178574 -0.4368373453617096 -0.10871506482362747
redkitchen/seq-12/frame-000915.color.png 1.2080293893814087 -0.459987998008728 1.11685311794281 0.8902536630630493 0.0478130541741848 -0.43885013461112976 -0.11212936788797379
redkitchen/seq-12/frame-000916.color.png 1.19265878200531 -0.45457884669303894 1.108784794807434 0.8951957821846008 0.04933888837695122 -0.43086421489715576 -0.10269497334957123
redkitchen/seq-12/frame-000917.color.png 1.1804280281066895 -0.4485950767993927 1.1016316413879395 0.8932594656944275 0.04901588335633278 -0.43527182936668396 -0.10111040621995926
redkitchen/seq-12/frame-000918.color.png 1.1730068922042847 -0.4468296468257904 1.1025804281234741 0.894137442111969 0.05389251559972763 -0.4332317113876343 -0.0996200367808342
redkitchen/seq-12/frame-000919.color.png 1.1690936088562012 -0.45533937215805054 1.106711983680725 0.8986315727233887 0.056162163615226746 -0.42388439178466797 -0.09812774509191513
redkitchen/seq-12/frame-000920.color.png 1.1776834726333618 -0.4496847987174988 1.1043704748153687 0.9013166427612305 0.05429087206721306 -0.4191854000091553 -0.09468034654855728
redkitchen/seq-12/frame-000921.color.png 1.1472386121749878 -0.45586442947387695 1.1130471229553223 0.9019687175750732 0.052075739949941635 -0.418374240398407 -0.09329312294721603
redkitchen/seq-12/frame-000922.color.png 1.164755940437317 -0.4461771845817566 1.1036767959594727 0.9024103283882141 0.051683325320482254 -0.4177998900413513 -0.0918034017086029
redkitchen/seq-12/frame-000923.color.png 1.1478456258773804 -0.431331992149353 1.1020945310592651 0.9070770740509033 0.05511156842112541 -0.4066958725452423 -0.09366028755903244
redkitchen/seq-12/frame-000924.color.png 1.1211844682693481 -0.4383583664894104 1.098488688468933 0.9065821170806885 0.05113215744495392 -0.4083576202392578 -0.09347899258136749
redkitchen/seq-12/frame-000925.color.png 1.115239143371582 -0.442795991897583 1.095047950744629 0.9070654511451721 0.05450142174959183 -0.4060691297054291 -0.09679599106311798
redkitchen/seq-12/frame-000926.color.png 1.1093599796295166 -0.44457072019577026 1.0996960401535034 0.9090877771377563 0.06081356108188629 -0.40116453170776367 -0.09448819607496262
redkitchen/seq-12/frame-000927.color.png 1.100603461265564 -0.4369659721851349 1.0932769775390625 0.9060207009315491 0.05735651031136513 -0.40800487995147705 -0.09679226577281952
redkitchen/seq-12/frame-000928.color.png 1.0631084442138672 -0.433840811252594 1.0877071619033813 0.9085859656333923 0.05493734031915665 -0.4032208025455475 -0.0941607654094696
redkitchen/seq-12/frame-000929.color.png 1.0635417699813843 -0.430643767118454 1.082000732421875 0.9076557159423828 0.05589776113629341 -0.40573105216026306 -0.09175460040569305
redkitchen/seq-12/frame-000930.color.png 1.053869366645813 -0.436212956905365 1.085606575012207 0.9110714793205261 0.053500398993492126 -0.3991018831729889 -0.0883411392569542
redkitchen/seq-12/frame-000931.color.png 1.0364364385604858 -0.42865610122680664 1.085029125213623 0.911676824092865 0.055187106132507324 -0.3979512155056 -0.08622359484434128
redkitchen/seq-12/frame-000932.color.png 1.0509533882141113 -0.42745932936668396 1.0863306522369385 0.9092525243759155 0.05753360316157341 -0.40249159932136536 -0.08916507661342621
redkitchen/seq-12/frame-000933.color.png 1.0575947761535645 -0.41985467076301575 1.073184609413147 0.911115288734436 0.05889544636011124 -0.3980333209037781 -0.08927380293607712
redkitchen/seq-12/frame-000934.color.png 1.0418225526809692 -0.41912487149238586 1.0744000673294067 0.9088289737701416 0.060136836022138596 -0.401714950799942 -0.09507160633802414
redkitchen/seq-12/frame-000935.color.png 1.0087825059890747 -0.4066934883594513 1.0791438817977905 0.9121904969215393 0.06510793417692184 -0.39228421449661255 -0.0989079475402832
redkitchen/seq-12/frame-000936.color.png 1.0299689769744873 -0.4103389382362366 1.0846540927886963 0.9075945615768433 0.07135609537363052 -0.4007757306098938 -0.10275744646787643
redkitchen/seq-12/frame-000937.color.png 1.0567212104797363 -0.4103674292564392 1.0869444608688354 0.9058987498283386 0.06599851697683334 -0.40520602464675903 -0.10392133891582489
redkitchen/seq-12/frame-000938.color.png 1.0344655513763428 -0.41435572504997253 1.0959059000015259 0.9028071165084839 0.06542567163705826 -0.41198474168777466 -0.10453284531831741
redkitchen/seq-12/frame-000939.color.png 1.0173850059509277 -0.4120340645313263 1.0908422470092773 0.9061299562454224 0.06344705075025558 -0.40435516834259033 -0.10676993429660797
redkitchen/seq-12/frame-000940.color.png 0.9923179149627686 -0.4126068949699402 1.0928667783737183 0.9026724100112915 0.06487566977739334 -0.41062265634536743 -0.11118771135807037
redkitchen/seq-12/frame-000941.color.png 0.9717394113540649 -0.4155605733394623 1.0784392356872559 0.899406373500824 0.07231375575065613 -0.41588079929351807 -0.11349871754646301
redkitchen/seq-12/frame-000942.color.png 0.9473564028739929 -0.42093634605407715 1.0833826065063477 0.8946952819824219 0.07037954032421112 -0.4249010682106018 -0.11843185871839523
redkitchen/seq-12/frame-000943.color.png 0.9339526891708374 -0.42550426721572876 1.091499924659729 0.893601655960083 0.07142224907875061 -0.4265732169151306 -0.12004190683364868
redkitchen/seq-12/frame-000944.color.png 0.9353104829788208 -0.42247241735458374 1.0954113006591797 0.8927215337753296 0.07339577376842499 -0.42766696214675903 -0.12150002270936966
redkitchen/seq-12/frame-000945.color.png 0.9101187586784363 -0.41553619503974915 1.0882863998413086 0.8926432132720947 0.06980879604816437 -0.4277254641056061 -0.12395870685577393
redkitchen/seq-12/frame-000946.color.png 0.8659605383872986 -0.4141485095024109 1.0863068103790283 0.8880494236946106 0.07253242284059525 -0.4362086355686188 -0.12581513822078705
redkitchen/seq-12/frame-000947.color.png 0.8507452011108398 -0.406920850276947 1.0932546854019165 0.8841273188591003 0.07015606760978699 -0.4453032612800598 -0.1228906437754631
redkitchen/seq-12/frame-000948.color.png 0.8243323564529419 -0.40862202644348145 1.0911977291107178 0.88414067029953 0.06962351500988007 -0.44487321376800537 -0.12464115768671036
redkitchen/seq-12/frame-000949.color.png 0.8035795092582703 -0.41304415464401245 1.09994375705719 0.8814159035682678 0.06681525707244873 -0.45098695158958435 -0.12350106984376907
redkitchen/seq-12/frame-000950.color.png 0.7605674266815186 -0.4016132950782776 1.0889484882354736 0.8759499788284302 0.07066349685192108 -0.45920994877815247 -0.12978675961494446
redkitchen/seq-12/frame-000951.color.png 0.6987461447715759 -0.4071924090385437 1.0936932563781738 0.8776360154151917 0.07018422335386276 -0.45644262433052063 -0.1284111738204956
redkitchen/seq-12/frame-000952.color.png 0.6508404016494751 -0.4197762608528137 1.1000672578811646 0.8806273937225342 0.06737176328897476 -0.4527304768562317 -0.12244057655334473
redkitchen/seq-12/frame-000953.color.png 0.6144670844078064 -0.42317381501197815 1.092722773551941 0.8810790181159973 0.0716468095779419 -0.4547913670539856 -0.10831139981746674
redkitchen/seq-12/frame-000954.color.png 0.5955055952072144 -0.4280927777290344 1.1029318571090698 0.8828741312026978 0.07451850175857544 -0.4505624771118164 -0.10942386835813522
redkitchen/seq-12/frame-000955.color.png 0.5924590826034546 -0.4261471629142761 1.103692650794983 0.8823657631874084 0.07349912822246552 -0.4517039656639099 -0.10950800031423569
redkitchen/seq-12/frame-000956.color.png 0.5625781416893005 -0.42565783858299255 1.0906803607940674 0.8844149708747864 0.07212960720062256 -0.4478415846824646 -0.10975217074155807
redkitchen/seq-12/frame-000957.color.png 0.5466822385787964 -0.44237300753593445 1.1112936735153198 0.8869650363922119 0.07218804210424423 -0.4443024694919586 -0.10333122313022614
redkitchen/seq-12/frame-000958.color.png 0.5509107112884521 -0.4627654552459717 1.130302906036377 0.8886985182762146 0.0749598890542984 -0.44041410088539124 -0.10310783982276917
redkitchen/seq-12/frame-000959.color.png 0.5152657628059387 -0.4698127508163452 1.1325414180755615 0.8796160221099854 0.08555267751216888 -0.4557066261768341 -0.1062435731291771
redkitchen/seq-12/frame-000960.color.png 0.5065646171569824 -0.4736957550048828 1.1385002136230469 0.8843975067138672 0.08406198769807816 -0.44671177864074707 -0.10593944787979126
redkitchen/seq-12/frame-000961.color.png 0.5136934518814087 -0.4753626883029938 1.1440119743347168 0.8899509310722351 0.08783410489559174 -0.43554747104644775 -0.10281472653150558
redkitchen/seq-12/frame-000962.color.png 0.5208709836006165 -0.47348806262016296 1.1480191946029663 0.8896806240081787 0.08794272691011429 -0.43511390686035156 -0.10681864619255066
redkitchen/seq-12/frame-000963.color.png 0.5334396958351135 -0.47470957040786743 1.145999789237976 0.8950188159942627 0.09096796065568924 -0.42496660351753235 -0.10034742206335068
redkitchen/seq-12/frame-000964.color.png 0.5118697285652161 -0.4705827236175537 1.139729619026184 0.8892539739608765 0.09207990765571594 -0.43513190746307373 -0.1068115085363388
redkitchen/seq-12/frame-000965.color.png 0.4934529960155487 -0.4565471112728119 1.1286002397537231 0.8843995332717896 0.09680131077766418 -0.44269120693206787 -0.1117648258805275
redkitchen/seq-12/frame-000966.color.png 0.4880405068397522 -0.45321524143218994 1.1214747428894043 0.8745250105857849 0.09665565937757492 -0.46032634377479553 -0.11816634237766266
redkitchen/seq-12/frame-000967.color.png 0.4724838435649872 -0.4518392086029053 1.120323896408081 0.8768501877784729 0.0959244966506958 -0.4570790231227875 -0.11406490951776505
redkitchen/seq-12/frame-000968.color.png 0.46956944465637207 -0.4591996371746063 1.1291507482528687 0.880614697933197 0.09694147109985352 -0.449815571308136 -0.1130751371383667
redkitchen/seq-12/frame-000969.color.png 0.43939992785453796 -0.45096561312675476 1.1089036464691162 0.8783205151557922 0.09769804775714874 -0.453810453414917 -0.1142982691526413
redkitchen/seq-12/frame-000970.color.png 0.4341769218444824 -0.45178014039993286 1.1079717874526978 0.8815630078315735 0.10056639462709427 -0.447407990694046 -0.11206816881895065
redkitchen/seq-12/frame-000971.color.png 0.42861321568489075 -0.451378732919693 1.1160402297973633 0.8734222650527954 0.09920515865087509 -0.4624469578266144 -0.1159086599946022
redkitchen/seq-12/frame-000972.color.png 0.4348923861980438 -0.4556361138820648 1.123703122138977 0.8768358826637268 0.10050427913665771 -0.4563266336917877 -0.11324242502450943
redkitchen/seq-12/frame-000973.color.png 0.42637547850608826 -0.4479210376739502 1.1031326055526733 0.8847367167472839 0.097136951982975 -0.44401541352272034 -0.10322663187980652
redkitchen/seq-12/frame-000974.color.png 0.3986932337284088 -0.4396626353263855 1.0867341756820679 0.8774598836898804 0.09853232651948929 -0.458243727684021 -0.10182476788759232
redkitchen/seq-12/frame-000975.color.png 0.3956463634967804 -0.45552775263786316 1.1114615201950073 0.8922922611236572 0.09537125378847122 -0.4318785071372986 -0.09055271744728088
redkitchen/seq-12/frame-000976.color.png 0.37930062413215637 -0.4451770484447479 1.0959912538528442 0.8903399109840393 0.09359274059534073 -0.4355515241622925 -0.09396814554929733
redkitchen/seq-12/frame-000977.color.png 0.4022921323776245 -0.45389339327812195 1.1079703569412231 0.886784553527832 0.09615960717201233 -0.4422437846660614 -0.093736432492733
redkitchen/seq-12/frame-000978.color.png 0.37853142619132996 -0.4417875111103058 1.0825159549713135 0.8847348093986511 0.09719789773225784 -0.4459588825702667 -0.09443265199661255
redkitchen/seq-12/frame-000979.color.png 0.3844485878944397 -0.4469608962535858 1.095016598701477 0.8964111804962158 0.10248186439275742 -0.4220462143421173 -0.08843781054019928
redkitchen/seq-12/frame-000980.color.png 0.3626258373260498 -0.4426923096179962 1.0858144760131836 0.8981575965881348 0.0959281176328659 -0.4211585819721222 -0.0820726826786995
redkitchen/seq-12/frame-000981.color.png 0.38192155957221985 -0.4591662585735321 1.109517216682434 0.8988510966300964 0.09788861870765686 -0.41941219568252563 -0.0811050608754158
redkitchen/seq-12/frame-000982.color.png 0.3615344762802124 -0.43729785084724426 1.079300045967102 0.9044020771980286 0.0921335443854332 -0.40870359539985657 -0.08080695569515228
redkitchen/seq-12/frame-000983.color.png 0.3580295443534851 -0.4305572807788849 1.0621975660324097 0.9090141654014587 0.08890024572610855 -0.4008009135723114 -0.07175392657518387
redkitchen/seq-12/frame-000984.color.png 0.3431783616542816 -0.42745354771614075 1.064195990562439 0.9065588116645813 0.0874713659286499 -0.4064883887767792 -0.07257424294948578
redkitchen/seq-12/frame-000985.color.png 0.30032068490982056 -0.40678486227989197 1.0444363355636597 0.9056335091590881 0.08392472565174103 -0.40809836983680725 -0.0789949968457222
redkitchen/seq-12/frame-000986.color.png 0.2930915653705597 -0.40282368659973145 1.0366262197494507 0.9138680696487427 0.08353166282176971 -0.3897841274738312 -0.07704494893550873
redkitchen/seq-12/frame-000987.color.png 0.257876992225647 -0.39253509044647217 1.0098168849945068 0.9097996354103088 0.08676774799823761 -0.3978363275527954 -0.08038878440856934
redkitchen/seq-12/frame-000988.color.png 0.25855931639671326 -0.4005727767944336 1.0256268978118896 0.9210078120231628 0.09139095991849899 -0.3722698390483856 -0.06933557987213135
redkitchen/seq-12/frame-000989.color.png 0.23911024630069733 -0.399342805147171 1.0259038209915161 0.9167571067810059 0.09689190238714218 -0.380286306142807 -0.07450329512357712
redkitchen/seq-12/frame-000990.color.png 0.21929405629634857 -0.39809709787368774 1.0190954208374023 0.9207728505134583 0.10014238208532333 -0.3696403205394745 -0.07426130771636963
redkitchen/seq-12/frame-000991.color.png 0.22190436720848083 -0.4004253149032593 1.0255826711654663 0.9177792072296143 0.10561386495828629 -0.37455806136131287 -0.0789514109492302
redkitchen/seq-12/frame-000992.color.png 0.19036516547203064 -0.403918981552124 1.0191259384155273 0.911605954170227 0.09821205586194992 -0.39026010036468506 -0.08382122218608856
redkitchen/seq-12/frame-000993.color.png 0.1812535673379898 -0.39973947405815125 1.005957007408142 0.9107038378715515 0.09969638288021088 -0.3910045623779297 -0.08828803896903992
redkitchen/seq-12/frame-000994.color.png 0.13802075386047363 -0.383719265460968 0.9735508561134338 0.8968453407287598 0.09550467878580093 -0.4212741255760193 -0.09526508301496506
redkitchen/seq-12/frame-000995.color.png 0.160551518201828 -0.38233432173728943 0.9910878539085388 0.9053739905357361 0.09477734565734863 -0.40393391251564026 -0.09029152989387512
redkitchen/seq-12/frame-000996.color.png 0.15167510509490967 -0.3800370693206787 0.997757613658905 0.9091925621032715 0.09240259230136871 -0.3958472013473511 -0.0901976227760315
redkitchen/seq-12/frame-000997.color.png 0.14678888022899628 -0.38658568263053894 1.005555272102356 0.8969933986663818 0.09541977196931839 -0.4205917418003082 -0.09695699065923691
redkitchen/seq-12/frame-000998.color.png 0.16568824648857117 -0.400992751121521 1.021794080734253 0.9062656164169312 0.10388652235269547 -0.40047261118888855 -0.08667027205228806
redkitchen/seq-12/frame-000999.color.png 0.12309835851192474 -0.39066147804260254 1.0091724395751953 0.8923225998878479 0.09582824259996414 -0.4299384355545044 -0.09864174574613571
redkitchen/seq-14/frame-000000.color.png -0.25269731879234314 0.18395738303661346 0.024714484810829163 0.9991365075111389 0.03421895578503609 0.022157926112413406 -0.008038636296987534
redkitchen/seq-14/frame-000001.color.png -0.24026250839233398 0.18397431075572968 0.021835647523403168 0.9989153742790222 0.036304622888565063 0.028157567605376244 -0.007552490569651127
redkitchen/seq-14/frame-000002.color.png -0.2515958845615387 0.18270376324653625 0.02713692933320999 0.998849630355835 0.03367958590388298 0.03353714570403099 -0.006340597290545702
redkitchen/seq-14/frame-000003.color.png -0.255536288022995 0.18346482515335083 0.025461502373218536 0.9989513158798218 0.030226876959204674 0.034255094826221466 -0.003026491031050682
redkitchen/seq-14/frame-000004.color.png -0.24429816007614136 0.1856270581483841 0.0243443101644516 0.9990595579147339 0.029612688347697258 0.031369034200906754 -0.0043581584468483925
redkitchen/seq-14/frame-000005.color.png -0.2530577480792999 0.18823376297950745 0.011088848114013672 0.998853862285614 0.030209803953766823 0.03707801550626755 -0.0018497466808184981
redkitchen/seq-14/frame-000006.color.png -0.2573361396789551 0.18727391958236694 0.007775859907269478 0.9990501999855042 0.029125040397047997 0.0323813296854496 -0.0013664477737620473
redkitchen/seq-14/frame-000007.color.png -0.2479129135608673 0.18528537452220917 0.019912593066692352 0.9986125230789185 0.028979504480957985 0.04396504908800125 -0.000458865484688431
redkitchen/seq-14/frame-000008.color.png -0.2178029716014862 0.1876167356967926 0.02662455290555954 0.9987503886222839 0.033073246479034424 0.037439778447151184 0.0013728202320635319
redkitchen/seq-14/frame-000009.color.png -0.20710831880569458 0.18499894440174103 0.03212194889783859 0.9986366629600525 0.02925136871635914 0.042940787971019745 0.00503108324483037
redkitchen/seq-14/frame-000010.color.png -0.22223083674907684 0.1747748702764511 0.03751803934574127 0.9983378648757935 0.027527904137969017 0.04965657368302345 0.009889019653201103
redkitchen/seq-14/frame-000011.color.png -0.2168464958667755 0.18349245190620422 0.030612178146839142 0.9981207251548767 0.023584164679050446 0.054117389023303986 0.016429655253887177
redkitchen/seq-14/frame-000012.color.png -0.24784082174301147 0.17658373713493347 0.02812688797712326 0.9979382157325745 0.026833180338144302 0.054382383823394775 0.021015169098973274
redkitchen/seq-14/frame-000013.color.png -0.22946414351463318 0.17612233757972717 0.04193743318319321 0.9979963898658752 0.03137887269258499 0.04827728867530823 0.026228133589029312
redkitchen/seq-14/frame-000014.color.png -0.2317124903202057 0.17100131511688232 0.03605590760707855 0.9975361227989197 0.02978847362101078 0.05584075674414635 0.030269458889961243
redkitchen/seq-14/frame-000015.color.png -0.24675554037094116 0.16781224310398102 0.04594556614756584 0.997281551361084 0.02472534216940403 0.059410806745290756 0.035893362015485764
redkitchen/seq-14/frame-000016.color.png -0.24545538425445557 0.16661778092384338 0.03941892832517624 0.9974169731140137 0.02096308209002018 0.0557161346077919 0.040191441774368286
redkitchen/seq-14/frame-000017.color.png -0.2501527667045593 0.1638645976781845 0.045025043189525604 0.997126579284668 0.018042240291833878 0.05834679678082466 0.04481872171163559
redkitchen/seq-14/frame-000018.color.png -0.23497071862220764 0.16005638241767883 0.0569845512509346 0.9961039423942566 0.020334335044026375 0.06803607195615768 0.05229350924491882
redkitchen/seq-14/frame-000019.color.png -0.23497071862220764 0.16005638241767883 0.0569845512509346 0.9961039423942566 0.020334335044026375 0.06803607195615768 0.05229350924491882
redkitchen/seq-14/frame-000020.color.png -0.24524721503257751 0.15378132462501526 0.06010536104440689 0.9952225685119629 0.016812538728117943 0.07694470137357712 0.057697594165802
redkitchen/seq-14/frame-000021.color.png -0.26174479722976685 0.15624748170375824 0.06336162984371185 0.994813859462738 0.025611916556954384 0.07444068044424057 0.06440562754869461
redkitchen/seq-14/frame-000022.color.png -0.2844116985797882 0.15445959568023682 0.0629144087433815 0.9940469264984131 0.03008604608476162 0.07315824180841446 0.07492202520370483
redkitchen/seq-14/frame-000023.color.png -0.2871277630329132 0.14103230834007263 0.07969146221876144 0.9935935735702515 0.027261579409241676 0.06870735436677933 0.08548634499311447
redkitchen/seq-14/frame-000024.color.png -0.28429630398750305 0.13329587876796722 0.11095457524061203 0.9918830990791321 0.02474665828049183 0.08356582373380661 0.09258604794740677
redkitchen/seq-14/frame-000025.color.png -0.3040386140346527 0.1139782965183258 0.13557732105255127 0.9910255670547485 0.016703804954886436 0.08267618715763092 0.10370132327079773
redkitchen/seq-14/frame-000026.color.png -0.3055027723312378 0.11114257574081421 0.13645458221435547 0.9902645945549011 0.01265700627118349 0.0864534005522728 0.10835938900709152
redkitchen/seq-14/frame-000027.color.png -0.30330362915992737 0.10974260419607162 0.13967978954315186 0.9902534484863281 0.012502888217568398 0.07104717195034027 0.11913909763097763
redkitchen/seq-14/frame-000028.color.png -0.2863803803920746 0.10654100775718689 0.15015697479248047 0.9897457361221313 0.002197499852627516 0.06902087479829788 0.12503871321678162
redkitchen/seq-14/frame-000029.color.png -0.29605069756507874 0.10339847207069397 0.15378493070602417 0.9891799092292786 -0.003860075492411852 0.06712088733911514 0.130394846200943
redkitchen/seq-14/frame-000030.color.png -0.2942705452442169 0.08381251990795135 0.17527276277542114 0.988678514957428 -0.011375125497579575 0.05951356142759323 0.13727204501628876
redkitchen/seq-14/frame-000031.color.png -0.3505201041698456 0.0732962042093277 0.17688918113708496 0.9871271252632141 -0.017392048612236977 0.07338070869445801 0.1410418152809143
redkitchen/seq-14/frame-000032.color.png -0.3835696578025818 0.064800925552845 0.201289564371109 0.9861415028572083 -0.02079785242676735 0.06594420969486237 0.1508106142282486
redkitchen/seq-14/frame-000033.color.png -0.3545092046260834 0.05244970694184303 0.19727054238319397 0.986383855342865 -0.01714138314127922 0.05820128694176674 0.15285806357860565
redkitchen/seq-14/frame-000034.color.png -0.34632399678230286 0.05042601749300957 0.1822940707206726 0.9859877824783325 -0.025708243250846863 0.046410247683525085 0.158155620098114
redkitchen/seq-14/frame-000035.color.png -0.34632399678230286 0.05042601749300957 0.1822940707206726 0.9859877824783325 -0.025708243250846863 0.046410247683525085 0.158155620098114
redkitchen/seq-14/frame-000036.color.png -0.3563894033432007 0.06385977566242218 0.16650167107582092 0.9856194257736206 -0.0241341982036829 0.04514162987470627 0.16104061901569366
redkitchen/seq-14/frame-000037.color.png -0.3525308072566986 0.05927184596657753 0.16848263144493103 0.9848436117172241 -0.03318546339869499 0.051592253148555756 0.1622340828180313
redkitchen/seq-14/frame-000038.color.png -0.3776775300502777 0.05444502830505371 0.17434871196746826 0.9826560020446777 -0.03935899958014488 0.0665048211812973 0.16856712102890015
redkitchen/seq-14/frame-000039.color.png -0.42157652974128723 0.047105707228183746 0.2005966603755951 0.98182612657547 -0.0352204367518425 0.05754312127828598 0.17738592624664307
redkitchen/seq-14/frame-000040.color.png -0.42773565649986267 0.04548095539212227 0.1987818479537964 0.9830012321472168 -0.02489958144724369 0.05137183889746666 0.17449800670146942
redkitchen/seq-14/frame-000041.color.png -0.44809451699256897 0.0499287024140358 0.2072194516658783 0.9820992350578308 -0.02487388253211975 0.05620773509144783 0.178053081035614
redkitchen/seq-14/frame-000042.color.png -0.465863972902298 0.03680103272199631 0.23633232712745667 0.9809934496879578 -0.01569265127182007 0.07188545167446136 0.1795496940612793
redkitchen/seq-14/frame-000043.color.png -0.4746306240558624 0.02816765382885933 0.2525326609611511 0.98341304063797 -0.0013545118272304535 0.057385239750146866 0.17205771803855896
redkitchen/seq-14/frame-000044.color.png -0.47194644808769226 0.03536215424537659 0.2573479413986206 0.9841152429580688 0.000845187867525965 0.04625249654054642 0.17139789462089539
redkitchen/seq-14/frame-000045.color.png -0.4729347229003906 0.04572270065546036 0.24311700463294983 0.9842615723609924 0.008423559367656708 0.06631458550691605 0.16358694434165955
redkitchen/seq-14/frame-000046.color.png -0.4699455797672272 0.04177519306540489 0.22815513610839844 0.9818421006202698 0.0045304070226848125 0.09933092445135117 0.16155144572257996
redkitchen/seq-14/frame-000047.color.png -0.45886021852493286 0.04465452954173088 0.2276659905910492 0.9821221828460693 0.002470230683684349 0.11100785434246063 0.1520102620124817
redkitchen/seq-14/frame-000048.color.png -0.45528313517570496 0.0638941079378128 0.2104865312576294 0.982461154460907 0.004530217032879591 0.11740263551473618 0.14479690790176392
redkitchen/seq-14/frame-000049.color.png -0.426751971244812 0.07575951516628265 0.19162186980247498 0.9831176996231079 -4.0296275983564556e-05 0.1252586841583252 0.1333780288696289
redkitchen/seq-14/frame-000050.color.png -0.40522444248199463 0.0710080936551094 0.1901828646659851 0.9826341271400452 -0.00264504412189126 0.1356106400489807 0.12662078440189362
redkitchen/seq-14/frame-000051.color.png -0.41424572467803955 0.0695049837231636 0.19568821787834167 0.9831833839416504 0.0015495468396693468 0.13887333869934082 0.11858373880386353
redkitchen/seq-14/frame-000052.color.png -0.4322444498538971 0.06356824934482574 0.17109915614128113 0.9818310737609863 -0.002120362361893058 0.15754681825637817 0.10574699938297272
redkitchen/seq-14/frame-000053.color.png -0.4183889627456665 0.07469352334737778 0.14613959193229675 0.9813558459281921 0.0002975499373860657 0.16327416896820068 0.10140104591846466
redkitchen/seq-14/frame-000054.color.png -0.4231719672679901 0.08039932698011398 0.12088681012392044 0.9833507537841797 0.0055162557400763035 0.15771828591823578 0.09008816629648209
redkitchen/seq-14/frame-000055.color.png -0.4308204650878906 0.07576882094144821 0.09042473882436752 0.9841439723968506 0.0028929258696734905 0.1583470106124878 0.07986661791801453
redkitchen/seq-14/frame-000056.color.png -0.4505777657032013 0.07312721759080887 0.09235457330942154 0.9858325123786926 0.006132740993052721 0.15104545652866364 0.07267676293849945
redkitchen/seq-14/frame-000057.color.png -0.42030584812164307 0.07949082553386688 0.09501548856496811 0.9860844612121582 -0.00022994862229097635 0.15294316411018372 0.06516079604625702
redkitchen/seq-14/frame-000058.color.png -0.4079430401325226 0.08568647503852844 0.06266971677541733 0.9860995411872864 0.0051431902684271336 0.15748026967048645 0.052738942205905914
redkitchen/seq-14/frame-000059.color.png -0.4432472586631775 0.09357432276010513 0.03087141364812851 0.9880616068840027 -0.002553708618506789 0.1473255306482315 0.04497659578919411
redkitchen/seq-14/frame-000060.color.png -0.4689008295536041 0.09973061084747314 0.015846408903598785 0.9880459904670715 0.0013098695781081915 0.1494073122739792 0.037959568202495575
redkitchen/seq-14/frame-000061.color.png -0.4652552902698517 0.10555155575275421 -0.016592126339673996 0.9890874028205872 0.0033670165576040745 0.14462611079216003 0.027894916012883186
redkitchen/seq-14/frame-000062.color.png -0.4367141127586365 0.11645141243934631 -0.009376222267746925 0.9904732704162598 0.004754784516990185 0.13641954958438873 0.018160196021199226
redkitchen/seq-14/frame-000063.color.png -0.46195200085639954 0.12350964546203613 -0.03710240498185158 0.9910085201263428 0.005569657776504755 0.13348326086997986 0.007313793059438467
redkitchen/seq-14/frame-000064.color.png -0.4893924295902252 0.12031722068786621 -0.06317072361707687 0.9923491477966309 -0.001820255070924759 0.12328673154115677 0.006349906791001558
redkitchen/seq-14/frame-000065.color.png -0.5278925895690918 0.13594628870487213 -0.045282524079084396 0.9927728772163391 0.006593063473701477 0.11982396245002747 -0.0009936162969097495
redkitchen/seq-14/frame-000066.color.png -0.5215680599212646 0.13743244111537933 -0.06072617694735527 0.9925895929336548 0.007946835830807686 0.12039590626955032 -0.0144038749858737
redkitchen/seq-14/frame-000067.color.png -0.4906381666660309 0.13502421975135803 -0.06105958670377731 0.9933158755302429 0.010572320781648159 0.11139286309480667 -0.02834579534828663
redkitchen/seq-14/frame-000068.color.png -0.5101441740989685 0.14864091575145721 -0.06350928544998169 0.9934437870979309 0.007771352306008339 0.11010564863681793 -0.02976328693330288
redkitchen/seq-14/frame-000069.color.png -0.492053359746933 0.15333916246891022 -0.0633743405342102 0.9946685433387756 0.012440546415746212 0.0951775461435318 -0.03769610822200775
redkitchen/seq-14/frame-000070.color.png -0.506487250328064 0.15736716985702515 -0.06536280363798141 0.9952986240386963 0.011684476397931576 0.08332653343677521 -0.04796738550066948
redkitchen/seq-14/frame-000071.color.png -0.48063936829566956 0.1532641053199768 -0.07184652239084244 0.9948737025260925 0.012954008765518665 0.07905804365873337 -0.06171201914548874
redkitchen/seq-14/frame-000072.color.png -0.49305418133735657 0.16564787924289703 -0.09431944787502289 0.9943936467170715 0.009398411028087139 0.07544534653425217 -0.07349150627851486
redkitchen/seq-14/frame-000073.color.png -0.495404452085495 0.16103039681911469 -0.08359473943710327 0.9938526749610901 0.003849090775474906 0.07984085381031036 -0.07659874856472015
redkitchen/seq-14/frame-000074.color.png -0.49888119101524353 0.16648763418197632 -0.10304715484380722 0.9938713908195496 0.0017004678957164288 0.06802193820476532 -0.08711845427751541
redkitchen/seq-14/frame-000075.color.png -0.5086374878883362 0.1680094599723816 -0.12198927253484726 0.9935729503631592 -0.0015068573411554098 0.057245247066020966 -0.0976395457983017
redkitchen/seq-14/frame-000076.color.png -0.49949416518211365 0.17297561466693878 -0.11803072690963745 0.992972731590271 -0.0021275009494274855 0.053265463560819626 -0.10565654188394547
redkitchen/seq-14/frame-000077.color.png -0.5170283317565918 0.17054206132888794 -0.1293562650680542 0.9925180077552795 -0.008565759286284447 0.05152103677392006 -0.11036369949579239
redkitchen/seq-14/frame-000078.color.png -0.5043660402297974 0.16398300230503082 -0.11514424532651901 0.9924116134643555 0.0016996690537780523 0.04821661114692688 -0.11309976875782013
redkitchen/seq-14/frame-000079.color.png -0.503993570804596 0.15679901838302612 -0.12297581136226654 0.9923620820045471 -0.001083367271348834 0.04449975863099098 -0.11504828929901123
redkitchen/seq-14/frame-000080.color.png -0.4755131006240845 0.1608668714761734 -0.09868890792131424 0.9916340708732605 -0.001969084842130542 0.045854341238737106 -0.12064515799283981
redkitchen/seq-14/frame-000081.color.png -0.44983193278312683 0.15704189240932465 -0.11109814792871475 0.9908649921417236 0.0032430856954306364 0.041380930691957474 -0.12831075489521027
redkitchen/seq-14/frame-000082.color.png -0.4704373776912689 0.15586116909980774 -0.11513901501893997 0.9910661578178406 0.002533093560487032 0.03367786109447479 -0.12902411818504333
redkitchen/seq-14/frame-000083.color.png -0.490363746881485 0.1573556363582611 -0.12628355622291565 0.9922977685928345 -0.00021666212705895305 0.032046910375356674 -0.1196582093834877
redkitchen/seq-14/frame-000084.color.png -0.44848766922950745 0.16181984543800354 -0.11877711862325668 0.9916900992393494 0.004301197826862335 0.0371212475001812 -0.12310308963060379
redkitchen/seq-14/frame-000085.color.png -0.4450314939022064 0.1563376486301422 -0.12491104751825333 0.9916694760322571 0.0005210006493143737 0.02426104247570038 -0.12650223076343536
redkitchen/seq-14/frame-000086.color.png -0.46951189637184143 0.15075062215328217 -0.11175277829170227 0.9918550252914429 0.002443063072860241 0.025675587356090546 -0.12473274022340775
redkitchen/seq-14/frame-000087.color.png -0.4007081389427185 0.14306384325027466 -0.12407384067773819 0.9913361668586731 -0.004686078056693077 0.03592592105269432 -0.12625344097614288
redkitchen/seq-14/frame-000088.color.png -0.4522891342639923 0.14200812578201294 -0.15163156390190125 0.9908994436264038 0.002859990345314145 0.04323077201843262 -0.12744030356407166
redkitchen/seq-14/frame-000089.color.png -0.5091254711151123 0.1337672919034958 -0.14670133590698242 0.9926280379295349 0.002378725213930011 0.02278522215783596 -0.1190153956413269
redkitchen/seq-14/frame-000090.color.png -0.4970376193523407 0.1387610286474228 -0.14696556329727173 0.9930375218391418 0.0071596428751945496 0.021936213597655296 -0.11551669985055923
redkitchen/seq-14/frame-000091.color.png -0.5214240550994873 0.13678212463855743 -0.14841237664222717 0.9929267168045044 0.006479109637439251 0.03241584077477455 -0.11403441429138184
redkitchen/seq-14/frame-000092.color.png -0.5290936231613159 0.12878865003585815 -0.13901346921920776 0.9931843876838684 0.006166523322463036 0.03101792000234127 -0.1121814027428627
redkitchen/seq-14/frame-000093.color.png -0.574015736579895 0.13509580492973328 -0.14254677295684814 0.9938604831695557 0.010015285573899746 0.028750069439411163 -0.10636914521455765
redkitchen/seq-14/frame-000094.color.png -0.5547381639480591 0.14198745787143707 -0.159458190202713 0.9945967197418213 0.012348054908216 0.02847069315612316 -0.09906727820634842
redkitchen/seq-14/frame-000095.color.png -0.5770748853683472 0.13930511474609375 -0.1242581382393837 0.995111346244812 0.010347778908908367 0.02659602463245392 -0.09454567730426788
redkitchen/seq-14/frame-000096.color.png -0.5769662261009216 0.14405475556850433 -0.14192050695419312 0.9961980581283569 0.012793680652976036 0.029994964599609375 -0.08078467845916748
redkitchen/seq-14/frame-000097.color.png -0.5829617977142334 0.14852061867713928 -0.14432120323181152 0.9967654943466187 0.01872340962290764 0.03225681558251381 -0.07118672132492065
redkitchen/seq-14/frame-000098.color.png -0.5593403577804565 0.14729678630828857 -0.14093095064163208 0.9966539144515991 0.013694820925593376 0.040152568370103836 -0.06986722350120544
redkitchen/seq-14/frame-000099.color.png -0.5827117562294006 0.13826610147953033 -0.15449047088623047 0.9967691898345947 0.015772415325045586 0.04951898381114006 -0.06123834475874901
redkitchen/seq-14/frame-000100.color.png -0.5984656810760498 0.12203612923622131 -0.18765848875045776 0.9973085522651672 0.021266020834445953 0.05103354901075363 -0.04815766215324402
redkitchen/seq-14/frame-000101.color.png -0.6296281814575195 0.11564112454652786 -0.18346166610717773 0.9974591135978699 0.02998506836593151 0.05200335383415222 -0.0383647084236145
redkitchen/seq-14/frame-000102.color.png -0.6244964003562927 0.10697978734970093 -0.18879815936088562 0.9976040124893188 0.024847930297255516 0.05399231240153313 -0.03540549799799919
redkitchen/seq-14/frame-000103.color.png -0.6543375253677368 0.09617403149604797 -0.17465922236442566 0.9967829585075378 0.03384402021765709 0.06691048294305801 -0.02831169404089451
redkitchen/seq-14/frame-000104.color.png -0.6544862985610962 0.09918186813592911 -0.19282054901123047 0.9968520998954773 0.042169053107500076 0.06474987417459488 -0.017753880470991135
redkitchen/seq-14/frame-000105.color.png -0.6654152870178223 0.08747978508472443 -0.18540051579475403 0.9966742396354675 0.0383598618209362 0.07108979672193527 -0.010741494596004486
redkitchen/seq-14/frame-000106.color.png -0.6814553141593933 0.08942452073097229 -0.14671891927719116 0.9960874915122986 0.03491595759987831 0.08118178695440292 -0.00020447999122552574
redkitchen/seq-14/frame-000107.color.png -0.6774185299873352 0.08663415908813477 -0.14478835463523865 0.9963387250900269 0.03529542312026024 0.07699336856603622 0.011639099568128586
redkitchen/seq-14/frame-000108.color.png -0.7024100422859192 0.06513580679893494 -0.16411450505256653 0.9968454241752625 0.03717885911464691 0.06731771677732468 0.019624514505267143
redkitchen/seq-14/frame-000109.color.png -0.7206940650939941 0.042722441256046295 -0.18665185570716858 0.9969282150268555 0.042618438601493835 0.06101096048951149 0.0244006235152483
redkitchen/seq-14/frame-000110.color.png -0.7279124855995178 0.045747995376586914 -0.16425451636314392 0.9961246252059937 0.032353583723306656 0.07488280534744263 0.032886285334825516
redkitchen/seq-14/frame-000111.color.png -0.7314063906669617 0.03880773112177849 -0.15714439749717712 0.995292067527771 0.041028205305337906 0.07815957069396973 0.040016766637563705
redkitchen/seq-14/frame-000112.color.png -0.7680903673171997 0.03623862937092781 -0.14596354961395264 0.9943281412124634 0.04748240485787392 0.0836930200457573 0.04530395194888115
redkitchen/seq-14/frame-000113.color.png -0.8093236684799194 0.014506525360047817 -0.10323445498943329 0.9936203956604004 0.04763740673661232 0.08566705882549286 0.055770937353372574
redkitchen/seq-14/frame-000114.color.png -0.7975151538848877 0.012493920512497425 -0.05010377615690231 0.9943287372589111 0.044186417013406754 0.0775548443198204 0.0578208863735199
redkitchen/seq-14/frame-000115.color.png -0.8110808730125427 0.02268959954380989 -0.0402035154402256 0.9926229119300842 0.04286835715174675 0.09434027969837189 0.06294400244951248
redkitchen/seq-14/frame-000116.color.png -0.8052772879600525 0.025527939200401306 -0.01683815009891987 0.9920831918716431 0.040423572063446045 0.09616710990667343 0.06991983205080032
redkitchen/seq-14/frame-000117.color.png -0.8302228450775146 -0.009654357098042965 0.009484834969043732 0.9922189712524414 0.0452273003757 0.08496230095624924 0.07897806167602539
redkitchen/seq-14/frame-000118.color.png -0.820370078086853 -0.026007335633039474 0.0194559283554554 0.9921806454658508 0.03907275199890137 0.08426252007484436 0.08337108045816422
redkitchen/seq-14/frame-000119.color.png -0.7954738736152649 -0.019608084112405777 0.030722185969352722 0.9911467432975769 0.03451814129948616 0.0888914093375206 0.0923851728439331
redkitchen/seq-14/frame-000120.color.png -0.7448710203170776 0.01369913388043642 0.028790265321731567 0.9905571937561035 0.037626173347234726 0.07446661591529846 0.10878971964120865
redkitchen/seq-14/frame-000121.color.png -0.7721074223518372 -0.004674247466027737 0.031051184982061386 0.9892435073852539 0.03278755024075508 0.07360485941171646 0.12208423018455505
redkitchen/seq-14/frame-000122.color.png -0.7680688500404358 -0.027183637022972107 0.06058826297521591 0.9875529408454895 0.02651282399892807 0.07348643243312836 0.13651427626609802
redkitchen/seq-14/frame-000123.color.png -0.7696474194526672 -0.0691756084561348 0.11795724183320999 0.9866406917572021 0.01987195946276188 0.061389267444610596 0.14958858489990234
redkitchen/seq-14/frame-000124.color.png -0.7098574638366699 -0.05254996195435524 0.11186575144529343 0.9862440228462219 0.011421543546020985 0.051890335977077484 0.15652354061603546
redkitchen/seq-14/frame-000125.color.png -0.6975628137588501 -0.05814581736922264 0.11470098048448563 0.9852119088172913 0.015689777210354805 0.05062585324048996 0.16293638944625854
redkitchen/seq-14/frame-000126.color.png -0.6937232613563538 -0.04779171571135521 0.10183799266815186 0.9831416606903076 -0.0020882023964077234 0.06650954484939575 0.17030712962150574
redkitchen/seq-14/frame-000127.color.png -0.6955652832984924 -0.05365898087620735 0.12703225016593933 0.9817193150520325 -0.010341851972043514 0.0730864480137825 0.17543800175189972
redkitchen/seq-14/frame-000128.color.png -0.6947126388549805 -0.04370507597923279 0.16057467460632324 0.9811017513275146 -0.01478388998657465 0.060696233063936234 0.1831306368112564
redkitchen/seq-14/frame-000129.color.png -0.7036343216896057 -0.049242857843637466 0.17423680424690247 0.9789257049560547 -0.02167901024222374 0.06364697217941284 0.19283005595207214
redkitchen/seq-14/frame-000130.color.png -0.684474527835846 -0.04764280095696449 0.18362778425216675 0.978339672088623 -0.027318932116031647 0.05254937708377838 0.1983524113893509
redkitchen/seq-14/frame-000131.color.png -0.701073169708252 -0.05917592719197273 0.19215995073318481 0.9764581918716431 -0.034233979880809784 0.04620157182216644 0.2079010009765625
redkitchen/seq-14/frame-000132.color.png -0.7220325469970703 -0.06130848452448845 0.19743800163269043 0.9754904508590698 -0.036806996911764145 0.03458800166845322 0.21416646242141724
redkitchen/seq-14/frame-000133.color.png -0.6953098773956299 -0.059326592832803726 0.21493244171142578 0.974907398223877 -0.03803196921944618 0.028260763734579086 0.21750983595848083
redkitchen/seq-14/frame-000134.color.png -0.6819314956665039 -0.061725448817014694 0.2168850600719452 0.9738595485687256 -0.04134088382124901 0.00477776862680912 0.22330641746520996
redkitchen/seq-14/frame-000135.color.png -0.6873102784156799 -0.06935803592205048 0.2279423177242279 0.9712079763412476 -0.04325464367866516 0.021792883053421974 0.2332579642534256
redkitchen/seq-14/frame-000136.color.png -0.6716294288635254 -0.07836036384105682 0.2451227307319641 0.9714372754096985 -0.03610583022236824 0.022453729063272476 0.23345620930194855
redkitchen/seq-14/frame-000137.color.png -0.6540421843528748 -0.07580702751874924 0.2500650882720947 0.9715365767478943 -0.03847367689013481 0.01599089615046978 0.2331969141960144
redkitchen/seq-14/frame-000138.color.png -0.6343347430229187 -0.07199572026729584 0.25898846983909607 0.9720019102096558 -0.0401482917368412 -0.0011644473997876048 0.23151478171348572
redkitchen/seq-14/frame-000139.color.png -0.6309067606925964 -0.07923465967178345 0.25946423411369324 0.9706326127052307 -0.033990293741226196 -0.013981911353766918 0.2377425730228424
redkitchen/seq-14/frame-000140.color.png -0.6028075218200684 -0.05952955409884453 0.2542889714241028 0.969317615032196 -0.029383378103375435 -0.003062204923480749 0.2440299689769745
redkitchen/seq-14/frame-000141.color.png -0.5904995799064636 -0.05314924195408821 0.2462654709815979 0.96980220079422 -0.034661997109651566 0.0037889895029366016 0.24138718843460083
redkitchen/seq-14/frame-000142.color.png -0.5884796380996704 -0.060283858329057693 0.2504548728466034 0.9705621004104614 -0.0279838927090168 -0.019272126257419586 0.23844197392463684
redkitchen/seq-14/frame-000143.color.png -0.5950487852096558 -0.0694078728556633 0.2375149130821228 0.9711534380912781 -0.019587751477956772 -0.0009464324684813619 0.23764733970165253
redkitchen/seq-14/frame-000144.color.png -0.6070727705955505 -0.08325531333684921 0.244426429271698 0.9702700972557068 -0.008772655390202999 0.015402965247631073 0.24137461185455322
redkitchen/seq-14/frame-000145.color.png -0.623774528503418 -0.0779590755701065 0.2729159891605377 0.9701321721076965 -0.027518972754478455 0.0290423221886158 0.2392546832561493
redkitchen/seq-14/frame-000146.color.png -0.5992950797080994 -0.07356246560811996 0.2727961540222168 0.9700071811676025 -0.020162049680948257 0.013218993321061134 0.24187766015529633
redkitchen/seq-14/frame-000147.color.png -0.5561161637306213 -0.08957673609256744 0.27644068002700806 0.968792200088501 -0.016085397452116013 0.04824294522404671 0.24260172247886658
redkitchen/seq-14/frame-000148.color.png -0.5625755786895752 -0.1040474995970726 0.2974787950515747 0.9678537845611572 -0.026413308456540108 0.0555221326649189 0.2438822239637375
redkitchen/seq-14/frame-000149.color.png -0.5221409797668457 -0.11394411325454712 0.29667946696281433 0.9679858088493347 -0.01353861391544342 0.04248984530568123 0.24701163172721863
redkitchen/seq-14/frame-000150.color.png -0.5282571315765381 -0.12835204601287842 0.27797478437423706 0.9661630988121033 -0.013774934224784374 0.07615740597248077 0.24604728817939758
redkitchen/seq-14/frame-000151.color.png -0.5337859988212585 -0.13719749450683594 0.3112056255340576 0.9662596583366394 -0.023746034130454063 0.06822247803211212 0.24723319709300995
redkitchen/seq-14/frame-000152.color.png -0.47568249702453613 -0.13530971109867096 0.3109024167060852 0.9601165056228638 -0.027170423418283463 0.11113206297159195 0.25512295961380005
redkitchen/seq-14/frame-000153.color.png -0.48119238018989563 -0.15803560614585876 0.3370499312877655 0.957025945186615 -0.02546348050236702 0.12083205580711365 0.2623975872993469
redkitchen/seq-14/frame-000154.color.png -0.5326055288314819 -0.16674074530601501 0.36864376068115234 0.9521400332450867 -0.036073289811611176 0.1571682244539261 0.25966566801071167
redkitchen/seq-14/frame-000155.color.png -0.508964478969574 -0.15528304874897003 0.3907269537448883 0.9522260427474976 -0.029267361387610435 0.14889614284038544 0.26502642035484314
redkitchen/seq-14/frame-000156.color.png -0.5112652778625488 -0.17368921637535095 0.4154305160045624 0.9492806196212769 -0.038630466908216476 0.16182613372802734 0.2668074071407318
redkitchen/seq-14/frame-000157.color.png -0.4882783591747284 -0.18140672147274017 0.40079811215400696 0.9486379027366638 -0.03242773562669754 0.16981124877929688 0.26495060324668884
redkitchen/seq-14/frame-000158.color.png -0.47255367040634155 -0.20322006940841675 0.3816572427749634 0.9489821195602417 -0.02891312912106514 0.1672060340642929 0.26578035950660706
redkitchen/seq-14/frame-000159.color.png -0.42266443371772766 -0.17887459695339203 0.3807463049888611 0.948329746723175 -0.028190383687615395 0.17080943286418915 0.26589521765708923
redkitchen/seq-14/frame-000160.color.png -0.4166538417339325 -0.15965932607650757 0.41582825779914856 0.9490038752555847 -0.016640281304717064 0.1627129465341568 0.26951679587364197
redkitchen/seq-14/frame-000161.color.png -0.40377894043922424 -0.13834887742996216 0.3999885320663452 0.9493429660797119 -0.015862097963690758 0.17323344945907593 0.26169922947883606
redkitchen/seq-14/frame-000162.color.png -0.3596898317337036 -0.11776380240917206 0.36616280674934387 0.9491960406303406 -0.013995148241519928 0.1806381195783615 0.2572953701019287
redkitchen/seq-14/frame-000163.color.png -0.37317121028900146 -0.125089630484581 0.371889591217041 0.9503341913223267 -0.02388942241668701 0.19094012677669525 0.24461396038532257
redkitchen/seq-14/frame-000164.color.png -0.4032651484012604 -0.13684098422527313 0.3344627618789673 0.9491192698478699 -0.014945545233786106 0.20089693367481232 0.24205282330513
redkitchen/seq-14/frame-000165.color.png -0.34753990173339844 -0.1198599636554718 0.3328598141670227 0.945093035697937 -0.01985650323331356 0.22832709550857544 0.2329629361629486
redkitchen/seq-14/frame-000166.color.png -0.3289462625980377 -0.1218627393245697 0.32533031702041626 0.9463905096054077 -0.025487596169114113 0.2392164021730423 0.21557120978832245
redkitchen/seq-14/frame-000167.color.png -0.3253383934497833 -0.13184034824371338 0.2927263379096985 0.948858916759491 -0.02021801471710205 0.23882652819156647 0.20547425746917725
redkitchen/seq-14/frame-000168.color.png -0.2134944051504135 -0.12659259140491486 0.2838059663772583 0.9475443363189697 -0.01184221263974905 0.26546943187713623 0.17761068046092987
redkitchen/seq-14/frame-000169.color.png -0.16423724591732025 -0.1287282407283783 0.24459058046340942 0.9508776664733887 -0.007234555669128895 0.25802546739578247 0.17088674008846283
redkitchen/seq-14/frame-000170.color.png -0.13631775975227356 -0.13869567215442657 0.19362971186637878 0.952777624130249 0.0006324062123894691 0.2573848366737366 0.1611448973417282
redkitchen/seq-14/frame-000171.color.png -0.0922887772321701 -0.15575869381427765 0.16406866908073425 0.9578315019607544 -0.0033201833721250296 0.24180854856967926 0.15516534447669983
redkitchen/seq-14/frame-000172.color.png -0.12677055597305298 -0.1560184508562088 0.1853671669960022 0.9590859413146973 -0.006436737719923258 0.23945410549640656 0.15091173350811005
redkitchen/seq-14/frame-000173.color.png -0.1320144534111023 -0.15922927856445312 0.1837681233882904 0.9594058990478516 0.00011096350499428809 0.24362820386886597 0.14207591116428375
redkitchen/seq-14/frame-000174.color.png -0.12251365184783936 -0.15616998076438904 0.17699137330055237 0.9622892737388611 -0.0045029232278466225 0.2346930056810379 0.13746988773345947
redkitchen/seq-14/frame-000175.color.png -0.1134820431470871 -0.18678642809391022 0.18309670686721802 0.9665684700012207 -0.0008329510455951095 0.22266750037670135 0.12713705003261566
redkitchen/seq-14/frame-000176.color.png -0.11907550692558289 -0.18827101588249207 0.1830134391784668 0.968704104423523 0.000521560781635344 0.21824203431606293 0.11824743449687958
redkitchen/seq-14/frame-000177.color.png -0.08463886380195618 -0.1799047738313675 0.17428895831108093 0.9693541526794434 0.007335802540183067 0.21745693683624268 0.114065982401371
redkitchen/seq-14/frame-000178.color.png -0.06664204597473145 -0.16096682846546173 0.1674049198627472 0.9733673334121704 0.0018290505977347493 0.20271164178848267 0.10705395042896271
redkitchen/seq-14/frame-000179.color.png -0.04730255529284477 -0.17669345438480377 0.1698336899280548 0.9741354584693909 0.006563438568264246 0.20292195677757263 0.0991959422826767
redkitchen/seq-14/frame-000180.color.png -0.027105145156383514 -0.1886034458875656 0.20207393169403076 0.9768521189689636 0.013376248069107533 0.19336581230163574 0.09050240367650986
redkitchen/seq-14/frame-000181.color.png -0.0449540950357914 -0.2069123387336731 0.19379493594169617 0.9776312112808228 0.008728169836103916 0.19463084638118744 0.07924508303403854
redkitchen/seq-14/frame-000182.color.png -0.037194617092609406 -0.1993303894996643 0.20561715960502625 0.9783501625061035 0.009593146853148937 0.19487632811069489 0.06900887936353683
redkitchen/seq-14/frame-000183.color.png 0.0077278390526771545 -0.18695391714572906 0.1798877716064453 0.9785236716270447 0.018969925120472908 0.19527673721313477 0.06323585659265518
redkitchen/seq-14/frame-000184.color.png 0.07658366858959198 -0.16555890440940857 0.1785050332546234 0.9814010858535767 0.01432535145431757 0.1852775514125824 0.048152223229408264
redkitchen/seq-14/frame-000185.color.png 0.09521934390068054 -0.17886248230934143 0.1738004982471466 0.9806841015815735 0.01382478792220354 0.1916176825761795 0.036745455116033554
redkitchen/seq-14/frame-000186.color.png 0.11128343641757965 -0.19247061014175415 0.13930556178092957 0.9832397103309631 -0.0011197025887668133 0.18098090589046478 0.02200458198785782
redkitchen/seq-14/frame-000187.color.png 0.11484967172145844 -0.204573854804039 0.14263150095939636 0.9857116937637329 -0.005888249259442091 0.16811412572860718 0.008685718290507793
redkitchen/seq-14/frame-000188.color.png 0.17763657867908478 -0.2059912234544754 0.15778681635856628 0.9861333966255188 -0.005179754924029112 0.1658700853586197 -0.0011609308421611786
redkitchen/seq-14/frame-000189.color.png 0.21691536903381348 -0.2218143194913864 0.15209129452705383 0.9863566756248474 -0.007694688159972429 0.16439859569072723 -0.003789776237681508
redkitchen/seq-14/frame-000190.color.png 0.23405492305755615 -0.21793131530284882 0.1631956398487091 0.985923707485199 -0.003806383814662695 0.16693814098834991 -0.008459614589810371
redkitchen/seq-14/frame-000191.color.png 0.25135907530784607 -0.2176598757505417 0.17192232608795166 0.9862313270568848 -0.0012429440394043922 0.1649630069732666 -0.011553763411939144
redkitchen/seq-14/frame-000192.color.png 0.2765064835548401 -0.2405678629875183 0.16254830360412598 0.9866927266120911 -0.0024858054239302874 0.16154566407203674 -0.018279150128364563
redkitchen/seq-14/frame-000193.color.png 0.28650280833244324 -0.24565497040748596 0.17531752586364746 0.9888541102409363 -0.0011025730054825544 0.14574424922466278 -0.03040992096066475
redkitchen/seq-14/frame-000194.color.png 0.2713022232055664 -0.24865907430648804 0.17970800399780273 0.990033745765686 -0.002609062008559704 0.1367950290441513 -0.03336947411298752
redkitchen/seq-14/frame-000195.color.png 0.2943862974643707 -0.24671614170074463 0.20004597306251526 0.9896731972694397 -0.0027525974437594414 0.13725589215755463 -0.04123256728053093
redkitchen/seq-14/frame-000196.color.png 0.3246707618236542 -0.23227213323116302 0.21940231323242188 0.989834189414978 0.0005357398767955601 0.13536489009857178 -0.04363825544714928
redkitchen/seq-14/frame-000197.color.png 0.3444356620311737 -0.24193689227104187 0.22102591395378113 0.9885292649269104 -0.004868342541158199 0.14441914856433868 -0.04392081871628761
redkitchen/seq-14/frame-000198.color.png 0.3507079482078552 -0.23522856831550598 0.2155846357345581 0.9886114597320557 -0.012244335375726223 0.14156371355056763 -0.049570243805646896
redkitchen/seq-14/frame-000199.color.png 0.3479587137699127 -0.23799863457679749 0.20523282885551453 0.9883142113685608 -0.010631995275616646 0.14169953763484955 -0.05516606569290161
redkitchen/seq-14/frame-000200.color.png 0.36403366923332214 -0.24033576250076294 0.21433815360069275 0.9886670708656311 -0.011118195950984955 0.13887612521648407 -0.05592147633433342
redkitchen/seq-14/frame-000201.color.png 0.4176505208015442 -0.21537655591964722 0.26529666781425476 0.9882426261901855 -0.01583678089082241 0.13725873827934265 -0.06546501815319061
redkitchen/seq-14/frame-000202.color.png 0.4557528495788574 -0.2135164588689804 0.29616206884384155 0.9870657920837402 -0.012250833213329315 0.14370782673358917 -0.06999387592077255
redkitchen/seq-14/frame-000203.color.png 0.4675259590148926 -0.21583673357963562 0.29012027382850647 0.9884279370307922 -0.010037553496658802 0.13466192781925201 -0.0691060796380043
redkitchen/seq-14/frame-000204.color.png 0.48991072177886963 -0.21939149498939514 0.3005847930908203 0.9876004457473755 -0.014515656977891922 0.1382303386926651 -0.07298493385314941
redkitchen/seq-14/frame-000205.color.png 0.49256959557533264 -0.23265674710273743 0.2890927195549011 0.987897515296936 -0.013006949797272682 0.13597026467323303 -0.07349306344985962
redkitchen/seq-14/frame-000206.color.png 0.5166006684303284 -0.22398477792739868 0.297369122505188 0.9879240393638611 -0.014357414096593857 0.1352725327014923 -0.07416971772909164
redkitchen/seq-14/frame-000207.color.png 0.5241139531135559 -0.2415626049041748 0.2771754860877991 0.9856480956077576 -0.021929709240794182 0.15291713178157806 -0.06806797534227371
redkitchen/seq-14/frame-000208.color.png 0.5268260836601257 -0.24257323145866394 0.2795095145702362 0.9856014847755432 -0.01412295363843441 0.14922411739826202 -0.07824522256851196
redkitchen/seq-14/frame-000209.color.png 0.5308840870857239 -0.23332372307777405 0.3078526258468628 0.9859033823013306 -0.008059073239564896 0.1472148299217224 -0.07910215109586716
redkitchen/seq-14/frame-000210.color.png 0.5581506490707397 -0.23414048552513123 0.317913293838501 0.9873796105384827 -0.0027920554857701063 0.1338295191526413 -0.08463703095912933
redkitchen/seq-14/frame-000211.color.png 0.5660196542739868 -0.23553836345672607 0.3149526119232178 0.9879544973373413 -0.004773430526256561 0.12651149928569794 -0.08898282051086426
redkitchen/seq-14/frame-000212.color.png 0.5795555710792542 -0.2232341766357422 0.32966217398643494 0.9876983165740967 -0.006276120897382498 0.12773725390434265 -0.08997699618339539
redkitchen/seq-14/frame-000213.color.png 0.5755786299705505 -0.2109110802412033 0.32768958806991577 0.9880126118659973 -0.0042289975099265575 0.1252911537885666 -0.09008526057004929
redkitchen/seq-14/frame-000214.color.png 0.5984041690826416 -0.20758703351020813 0.35798847675323486 0.9870137572288513 -0.004202567972242832 0.13086259365081787 -0.09306476265192032
redkitchen/seq-14/frame-000215.color.png 0.5823512077331543 -0.2036929875612259 0.3678737282752991 0.987280011177063 -0.0034818805288523436 0.1262381672859192 -0.09659092128276825
redkitchen/seq-14/frame-000216.color.png 0.5728334188461304 -0.2080148309469223 0.36810290813446045 0.9884759783744812 0.00038965855492278934 0.11224489659070969 -0.10156857967376709
redkitchen/seq-14/frame-000217.color.png 0.573710024356842 -0.2078772783279419 0.3707403540611267 0.9881967902183533 -0.0013631583424285054 0.11407166719436646 -0.10223928838968277
redkitchen/seq-14/frame-000218.color.png 0.5920156836509705 -0.2060070037841797 0.3978036046028137 0.986821174621582 -0.002853521378710866 0.12413118034601212 -0.10376406461000443
redkitchen/seq-14/frame-000219.color.png 0.607684314250946 -0.17209744453430176 0.4493004381656647 0.9884925484657288 0.013211500830948353 0.10811398923397064 -0.10497265309095383
redkitchen/seq-14/frame-000220.color.png 0.5850181579589844 -0.17484280467033386 0.42734643816947937 0.9895381927490234 0.011045674793422222 0.09813028573989868 -0.10517813265323639
redkitchen/seq-14/frame-000221.color.png 0.5533838868141174 -0.18192917108535767 0.42599451541900635 0.9902247190475464 0.007408728823065758 0.08765704184770584 -0.10824228078126907
redkitchen/seq-14/frame-000222.color.png 0.5488039255142212 -0.18778584897518158 0.43376830220222473 0.9906824827194214 0.009828977286815643 0.08900006860494614 -0.10261886566877365
redkitchen/seq-14/frame-000223.color.png 0.5677762031555176 -0.18659192323684692 0.43350014090538025 0.9903416037559509 0.010807187296450138 0.09748806059360504 -0.09799368679523468
redkitchen/seq-14/frame-000224.color.png 0.561465859413147 -0.1903626024723053 0.42785319685935974 0.9923891425132751 0.013664613477885723 0.0806463435292244 -0.09204910695552826
redkitchen/seq-14/frame-000225.color.png 0.5667336583137512 -0.17085474729537964 0.45983752608299255 0.991649866104126 0.015858830884099007 0.08884789049625397 -0.09211288392543793
redkitchen/seq-14/frame-000226.color.png 0.5711968541145325 -0.16029208898544312 0.483818918466568 0.9912810325622559 0.012724997475743294 0.09446902573108673 -0.0909702330827713
redkitchen/seq-14/frame-000227.color.png 0.5478020906448364 -0.1371026188135147 0.5086160898208618 0.9914154410362244 0.009612289257347584 0.09273059666156769 -0.09167315810918808
redkitchen/seq-14/frame-000228.color.png 0.4807693064212799 -0.1411147117614746 0.5714983344078064 0.9920476078987122 0.02427108958363533 0.08200822025537491 -0.0923418179154396
redkitchen/seq-14/frame-000229.color.png 0.4522761404514313 -0.13188683986663818 0.5349122285842896 0.9926003217697144 0.02301756478846073 0.07825220376253128 -0.08995161950588226
redkitchen/seq-14/frame-000230.color.png 0.47264528274536133 -0.13802187144756317 0.5430973172187805 0.9927510023117065 0.02493835613131523 0.0718158632516861 -0.0930919498205185
redkitchen/seq-14/frame-000231.color.png 0.5023348331451416 -0.14480480551719666 0.583402693271637 0.9922714233398438 0.027704354375600815 0.06833397597074509 -0.09980108588933945
redkitchen/seq-14/frame-000232.color.png 0.5218323469161987 -0.13653618097305298 0.6160188317298889 0.992667019367218 0.025828437879681587 0.055713579058647156 -0.10412075370550156
redkitchen/seq-14/frame-000233.color.png 0.5543432831764221 -0.14932048320770264 0.6307973265647888 0.9930915832519531 0.03149411827325821 0.052644528448581696 -0.10002844780683517
redkitchen/seq-14/frame-000234.color.png 0.5746784210205078 -0.14447930455207825 0.6457223296165466 0.9927881956100464 0.03197752684354782 0.05295119062066078 -0.1026894748210907
redkitchen/seq-14/frame-000235.color.png 0.5586988925933838 -0.15290053188800812 0.6506856679916382 0.992655873298645 0.03508541360497475 0.049269601702690125 -0.10476448386907578
redkitchen/seq-14/frame-000236.color.png 0.5747780799865723 -0.13820619881153107 0.6333363056182861 0.9932486414909363 0.036252591758966446 0.0395580418407917 -0.1028510332107544
redkitchen/seq-14/frame-000237.color.png 0.5682620406150818 -0.1401139348745346 0.6292968988418579 0.9933329820632935 0.03583472967147827 0.03395768254995346 -0.10417521744966507
redkitchen/seq-14/frame-000238.color.png 0.5678614974021912 -0.14790944755077362 0.6235772371292114 0.9930562973022461 0.039035242050886154 0.031682949513196945 -0.10635615140199661
redkitchen/seq-14/frame-000239.color.png 0.5454831719398499 -0.15113788843154907 0.6234995722770691 0.9929320812225342 0.03850170224905014 0.024020038545131683 -0.10966518521308899
redkitchen/seq-14/frame-000240.color.png 0.5338081121444702 -0.14659427106380463 0.6105039119720459 0.9928075075149536 0.037989381700754166 0.02105279080569744 -0.11156511306762695
redkitchen/seq-14/frame-000241.color.png 0.5169234275817871 -0.1561957448720932 0.6086627840995789 0.9933490753173828 0.0387769378721714 0.010639352723956108 -0.10789202898740768
redkitchen/seq-14/frame-000242.color.png 0.5092130899429321 -0.165106400847435 0.6169306039810181 0.992880642414093 0.03980247303843498 0.008386899717152119 -0.11195358633995056
redkitchen/seq-14/frame-000243.color.png 0.4894561469554901 -0.1718246340751648 0.6222065687179565 0.9925872683525085 0.04318537563085556 0.004035330843180418 -0.11353060603141785
redkitchen/seq-14/frame-000244.color.png 0.4702250063419342 -0.1709170937538147 0.6122272610664368 0.9926164150238037 0.04371459037065506 0.007291306275874376 -0.11290903389453888
redkitchen/seq-14/frame-000245.color.png 0.5110412240028381 -0.17164359986782074 0.6179087162017822 0.9927558302879333 0.04123235493898392 -0.0005261687911115587 -0.11285156011581421
redkitchen/seq-14/frame-000246.color.png 0.48660942912101746 -0.17897582054138184 0.6130979657173157 0.9921765923500061 0.04350712150335312 -0.008527914062142372 -0.11670472472906113
redkitchen/seq-14/frame-000247.color.png 0.468815416097641 -0.1864706128835678 0.6229104995727539 0.9920243620872498 0.047015480697155 -0.015080497600138187 -0.11597419530153275
redkitchen/seq-14/frame-000248.color.png 0.4822036623954773 -0.20041732490062714 0.6004336476325989 0.9912714958190918 0.047893885523080826 -0.03261455520987511 -0.11842065304517746
redkitchen/seq-14/frame-000249.color.png 0.47300103306770325 -0.20461398363113403 0.6229144930839539 0.9910526275634766 0.04851989448070526 -0.03157813474535942 -0.12026377022266388
redkitchen/seq-14/frame-000250.color.png 0.47650253772735596 -0.21052157878875732 0.6233446598052979 0.990689754486084 0.05169915407896042 -0.03430637717247009 -0.12117798626422882
redkitchen/seq-14/frame-000251.color.png 0.4695614278316498 -0.23262597620487213 0.6005530953407288 0.9909793138504028 0.050943631678819656 -0.036253273487091064 -0.11853455752134323
redkitchen/seq-14/frame-000252.color.png 0.46935468912124634 -0.24892348051071167 0.5770975947380066 0.9901435971260071 0.05992096662521362 -0.03869033604860306 -0.1205325797200203
redkitchen/seq-14/frame-000253.color.png 0.4788617789745331 -0.253955602645874 0.5939577221870422 0.9892780184745789 0.05935005098581314 -0.049314986914396286 -0.12399458140134811
redkitchen/seq-14/frame-000254.color.png 0.5120248794555664 -0.25216957926750183 0.5974394679069519 0.9894457459449768 0.05037153139710426 -0.05670935660600662 -0.12346530705690384
redkitchen/seq-14/frame-000255.color.png 0.5129922032356262 -0.245574951171875 0.61266028881073 0.9873933792114258 0.05958021059632301 -0.06834764033555984 -0.12974271178245544
redkitchen/seq-14/frame-000256.color.png 0.5239155292510986 -0.2576451897621155 0.6045637726783752 0.9868836402893066 0.05856940150260925 -0.07254061102867126 -0.13178840279579163
redkitchen/seq-14/frame-000257.color.png 0.5363882184028625 -0.22673100233078003 0.598866879940033 0.9873822927474976 0.0532565712928772 -0.0719606950879097 -0.13061925768852234
redkitchen/seq-14/frame-000258.color.png 0.5031905174255371 -0.2192443460226059 0.5815979838371277 0.9866385459899902 0.05876030772924423 -0.08119960129261017 -0.12844537198543549
redkitchen/seq-14/frame-000259.color.png 0.4849916696548462 -0.2225644290447235 0.5960773229598999 0.985084056854248 0.06230989471077919 -0.09648934006690979 -0.12812760472297668
redkitchen/seq-14/frame-000260.color.png 0.45188772678375244 -0.21882477402687073 0.6087884902954102 0.9844464659690857 0.0622892752289772 -0.1029084101319313 -0.1280427873134613
redkitchen/seq-14/frame-000261.color.png 0.4478410482406616 -0.23131799697875977 0.6158090233802795 0.9831016063690186 0.06358085572719574 -0.1089511513710022 -0.1326582431793213
redkitchen/seq-14/frame-000262.color.png 0.45268043875694275 -0.23304273188114166 0.6075647473335266 0.9844326376914978 0.056359078735113144 -0.09762167930603027 -0.1348559707403183
redkitchen/seq-14/frame-000263.color.png 0.4689437747001648 -0.2363119125366211 0.6147147417068481 0.9838089942932129 0.0578930489718914 -0.0992482453584671 -0.13754303753376007
redkitchen/seq-14/frame-000264.color.png 0.4888252913951874 -0.24837729334831238 0.6197201013565063 0.9832848310470581 0.05931609869003296 -0.1009591668844223 -0.13942678272724152
redkitchen/seq-14/frame-000265.color.png 0.45114821195602417 -0.23777621984481812 0.6428794860839844 0.9821860790252686 0.06307246536016464 -0.10164545476436615 -0.14491534233093262
redkitchen/seq-14/frame-000266.color.png 0.43659043312072754 -0.2556611895561218 0.6370545625686646 0.9806912541389465 0.062568798661232 -0.11606290936470032 -0.14442665874958038
redkitchen/seq-14/frame-000267.color.png 0.4875808358192444 -0.25794339179992676 0.6543108820915222 0.9776256680488586 0.06808896362781525 -0.1314782202243805 -0.14941684901714325
redkitchen/seq-14/frame-000268.color.png 0.4693792760372162 -0.26748085021972656 0.6750254034996033 0.9790616035461426 0.06650318950414658 -0.12139539420604706 -0.14926078915596008
redkitchen/seq-14/frame-000269.color.png 0.45095744729042053 -0.27579355239868164 0.6656191349029541 0.9768494367599487 0.07134205102920532 -0.13406819105148315 -0.15066932141780853
redkitchen/seq-14/frame-000270.color.png 0.4354207217693329 -0.26881781220436096 0.6722052097320557 0.9778496026992798 0.0656319186091423 -0.13397933542728424 -0.146806001663208
redkitchen/seq-14/frame-000271.color.png 0.42756834626197815 -0.2624703347682953 0.6609610319137573 0.9750890731811523 0.07004144042730331 -0.1440063714981079 -0.15348494052886963
redkitchen/seq-14/frame-000272.color.png 0.4628561735153198 -0.2820065915584564 0.6653540730476379 0.9735794067382812 0.07668761163949966 -0.1514234095811844 -0.152751162648201
redkitchen/seq-14/frame-000273.color.png 0.47099828720092773 -0.3069095015525818 0.7010883688926697 0.972065806388855 0.08623615652322769 -0.15083739161491394 -0.157795250415802
redkitchen/seq-14/frame-000274.color.png 0.4514067769050598 -0.30038318037986755 0.7023690342903137 0.9703980088233948 0.09106820821762085 -0.15872883796691895 -0.15760523080825806
redkitchen/seq-14/frame-000275.color.png 0.43498310446739197 -0.3061554729938507 0.7218963503837585 0.9703778624534607 0.09212611615657806 -0.1603633165359497 -0.15544481575489044
redkitchen/seq-14/frame-000276.color.png 0.37503963708877563 -0.3162672519683838 0.7258310317993164 0.9713777303695679 0.09204556792974472 -0.15797005593776703 -0.15165182948112488
redkitchen/seq-14/frame-000277.color.png 0.3921017348766327 -0.33147528767585754 0.7807342410087585 0.9693768620491028 0.0989575982093811 -0.1660754382610321 -0.15144290030002594
redkitchen/seq-14/frame-000278.color.png 0.40876781940460205 -0.35612136125564575 0.7810462713241577 0.9685363173484802 0.09787970781326294 -0.17267920076847076 -0.15012940764427185
redkitchen/seq-14/frame-000279.color.png 0.39995643496513367 -0.3472285866737366 0.8016456365585327 0.9704157710075378 0.09698076546192169 -0.16093043982982635 -0.15162166953086853
redkitchen/seq-14/frame-000280.color.png 0.40955713391304016 -0.3614460229873657 0.8309584856033325 0.9667285680770874 0.10177215188741684 -0.17198000848293304 -0.15969088673591614
redkitchen/seq-14/frame-000281.color.png 0.40154847502708435 -0.3549356460571289 0.8153442144393921 0.9668728709220886 0.09836789965629578 -0.17408603429794312 -0.15866537392139435
redkitchen/seq-14/frame-000282.color.png 0.3947993218898773 -0.3691403567790985 0.8575482964515686 0.9694121479988098 0.09684589505195618 -0.16447287797927856 -0.1543029397726059
redkitchen/seq-14/frame-000283.color.png 0.3911835253238678 -0.3638639748096466 0.827639639377594 0.9667368531227112 0.09894756227731705 -0.17981591820716858 -0.15262866020202637
redkitchen/seq-14/frame-000284.color.png 0.40463995933532715 -0.37540915608406067 0.8571292161941528 0.9677257537841797 0.10269871354103088 -0.17112727463245392 -0.15386727452278137
redkitchen/seq-14/frame-000285.color.png 0.39217880368232727 -0.36590924859046936 0.860822319984436 0.9616830945014954 0.11005105078220367 -0.19723878800868988 -0.15540698170661926
redkitchen/seq-14/frame-000286.color.png 0.39847326278686523 -0.3573121428489685 0.87428879737854 0.9570823907852173 0.11187247186899185 -0.2163722664117813 -0.1570376604795456
redkitchen/seq-14/frame-000287.color.png 0.44837573170661926 -0.392678439617157 0.904021143913269 0.9528602957725525 0.11469920724630356 -0.23468714952468872 -0.15434762835502625
redkitchen/seq-14/frame-000288.color.png 0.43432390689849854 -0.3887331187725067 0.9039373397827148 0.9477197527885437 0.10598548501729965 -0.2546267509460449 -0.16049824655056
redkitchen/seq-14/frame-000289.color.png 0.46382567286491394 -0.3758097290992737 0.8974877595901489 0.9361404776573181 0.10167762637138367 -0.29575568437576294 -0.16072076559066772
redkitchen/seq-14/frame-000290.color.png 0.4586213529109955 -0.3951655924320221 0.9007061123847961 0.9357165694236755 0.10661350190639496 -0.29575929045677185 -0.15998244285583496
redkitchen/seq-14/frame-000291.color.png 0.4570370316505432 -0.38412922620773315 0.8826377391815186 0.9317748546600342 0.10286492109298706 -0.3057806193828583 -0.16647161543369293
redkitchen/seq-14/frame-000292.color.png 0.5167964100837708 -0.367581307888031 0.8551151752471924 0.9311904907226562 0.10588151216506958 -0.30851176381111145 -0.16276901960372925
redkitchen/seq-14/frame-000293.color.png 0.5074238181114197 -0.3567976951599121 0.8486233949661255 0.9193495512008667 0.1091248095035553 -0.3354840576648712 -0.1741795837879181
redkitchen/seq-14/frame-000294.color.png 0.5141781568527222 -0.34227558970451355 0.8591328263282776 0.9090184569358826 0.09854834526777267 -0.3627367317676544 -0.17998747527599335
redkitchen/seq-14/frame-000295.color.png 0.5194216966629028 -0.3516271710395813 0.832831621170044 0.9171839952468872 0.09635888785123825 -0.3444707691669464 -0.17558027803897858
redkitchen/seq-14/frame-000296.color.png 0.5361068248748779 -0.35842305421829224 0.8961542248725891 0.9129167199134827 0.09320396929979324 -0.3574332892894745 -0.17360155284404755
redkitchen/seq-14/frame-000297.color.png 0.5703029036521912 -0.34867042303085327 0.9012035727500916 0.9015519618988037 0.08753498643636703 -0.3873670697212219 -0.17172202467918396
redkitchen/seq-14/frame-000298.color.png 0.53688645362854 -0.35877615213394165 0.9180102944374084 0.9034789204597473 0.08434942364692688 -0.3817770779132843 -0.175662562251091
redkitchen/seq-14/frame-000299.color.png 0.5561118721961975 -0.38800811767578125 0.9395129084587097 0.9011148810386658 0.07859566062688828 -0.38839125633239746 -0.1759742945432663
redkitchen/seq-14/frame-000300.color.png 0.5501801371574402 -0.39566367864608765 0.9138367176055908 0.8928261995315552 0.08044331520795822 -0.4040907025337219 -0.18193654716014862
redkitchen/seq-14/frame-000301.color.png 0.5374143719673157 -0.38051462173461914 0.855311930179596 0.9039297103881836 0.0786498486995697 -0.3847866654396057 -0.16930601000785828
redkitchen/seq-14/frame-000302.color.png 0.5823767781257629 -0.3674936890602112 0.8475356101989746 0.9110739231109619 0.07782118767499924 -0.3704891800880432 -0.16317462921142578
redkitchen/seq-14/frame-000303.color.png 0.5870243906974792 -0.3900572657585144 0.8568673133850098 0.9056137800216675 0.073636993765831 -0.38075852394104004 -0.17165105044841766
redkitchen/seq-14/frame-000304.color.png 0.6038912534713745 -0.3861682116985321 0.8570060729980469 0.9078204035758972 0.06563057750463486 -0.3778914213180542 -0.16956667602062225
redkitchen/seq-14/frame-000305.color.png 0.6056325435638428 -0.3804209530353546 0.8299294114112854 0.9115824699401855 0.06380175799131393 -0.37149742245674133 -0.16412295401096344
redkitchen/seq-14/frame-000306.color.png 0.6429443359375 -0.36094415187835693 0.8284875750541687 0.9147213697433472 0.061702631413936615 -0.36762604117393494 -0.15597660839557648
redkitchen/seq-14/frame-000307.color.png 0.6572160124778748 -0.35731226205825806 0.8132637739181519 0.9174249768257141 0.058878615498542786 -0.3631296455860138 -0.15166187286376953
redkitchen/seq-14/frame-000308.color.png 0.658013641834259 -0.35035645961761475 0.8397311568260193 0.922601580619812 0.0546722412109375 -0.35307544469833374 -0.14544779062271118
redkitchen/seq-14/frame-000309.color.png 0.7084397673606873 -0.34284356236457825 0.8218843936920166 0.9177942872047424 0.050280846655368805 -0.36396926641464233 -0.1505056470632553
redkitchen/seq-14/frame-000310.color.png 0.7233828902244568 -0.34779441356658936 0.7959409356117249 0.9192027449607849 0.04225197061896324 -0.3644230365753174 -0.14309757947921753
redkitchen/seq-14/frame-000311.color.png 0.7184416651725769 -0.3521181643009186 0.7525264620780945 0.925484299659729 0.03871775418519974 -0.3492208421230316 -0.14150841534137726
redkitchen/seq-14/frame-000312.color.png 0.7246283292770386 -0.34269896149635315 0.7482411861419678 0.9327762722969055 0.03966569900512695 -0.3312089443206787 -0.1365855187177658
redkitchen/seq-14/frame-000313.color.png 0.7550917863845825 -0.3367013931274414 0.6875520348548889 0.9416294097900391 0.03045681305229664 -0.3069838881492615 -0.13478553295135498
redkitchen/seq-14/frame-000314.color.png 0.7552178502082825 -0.3461960256099701 0.682217538356781 0.9393673539161682 0.022998562082648277 -0.31411293148994446 -0.1356211006641388
redkitchen/seq-14/frame-000315.color.png 0.7899680137634277 -0.3589109778404236 0.6610351204872131 0.9359861612319946 0.026675689965486526 -0.32609137892723083 -0.12993255257606506
redkitchen/seq-14/frame-000316.color.png 0.781611979007721 -0.37488576769828796 0.6606063842773438 0.9331557750701904 0.016185281798243523 -0.3326862156391144 -0.13519656658172607
redkitchen/seq-14/frame-000317.color.png 0.777797520160675 -0.3755178451538086 0.6438766717910767 0.939426064491272 0.01660323701798916 -0.31661614775657654 -0.13021999597549438
redkitchen/seq-14/frame-000318.color.png 0.8018721342086792 -0.3643690347671509 0.6476428508758545 0.9442823529243469 0.018319787457585335 -0.302838534116745 -0.1276082992553711
redkitchen/seq-14/frame-000319.color.png 0.7964739203453064 -0.3669590353965759 0.6430414319038391 0.9489637017250061 0.017956744879484177 -0.28894948959350586 -0.12511436641216278
redkitchen/seq-14/frame-000320.color.png 0.800228476524353 -0.3553604483604431 0.6632776856422424 0.9513058662414551 0.01644383743405342 -0.280709832906723 -0.12628871202468872
redkitchen/seq-14/frame-000321.color.png 0.8377731442451477 -0.3564147651195526 0.678541362285614 0.9448589086532593 0.01587819680571556 -0.3038654029369354 -0.12105941027402878
redkitchen/seq-14/frame-000322.color.png 0.8650282621383667 -0.3536714017391205 0.6869670152664185 0.9468093514442444 0.01364290714263916 -0.2980344593524933 -0.12058771401643753
redkitchen/seq-14/frame-000323.color.png 0.8563275933265686 -0.3638441562652588 0.6759711503982544 0.9459344744682312 0.008628535084426403 -0.30038124322891235 -0.12208396196365356
redkitchen/seq-14/frame-000324.color.png 0.8891943097114563 -0.34699082374572754 0.7244547605514526 0.9479264616966248 0.010032285936176777 -0.295341819524765 -0.11877690255641937
redkitchen/seq-14/frame-000325.color.png 0.8944724798202515 -0.33172929286956787 0.7033012509346008 0.9550817012786865 0.007937457412481308 -0.2718493342399597 -0.11770202219486237
redkitchen/seq-14/frame-000326.color.png 0.8593202233314514 -0.32207250595092773 0.681647002696991 0.9602432250976562 0.006592298857867718 -0.25232312083244324 -0.11925838887691498
redkitchen/seq-14/frame-000327.color.png 0.8867982029914856 -0.3128703236579895 0.6934767961502075 0.9603461623191833 0.013001776300370693 -0.25030556321144104 -0.12212076038122177
redkitchen/seq-14/frame-000328.color.png 0.8956921100616455 -0.3158353269100189 0.6920435428619385 0.9593618512153625 0.01624615117907524 -0.2544500529766083 -0.12089785933494568
redkitchen/seq-14/frame-000329.color.png 0.8742396831512451 -0.3198646008968353 0.6854029893875122 0.9695410132408142 0.008689857088029385 -0.21320682764053345 -0.12023991346359253
redkitchen/seq-14/frame-000330.color.png 0.8764715194702148 -0.29622018337249756 0.6876729726791382 0.9733588099479675 0.010617353953421116 -0.1948942393064499 -0.12031655013561249
redkitchen/seq-14/frame-000331.color.png 0.8731815218925476 -0.3029816448688507 0.6938031911849976 0.9693847894668579 0.019528565928339958 -0.21170011162757874 -0.1228606328368187
redkitchen/seq-14/frame-000332.color.png 0.8651078343391418 -0.30910053849220276 0.6930078864097595 0.964690089225769 0.01958761364221573 -0.23376378417015076 -0.1197664886713028
redkitchen/seq-14/frame-000333.color.png 0.8754017353057861 -0.3102385103702545 0.7036975622177124 0.966782808303833 0.022777283564209938 -0.22793835401535034 -0.11338604986667633
redkitchen/seq-14/frame-000334.color.png 0.9174673557281494 -0.3199155926704407 0.7055889368057251 0.9669057726860046 0.024007152765989304 -0.2292247861623764 -0.10942070186138153
redkitchen/seq-14/frame-000335.color.png 0.9220684766769409 -0.3167581856250763 0.6883935332298279 0.9690475463867188 0.01618891954421997 -0.21908600628376007 -0.11263307929039001
redkitchen/seq-14/frame-000336.color.png 0.9010023474693298 -0.3149952292442322 0.7069370746612549 0.9662380218505859 0.022847428917884827 -0.23069636523723602 -0.11243344843387604
redkitchen/seq-14/frame-000337.color.png 0.9287497997283936 -0.3246173560619354 0.7279717326164246 0.9666350483894348 0.027628745883703232 -0.22856837511062622 -0.11229301244020462
redkitchen/seq-14/frame-000338.color.png 0.9170450568199158 -0.3288157880306244 0.7499336004257202 0.969136655330658 0.03254886716604233 -0.21739178895950317 -0.11160392314195633
redkitchen/seq-14/frame-000339.color.png 0.9390601515769958 -0.3350590467453003 0.7675157189369202 0.9688920378684998 0.022886689752340317 -0.2195892482995987 -0.11182497441768646
redkitchen/seq-14/frame-000340.color.png 0.9663380980491638 -0.32964026927948 0.7893461585044861 0.9691215753555298 0.0281745046377182 -0.2170620858669281 -0.11355067789554596
redkitchen/seq-14/frame-000341.color.png 0.9924644231796265 -0.34524470567703247 0.7867491245269775 0.9680163860321045 0.030372578650712967 -0.22193466126918793 -0.11299092322587967
redkitchen/seq-14/frame-000342.color.png 1.0026881694793701 -0.35053399205207825 0.7928642630577087 0.9674174189567566 0.03488418832421303 -0.22396878898143768 -0.11280319839715958
redkitchen/seq-14/frame-000343.color.png 1.0082334280014038 -0.35075223445892334 0.8299694061279297 0.9707989692687988 0.03547446057200432 -0.2117878943681717 -0.10694348067045212
redkitchen/seq-14/frame-000344.color.png 1.0284181833267212 -0.35824158787727356 0.8499010801315308 0.9703823924064636 0.03676963970065117 -0.2129540890455246 -0.10796444118022919
redkitchen/seq-14/frame-000345.color.png 1.0405385494232178 -0.34071487188339233 0.8466084003448486 0.9691263437271118 0.0438966229557991 -0.21754638850688934 -0.1074269637465477
redkitchen/seq-14/frame-000346.color.png 1.0409172773361206 -0.3358650505542755 0.8699416518211365 0.9740468859672546 0.04621086269617081 -0.19575324654579163 -0.10381650179624557
redkitchen/seq-14/frame-000347.color.png 1.0651708841323853 -0.3442017734050751 0.8833481669425964 0.9735174775123596 0.04884778708219528 -0.20027707517147064 -0.09882669150829315
redkitchen/seq-14/frame-000348.color.png 1.0932255983352661 -0.35406678915023804 0.8985544443130493 0.9724481701850891 0.0501914843916893 -0.2039029896259308 -0.10123739391565323
redkitchen/seq-14/frame-000349.color.png 1.134453296661377 -0.3489167094230652 0.9031485915184021 0.9738296866416931 0.04968331381678581 -0.19703811407089233 -0.10180076211690903
redkitchen/seq-14/frame-000350.color.png 1.1656932830810547 -0.35639089345932007 0.8810653686523438 0.9717192649841309 0.04953702911734581 -0.2077522575855255 -0.10073050856590271
redkitchen/seq-14/frame-000351.color.png 1.198865294456482 -0.35456088185310364 0.8881833553314209 0.9731447100639343 0.050448980182409286 -0.20181310176849365 -0.09856878221035004
redkitchen/seq-14/frame-000352.color.png 1.2119965553283691 -0.34748756885528564 0.9072391390800476 0.9723675847053528 0.048942990601062775 -0.20694926381111145 -0.09632234275341034
redkitchen/seq-14/frame-000353.color.png 1.2251670360565186 -0.3487096428871155 0.9149171113967896 0.9698866605758667 0.0654853880405426 -0.21464069187641144 -0.0946611613035202
redkitchen/seq-14/frame-000354.color.png 1.2648375034332275 -0.3545536994934082 0.9290481805801392 0.970106840133667 0.06513069570064545 -0.21278764307498932 -0.09680836647748947
redkitchen/seq-14/frame-000355.color.png 1.2502564191818237 -0.3339537978172302 0.9369570016860962 0.9709808826446533 0.05792105942964554 -0.213255375623703 -0.09145129472017288
redkitchen/seq-14/frame-000356.color.png 1.30599844455719 -0.34699299931526184 0.9774734973907471 0.9712815880775452 0.05695895105600357 -0.21128378808498383 -0.09341759234666824
redkitchen/seq-14/frame-000357.color.png 1.3671026229858398 -0.36029812693595886 0.9855173826217651 0.9753108620643616 0.06130674481391907 -0.19341397285461426 -0.08718594163656235
redkitchen/seq-14/frame-000358.color.png 1.3796252012252808 -0.3710770606994629 0.9932251572608948 0.9755628108978271 0.0555148720741272 -0.19390195608139038 -0.08716289699077606
redkitchen/seq-14/frame-000359.color.png 1.3532992601394653 -0.40570107102394104 1.0197702646255493 0.9723092913627625 0.0640672892332077 -0.2048855721950531 -0.09236805886030197
redkitchen/seq-14/frame-000360.color.png 1.3692011833190918 -0.41143009066581726 1.035030484199524 0.9716871976852417 0.0668337270617485 -0.20885013043880463 -0.087971992790699
redkitchen/seq-14/frame-000361.color.png 1.359601378440857 -0.41821053624153137 1.037347435951233 0.9711256623268127 0.06438466161489487 -0.21219554543495178 -0.08799243718385696
redkitchen/seq-14/frame-000362.color.png 1.3991366624832153 -0.4312417209148407 1.0302097797393799 0.9718477129936218 0.06029314920306206 -0.20805977284908295 -0.09267177432775497
redkitchen/seq-14/frame-000363.color.png 1.464219093322754 -0.4254235029220581 1.0469979047775269 0.9722297787666321 0.06373683363199234 -0.20551718771457672 -0.0920301154255867
redkitchen/seq-14/frame-000364.color.png 1.4508419036865234 -0.43765994906425476 1.076669692993164 0.9715551137924194 0.06027151271700859 -0.20606397092342377 -0.09992829710245132
redkitchen/seq-14/frame-000365.color.png 1.492232084274292 -0.43960586190223694 1.0910394191741943 0.9733020067214966 0.05960283428430557 -0.19900691509246826 -0.0976070836186409
redkitchen/seq-14/frame-000366.color.png 1.4650801420211792 -0.45271551609039307 1.1112964153289795 0.9716034531593323 0.05949345603585243 -0.207439124584198 -0.09703799337148666
redkitchen/seq-14/frame-000367.color.png 1.4985917806625366 -0.4586639106273651 1.1220978498458862 0.9702881574630737 0.06018999591469765 -0.2137342393398285 -0.09610302746295929
redkitchen/seq-14/frame-000368.color.png 1.4647552967071533 -0.4576822817325592 1.122440218925476 0.9724625945091248 0.06051497161388397 -0.2036380171775818 -0.09584430605173111
redkitchen/seq-14/frame-000369.color.png 1.4935343265533447 -0.45608392357826233 1.14326810836792 0.9730930924415588 0.06386370211839676 -0.20108024775981903 -0.09261814504861832
redkitchen/seq-14/frame-000370.color.png 1.5304924249649048 -0.4423067569732666 1.1290751695632935 0.9774557948112488 0.06229230388998985 -0.18262286484241486 -0.08572541177272797
redkitchen/seq-14/frame-000371.color.png 1.53187096118927 -0.45659881830215454 1.1508640050888062 0.9768332242965698 0.06636201590299606 -0.18696114420890808 -0.0802401453256607
redkitchen/seq-14/frame-000372.color.png 1.5236486196517944 -0.4735336899757385 1.1482983827590942 0.9789003133773804 0.06695303320884705 -0.17908430099487305 -0.07211320102214813
redkitchen/seq-14/frame-000373.color.png 1.5528994798660278 -0.4718915820121765 1.1651514768600464 0.9809665679931641 0.06694880872964859 -0.16814087331295013 -0.07036452740430832
redkitchen/seq-14/frame-000374.color.png 1.5525585412979126 -0.49504393339157104 1.1651214361190796 0.9811010360717773 0.07089456170797348 -0.16689537465572357 -0.06753264367580414
redkitchen/seq-14/frame-000375.color.png 1.5525585412979126 -0.49504393339157104 1.1651214361190796 0.9811010360717773 0.07089456170797348 -0.16689537465572357 -0.06753264367580414
redkitchen/seq-14/frame-000376.color.png 1.5548964738845825 -0.5099478960037231 1.1755236387252808 0.9810066223144531 0.07393132150173187 -0.16899052262306213 -0.060018736869096756
redkitchen/seq-14/frame-000377.color.png 1.5744343996047974 -0.5142635703086853 1.1865923404693604 0.9797273874282837 0.07796928286552429 -0.17569638788700104 -0.056444015353918076
redkitchen/seq-14/frame-000378.color.png 1.5600279569625854 -0.5159516930580139 1.1832174062728882 0.9801035523414612 0.07847301661968231 -0.17398610711097717 -0.054476913064718246
redkitchen/seq-14/frame-000379.color.png 1.542716145515442 -0.488209068775177 1.1886324882507324 0.9834291934967041 0.073623888194561 -0.15739747881889343 -0.05169590935111046
redkitchen/seq-14/frame-000380.color.png 1.542716145515442 -0.488209068775177 1.1886324882507324 0.9834291934967041 0.073623888194561 -0.15739747881889343 -0.05169590935111046
redkitchen/seq-14/frame-000381.color.png 1.525955319404602 -0.48966002464294434 1.181723713874817 0.9836084842681885 0.06979751586914062 -0.1616811454296112 -0.038753557950258255
redkitchen/seq-14/frame-000382.color.png 1.5490168333053589 -0.4687504172325134 1.1603254079818726 0.9814149141311646 0.08310221135616302 -0.16979816555976868 -0.03297509253025055
redkitchen/seq-14/frame-000383.color.png 1.5451828241348267 -0.4816650152206421 1.1822775602340698 0.9863904118537903 0.08632864058017731 -0.13768133521080017 -0.024999888613820076
redkitchen/seq-14/frame-000384.color.png 1.5252685546875 -0.4896928668022156 1.1662484407424927 0.9861932992935181 0.08710626512765884 -0.14010676741600037 -0.01432536356151104
redkitchen/seq-14/frame-000385.color.png 1.5289044380187988 -0.4864683747291565 1.1729432344436646 0.989113986492157 0.08184559643268585 -0.12176292389631271 -0.011338037438690662
redkitchen/seq-14/frame-000386.color.png 1.4384572505950928 -0.5325942039489746 1.205973744392395 0.9892807602882385 0.07852328568696976 -0.12307659536600113 -0.0031373912934213877
redkitchen/seq-14/frame-000387.color.png 1.4384572505950928 -0.5325942039489746 1.205973744392395 0.9892807602882385 0.07852328568696976 -0.12307659536600113 -0.0031373912934213877
redkitchen/seq-14/frame-000388.color.png 1.3388813734054565 -0.566365122795105 1.229350209236145 0.9874901175498962 0.08020925521850586 -0.1356312483549118 0.0058032250963151455
redkitchen/seq-14/frame-000389.color.png 1.3310202360153198 -0.5406044125556946 1.2426096200942993 0.9883131384849548 0.08096164464950562 -0.1288282871246338 0.009259751066565514
redkitchen/seq-14/frame-000390.color.png 1.320631742477417 -0.5307591557502747 1.250296950340271 0.9901949763298035 0.08118042349815369 -0.11277906596660614 0.014297902584075928
redkitchen/seq-14/frame-000391.color.png 1.346179723739624 -0.537636399269104 1.247004747390747 0.9897463321685791 0.08235612511634827 -0.11593247950077057 0.013400169089436531
redkitchen/seq-14/frame-000392.color.png 1.346179723739624 -0.537636399269104 1.247004747390747 0.9897463321685791 0.08235612511634827 -0.11593247950077057 0.013400169089436531
redkitchen/seq-14/frame-000393.color.png 1.2397303581237793 -0.5415125489234924 1.2548657655715942 0.9897030591964722 0.08353452384471893 -0.11495520174503326 0.01718277856707573
redkitchen/seq-14/frame-000394.color.png 1.1538578271865845 -0.5454027056694031 1.252126693725586 0.9896641373634338 0.08133047074079514 -0.1157572939991951 0.023465780541300774
redkitchen/seq-14/frame-000395.color.png 1.035563588142395 -0.5582347512245178 1.2701400518417358 0.9890819191932678 0.08579481393098831 -0.11603962630033493 0.029847271740436554
redkitchen/seq-14/frame-000396.color.png 1.0486010313034058 -0.5571231245994568 1.279630422592163 0.9889310002326965 0.08633984625339508 -0.11551576852798462 0.03488481789827347
redkitchen/seq-14/frame-000397.color.png 1.0486010313034058 -0.5571231245994568 1.279630422592163 0.9889310002326965 0.08633984625339508 -0.11551576852798462 0.03488481789827347
redkitchen/seq-14/frame-000398.color.png 0.9887747168540955 -0.5417249798774719 1.2759442329406738 0.9883357882499695 0.09036276489496231 -0.11673862487077713 0.03740186616778374
redkitchen/seq-14/frame-000399.color.png 0.9697507619857788 -0.5393805503845215 1.2866456508636475 0.9874624013900757 0.09855015575885773 -0.11677886545658112 0.039603523910045624
redkitchen/seq-14/frame-000400.color.png 0.9128270149230957 -0.543157696723938 1.3026777505874634 0.9888200759887695 0.09855962544679642 -0.10244231671094894 0.045016828924417496
redkitchen/seq-14/frame-000401.color.png 0.8915079236030579 -0.5339051485061646 1.2957255840301514 0.989555299282074 0.09745360910892487 -0.09625449776649475 0.04492421820759773
redkitchen/seq-14/frame-000402.color.png 0.8915079236030579 -0.5339051485061646 1.2957255840301514 0.989555299282074 0.09745360910892487 -0.09625449776649475 0.04492421820759773
redkitchen/seq-14/frame-000403.color.png 0.8731621503829956 -0.5495986938476562 1.3081692457199097 0.9885964393615723 0.09677675366401672 -0.10443033277988434 0.049047354608774185
redkitchen/seq-14/frame-000404.color.png 0.8202461004257202 -0.5478664040565491 1.312575340270996 0.9879378080368042 0.09974513947963715 -0.10545392334461212 0.05393865332007408
redkitchen/seq-14/frame-000405.color.png 0.7948012351989746 -0.5578600764274597 1.3352177143096924 0.9888467192649841 0.09776957333087921 -0.09915710240602493 0.05283012241125107
redkitchen/seq-14/frame-000406.color.png 0.7948012351989746 -0.5578600764274597 1.3352177143096924 0.9888467192649841 0.09776957333087921 -0.09915710240602493 0.05283012241125107
redkitchen/seq-14/frame-000407.color.png 0.7878617644309998 -0.5552806854248047 1.3344274759292603 0.9879208207130432 0.10812167823314667 -0.09845039248466492 0.05127931386232376
redkitchen/seq-14/frame-000408.color.png 0.7550305128097534 -0.5645522475242615 1.3349064588546753 0.9877906441688538 0.10684606432914734 -0.10073744505643845 0.052011631429195404
redkitchen/seq-14/frame-000409.color.png 0.7816416621208191 -0.5658806562423706 1.3343859910964966 0.9869639277458191 0.10814197361469269 -0.1078760176897049 0.05069621279835701
redkitchen/seq-14/frame-000410.color.png 0.7816416621208191 -0.5658806562423706 1.3343859910964966 0.9869639277458191 0.10814197361469269 -0.1078760176897049 0.05069621279835701
redkitchen/seq-14/frame-000411.color.png 0.7665038704872131 -0.5762462615966797 1.3546147346496582 0.9857088923454285 0.11117866635322571 -0.1165095642209053 0.04942483454942703
redkitchen/seq-14/frame-000412.color.png 0.7537593245506287 -0.561837375164032 1.3432786464691162 0.9857099056243896 0.10833736509084702 -0.1192033588886261 0.04929190129041672
redkitchen/seq-14/frame-000413.color.png 0.7620876431465149 -0.5508607625961304 1.3459267616271973 0.9857115149497986 0.10027072578668594 -0.12638802826404572 0.0484197624027729
redkitchen/seq-14/frame-000414.color.png 0.7620876431465149 -0.5508607625961304 1.3459267616271973 0.9857115149497986 0.10027072578668594 -0.12638802826404572 0.0484197624027729
redkitchen/seq-14/frame-000415.color.png 0.7396522760391235 -0.5622904300689697 1.3464795351028442 0.9850828051567078 0.09534736722707748 -0.13550157845020294 0.04647606238722801
redkitchen/seq-14/frame-000416.color.png 0.745781660079956 -0.5666109323501587 1.3616694211959839 0.9845978617668152 0.09756798297166824 -0.13873730599880219 0.04242062196135521
redkitchen/seq-14/frame-000417.color.png 0.7777290940284729 -0.5688855648040771 1.3718628883361816 0.9830169677734375 0.10413481295108795 -0.14602315425872803 0.03886798769235611
redkitchen/seq-14/frame-000418.color.png 0.7777290940284729 -0.5688855648040771 1.3718628883361816 0.9830169677734375 0.10413481295108795 -0.14602315425872803 0.03886798769235611
redkitchen/seq-14/frame-000419.color.png 0.7889363169670105 -0.5687615871429443 1.38226318359375 0.9802806377410889 0.10335652530193329 -0.16472949087619781 0.035094063729047775
redkitchen/seq-14/frame-000420.color.png 0.7755212187767029 -0.5713978409767151 1.3864994049072266 0.9767370820045471 0.09789851307868958 -0.18696987628936768 0.03798506408929825
redkitchen/seq-14/frame-000421.color.png 0.7245730757713318 -0.5769318342208862 1.3812148571014404 0.9780016541481018 0.10245529562234879 -0.17738285660743713 0.03938179090619087
redkitchen/seq-14/frame-000422.color.png 0.7038152813911438 -0.5806547403335571 1.368874192237854 0.9764093160629272 0.10281620174646378 -0.18597154319286346 0.03831896930932999
redkitchen/seq-14/frame-000423.color.png 0.6891281008720398 -0.5777219533920288 1.376686453819275 0.9746540188789368 0.09728220850229263 -0.19785964488983154 0.03790903091430664
redkitchen/seq-14/frame-000424.color.png 0.6891281008720398 -0.5777219533920288 1.376686453819275 0.9746540188789368 0.09728220850229263 -0.19785964488983154 0.03790903091430664
redkitchen/seq-14/frame-000425.color.png 0.6889256834983826 -0.5756676197052002 1.3680081367492676 0.975663959980011 0.09739070385694504 -0.19209977984428406 0.0411405973136425
redkitchen/seq-14/frame-000426.color.png 0.659060537815094 -0.576566219329834 1.377151608467102 0.9722369313240051 0.10021744668483734 -0.2064516693353653 0.0457114540040493
redkitchen/seq-14/frame-000427.color.png 0.6381002068519592 -0.5634275078773499 1.3760511875152588 0.9736777544021606 0.09590597450733185 -0.19724689424037933 0.0620274543762207
redkitchen/seq-14/frame-000428.color.png 0.6246402263641357 -0.5662012696266174 1.3706152439117432 0.9734107851982117 0.0886271595954895 -0.20127809047698975 0.06406213343143463
redkitchen/seq-14/frame-000429.color.png 0.6246402263641357 -0.5662012696266174 1.3706152439117432 0.9734107851982117 0.0886271595954895 -0.20127809047698975 0.06406213343143463
redkitchen/seq-14/frame-000430.color.png 0.611228883266449 -0.5706029534339905 1.3619811534881592 0.9724745750427246 0.08218543976545334 -0.20542754232883453 0.07306171208620071
redkitchen/seq-14/frame-000431.color.png 0.5752192139625549 -0.565280020236969 1.3426979780197144 0.970134437084198 0.09614863991737366 -0.20676551759243011 0.0827207863330841
redkitchen/seq-14/frame-000432.color.png 0.5657459497451782 -0.5663789510726929 1.3249974250793457 0.9672777652740479 0.07769116014242172 -0.22180382907390594 0.09560839086771011
redkitchen/seq-14/frame-000433.color.png 0.5548938512802124 -0.5565610527992249 1.3211698532104492 0.9633039236068726 0.07808677852153778 -0.23902000486850739 0.09389995783567429
redkitchen/seq-14/frame-000434.color.png 0.54532790184021 -0.55708909034729 1.3025171756744385 0.9604975581169128 0.06468275934457779 -0.24764063954353333 0.10924563556909561
redkitchen/seq-14/frame-000435.color.png 0.5312743782997131 -0.5524956583976746 1.2777822017669678 0.9555015563964844 0.06367509067058563 -0.26501932740211487 0.11281339824199677
redkitchen/seq-14/frame-000436.color.png 0.5340869426727295 -0.554394543170929 1.2842577695846558 0.9543243646621704 0.060536108911037445 -0.26531440019607544 0.12332404404878616
redkitchen/seq-14/frame-000437.color.png 0.531526505947113 -0.5491780042648315 1.2882401943206787 0.9520670175552368 0.06827681511640549 -0.26842641830444336 0.12982279062271118
redkitchen/seq-14/frame-000438.color.png 0.546256959438324 -0.5452713370323181 1.2814381122589111 0.9487236142158508 0.05950513854622841 -0.2802945673465729 0.1334821879863739
redkitchen/seq-14/frame-000439.color.png 0.5332728624343872 -0.5491838455200195 1.2966960668563843 0.947058379650116 0.06213710457086563 -0.28362154960632324 0.13703413307666779
redkitchen/seq-14/frame-000440.color.png 0.5297249555587769 -0.5455820560455322 1.3075628280639648 0.9496209621429443 0.052929118275642395 -0.276298850774765 0.13812041282653809
redkitchen/seq-14/frame-000441.color.png 0.5402383804321289 -0.5407701134681702 1.299527645111084 0.9479221105575562 0.046800222247838974 -0.27231234312057495 0.1584283411502838
redkitchen/seq-14/frame-000442.color.png 0.5259162783622742 -0.5361698865890503 1.2795186042785645 0.9434066414833069 0.04719410464167595 -0.284925252199173 0.16301603615283966
redkitchen/seq-14/frame-000443.color.png 0.5142896771430969 -0.5383264422416687 1.2851357460021973 0.9383874535560608 0.03362652659416199 -0.3028765320777893 0.16298462450504303
redkitchen/seq-14/frame-000444.color.png 0.5036028027534485 -0.53578120470047 1.2713419198989868 0.9333249926567078 0.022811725735664368 -0.3156685531139374 0.16952160000801086
redkitchen/seq-14/frame-000445.color.png 0.4900892674922943 -0.5346866846084595 1.2741183042526245 0.9323996901512146 0.011931137181818485 -0.32362064719200134 0.16049356758594513
redkitchen/seq-14/frame-000446.color.png 0.47836342453956604 -0.5371856689453125 1.2761180400848389 0.9339353442192078 0.018721671774983406 -0.3195143938064575 0.15913765132427216
redkitchen/seq-14/frame-000447.color.png 0.48002591729164124 -0.5391796827316284 1.2741032838821411 0.9375169277191162 0.019620826467871666 -0.3078727424144745 0.16090752184391022
redkitchen/seq-14/frame-000448.color.png 0.48524314165115356 -0.5364642143249512 1.2702361345291138 0.9325228929519653 0.01404817495495081 -0.3234066963195801 0.16003675758838654
redkitchen/seq-14/frame-000449.color.png 0.4824521243572235 -0.5393430590629578 1.2732746601104736 0.9354182481765747 0.017404187470674515 -0.3171774744987488 0.15520375967025757
redkitchen/seq-14/frame-000450.color.png 0.47570011019706726 -0.5399633049964905 1.2654752731323242 0.9361186027526855 0.021158011630177498 -0.3115302622318268 0.16181178390979767
redkitchen/seq-14/frame-000451.color.png 0.47308310866355896 -0.5388664603233337 1.2624226808547974 0.9360325336456299 0.027522388845682144 -0.30993011593818665 0.1644049435853958
redkitchen/seq-14/frame-000452.color.png 0.46732792258262634 -0.5356073975563049 1.2589572668075562 0.9331143498420715 0.028228184208273888 -0.3212223947048187 0.15911322832107544
redkitchen/seq-14/frame-000453.color.png 0.4711126983165741 -0.5359772443771362 1.2558592557907104 0.9290890693664551 0.019022174179553986 -0.3294193148612976 0.16707678139209747
redkitchen/seq-14/frame-000454.color.png 0.463535875082016 -0.5350828766822815 1.2437069416046143 0.933576762676239 0.027971554547548294 -0.31289544701576233 0.1724775731563568
redkitchen/seq-14/frame-000455.color.png 0.46189096570014954 -0.5315991640090942 1.2466963529586792 0.9363345503807068 0.035625699907541275 -0.3029191792011261 0.17392079532146454
redkitchen/seq-14/frame-000456.color.png 0.46053582429885864 -0.5312519669532776 1.2527209520339966 0.9350700974464417 0.03627486526966095 -0.30772820115089417 0.17213785648345947
redkitchen/seq-14/frame-000457.color.png 0.45778071880340576 -0.528971791267395 1.2416915893554688 0.9337875247001648 0.03799283131957054 -0.3125527501106262 0.1700243204832077
redkitchen/seq-14/frame-000458.color.png 0.4547484219074249 -0.5261702537536621 1.2371972799301147 0.9381002187728882 0.03729551285505295 -0.30081871151924133 0.167586088180542
redkitchen/seq-14/frame-000459.color.png 0.4536608159542084 -0.5246679186820984 1.237353801727295 0.9368675947189331 0.03544623777270317 -0.30675387382507324 0.16408729553222656
redkitchen/seq-14/frame-000460.color.png 0.454191118478775 -0.5271313786506653 1.2341203689575195 0.9364584684371948 0.03459181636571884 -0.3065095841884613 0.16703547537326813
redkitchen/seq-14/frame-000461.color.png 0.44781991839408875 -0.5195784568786621 1.219160556793213 0.9355207681655884 0.031484104692935944 -0.3101743757724762 0.16613712906837463
redkitchen/seq-14/frame-000462.color.png 0.4519505798816681 -0.5224218368530273 1.2244222164154053 0.9402543902397156 0.035285357385873795 -0.30050966143608093 0.15611059963703156
redkitchen/seq-14/frame-000463.color.png 0.44808244705200195 -0.5225963592529297 1.2150577306747437 0.9377880692481995 0.032553039491176605 -0.30787405371665955 0.15718577802181244
redkitchen/seq-14/frame-000464.color.png 0.4468380808830261 -0.5235662460327148 1.2140499353408813 0.9416304230690002 0.02988390251994133 -0.2997046113014221 0.1503869593143463
redkitchen/seq-14/frame-000465.color.png 0.4448305666446686 -0.5218940377235413 1.213666558265686 0.9453348517417908 0.02521141618490219 -0.29311320185661316 0.14068080484867096
redkitchen/seq-14/frame-000466.color.png 0.44747045636177063 -0.522486686706543 1.2180343866348267 0.948887288570404 0.027844134718179703 -0.28005117177963257 0.14285968244075775
redkitchen/seq-14/frame-000467.color.png 0.45692139863967896 -0.5184476375579834 1.2139195203781128 0.9473974704742432 0.023808157071471214 -0.28844544291496277 0.13663902878761292
redkitchen/seq-14/frame-000468.color.png 0.4638794958591461 -0.5115382075309753 1.2081434726715088 0.949120819568634 0.025822186842560768 -0.2845488488674164 0.1324194371700287
redkitchen/seq-14/frame-000469.color.png 0.47108009457588196 -0.5126947164535522 1.2071508169174194 0.9494796991348267 0.025148561224341393 -0.2898831367492676 0.11757377535104752
redkitchen/seq-14/frame-000470.color.png 0.47034353017807007 -0.5129930377006531 1.191023588180542 0.9518921375274658 0.01310247927904129 -0.2843879759311676 0.11337167024612427
redkitchen/seq-14/frame-000471.color.png 0.4696614146232605 -0.5105639696121216 1.189234972000122 0.9531643390655518 0.011543245986104012 -0.28474363684654236 0.10131950676441193
redkitchen/seq-14/frame-000472.color.png 0.4757688343524933 -0.5007420182228088 1.184722900390625 0.949796736240387 0.0062345825135707855 -0.29857924580574036 0.09326192736625671
redkitchen/seq-14/frame-000473.color.png 0.47371891140937805 -0.49947965145111084 1.1835676431655884 0.9513325095176697 0.001127293216995895 -0.29638591408729553 0.08438308537006378
redkitchen/seq-14/frame-000474.color.png 0.4777243137359619 -0.499578595161438 1.1838949918746948 0.9529351592063904 0.008698176592588425 -0.29363030195236206 0.07496821135282516
redkitchen/seq-14/frame-000475.color.png 0.47919750213623047 -0.4942055344581604 1.1771140098571777 0.9552196264266968 0.007734352257102728 -0.2884722650051117 0.06541731208562851
redkitchen/seq-14/frame-000476.color.png 0.48266860842704773 -0.4980890154838562 1.1858686208724976 0.9579674601554871 0.00993084255605936 -0.2812178432941437 0.055823925882577896
redkitchen/seq-14/frame-000477.color.png 0.48605138063430786 -0.4955044388771057 1.1827337741851807 0.955768346786499 0.01864088512957096 -0.28978317975997925 0.0467446930706501
redkitchen/seq-14/frame-000478.color.png 0.48944830894470215 -0.49200010299682617 1.174294352531433 0.952730655670166 0.021088680252432823 -0.30053749680519104 0.0392034612596035
redkitchen/seq-14/frame-000479.color.png 0.4964776635169983 -0.48448193073272705 1.178044319152832 0.9503819942474365 0.022653531283140182 -0.3090123236179352 0.027786632999777794
redkitchen/seq-14/frame-000480.color.png 0.5056456327438354 -0.4787721633911133 1.1744064092636108 0.9500577449798584 0.02216162160038948 -0.3108466565608978 0.016539568081498146
redkitchen/seq-14/frame-000481.color.png 0.5105591416358948 -0.47198158502578735 1.1628488302230835 0.9489174485206604 0.02775237150490284 -0.3142423927783966 0.006090626586228609
redkitchen/seq-14/frame-000482.color.png 0.509147047996521 -0.47004228830337524 1.1647001504898071 0.9481625556945801 0.03595193848013878 -0.31569963693618774 -0.005383937153965235
redkitchen/seq-14/frame-000483.color.png 0.517442524433136 -0.45729535818099976 1.1664636135101318 0.9449676871299744 0.042066607624292374 -0.323882520198822 -0.019145000725984573
redkitchen/seq-14/frame-000484.color.png 0.5256326794624329 -0.45016318559646606 1.1472736597061157 0.9437751770019531 0.04200637340545654 -0.32633572816848755 -0.03207981586456299
redkitchen/seq-14/frame-000485.color.png 0.5183711647987366 -0.4544360339641571 1.1483855247497559 0.9442260265350342 0.05041142553091049 -0.32318976521492004 -0.03800317272543907
redkitchen/seq-14/frame-000486.color.png 0.5342674851417542 -0.4496501684188843 1.1438239812850952 0.9418367147445679 0.05433657020330429 -0.32817935943603516 -0.04784858226776123
redkitchen/seq-14/frame-000487.color.png 0.5446064472198486 -0.4382362365722656 1.1234666109085083 0.9428756833076477 0.055135488510131836 -0.3242728114128113 -0.05284535139799118
redkitchen/seq-14/frame-000488.color.png 0.5467789173126221 -0.43767091631889343 1.111667275428772 0.9404517412185669 0.06563923507928848 -0.3283003866672516 -0.05882919952273369
redkitchen/seq-14/frame-000489.color.png 0.5393006801605225 -0.4300842583179474 1.0961352586746216 0.941889226436615 0.06334982812404633 -0.3222235441207886 -0.07073555886745453
redkitchen/seq-14/frame-000490.color.png 0.5168169736862183 -0.4421349763870239 1.0991508960723877 0.9395568370819092 0.06932966411113739 -0.32557615637779236 -0.08016452193260193
redkitchen/seq-14/frame-000491.color.png 0.5251784920692444 -0.43319207429885864 1.081711769104004 0.9383043050765991 0.07972057163715363 -0.3235647976398468 -0.09238757938146591
redkitchen/seq-14/frame-000492.color.png 0.5376629829406738 -0.44031569361686707 1.0849196910858154 0.9361773729324341 0.07911557704210281 -0.32775914669036865 -0.0994303748011589
redkitchen/seq-14/frame-000493.color.png 0.5649936199188232 -0.4325243830680847 1.0678733587265015 0.932512104511261 0.07681463658809662 -0.33208778500556946 -0.1193244680762291
redkitchen/seq-14/frame-000494.color.png 0.5732836723327637 -0.43008244037628174 1.0631763935089111 0.9326087236404419 0.08119669556617737 -0.32826346158981323 -0.1260603964328766
redkitchen/seq-14/frame-000495.color.png 0.5680445432662964 -0.4265426993370056 1.0395679473876953 0.9298699498176575 0.08379989862442017 -0.3318344056606293 -0.13492748141288757
redkitchen/seq-14/frame-000496.color.png 0.5355070233345032 -0.4287840723991394 1.0386601686477661 0.9272245168685913 0.08883142471313477 -0.3296888470649719 -0.1538468450307846
redkitchen/seq-14/frame-000497.color.png 0.49509117007255554 -0.42492204904556274 1.0231722593307495 0.9294396638870239 0.09455189108848572 -0.3123100697994232 -0.1722329705953598
redkitchen/seq-14/frame-000498.color.png 0.4840628504753113 -0.42777732014656067 1.0250792503356934 0.9288676977157593 0.09571896493434906 -0.3032938539981842 -0.1898825466632843
redkitchen/seq-14/frame-000499.color.png 0.49385884404182434 -0.43219053745269775 1.0167285203933716 0.9343149662017822 0.10197316110134125 -0.2802067995071411 -0.19529791176319122
redkitchen/seq-14/frame-000500.color.png 0.4794295132160187 -0.4505901336669922 1.0248624086380005 0.9353509545326233 0.10813884437084198 -0.27278321981430054 -0.19751907885074615
redkitchen/seq-14/frame-000501.color.png 0.48646342754364014 -0.4590136408805847 1.0294023752212524 0.9249267578125 0.1086370199918747 -0.29261210560798645 -0.21699394285678864
redkitchen/seq-14/frame-000502.color.png 0.4834219217300415 -0.4648377001285553 1.0277435779571533 0.9192600250244141 0.12509462237358093 -0.27947795391082764 -0.2473951131105423
redkitchen/seq-14/frame-000503.color.png 0.45074793696403503 -0.45470184087753296 1.0373963117599487 0.9234326481819153 0.12539421021938324 -0.2674520015716553 -0.24498513340950012
redkitchen/seq-14/frame-000504.color.png 0.44174131751060486 -0.4592747986316681 1.0653254985809326 0.9173864722251892 0.13358351588249207 -0.2862536907196045 -0.24210815131664276
redkitchen/seq-14/frame-000505.color.png 0.44284626841545105 -0.4865075349807739 1.0871448516845703 0.9092802405357361 0.13977795839309692 -0.2976064682006836 -0.2551514208316803
redkitchen/seq-14/frame-000506.color.png 0.421112984418869 -0.4772787094116211 1.0981897115707397 0.9023532271385193 0.14496125280857086 -0.3119264841079712 -0.25970467925071716
redkitchen/seq-14/frame-000507.color.png 0.4341488182544708 -0.4982752799987793 1.133232593536377 0.8977739810943604 0.14805306494235992 -0.3177111744880676 -0.26672428846359253
redkitchen/seq-14/frame-000508.color.png 0.4259438216686249 -0.5042218565940857 1.1509841680526733 0.8910802006721497 0.15567146241664886 -0.32236289978027344 -0.2789705693721771
redkitchen/seq-14/frame-000509.color.png 0.4410191476345062 -0.5217140913009644 1.1784522533416748 0.8897053003311157 0.1631484180688858 -0.3200136423110962 -0.2817772626876831
redkitchen/seq-14/frame-000510.color.png 0.422554075717926 -0.5245911478996277 1.181176781654358 0.8808155655860901 0.17836503684520721 -0.33297088742256165 -0.28544726967811584
redkitchen/seq-14/frame-000511.color.png 0.42867404222488403 -0.5292861461639404 1.184330940246582 0.8828615546226501 0.17831724882125854 -0.31907525658607483 -0.29487207531929016
redkitchen/seq-14/frame-000512.color.png 0.41903114318847656 -0.5388769507408142 1.1978273391723633 0.868145763874054 0.18459413945674896 -0.33611294627189636 -0.3150809407234192
redkitchen/seq-14/frame-000513.color.png 0.4309423565864563 -0.5433242917060852 1.206630825996399 0.8676638603210449 0.18221601843833923 -0.3432474136352539 -0.31006088852882385
redkitchen/seq-14/frame-000514.color.png 0.4231729805469513 -0.542384922504425 1.2131072282791138 0.8525751829147339 0.19257593154907227 -0.37129345536231995 -0.3133229911327362
redkitchen/seq-14/frame-000515.color.png 0.4372672140598297 -0.5493270754814148 1.2158743143081665 0.8483092188835144 0.1959814876317978 -0.3768154978752136 -0.31618472933769226
redkitchen/seq-14/frame-000516.color.png 0.4339625835418701 -0.5488801002502441 1.2115256786346436 0.8695504665374756 0.15203621983528137 -0.3564750850200653 -0.3060924708843231
redkitchen/seq-14/frame-000517.color.png 0.4089873731136322 -0.54017573595047 1.1937936544418335 0.8691681623458862 0.155808225274086 -0.34418123960494995 -0.3190765082836151
redkitchen/seq-14/frame-000518.color.png 0.4252989888191223 -0.5443578958511353 1.2037014961242676 0.8480527400970459 0.18849430978298187 -0.37300971150398254 -0.325791597366333
redkitchen/seq-14/frame-000519.color.png 0.44620317220687866 -0.5485826730728149 1.2047131061553955 0.8602160215377808 0.1751023232936859 -0.34903717041015625 -0.3279338777065277
redkitchen/seq-14/frame-000520.color.png 0.4299960732460022 -0.5521579384803772 1.2084509134292603 0.8608382940292358 0.1783171147108078 -0.3456524908542633 -0.328153520822525
redkitchen/seq-14/frame-000521.color.png 0.4261780083179474 -0.5510563254356384 1.201865315437317 0.8668977618217468 0.15909099578857422 -0.3390255570411682 -0.328998327255249
redkitchen/seq-14/frame-000522.color.png 0.42157360911369324 -0.5523807406425476 1.2115702629089355 0.8712447881698608 0.15702934563159943 -0.3247615694999695 -0.3328728675842285
redkitchen/seq-14/frame-000523.color.png 0.4505775570869446 -0.5615000128746033 1.2369898557662964 0.8705607652664185 0.1615048050880432 -0.32046908140182495 -0.3366594910621643
redkitchen/seq-14/frame-000524.color.png 0.4385072588920593 -0.5624935626983643 1.2387080192565918 0.8531851172447205 0.1775810569524765 -0.34947875142097473 -0.3440997898578644
redkitchen/seq-14/frame-000525.color.png 0.44239678978919983 -0.5569532513618469 1.2391589879989624 0.8563205003738403 0.17464739084243774 -0.34722375869750977 -0.34007197618484497
redkitchen/seq-14/frame-000526.color.png 0.43332502245903015 -0.5570065975189209 1.2422785758972168 0.8452080488204956 0.17486512660980225 -0.3661503195762634 -0.347821444272995
redkitchen/seq-14/frame-000527.color.png 0.43629804253578186 -0.5573112368583679 1.2374266386032104 0.8407156467437744 0.1895115226507187 -0.3703984022140503 -0.34653669595718384
redkitchen/seq-14/frame-000528.color.png 0.42804452776908875 -0.5566021800041199 1.2376809120178223 0.8373446464538574 0.19154956936836243 -0.3851000666618347 -0.3374324440956116
redkitchen/seq-14/frame-000529.color.png 0.4341868460178375 -0.5598406791687012 1.2425836324691772 0.815945029258728 0.21064847707748413 -0.41613343358039856 -0.3416050970554352
redkitchen/seq-14/frame-000530.color.png 0.4345039427280426 -0.5556521415710449 1.2286367416381836 0.8081976175308228 0.2131596952676773 -0.4337204694747925 -0.3365502953529358
redkitchen/seq-14/frame-000531.color.png 0.44311589002609253 -0.5572896599769592 1.234460473060608 0.8067975640296936 0.21434669196605682 -0.4358954429626465 -0.33634552359580994
redkitchen/seq-14/frame-000532.color.png 0.4478563964366913 -0.5568040013313293 1.2425793409347534 0.8095129728317261 0.2166566401720047 -0.43491315841674805 -0.3295438587665558
redkitchen/seq-14/frame-000533.color.png 0.4429820477962494 -0.5547589659690857 1.259504795074463 0.7951561212539673 0.21971948444843292 -0.4639621078968048 -0.3227837383747101
redkitchen/seq-14/frame-000534.color.png 0.4448639452457428 -0.5528871417045593 1.249040961265564 0.7933830618858337 0.22308829426765442 -0.4712218940258026 -0.3142051100730896
redkitchen/seq-14/frame-000535.color.png 0.4410409927368164 -0.5531703233718872 1.2384185791015625 0.7857588529586792 0.217561274766922 -0.48445114493370056 -0.3171078562736511
redkitchen/seq-14/frame-000536.color.png 0.4379262328147888 -0.5462667942047119 1.2405883073806763 0.7899326086044312 0.21908745169639587 -0.47752535343170166 -0.31619083881378174
redkitchen/seq-14/frame-000537.color.png 0.4454861581325531 -0.5501599311828613 1.2471225261688232 0.7937911748886108 0.21361443400382996 -0.4791247844696045 -0.30774009227752686
redkitchen/seq-14/frame-000538.color.png 0.44020402431488037 -0.5460656881332397 1.2399718761444092 0.7879073023796082 0.21657678484916687 -0.48698925971984863 -0.30844467878341675
redkitchen/seq-14/frame-000539.color.png 0.4498002827167511 -0.5437224507331848 1.2313084602355957 0.7772635221481323 0.2173372358083725 -0.5025660991668701 -0.30992478132247925
redkitchen/seq-14/frame-000540.color.png 0.46555230021476746 -0.5332806706428528 1.2199243307113647 0.7878424525260925 0.20646630227565765 -0.4900974929332733 -0.3106129765510559
redkitchen/seq-14/frame-000541.color.png 0.47349587082862854 -0.5304569602012634 1.2236671447753906 0.7981815934181213 0.1920691877603531 -0.4839392900466919 -0.3030152916908264
redkitchen/seq-14/frame-000542.color.png 0.4586119055747986 -0.528257429599762 1.218058466911316 0.7827471494674683 0.19188736379146576 -0.5078054666519165 -0.30433526635169983
redkitchen/seq-14/frame-000543.color.png 0.46525508165359497 -0.5248795747756958 1.227502703666687 0.7779128551483154 0.19045576453208923 -0.5165783166885376 -0.3028613030910492
redkitchen/seq-14/frame-000544.color.png 0.4686715304851532 -0.5248799324035645 1.230597734451294 0.7883720993995667 0.18418891727924347 -0.5071747899055481 -0.2954953610897064
redkitchen/seq-14/frame-000545.color.png 0.47658395767211914 -0.5209271907806396 1.2222251892089844 0.79779052734375 0.17663520574569702 -0.4963250756263733 -0.2932431995868683
redkitchen/seq-14/frame-000546.color.png 0.514568567276001 -0.5082608461380005 1.212786316871643 0.8079557418823242 0.1638963371515274 -0.49159738421440125 -0.2804948091506958
redkitchen/seq-14/frame-000547.color.png 0.5203971266746521 -0.5161598920822144 1.2188267707824707 0.7940720319747925 0.1617380678653717 -0.5155022144317627 -0.27847403287887573
redkitchen/seq-14/frame-000548.color.png 0.5260177850723267 -0.5128339529037476 1.2245599031448364 0.79497891664505 0.16630873084068298 -0.5171018838882446 -0.27010321617126465
redkitchen/seq-14/frame-000549.color.png 0.5238237380981445 -0.5116023421287537 1.2266281843185425 0.8063116073608398 0.16368308663368225 -0.503415048122406 -0.2638988494873047
redkitchen/seq-14/frame-000550.color.png 0.5365164875984192 -0.5095589756965637 1.2287746667861938 0.8039262890815735 0.16312134265899658 -0.5077866911888123 -0.2631472647190094
redkitchen/seq-14/frame-000551.color.png 0.5419660806655884 -0.49461793899536133 1.2073047161102295 0.7948686480522156 0.16062965989112854 -0.5213749408721924 -0.26561251282691956
redkitchen/seq-14/frame-000552.color.png 0.5690521001815796 -0.49508899450302124 1.2139159440994263 0.8100394010543823 0.15127797424793243 -0.5084959864616394 -0.24976563453674316
redkitchen/seq-14/frame-000553.color.png 0.5774439573287964 -0.4992496967315674 1.227976679801941 0.8155763149261475 0.14507721364498138 -0.5058525204658508 -0.24062655866146088
redkitchen/seq-14/frame-000554.color.png 0.5779178142547607 -0.494317889213562 1.221293330192566 0.8128342032432556 0.14354930818080902 -0.5120403170585632 -0.23771575093269348
redkitchen/seq-14/frame-000555.color.png 0.5860652327537537 -0.4937474727630615 1.2078579664230347 0.8208841681480408 0.1402520090341568 -0.5007400512695312 -0.23608912527561188
redkitchen/seq-14/frame-000556.color.png 0.6022970676422119 -0.49815601110458374 1.2212684154510498 0.8359020352363586 0.1481555998325348 -0.47683191299438477 -0.22792336344718933
redkitchen/seq-14/frame-000557.color.png 0.617621123790741 -0.5001693964004517 1.2219806909561157 0.8366602063179016 0.14069513976573944 -0.4793855547904968 -0.2244863361120224
redkitchen/seq-14/frame-000558.color.png 0.6404293179512024 -0.5002963542938232 1.2128254175186157 0.8408697247505188 0.13897912204265594 -0.4739914536476135 -0.2212575227022171
redkitchen/seq-14/frame-000559.color.png 0.6684747934341431 -0.471132755279541 1.176422357559204 0.843374490737915 0.13196657598018646 -0.4754113256931305 -0.21281057596206665
redkitchen/seq-14/frame-000560.color.png 0.7105926871299744 -0.45630472898483276 1.1647905111312866 0.8442116975784302 0.12486574798822403 -0.47908666729927063 -0.20540505647659302
redkitchen/seq-14/frame-000561.color.png 0.7321233749389648 -0.4678184986114502 1.1726161241531372 0.8495633602142334 0.1256474405527115 -0.4726578891277313 -0.1976090371608734
redkitchen/seq-14/frame-000562.color.png 0.7779475450515747 -0.45445773005485535 1.1750116348266602 0.8544174432754517 0.11336646229028702 -0.466997891664505 -0.19756460189819336
redkitchen/seq-14/frame-000563.color.png 0.7614905834197998 -0.44850796461105347 1.1685963869094849 0.8517563343048096 0.10753099620342255 -0.4777613580226898 -0.1862591803073883
redkitchen/seq-14/frame-000564.color.png 0.8100124597549438 -0.43635493516921997 1.146203875541687 0.8540500998497009 0.10065324604511261 -0.47806820273399353 -0.17865696549415588
redkitchen/seq-14/frame-000565.color.png 0.8128818869590759 -0.4381570816040039 1.1428889036178589 0.856341540813446 0.09843482822179794 -0.47626957297325134 -0.17365752160549164
redkitchen/seq-14/frame-000566.color.png 0.8375709652900696 -0.4387746751308441 1.1500742435455322 0.864449143409729 0.09755197912454605 -0.46468621492385864 -0.165160670876503
redkitchen/seq-14/frame-000567.color.png 0.8369553685188293 -0.43407967686653137 1.1378060579299927 0.8610502481460571 0.09437780827283859 -0.470632940530777 -0.16789914667606354
redkitchen/seq-14/frame-000568.color.png 0.8411313891410828 -0.43796026706695557 1.1324231624603271 0.8589709997177124 0.09139864891767502 -0.47620904445648193 -0.16443870961666107
redkitchen/seq-14/frame-000569.color.png 0.8679140210151672 -0.4344402849674225 1.1386728286743164 0.8609408140182495 0.09148408472537994 -0.47572776675224304 -0.15522485971450806
redkitchen/seq-14/frame-000570.color.png 0.8572726845741272 -0.43644699454307556 1.1356570720672607 0.8635381460189819 0.08995784819126129 -0.4734002649784088 -0.1486654430627823
redkitchen/seq-14/frame-000571.color.png 0.8985236287117004 -0.43736279010772705 1.1325037479400635 0.8602808713912964 0.08811798691749573 -0.4788699448108673 -0.15111444890499115
redkitchen/seq-14/frame-000572.color.png 0.8926527500152588 -0.4384225904941559 1.12925386428833 0.8721156120300293 0.08373436331748962 -0.4614352881908417 -0.1395723968744278
redkitchen/seq-14/frame-000573.color.png 0.9074208736419678 -0.44810208678245544 1.136033058166504 0.8712403178215027 0.08231484144926071 -0.4642636179924011 -0.13646946847438812
redkitchen/seq-14/frame-000574.color.png 0.890888512134552 -0.45122531056404114 1.139902949333191 0.8710380792617798 0.08207102119922638 -0.4648520052433014 -0.13590380549430847
redkitchen/seq-14/frame-000575.color.png 0.8776146769523621 -0.4460822343826294 1.1404930353164673 0.8759571313858032 0.07925200462341309 -0.4576261341571808 -0.1303708404302597
redkitchen/seq-14/frame-000576.color.png 0.9393996596336365 -0.45097076892852783 1.1457020044326782 0.8749386072158813 0.07665303349494934 -0.4620722234249115 -0.1228659451007843
redkitchen/seq-14/frame-000577.color.png 0.8999646902084351 -0.45197564363479614 1.1352019309997559 0.8814930319786072 0.08055619150400162 -0.45020824670791626 -0.1174437552690506
redkitchen/seq-14/frame-000578.color.png 0.9002707600593567 -0.4613700807094574 1.1382184028625488 0.8880758881568909 0.06748620420694351 -0.4442633092403412 -0.09693777561187744
redkitchen/seq-14/frame-000579.color.png 0.8892142176628113 -0.46803486347198486 1.1439019441604614 0.8984649181365967 0.0630238801240921 -0.42536336183547974 -0.08862800896167755
redkitchen/seq-14/frame-000580.color.png 0.8670761585235596 -0.4814944863319397 1.1554776430130005 0.9007985591888428 0.060435615479946136 -0.42290446162223816 -0.07785341888666153
redkitchen/seq-14/frame-000581.color.png 0.8534019589424133 -0.47735175490379333 1.1476582288742065 0.9093030691146851 0.06393343210220337 -0.4070183336734772 -0.05844845622777939
redkitchen/seq-14/frame-000582.color.png 0.784347414970398 -0.47780418395996094 1.143017053604126 0.9170046448707581 0.05618469789624214 -0.39294084906578064 -0.03928309306502342
redkitchen/seq-14/frame-000583.color.png 0.7431550621986389 -0.47113582491874695 1.1343272924423218 0.9169794917106628 0.052236128598451614 -0.39481019973754883 -0.023345863446593285
redkitchen/seq-14/frame-000584.color.png 0.7058749794960022 -0.47086653113365173 1.1329939365386963 0.9123021960258484 0.050297338515520096 -0.40616706013679504 -0.014260259456932545
redkitchen/seq-14/frame-000585.color.png 0.6555652022361755 -0.47105953097343445 1.1259968280792236 0.9145128726959229 0.048548370599746704 -0.4014798402786255 -0.011100503616034985
redkitchen/seq-14/frame-000586.color.png 0.6517922282218933 -0.47062069177627563 1.1229615211486816 0.9107309579849243 0.05146488547325134 -0.4097776710987091 0.0016875641886144876
redkitchen/seq-14/frame-000587.color.png 0.6012796759605408 -0.4749212861061096 1.109776258468628 0.9158899784088135 0.05710768327116966 -0.39643043279647827 0.026968523859977722
redkitchen/seq-14/frame-000588.color.png 0.6066718697547913 -0.47904419898986816 1.1124229431152344 0.9120567440986633 0.04927708953619003 -0.40590420365333557 0.0310809463262558
redkitchen/seq-14/frame-000589.color.png 0.5853733420372009 -0.47097745537757874 1.1028438806533813 0.9058360457420349 0.05009235441684723 -0.4189266562461853 0.03810897096991539
redkitchen/seq-14/frame-000590.color.png 0.5488288998603821 -0.4762715697288513 1.0996333360671997 0.9104525446891785 0.048791445791721344 -0.4073798358440399 0.052319079637527466
redkitchen/seq-14/frame-000591.color.png 0.5146299004554749 -0.4725821614265442 1.0976701974868774 0.9107930660247803 0.049141839146614075 -0.40402382612228394 0.06932444870471954
redkitchen/seq-14/frame-000592.color.png 0.49825677275657654 -0.4764428436756134 1.0977891683578491 0.9144026041030884 0.0448153130710125 -0.3921585977077484 0.08983960747718811
redkitchen/seq-14/frame-000593.color.png 0.4919608235359192 -0.48243656754493713 1.0984705686569214 0.906783401966095 0.04487806186079979 -0.4118020236492157 0.07841464132070541
redkitchen/seq-14/frame-000594.color.png 0.4791905879974365 -0.49601221084594727 1.1207246780395508 0.9061484336853027 0.05059807375073433 -0.4109209179878235 0.08648096024990082
redkitchen/seq-14/frame-000595.color.png 0.4513983428478241 -0.4945521354675293 1.1076903343200684 0.9130155444145203 0.05050868168473244 -0.39418402314186096 0.0920361578464508
redkitchen/seq-14/frame-000596.color.png 0.4398524761199951 -0.47736093401908875 1.0761113166809082 0.9111227989196777 0.052332598716020584 -0.39521196484565735 0.10451836884021759
redkitchen/seq-14/frame-000597.color.png 0.44642946124076843 -0.48530006408691406 1.1011409759521484 0.9133997559547424 0.04690687730908394 -0.3890618681907654 0.1101432666182518
redkitchen/seq-14/frame-000598.color.png 0.44634225964546204 -0.4930228590965271 1.109157919883728 0.9107791781425476 0.04879751801490784 -0.39482513070106506 0.11051260679960251
redkitchen/seq-14/frame-000599.color.png 0.44195303320884705 -0.49139583110809326 1.1076096296310425 0.9139760732650757 0.05537577345967293 -0.38516688346862793 0.11501124501228333
redkitchen/seq-14/frame-000600.color.png 0.4304404556751251 -0.48724502325057983 1.101728916168213 0.9110119938850403 0.053925521671772 -0.3904987573623657 0.12107810378074646
redkitchen/seq-14/frame-000601.color.png 0.42822787165641785 -0.49446380138397217 1.1057257652282715 0.9148547053337097 0.0599682480096817 -0.381072074174881 0.11928433924913406
redkitchen/seq-14/frame-000602.color.png 0.40914008021354675 -0.48664671182632446 1.0904574394226074 0.9159099459648132 0.055610544979572296 -0.3799799084663391 0.1167556494474411
redkitchen/seq-14/frame-000603.color.png 0.39633873105049133 -0.49447721242904663 1.094335913658142 0.9145215749740601 0.05695972591638565 -0.38334912061691284 0.11597111821174622
redkitchen/seq-14/frame-000604.color.png 0.38945338129997253 -0.5030912160873413 1.1033719778060913 0.9178834557533264 0.05812685564160347 -0.3722914755344391 0.12453979253768921
redkitchen/seq-14/frame-000605.color.png 0.38747861981391907 -0.5066112279891968 1.1072754859924316 0.9164164662361145 0.05830584838986397 -0.3783652186393738 0.11670995503664017
redkitchen/seq-14/frame-000606.color.png 0.3777472674846649 -0.5114969611167908 1.11302649974823 0.9195719361305237 0.06476248800754547 -0.37128791213035583 0.11107867956161499
redkitchen/seq-14/frame-000607.color.png 0.3694906532764435 -0.5177115797996521 1.1158396005630493 0.9223242402076721 0.0742560625076294 -0.3623899519443512 0.11170295625925064
redkitchen/seq-14/frame-000608.color.png 0.3617956340312958 -0.5206654667854309 1.1193714141845703 0.9219009876251221 0.07319958508014679 -0.3631133437156677 0.11353085190057755
redkitchen/seq-14/frame-000609.color.png 0.3553648591041565 -0.5158995985984802 1.1143254041671753 0.9220510721206665 0.07588911056518555 -0.3626072108745575 0.11215468496084213
redkitchen/seq-14/frame-000610.color.png 0.35448023676872253 -0.5225358605384827 1.1172317266464233 0.9281256794929504 0.08091786503791809 -0.34622862935066223 0.11027568578720093
redkitchen/seq-14/frame-000611.color.png 0.34270909428596497 -0.5212813019752502 1.1168670654296875 0.931482195854187 0.07738815248012543 -0.3368853032588959 0.11340327560901642
redkitchen/seq-14/frame-000612.color.png 0.3410850167274475 -0.5203686952590942 1.1220850944519043 0.9303248524665833 0.08579462766647339 -0.34139060974121094 0.10289512574672699
redkitchen/seq-14/frame-000613.color.png 0.3454585671424866 -0.523886501789093 1.1277754306793213 0.933812141418457 0.0900639221072197 -0.3300052881240845 0.10478450357913971
redkitchen/seq-14/frame-000614.color.png 0.34722134470939636 -0.5240297317504883 1.1312912702560425 0.9329787492752075 0.08832809329032898 -0.3332917094230652 0.10327395051717758
redkitchen/seq-14/frame-000615.color.png 0.3685559034347534 -0.5282954573631287 1.1375731229782104 0.9354215264320374 0.08827444165945053 -0.32637789845466614 0.10330380499362946
redkitchen/seq-14/frame-000616.color.png 0.34749671816825867 -0.5272630453109741 1.1355249881744385 0.9462727308273315 0.0922202318906784 -0.2927676737308502 0.10173767805099487
redkitchen/seq-14/frame-000617.color.png 0.3442089855670929 -0.5279961824417114 1.134845495223999 0.9465469121932983 0.09627120196819305 -0.29260650277137756 0.09572059661149979
redkitchen/seq-14/frame-000618.color.png 0.3577249348163605 -0.5321429967880249 1.1478480100631714 0.9529954791069031 0.10313254594802856 -0.2688487768173218 0.09425263851881027
redkitchen/seq-14/frame-000619.color.png 0.3523540794849396 -0.5273693203926086 1.1516135931015015 0.9604922533035278 0.09992893785238266 -0.24665623903274536 0.08142095804214478
redkitchen/seq-14/frame-000620.color.png 0.3269999623298645 -0.5251725912094116 1.1398195028305054 0.9623985886573792 0.117186039686203 -0.23426242172718048 0.07195371389389038
redkitchen/seq-14/frame-000621.color.png 0.31426629424095154 -0.5229705572128296 1.1396687030792236 0.9652958512306213 0.11572135239839554 -0.22189494967460632 0.0746661126613617
redkitchen/seq-14/frame-000622.color.png 0.30288007855415344 -0.516000509262085 1.1431258916854858 0.9660636186599731 0.11061670631170273 -0.22127580642700195 0.07431066036224365
redkitchen/seq-14/frame-000623.color.png 0.30004048347473145 -0.5225731730461121 1.1494669914245605 0.9646238088607788 0.10806615650653839 -0.2297985851764679 0.07081829756498337
redkitchen/seq-14/frame-000624.color.png 0.2919814884662628 -0.5225067138671875 1.1482125520706177 0.9676238298416138 0.1138417050242424 -0.21064060926437378 0.07984117418527603
redkitchen/seq-14/frame-000625.color.png 0.29417163133621216 -0.5247713327407837 1.1444348096847534 0.9645227789878845 0.11037053167819977 -0.22556746006011963 0.08144710212945938
redkitchen/seq-14/frame-000626.color.png 0.2817661762237549 -0.5220214128494263 1.1429340839385986 0.9679139852523804 0.1170056164264679 -0.2066938430070877 0.08203652501106262
redkitchen/seq-14/frame-000627.color.png 0.2859741747379303 -0.5256237983703613 1.1326674222946167 0.9647431373596191 0.11441481858491898 -0.21677111089229584 0.09586618840694427
redkitchen/seq-14/frame-000628.color.png 0.26573508977890015 -0.5205264687538147 1.1402579545974731 0.9684231281280518 0.11448410153388977 -0.1997547447681427 0.09564495831727982
redkitchen/seq-14/frame-000629.color.png 0.22049221396446228 -0.5148828029632568 1.1252179145812988 0.9700955748558044 0.12158539891242981 -0.18382160365581512 0.10169287770986557
redkitchen/seq-14/frame-000630.color.png 0.22077776491641998 -0.5146799683570862 1.1354007720947266 0.9711209535598755 0.12207353860139847 -0.18493293225765228 0.08844199776649475
redkitchen/seq-14/frame-000631.color.png 0.22055532038211823 -0.514184296131134 1.1223247051239014 0.970941424369812 0.11694442480802536 -0.1879294365644455 0.09099086374044418
redkitchen/seq-14/frame-000632.color.png 0.20326164364814758 -0.5048989653587341 1.116355299949646 0.9712897539138794 0.10850618034601212 -0.19001995027065277 0.09335435926914215
redkitchen/seq-14/frame-000633.color.png 0.16094690561294556 -0.4931145906448364 1.098909616470337 0.9729069471359253 0.10758504271507263 -0.1814301460981369 0.09466027468442917
redkitchen/seq-14/frame-000634.color.png 0.14621588587760925 -0.48854386806488037 1.0957764387130737 0.9733264446258545 0.12036255747079849 -0.17313438653945923 0.09040523320436478
redkitchen/seq-14/frame-000635.color.png 0.1096334308385849 -0.47750163078308105 1.0761897563934326 0.9755505919456482 0.11271415650844574 -0.16543060541152954 0.09071598201990128
redkitchen/seq-14/frame-000636.color.png 0.10614894330501556 -0.47241881489753723 1.0659375190734863 0.9762701392173767 0.12702755630016327 -0.1524829864501953 0.08665812760591507
redkitchen/seq-14/frame-000637.color.png 0.10225655138492584 -0.47042542695999146 1.062778353691101 0.9772013425827026 0.11772063374519348 -0.15800271928310394 0.07908519357442856
redkitchen/seq-14/frame-000638.color.png 0.09676335752010345 -0.46838316321372986 1.0637825727462769 0.9778452515602112 0.11929916590452194 -0.15279532968997955 0.07899275422096252
redkitchen/seq-14/frame-000639.color.png 0.046047959476709366 -0.4534115791320801 1.0547988414764404 0.9800647497177124 0.1211274117231369 -0.1360515058040619 0.0793171152472496
redkitchen/seq-14/frame-000640.color.png -0.01659771054983139 -0.4431650638580322 1.0264779329299927 0.9831905364990234 0.11931517720222473 -0.11536460369825363 0.07610141485929489
redkitchen/seq-14/frame-000641.color.png -0.031753506511449814 -0.43369409441947937 1.0001453161239624 0.9857732653617859 0.12374941259622574 -0.07824236899614334 0.0825541689991951
redkitchen/seq-14/frame-000642.color.png -0.005194719880819321 -0.4414646625518799 1.030461072921753 0.9850406050682068 0.12797699868679047 -0.0876651406288147 0.07504407316446304
redkitchen/seq-14/frame-000643.color.png -0.03637073561549187 -0.43110284209251404 1.0188082456588745 0.9879639148712158 0.12277945876121521 -0.06128297373652458 0.07139059901237488
redkitchen/seq-14/frame-000644.color.png -0.08395928144454956 -0.4190719723701477 1.0021171569824219 0.9902169108390808 0.11123228818178177 -0.05074824392795563 0.06724909693002701
redkitchen/seq-14/frame-000645.color.png -0.13298727571964264 -0.41041263937950134 0.9841483235359192 0.9912778735160828 0.10854165256023407 -0.007827961817383766 0.0743337944149971
redkitchen/seq-14/frame-000646.color.png -0.13072022795677185 -0.40648162364959717 0.988825261592865 0.9913704991340637 0.10926373302936554 -0.008490737527608871 0.07192966341972351
redkitchen/seq-14/frame-000647.color.png -0.15091556310653687 -0.4021628499031067 0.9840726256370544 0.9922916293144226 0.1020183190703392 0.008462104015052319 0.06984268128871918
redkitchen/seq-14/frame-000648.color.png -0.16382300853729248 -0.40055981278419495 0.9752044081687927 0.993975818157196 0.0902571901679039 -0.009854118339717388 0.06139100715517998
redkitchen/seq-14/frame-000649.color.png -0.1957484781742096 -0.3961002230644226 0.9532443284988403 0.9943864345550537 0.08841174840927124 0.003923245705664158 0.05799756571650505
redkitchen/seq-14/frame-000650.color.png -0.18602463603019714 -0.39396268129348755 0.9527272582054138 0.9958216547966003 0.07777940481901169 -0.02828528732061386 0.03859652206301689
redkitchen/seq-14/frame-000651.color.png -0.18202322721481323 -0.4098087251186371 0.9653785228729248 0.9971094727516174 0.06853578239679337 -0.00685788132250309 0.032071664929389954
redkitchen/seq-14/frame-000652.color.png -0.18202322721481323 -0.4098087251186371 0.9653785228729248 0.9971094727516174 0.06853578239679337 -0.00685788132250309 0.032071664929389954
redkitchen/seq-14/frame-000653.color.png -0.2347489595413208 -0.3898843824863434 0.9851574301719666 0.997677206993103 0.06492428481578827 0.003548891982063651 0.020306069403886795
redkitchen/seq-14/frame-000654.color.png -0.28065434098243713 -0.3853660523891449 0.9603143930435181 0.9976009130477905 0.06195283681154251 -0.030501050874590874 -0.004876748193055391
redkitchen/seq-14/frame-000655.color.png -0.27723976969718933 -0.39396971464157104 0.9322367310523987 0.9977884292602539 0.06107426434755325 -0.018535323441028595 -0.018563881516456604
redkitchen/seq-14/frame-000656.color.png -0.27723976969718933 -0.39396971464157104 0.9322367310523987 0.9977884292602539 0.06107426434755325 -0.018535323441028595 -0.018563881516456604
redkitchen/seq-14/frame-000657.color.png -0.24638304114341736 -0.39029520750045776 0.9517517685890198 0.9973220229148865 0.04742046445608139 -0.04619259014725685 -0.03108503483235836
redkitchen/seq-14/frame-000658.color.png -0.25669917464256287 -0.40283581614494324 0.9110679030418396 0.9962199926376343 0.04632577672600746 -0.058390501886606216 -0.044611141085624695
redkitchen/seq-14/frame-000659.color.png -0.30586791038513184 -0.4054100811481476 0.9428569674491882 0.9948157072067261 0.06088409200310707 -0.06630301475524902 -0.04731389507651329
redkitchen/seq-14/frame-000660.color.png -0.30586791038513184 -0.4054100811481476 0.9428569674491882 0.9948157072067261 0.06088409200310707 -0.06630301475524902 -0.04731389507651329
redkitchen/seq-14/frame-000661.color.png -0.29395511746406555 -0.42751553654670715 0.960022509098053 0.996591329574585 0.049007903784513474 -0.038855865597724915 -0.05379702150821686
redkitchen/seq-14/frame-000662.color.png -0.29112204909324646 -0.4299226701259613 0.9616184830665588 0.9972020983695984 0.038556598126888275 -0.015305080451071262 -0.06218630447983742
redkitchen/seq-14/frame-000663.color.png -0.3209453225135803 -0.41554051637649536 0.9597994685173035 0.9958534836769104 0.050078943371772766 -0.04020063579082489 -0.06443525850772858
redkitchen/seq-14/frame-000664.color.png -0.3339640200138092 -0.40959084033966064 0.961199164390564 0.9942907094955444 0.05088752880692482 -0.057054195553064346 -0.07444000989198685
redkitchen/seq-14/frame-000665.color.png -0.3339640200138092 -0.40959084033966064 0.961199164390564 0.9942907094955444 0.05088752880692482 -0.057054195553064346 -0.07444000989198685
redkitchen/seq-14/frame-000666.color.png -0.32848355174064636 -0.39489811658859253 0.9869471192359924 0.9893771409988403 0.05870375782251358 -0.09474832564592361 -0.09332504123449326
redkitchen/seq-14/frame-000667.color.png -0.2829674184322357 -0.39890286326408386 1.030824065208435 0.9917050004005432 0.055562738329172134 -0.06428948789834976 -0.09644119441509247
redkitchen/seq-14/frame-000668.color.png -0.2776423990726471 -0.42633065581321716 1.0634679794311523 0.9922690987586975 0.04209817573428154 -0.04875487461686134 -0.10607804358005524
redkitchen/seq-14/frame-000669.color.png -0.31046023964881897 -0.43268534541130066 1.0664420127868652 0.9900534152984619 0.04372750222682953 -0.057454098016023636 -0.12075242400169373
redkitchen/seq-14/frame-000670.color.png -0.31046023964881897 -0.43268534541130066 1.0664420127868652 0.9900534152984619 0.04372750222682953 -0.057454098016023636 -0.12075242400169373
redkitchen/seq-14/frame-000671.color.png -0.2791290581226349 -0.44498443603515625 1.0858393907546997 0.9867889881134033 0.05286305770277977 -0.0768427848815918 -0.13246944546699524
redkitchen/seq-14/frame-000672.color.png -0.2771834433078766 -0.44989651441574097 1.084346890449524 0.9861571788787842 0.057500533759593964 -0.05971229821443558 -0.1436040699481964
redkitchen/seq-14/frame-000673.color.png -0.2878860831260681 -0.4469294250011444 1.0777205228805542 0.9854253530502319 0.056888844817876816 -0.06765475124120712 -0.14533916115760803
redkitchen/seq-14/frame-000674.color.png -0.3480234742164612 -0.45193377137184143 1.087414264678955 0.9820226430892944 0.07246532291173935 -0.07333486527204514 -0.15812107920646667
redkitchen/seq-14/frame-000675.color.png -0.30245324969291687 -0.47720080614089966 1.1173288822174072 0.9791889786720276 0.07655870914459229 -0.0733204111456871 -0.1730659157037735
redkitchen/seq-14/frame-000676.color.png -0.2682986557483673 -0.48575133085250854 1.1485410928726196 0.9771575331687927 0.08311476558446884 -0.06432081013917923 -0.18471091985702515
redkitchen/seq-14/frame-000677.color.png -0.2682986557483673 -0.48575133085250854 1.1485410928726196 0.9771575331687927 0.08311476558446884 -0.06432081013917923 -0.18471091985702515
redkitchen/seq-14/frame-000678.color.png -0.23360803723335266 -0.48780709505081177 1.1192413568496704 0.9750855565071106 0.07944368571043015 -0.08258502185344696 -0.1899389922618866
redkitchen/seq-14/frame-000679.color.png -0.2570743262767792 -0.4856037497520447 1.1075389385223389 0.9716389179229736 0.0899418443441391 -0.10034175217151642 -0.19431939721107483
redkitchen/seq-14/frame-000680.color.png -0.3136265277862549 -0.4758574962615967 1.1278177499771118 0.9721081256866455 0.0928168073296547 -0.09282682090997696 -0.19435560703277588
redkitchen/seq-14/frame-000681.color.png -0.3383709192276001 -0.4842666983604431 1.1210538148880005 0.9723634719848633 0.09500399231910706 -0.08553390949964523 -0.19536514580249786
redkitchen/seq-14/frame-000682.color.png -0.36912643909454346 -0.4828060567378998 1.1235028505325317 0.969664990901947 0.09366126358509064 -0.08616150170564651 -0.20869530737400055
redkitchen/seq-14/frame-000683.color.png -0.4224298596382141 -0.4919043779373169 1.1148408651351929 0.9659888744354248 0.10317651927471161 -0.09625575691461563 -0.21669112145900726
redkitchen/seq-14/frame-000684.color.png -0.39294376969337463 -0.5121521353721619 1.151093602180481 0.9666044116020203 0.09872917085886002 -0.10119058191776276 -0.2137497216463089
redkitchen/seq-14/frame-000685.color.png -0.39294376969337463 -0.5121521353721619 1.151093602180481 0.9666044116020203 0.09872917085886002 -0.10119058191776276 -0.2137497216463089
redkitchen/seq-14/frame-000686.color.png -0.42953306436538696 -0.5235082507133484 1.1450021266937256 0.964492917060852 0.10313321650028229 -0.11065780371427536 -0.21649882197380066
redkitchen/seq-14/frame-000687.color.png -0.45271244645118713 -0.517276406288147 1.1309658288955688 0.9611550569534302 0.10750731080770493 -0.13016703724861145 -0.21835649013519287
redkitchen/seq-14/frame-000688.color.png -0.48607608675956726 -0.5200636982917786 1.1486884355545044 0.9596349596977234 0.10903088003396988 -0.13000145554542542 -0.2243051379919052
redkitchen/seq-14/frame-000689.color.png -0.5359082221984863 -0.519422709941864 1.1579805612564087 0.9575093984603882 0.11022108793258667 -0.14098703861236572 -0.22616346180438995
redkitchen/seq-14/frame-000690.color.png -0.4839957058429718 -0.5184193253517151 1.1514075994491577 0.9536361694335938 0.11663788557052612 -0.15963080525398254 -0.22691771388053894
redkitchen/seq-14/frame-000691.color.png -0.4620409309864044 -0.5012279748916626 1.1561334133148193 0.9431393146514893 0.11627748608589172 -0.2024032175540924 -0.2366449385881424
redkitchen/seq-14/frame-000692.color.png -0.42649051547050476 -0.5062700510025024 1.1765345335006714 0.9485514760017395 0.11051250994205475 -0.1923675239086151 -0.22590214014053345
redkitchen/seq-14/frame-000693.color.png -0.42649051547050476 -0.5062700510025024 1.1765345335006714 0.9485514760017395 0.11051250994205475 -0.1923675239086151 -0.22590214014053345
redkitchen/seq-14/frame-000694.color.png -0.5216811895370483 -0.5000583529472351 1.1608448028564453 0.9485048055648804 0.1072821095585823 -0.19321109354496002 -0.22693327069282532
redkitchen/seq-14/frame-000695.color.png -0.5623076558113098 -0.4874958395957947 1.1239529848098755 0.9485048055648804 0.09330723434686661 -0.1923600733280182 -0.2337304800748825
redkitchen/seq-14/frame-000696.color.png -0.5901646614074707 -0.48066598176956177 1.1183056831359863 0.9502989053726196 0.09696611762046814 -0.1919698864221573 -0.22511593997478485
redkitchen/seq-14/frame-000697.color.png -0.6120472550392151 -0.4804842472076416 1.1191256046295166 0.9474665522575378 0.10588593035936356 -0.20018693804740906 -0.22587703168392181
redkitchen/seq-14/frame-000698.color.png -0.555740475654602 -0.4816018342971802 1.146599292755127 0.9489725828170776 0.10440979897975922 -0.1844496876001358 -0.23351214826107025
redkitchen/seq-14/frame-000699.color.png -0.6464449763298035 -0.4856588840484619 1.114587664604187 0.9503309726715088 0.08927950263023376 -0.18223752081394196 -0.23598612844944
redkitchen/seq-14/frame-000700.color.png -0.647142767906189 -0.4895282983779907 1.1051589250564575 0.9454814791679382 0.08697734773159027 -0.2099260687828064 -0.2333039939403534
redkitchen/seq-14/frame-000701.color.png -0.7005394697189331 -0.47176119685173035 1.0717681646347046 0.9399193525314331 0.0946372002363205 -0.2186080813407898 -0.24455223977565765
redkitchen/seq-14/frame-000702.color.png -0.6415979862213135 -0.4934523105621338 1.1064733266830444 0.938912034034729 0.09755973517894745 -0.21535088121891022 -0.2501005232334137
redkitchen/seq-14/frame-000703.color.png -0.6415979862213135 -0.4934523105621338 1.1064733266830444 0.938912034034729 0.09755973517894745 -0.21535088121891022 -0.2501005232334137
redkitchen/seq-14/frame-000704.color.png -0.6850117444992065 -0.487689733505249 1.068435549736023 0.9394831657409668 0.09457773715257645 -0.22690169513225555 -0.23862501978874207
redkitchen/seq-14/frame-000705.color.png -0.7213507890701294 -0.4923015832901001 1.072086215019226 0.929058313369751 0.10486706346273422 -0.2593318223953247 -0.2420755922794342
redkitchen/seq-14/frame-000706.color.png -0.6951344609260559 -0.502853512763977 1.0944159030914307 0.9296298027038574 0.10109264403581619 -0.26199454069137573 -0.23859518766403198
redkitchen/seq-14/frame-000707.color.png -0.735545814037323 -0.47744297981262207 1.0870112180709839 0.9157374501228333 0.10951065272092819 -0.3042542636394501 -0.23845693469047546
redkitchen/seq-14/frame-000708.color.png -0.7375412583351135 -0.4863945245742798 1.072421669960022 0.9094394445419312 0.12031462788581848 -0.32217320799827576 -0.23377080261707306
redkitchen/seq-14/frame-000709.color.png -0.7485515475273132 -0.46678656339645386 1.1076687574386597 0.9120947122573853 0.12257664650678635 -0.3188107907772064 -0.226754829287529
redkitchen/seq-14/frame-000710.color.png -0.7646852731704712 -0.4824051856994629 1.1079761981964111 0.9139710068702698 0.10275699943304062 -0.3210625648498535 -0.2258693128824234
redkitchen/seq-14/frame-000711.color.png -0.7549663782119751 -0.482490599155426 1.1293429136276245 0.9072041511535645 0.10208237916231155 -0.3483124077320099 -0.2126932144165039
redkitchen/seq-14/frame-000712.color.png -0.7658964395523071 -0.48379167914390564 1.13198983669281 0.8943394422531128 0.09839464724063873 -0.37851300835609436 -0.21726341545581818
redkitchen/seq-14/frame-000713.color.png -0.7712600827217102 -0.4899364113807678 1.138647437095642 0.8873447775840759 0.10018251836299896 -0.3933910131454468 -0.21869157254695892
redkitchen/seq-14/frame-000714.color.png -0.7816956639289856 -0.4966084361076355 1.1345282793045044 0.8855151534080505 0.10484840720891953 -0.399679958820343 -0.21242843568325043
redkitchen/seq-14/frame-000715.color.png -0.7701703906059265 -0.46574074029922485 1.114564061164856 0.8678601384162903 0.11018199473619461 -0.43935441970825195 -0.20407439768314362
redkitchen/seq-14/frame-000716.color.png -0.7901638150215149 -0.47211891412734985 1.1099936962127686 0.8671957850456238 0.10802913457155228 -0.4397161304950714 -0.20724600553512573
redkitchen/seq-14/frame-000717.color.png -0.7977445125579834 -0.47149577736854553 1.1260979175567627 0.8669581413269043 0.10150643438100815 -0.44484904408454895 -0.20047257840633392
redkitchen/seq-14/frame-000718.color.png -0.8184794187545776 -0.4701579213142395 1.1268765926361084 0.864052951335907 0.09478504955768585 -0.45120954513549805 -0.20208443701267242
redkitchen/seq-14/frame-000719.color.png -0.8191289305686951 -0.4732596278190613 1.155211091041565 0.8684310913085938 0.09149052202701569 -0.4440128207206726 -0.20077219605445862
redkitchen/seq-14/frame-000720.color.png -0.8338466882705688 -0.4723556637763977 1.1475285291671753 0.8616714477539062 0.08406758308410645 -0.4569531977176666 -0.2040802538394928
redkitchen/seq-14/frame-000721.color.png -0.84256911277771 -0.48512381315231323 1.184552550315857 0.8609318137168884 0.08839939534664154 -0.4567049741744995 -0.20591901242733002
redkitchen/seq-14/frame-000722.color.png -0.8344209790229797 -0.476370245218277 1.1742340326309204 0.8559444546699524 0.08435653895139694 -0.4670730233192444 -0.20514847338199615
redkitchen/seq-14/frame-000723.color.png -0.8712791800498962 -0.46436092257499695 1.1553117036819458 0.8581938743591309 0.07332902401685715 -0.4638741910457611 -0.20723581314086914
redkitchen/seq-14/frame-000724.color.png -0.8760363459587097 -0.46852701902389526 1.1759552955627441 0.8577163815498352 0.07952731847763062 -0.46741533279418945 -0.198799267411232
redkitchen/seq-14/frame-000725.color.png -0.8742850422859192 -0.47124966979026794 1.1911084651947021 0.8543612957000732 0.07343575358390808 -0.47099682688713074 -0.20696839690208435
redkitchen/seq-14/frame-000726.color.png -0.900331437587738 -0.45593294501304626 1.1733232736587524 0.8521651029586792 0.06128706783056259 -0.47739478945732117 -0.2053116261959076
redkitchen/seq-14/frame-000727.color.png -0.9115337133407593 -0.4650590121746063 1.1965727806091309 0.8499928712844849 0.05852501839399338 -0.47924530506134033 -0.21073871850967407
redkitchen/seq-14/frame-000728.color.png -0.9281825423240662 -0.45251166820526123 1.1653659343719482 0.8478074073791504 0.05236371234059334 -0.4837852418422699 -0.21078982949256897
redkitchen/seq-14/frame-000729.color.png -0.9355596899986267 -0.4557614326477051 1.1619359254837036 0.8545545339584351 0.047159601002931595 -0.4703039228916168 -0.21523617208003998
redkitchen/seq-14/frame-000730.color.png -0.9370213150978088 -0.4574569761753082 1.162692904472351 0.848568320274353 0.046459898352622986 -0.4815657436847687 -0.2141680121421814
redkitchen/seq-14/frame-000731.color.png -0.9506461024284363 -0.4636329710483551 1.182695746421814 0.8488877415657043 0.04577871412038803 -0.48135000467300415 -0.21353250741958618
redkitchen/seq-14/frame-000732.color.png -0.9408360123634338 -0.4666987657546997 1.198388934135437 0.8442221879959106 0.04389945790171623 -0.48721352219581604 -0.21905454993247986
redkitchen/seq-14/frame-000733.color.png -0.9414535760879517 -0.48642468452453613 1.226067304611206 0.8505476117134094 0.028966024518013 -0.47608596086502075 -0.22152146697044373
redkitchen/seq-14/frame-000734.color.png -0.9740399122238159 -0.4644348621368408 1.195604920387268 0.846042275428772 0.030465474352240562 -0.4818688631057739 -0.22602377831935883
redkitchen/seq-14/frame-000735.color.png -0.9753856062889099 -0.46274200081825256 1.2054692506790161 0.8492291569709778 0.02993922494351864 -0.47726503014564514 -0.2239004224538803
redkitchen/seq-14/frame-000736.color.png -0.9677355289459229 -0.4669509530067444 1.2144426107406616 0.850776195526123 0.034423235803842545 -0.4757840633392334 -0.2205093502998352
redkitchen/seq-14/frame-000737.color.png -0.9642274975776672 -0.46932488679885864 1.2170872688293457 0.844183623790741 0.031157508492469788 -0.48662203550338745 -0.2226710021495819
redkitchen/seq-14/frame-000738.color.png -0.9678531289100647 -0.47310319542884827 1.2156341075897217 0.8479869961738586 0.028796324506402016 -0.4793201982975006 -0.22436803579330444
redkitchen/seq-14/frame-000739.color.png -0.9495089054107666 -0.4859089255332947 1.2387460470199585 0.848411500453949 0.028127597644925117 -0.47984132170677185 -0.22171849012374878
redkitchen/seq-14/frame-000740.color.png -0.9416267275810242 -0.49632853269577026 1.2491141557693481 0.8448790907859802 0.029733585193753242 -0.4876256287097931 -0.2179829329252243
redkitchen/seq-14/frame-000741.color.png -0.924321174621582 -0.4847111701965332 1.2256404161453247 0.8441861867904663 0.03722083568572998 -0.489743173122406 -0.21474559605121613
redkitchen/seq-14/frame-000742.color.png -0.934640109539032 -0.4788574278354645 1.2214436531066895 0.8459725975990295 0.03240811079740524 -0.48752516508102417 -0.21353967487812042
redkitchen/seq-14/frame-000743.color.png -0.9380172491073608 -0.487199068069458 1.229166030883789 0.844962477684021 0.03161702677607536 -0.49028027057647705 -0.21133865416049957
redkitchen/seq-14/frame-000744.color.png -0.923027515411377 -0.4855625033378601 1.2232742309570312 0.8539178371429443 0.03094906359910965 -0.4765746593475342 -0.2067437320947647
redkitchen/seq-14/frame-000745.color.png -0.912170946598053 -0.4939970374107361 1.2368708848953247 0.8577278256416321 0.02586936205625534 -0.4677159786224365 -0.21183830499649048
redkitchen/seq-14/frame-000746.color.png -0.9062334299087524 -0.502863883972168 1.252760887145996 0.8578372597694397 0.02196808159351349 -0.46804335713386536 -0.21111123263835907
redkitchen/seq-14/frame-000747.color.png -0.8912151455879211 -0.4948832392692566 1.2394496202468872 0.8537566065788269 0.02540317364037037 -0.4779503643512726 -0.20498190820217133
redkitchen/seq-14/frame-000748.color.png -0.8899840116500854 -0.4917924404144287 1.2405941486358643 0.8630875945091248 0.028108632192015648 -0.4610663056373596 -0.20422451198101044
redkitchen/seq-14/frame-000749.color.png -0.8866010308265686 -0.492653489112854 1.2518091201782227 0.8598329424858093 0.02191597782075405 -0.46735674142837524 -0.20441295206546783
redkitchen/seq-14/frame-000750.color.png -0.8743757605552673 -0.4941112995147705 1.2566289901733398 0.8623648881912231 0.02169247902929783 -0.4642154276371002 -0.20089906454086304
redkitchen/seq-14/frame-000751.color.png -0.879047155380249 -0.48958927392959595 1.234420657157898 0.8691179752349854 0.023797137662768364 -0.45174163579940796 -0.1999930888414383
redkitchen/seq-14/frame-000752.color.png -0.8819577693939209 -0.4839581847190857 1.2244808673858643 0.8691116571426392 0.027802135795354843 -0.4540846645832062 -0.19411109387874603
redkitchen/seq-14/frame-000753.color.png -0.8661614656448364 -0.4853373169898987 1.2338348627090454 0.8553745746612549 0.028508687391877174 -0.47798392176628113 -0.1976180225610733
redkitchen/seq-14/frame-000754.color.png -0.8637601137161255 -0.4885075092315674 1.2433903217315674 0.8504056930541992 0.022647272795438766 -0.48602810502052307 -0.20018494129180908
redkitchen/seq-14/frame-000755.color.png -0.8568519949913025 -0.4921031594276428 1.2494405508041382 0.8535095453262329 0.02340894751250744 -0.48206907510757446 -0.19642546772956848
redkitchen/seq-14/frame-000756.color.png -0.8590031266212463 -0.4953731894493103 1.2471082210540771 0.8550110459327698 0.02795768342912197 -0.4811982214450836 -0.1913706660270691
redkitchen/seq-14/frame-000757.color.png -0.8587697148323059 -0.48783451318740845 1.238511323928833 0.8533670902252197 0.02687033824622631 -0.4853721559047699 -0.1882983297109604
redkitchen/seq-14/frame-000758.color.png -0.8609011769294739 -0.4831364154815674 1.2305852174758911 0.8596382141113281 0.025297855958342552 -0.4758831858634949 -0.18416695296764374
redkitchen/seq-14/frame-000759.color.png -0.8609011769294739 -0.4831364154815674 1.2305852174758911 0.8596382141113281 0.025297855958342552 -0.4758831858634949 -0.18416695296764374
redkitchen/seq-14/frame-000760.color.png -0.8605364561080933 -0.48944520950317383 1.2321606874465942 0.851425051689148 0.02800162136554718 -0.4887237846851349 -0.18825656175613403
redkitchen/seq-14/frame-000761.color.png -0.8624924421310425 -0.49526524543762207 1.2457104921340942 0.8495887517929077 0.03129350766539574 -0.4913526177406311 -0.18918867409229279
redkitchen/seq-14/frame-000762.color.png -0.8785004615783691 -0.49494683742523193 1.2429496049880981 0.8584014177322388 0.04205054044723511 -0.4769534766674042 -0.18410326540470123
redkitchen/seq-14/frame-000763.color.png -0.872142493724823 -0.4923900365829468 1.226546049118042 0.8512332439422607 0.03528052195906639 -0.4887833297252655 -0.18774476647377014
redkitchen/seq-14/frame-000764.color.png -0.872913122177124 -0.5040159225463867 1.255341649055481 0.8456486463546753 0.027047758921980858 -0.4986105263233185 -0.18850581347942352
redkitchen/seq-14/frame-000765.color.png -0.8395219445228577 -0.5126867890357971 1.2734068632125854 0.843099057674408 0.029873380437493324 -0.5074512362480164 -0.17545637488365173
redkitchen/seq-14/frame-000766.color.png -0.8274860382080078 -0.5132430791854858 1.2696834802627563 0.8482614159584045 0.036937471479177475 -0.5014975666999817 -0.1660972237586975
redkitchen/seq-14/frame-000767.color.png -0.8288692235946655 -0.5144920945167542 1.273654818534851 0.8394522666931152 0.03483150526881218 -0.51433926820755 -0.17193526029586792
redkitchen/seq-14/frame-000768.color.png -0.8422725796699524 -0.517200231552124 1.2834668159484863 0.834932267665863 0.036281272768974304 -0.5203909277915955 -0.1753997653722763
redkitchen/seq-14/frame-000769.color.png -0.8543732166290283 -0.5126549601554871 1.2709965705871582 0.834738552570343 0.04039939492940903 -0.521174967288971 -0.1730785369873047
redkitchen/seq-14/frame-000770.color.png -0.8375247716903687 -0.5097708106040955 1.2667733430862427 0.8405541777610779 0.04362980276346207 -0.5102795958518982 -0.17657795548439026
redkitchen/seq-14/frame-000771.color.png -0.853786051273346 -0.5211342573165894 1.2937389612197876 0.8430406451225281 0.03931112587451935 -0.508435845375061 -0.17096859216690063
redkitchen/seq-14/frame-000772.color.png -0.8369414806365967 -0.5087282657623291 1.2725399732589722 0.830220639705658 0.03751566633582115 -0.5244348049163818 -0.18518699705600739
redkitchen/seq-14/frame-000773.color.png -0.8425148725509644 -0.5196723341941833 1.2846993207931519 0.8230019807815552 0.0328829400241375 -0.5362328886985779 -0.18450139462947845
redkitchen/seq-14/frame-000774.color.png -0.8309482336044312 -0.5135732293128967 1.2865219116210938 0.8106843829154968 0.02586451731622219 -0.5542359352111816 -0.186934232711792
redkitchen/seq-14/frame-000775.color.png -0.8358660936355591 -0.5200350284576416 1.2951748371124268 0.8094296455383301 0.03139345347881317 -0.5562013983726501 -0.1856825053691864
redkitchen/seq-14/frame-000776.color.png -0.8435530066490173 -0.5219419598579407 1.3017418384552002 0.8037516474723816 0.029324283823370934 -0.5625616908073425 -0.19143594801425934
redkitchen/seq-14/frame-000777.color.png -0.8571049571037292 -0.53252774477005 1.3248285055160522 0.7898079752922058 0.026885300874710083 -0.5779324769973755 -0.20365309715270996
redkitchen/seq-14/frame-000778.color.png -0.858690083026886 -0.5322006344795227 1.3250638246536255 0.7945345640182495 0.031996071338653564 -0.5725314617156982 -0.19974718987941742
redkitchen/seq-14/frame-000779.color.png -0.885964035987854 -0.5365425944328308 1.338722586631775 0.7925879955291748 0.035135045647621155 -0.5729039311408997 -0.2057933211326599
redkitchen/seq-14/frame-000780.color.png -0.869499683380127 -0.5284828543663025 1.3208366632461548 0.7925708293914795 0.03364282473921776 -0.5743538737297058 -0.20203250646591187
redkitchen/seq-14/frame-000781.color.png -0.8594071865081787 -0.5282992124557495 1.317412257194519 0.7927590608596802 0.03455334156751633 -0.57371985912323 -0.20294009149074554
redkitchen/seq-14/frame-000782.color.png -0.8532754182815552 -0.5350407361984253 1.3266539573669434 0.7871018648147583 0.035987552255392075 -0.5823355913162231 -0.2001519799232483
redkitchen/seq-14/frame-000783.color.png -0.8280545473098755 -0.536832869052887 1.3273825645446777 0.7852338552474976 0.035852134227752686 -0.5835351943969727 -0.20398294925689697
redkitchen/seq-14/frame-000784.color.png -0.838154673576355 -0.552260160446167 1.3490161895751953 0.7862670421600342 0.038006726652383804 -0.5829312801361084 -0.20132245123386383
redkitchen/seq-14/frame-000785.color.png -0.8353773951530457 -0.5420926809310913 1.3328990936279297 0.795293927192688 0.04387807846069336 -0.5749003291130066 -0.187274768948555
redkitchen/seq-14/frame-000786.color.png -0.8318569660186768 -0.5447773933410645 1.333249568939209 0.802433967590332 0.05232977867126465 -0.5630262494087219 -0.1906900554895401
redkitchen/seq-14/frame-000787.color.png -0.8327834010124207 -0.544224202632904 1.3346617221832275 0.8060126304626465 0.058549750596284866 -0.5557703375816345 -0.1950252503156662
redkitchen/seq-14/frame-000788.color.png -0.8344478011131287 -0.5338631868362427 1.3132903575897217 0.7998083233833313 0.055432338267564774 -0.5648202300071716 -0.19547875225543976
redkitchen/seq-14/frame-000789.color.png -0.8470727801322937 -0.541804850101471 1.3309216499328613 0.7932797074317932 0.05025004595518112 -0.5725234150886536 -0.20099563896656036
redkitchen/seq-14/frame-000790.color.png -0.822808563709259 -0.5350874066352844 1.315824270248413 0.7971282601356506 0.052682746201753616 -0.5695294737815857 -0.1935126930475235
redkitchen/seq-14/frame-000791.color.png -0.8265478014945984 -0.537686288356781 1.3190512657165527 0.8052645325660706 0.056802988052368164 -0.5589113831520081 -0.18957994878292084
redkitchen/seq-14/frame-000792.color.png -0.8221117258071899 -0.5362201929092407 1.322964072227478 0.8025191426277161 0.057695627212524414 -0.5619803667068481 -0.1918649524450302
redkitchen/seq-14/frame-000793.color.png -0.8205698728561401 -0.5375193357467651 1.3167669773101807 0.797972559928894 0.05654135346412659 -0.5654430985450745 -0.2007903754711151
redkitchen/seq-14/frame-000794.color.png -0.8169468641281128 -0.5358904600143433 1.319625973701477 0.8056096434593201 0.059625111520290375 -0.5568297505378723 -0.19333527982234955
redkitchen/seq-14/frame-000795.color.png -0.8144123554229736 -0.5423330068588257 1.326936960220337 0.8078501224517822 0.058746203780174255 -0.5535522103309631 -0.19366706907749176
redkitchen/seq-14/frame-000796.color.png -0.80657958984375 -0.5319192409515381 1.3121663331985474 0.8010249137878418 0.05989104136824608 -0.561855137348175 -0.19771446287631989
redkitchen/seq-14/frame-000797.color.png -0.8086317777633667 -0.5321201086044312 1.3107852935791016 0.808546245098114 0.06252045929431915 -0.5505625605583191 -0.1980530172586441
redkitchen/seq-14/frame-000798.color.png -0.8045542240142822 -0.538260281085968 1.322812795639038 0.8037689328193665 0.061398547142744064 -0.556708037853241 -0.2006530612707138
redkitchen/seq-14/frame-000799.color.png -0.8001518845558167 -0.5354190468788147 1.3115513324737549 0.801016628742218 0.06814100593328476 -0.5625802874565125 -0.19295716285705566
redkitchen/seq-14/frame-000800.color.png -0.7973876595497131 -0.5321801900863647 1.3043190240859985 0.8039968013763428 0.07196871936321259 -0.558120846748352 -0.19212231040000916
redkitchen/seq-14/frame-000801.color.png -0.7772859930992126 -0.5380968451499939 1.3106093406677246 0.8078744411468506 0.07375800609588623 -0.5519837141036987 -0.19290530681610107
redkitchen/seq-14/frame-000802.color.png -0.7776027321815491 -0.5416110754013062 1.308928370475769 0.8071770071983337 0.07105075567960739 -0.5534219145774841 -0.1927206963300705
redkitchen/seq-14/frame-000803.color.png -0.786343514919281 -0.5444038510322571 1.3223016262054443 0.8094234466552734 0.0675424188375473 -0.5508852005004883 -0.19182606041431427
redkitchen/seq-14/frame-000804.color.png -0.7567575573921204 -0.5386059284210205 1.3024911880493164 0.8127729296684265 0.06882826238870621 -0.5457388758659363 -0.1919165700674057
redkitchen/seq-14/frame-000805.color.png -0.744828462600708 -0.5444023609161377 1.3017338514328003 0.8105310797691345 0.07161692529916763 -0.5503205060958862 -0.18723665177822113
redkitchen/seq-14/frame-000806.color.png -0.7371166348457336 -0.5416271686553955 1.301607608795166 0.8108429908752441 0.07011272013187408 -0.550853431224823 -0.18487347662448883
redkitchen/seq-14/frame-000807.color.png -0.7358618378639221 -0.5442669987678528 1.2868824005126953 0.816382110118866 0.07318006455898285 -0.5426100492477417 -0.18368257582187653
redkitchen/seq-14/frame-000808.color.png -0.736117422580719 -0.5518964529037476 1.290493369102478 0.8207948207855225 0.06994864344596863 -0.5366494059562683 -0.18278461694717407
redkitchen/seq-14/frame-000809.color.png -0.7269203066825867 -0.5446723699569702 1.273089051246643 0.8279128074645996 0.07016676664352417 -0.5270538330078125 -0.17846989631652832
redkitchen/seq-14/frame-000810.color.png -0.7160084247589111 -0.5361984372138977 1.2814451456069946 0.8277361989021301 0.06925075501203537 -0.5291473865509033 -0.17337855696678162
redkitchen/seq-14/frame-000811.color.png -0.7117630243301392 -0.5359266996383667 1.2777831554412842 0.8366665244102478 0.07100290060043335 -0.5156638026237488 -0.1704065054655075
redkitchen/seq-14/frame-000812.color.png -0.7105013132095337 -0.5460718870162964 1.291237711906433 0.8421443700790405 0.06861907988786697 -0.5074347853660583 -0.169098898768425
redkitchen/seq-14/frame-000813.color.png -0.6972478628158569 -0.5358191132545471 1.2738407850265503 0.8466210961341858 0.06734646111726761 -0.502224326133728 -0.1626894325017929
redkitchen/seq-14/frame-000814.color.png -0.6972478628158569 -0.5358191132545471 1.2738407850265503 0.8466210961341858 0.06734646111726761 -0.502224326133728 -0.1626894325017929
redkitchen/seq-14/frame-000815.color.png -0.6993071436882019 -0.5324777960777283 1.2683391571044922 0.8515599966049194 0.07266747206449509 -0.49427345395088196 -0.15892991423606873
redkitchen/seq-14/frame-000816.color.png -0.681300163269043 -0.5381163954734802 1.2807941436767578 0.856157660484314 0.07400695979595184 -0.4882948398590088 -0.1519382745027542
redkitchen/seq-14/frame-000817.color.png -0.6696373820304871 -0.5341941714286804 1.2765259742736816 0.8557077646255493 0.0682026594877243 -0.49054548144340515 -0.14992587268352509
redkitchen/seq-14/frame-000818.color.png -0.6706461906433105 -0.5353395938873291 1.286055088043213 0.8548009991645813 0.06616999953985214 -0.49337154626846313 -0.14670152962207794
redkitchen/seq-14/frame-000819.color.png -0.6557626128196716 -0.535731315612793 1.2825700044631958 0.8582831621170044 0.06988944858312607 -0.48702332377433777 -0.14585450291633606
redkitchen/seq-14/frame-000820.color.png -0.6545494198799133 -0.5292011499404907 1.2670778036117554 0.8587566614151001 0.06347202509641647 -0.4855932891368866 -0.15068994462490082
redkitchen/seq-14/frame-000821.color.png -0.6522457599639893 -0.5255932211875916 1.2576899528503418 0.8553961515426636 0.05908467620611191 -0.49057888984680176 -0.1553666740655899
redkitchen/seq-14/frame-000822.color.png -0.6389194130897522 -0.5307617783546448 1.2547614574432373 0.8549001812934875 0.06292672455310822 -0.4911881983280182 -0.1546613723039627
redkitchen/seq-14/frame-000823.color.png -0.6336393356323242 -0.5251035094261169 1.2514880895614624 0.85614013671875 0.06639692187309265 -0.4889896810054779 -0.15331220626831055
redkitchen/seq-14/frame-000824.color.png -0.6394272446632385 -0.5165560841560364 1.2437916994094849 0.8556757569313049 0.062260791659355164 -0.4890289604663849 -0.15745897591114044
redkitchen/seq-14/frame-000825.color.png -0.6297726035118103 -0.5207871198654175 1.2506937980651855 0.8549885749816895 0.05915329232811928 -0.4890243113040924 -0.1623287945985794
redkitchen/seq-14/frame-000826.color.png -0.6314200758934021 -0.5199314951896667 1.2437269687652588 0.8596826195716858 0.06423523277044296 -0.4811227023601532 -0.15918698906898499
redkitchen/seq-14/frame-000827.color.png -0.6224414706230164 -0.5181000232696533 1.2367527484893799 0.8590866327285767 0.056752439588308334 -0.48271554708480835 -0.16042082011699677
redkitchen/seq-14/frame-000828.color.png -0.5971862077713013 -0.5057753324508667 1.2255617380142212 0.8600329756736755 0.06477264314889908 -0.48142877221107483 -0.15612207353115082
redkitchen/seq-14/frame-000829.color.png -0.5763144493103027 -0.5034631490707397 1.204331636428833 0.860508143901825 0.060819268226623535 -0.4818645417690277 -0.15373164415359497
redkitchen/seq-14/frame-000830.color.png -0.5614450573921204 -0.49746179580688477 1.2083088159561157 0.8620693683624268 0.06150766462087631 -0.48177456855773926 -0.14472925662994385
redkitchen/seq-14/frame-000831.color.png -0.5478222966194153 -0.49564677476882935 1.2195038795471191 0.8519613742828369 0.061241064220666885 -0.4989634156227112 -0.14644744992256165
redkitchen/seq-14/frame-000832.color.png -0.5376051068305969 -0.49287641048431396 1.2093908786773682 0.8612090945243835 0.06136489287018776 -0.483477383852005 -0.1442321538925171
redkitchen/seq-14/frame-000833.color.png -0.5312981605529785 -0.49347132444381714 1.2181391716003418 0.8572952747344971 0.06133731082081795 -0.4897989332675934 -0.14621670544147491
redkitchen/seq-14/frame-000834.color.png -0.5158832669258118 -0.48820656538009644 1.2028967142105103 0.869476318359375 0.059849321842193604 -0.46898728609085083 -0.1431082934141159
redkitchen/seq-14/frame-000835.color.png -0.5246869921684265 -0.48874032497406006 1.1916675567626953 0.8730145692825317 0.0631473958492279 -0.46342381834983826 -0.1381891667842865
redkitchen/seq-14/frame-000836.color.png -0.49777087569236755 -0.49668270349502563 1.2192109823226929 0.8707709908485413 0.0650683268904686 -0.46886390447616577 -0.13300585746765137
redkitchen/seq-14/frame-000837.color.png -0.48908641934394836 -0.4932039976119995 1.2084306478500366 0.8817590475082397 0.06048988550901413 -0.4499523341655731 -0.12800288200378418
redkitchen/seq-14/frame-000838.color.png -0.4831034243106842 -0.48215174674987793 1.1836564540863037 0.8670910000801086 0.06136017292737961 -0.4759848117828369 -0.133515402674675
redkitchen/seq-14/frame-000839.color.png -0.46656057238578796 -0.4825793206691742 1.1790997982025146 0.8785614371299744 0.06471454352140427 -0.4538344442844391 -0.13407589495182037
redkitchen/seq-14/frame-000840.color.png -0.45023560523986816 -0.5007122159004211 1.1918314695358276 0.8728045225143433 0.05816259607672691 -0.4631919264793396 -0.14241720736026764
redkitchen/seq-14/frame-000841.color.png -0.42681756615638733 -0.5059822201728821 1.207214117050171 0.862395167350769 0.05087335780262947 -0.48143771290779114 -0.14800001680850983
redkitchen/seq-14/frame-000842.color.png -0.4000249207019806 -0.5021823048591614 1.191580891609192 0.8783674240112305 0.0552862286567688 -0.4539380967617035 -0.13912050426006317
redkitchen/seq-14/frame-000843.color.png -0.4037901759147644 -0.4934156537055969 1.1708948612213135 0.8677323460578918 0.05979222431778908 -0.4703879952430725 -0.1489989161491394
redkitchen/seq-14/frame-000844.color.png -0.41577690839767456 -0.5058983564376831 1.1799030303955078 0.8646960258483887 0.05651860684156418 -0.4768781363964081 -0.14728768169879913
redkitchen/seq-14/frame-000845.color.png -0.3928801119327545 -0.5117253065109253 1.1847681999206543 0.8700966238975525 0.05609774962067604 -0.46858611702919006 -0.142168790102005
redkitchen/seq-14/frame-000846.color.png -0.3619630038738251 -0.505291759967804 1.1912388801574707 0.8761101365089417 0.056572433561086655 -0.45653074979782104 -0.14425736665725708
redkitchen/seq-14/frame-000847.color.png -0.37915751338005066 -0.5081488490104675 1.1902769804000854 0.875632107257843 0.05993308499455452 -0.4544699788093567 -0.15209677815437317
redkitchen/seq-14/frame-000848.color.png -0.35224440693855286 -0.5248527526855469 1.1910465955734253 0.873025119304657 0.05825811251997948 -0.45895206928253174 -0.15425972640514374
redkitchen/seq-14/frame-000849.color.png -0.36374029517173767 -0.5254884958267212 1.2071396112442017 0.8754775524139404 0.058791350573301315 -0.4537509083747864 -0.1555400788784027
redkitchen/seq-14/frame-000850.color.png -0.33359089493751526 -0.5302566885948181 1.216367483139038 0.8815531134605408 0.06250763684511185 -0.44287002086639404 -0.1510733813047409
redkitchen/seq-14/frame-000851.color.png -0.32136037945747375 -0.5290226340293884 1.2229517698287964 0.8722894787788391 0.06577873975038528 -0.45953595638275146 -0.15365856885910034
redkitchen/seq-14/frame-000852.color.png -0.3339266777038574 -0.5362929105758667 1.2113986015319824 0.867143452167511 0.06644226610660553 -0.4689278304576874 -0.15412452816963196
redkitchen/seq-14/frame-000853.color.png -0.3023667633533478 -0.5431658625602722 1.2398555278778076 0.8679205775260925 0.06434281170368195 -0.4685215651988983 -0.15185968577861786
redkitchen/seq-14/frame-000854.color.png -0.3091384470462799 -0.5444751381874084 1.2242162227630615 0.8729411959648132 0.061346571892499924 -0.45831528306007385 -0.15542609989643097
redkitchen/seq-14/frame-000855.color.png -0.26932525634765625 -0.5413309931755066 1.2291823625564575 0.8667173385620117 0.06824413686990738 -0.4682207405567169 -0.15783941745758057
redkitchen/seq-14/frame-000856.color.png -0.2868833541870117 -0.5395517945289612 1.2262625694274902 0.8669245839118958 0.07173050194978714 -0.469497412443161 -0.15122351050376892
redkitchen/seq-14/frame-000857.color.png -0.3131400942802429 -0.5235950350761414 1.205426573753357 0.8730366826057434 0.07366961985826492 -0.46009311079978943 -0.1438543051481247
redkitchen/seq-14/frame-000858.color.png -0.328105628490448 -0.5217417478561401 1.204663634300232 0.8890652060508728 0.0720420852303505 -0.430203914642334 -0.1389157474040985
redkitchen/seq-14/frame-000859.color.png -0.3030764162540436 -0.522591769695282 1.1943966150283813 0.8872641324996948 0.06865422427654266 -0.4336189925670624 -0.14150530099868774
redkitchen/seq-14/frame-000860.color.png -0.28865155577659607 -0.5200089812278748 1.1943076848983765 0.8946573734283447 0.06852013617753983 -0.4190836250782013 -0.13878776133060455
redkitchen/seq-14/frame-000861.color.png -0.2750929892063141 -0.5202528238296509 1.1883715391159058 0.8996446132659912 0.0645999014377594 -0.40983161330223083 -0.13603085279464722
redkitchen/seq-14/frame-000862.color.png -0.24379879236221313 -0.5192241668701172 1.179886817932129 0.89349365234375 0.06648033112287521 -0.42349961400032043 -0.13378165662288666
redkitchen/seq-14/frame-000863.color.png -0.22620338201522827 -0.5181846022605896 1.1798022985458374 0.902694821357727 0.06127359718084335 -0.4034995436668396 -0.13629218935966492
redkitchen/seq-14/frame-000864.color.png -0.21068966388702393 -0.5106038451194763 1.1973602771759033 0.9097753763198853 0.062212638556957245 -0.38952624797821045 -0.129258930683136
redkitchen/seq-14/frame-000865.color.png -0.22461003065109253 -0.5160736441612244 1.1864529848098755 0.916861355304718 0.05469973757863045 -0.3730667531490326 -0.13112646341323853
redkitchen/seq-14/frame-000866.color.png -0.22980991005897522 -0.5202062129974365 1.2127711772918701 0.9237753748893738 0.05031818524003029 -0.35877224802970886 -0.12405405938625336
redkitchen/seq-14/frame-000867.color.png -0.21841247379779816 -0.5274943113327026 1.2020310163497925 0.9243729114532471 0.05073929205536842 -0.35715076327323914 -0.12411104887723923
redkitchen/seq-14/frame-000868.color.png -0.1891576498746872 -0.5214568972587585 1.2286264896392822 0.9156339168548584 0.05089118704199791 -0.3796955347061157 -0.1218850240111351
redkitchen/seq-14/frame-000869.color.png -0.19189320504665375 -0.5146462917327881 1.2251152992248535 0.9240729808807373 0.05575037747621536 -0.3556806445121765 -0.12834438681602478
redkitchen/seq-14/frame-000870.color.png -0.19251789152622223 -0.5187800526618958 1.208077073097229 0.930611789226532 0.049980528652668 -0.33913055062294006 -0.1282733827829361
redkitchen/seq-14/frame-000871.color.png -0.18760722875595093 -0.5399767160415649 1.1989731788635254 0.9329990744590759 0.04304890334606171 -0.3342268466949463 -0.12629982829093933
redkitchen/seq-14/frame-000872.color.png -0.16110241413116455 -0.5499698519706726 1.1932810544967651 0.9252419471740723 0.035972271114587784 -0.35434383153915405 -0.1306663602590561
redkitchen/seq-14/frame-000873.color.png -0.09199634194374084 -0.5634875297546387 1.2078118324279785 0.9223507046699524 0.034753285348415375 -0.36074283719062805 -0.1338871866464615
redkitchen/seq-14/frame-000874.color.png -0.05870747193694115 -0.553351104259491 1.2089463472366333 0.922112762928009 0.023758111521601677 -0.3613417446613312 -0.13629251718521118
redkitchen/seq-14/frame-000875.color.png -0.01701066642999649 -0.5486541390419006 1.2292063236236572 0.9311081767082214 0.018985014408826828 -0.3344976305961609 -0.14418251812458038
redkitchen/seq-14/frame-000876.color.png -0.11950649321079254 -0.5494096279144287 1.222262978553772 0.9348564147949219 0.02102239616215229 -0.32354259490966797 -0.1446433663368225
redkitchen/seq-14/frame-000877.color.png -0.11772003769874573 -0.5622541904449463 1.2046003341674805 0.9391059875488281 0.019827289506793022 -0.3072223961353302 -0.15264710783958435
redkitchen/seq-14/frame-000878.color.png -0.11600714921951294 -0.5603587031364441 1.194513201713562 0.9361090064048767 0.010518372990190983 -0.31572651863098145 -0.15461549162864685
redkitchen/seq-14/frame-000879.color.png -0.08922988176345825 -0.5687061548233032 1.1881142854690552 0.9409494400024414 0.00999076385051012 -0.3014483153820038 -0.15376345813274384
redkitchen/seq-14/frame-000880.color.png -0.10951980948448181 -0.5635890960693359 1.2032461166381836 0.9391361474990845 0.010344594717025757 -0.3087345361709595 -0.15033060312271118
redkitchen/seq-14/frame-000881.color.png -0.06431370973587036 -0.5581226348876953 1.2219491004943848 0.9399014711380005 0.011956898495554924 -0.30528077483177185 -0.1524660736322403
redkitchen/seq-14/frame-000882.color.png -0.07322773337364197 -0.5521808862686157 1.1909011602401733 0.9364544749259949 0.007948043756186962 -0.3145955502986908 -0.1549822837114334
redkitchen/seq-14/frame-000883.color.png -0.037478912621736526 -0.5474152565002441 1.171130657196045 0.9243912696838379 0.008972818963229656 -0.3464967608451843 -0.15924884378910065
redkitchen/seq-14/frame-000884.color.png 0.02512906864285469 -0.555317759513855 1.1669045686721802 0.9277671575546265 0.0004969206056557596 -0.3352770209312439 -0.16382074356079102
redkitchen/seq-14/frame-000885.color.png 0.0125640369951725 -0.5506201982498169 1.1864033937454224 0.9304161071777344 -0.0023634328972548246 -0.3254227638244629 -0.16858302056789398
redkitchen/seq-14/frame-000886.color.png -0.0372520312666893 -0.5397648811340332 1.1872798204421997 0.9316309690475464 0.0026994324289262295 -0.32241761684417725 -0.16764038801193237
redkitchen/seq-14/frame-000887.color.png -0.010406173765659332 -0.543499767780304 1.1894465684890747 0.9271575808525085 -0.0009383774013258517 -0.33759433031082153 -0.16250526905059814
redkitchen/seq-14/frame-000888.color.png 0.0172453410923481 -0.5411452651023865 1.192435622215271 0.9295079112052917 0.0005942121497355402 -0.3295605480670929 -0.16554340720176697
redkitchen/seq-14/frame-000889.color.png 0.06079491600394249 -0.5470027327537537 1.1983389854431152 0.9297127723693848 -0.0009856359101831913 -0.3281506896018982 -0.16718271374702454
redkitchen/seq-14/frame-000890.color.png 0.06440684199333191 -0.5508825182914734 1.173153281211853 0.9277787804603577 -0.0045751906000077724 -0.3323114514350891 -0.16963033378124237
redkitchen/seq-14/frame-000891.color.png 0.08370734751224518 -0.5485284328460693 1.1671041250228882 0.924461305141449 -0.007741741836071014 -0.3412364721298218 -0.16990935802459717
redkitchen/seq-14/frame-000892.color.png 0.09168259799480438 -0.5502688884735107 1.1807384490966797 0.9228371977806091 -0.007067624945193529 -0.3453589677810669 -0.17043733596801758
redkitchen/seq-14/frame-000893.color.png 0.07824012637138367 -0.5457781553268433 1.17770254611969 0.9241791367530823 -0.0036830008029937744 -0.3429030179977417 -0.16821664571762085
redkitchen/seq-14/frame-000894.color.png 0.10090094804763794 -0.5489327907562256 1.1862272024154663 0.9201217889785767 -0.001938917557708919 -0.3525862991809845 -0.1704557090997696
redkitchen/seq-14/frame-000895.color.png 0.12217892706394196 -0.559990406036377 1.1913931369781494 0.921112060546875 -0.003157395636662841 -0.35127517580986023 -0.1677750200033188
redkitchen/seq-14/frame-000896.color.png 0.10520131886005402 -0.5503762364387512 1.20363187789917 0.9245421290397644 -0.0035477690398693085 -0.3395189344882965 -0.17302067577838898
redkitchen/seq-14/frame-000897.color.png 0.12586838006973267 -0.5440048575401306 1.1698333024978638 0.9172616600990295 -0.008060122840106487 -0.35804635286331177 -0.17426684498786926
redkitchen/seq-14/frame-000898.color.png 0.14108428359031677 -0.5307390689849854 1.1831327676773071 0.9134911894798279 -0.009655904024839401 -0.36549317836761475 -0.17848066985607147
redkitchen/seq-14/frame-000899.color.png 0.15019960701465607 -0.5366736054420471 1.2053194046020508 0.9133146405220032 -0.01596435345709324 -0.3639424741268158 -0.18206430971622467
redkitchen/seq-14/frame-000900.color.png 0.1892736554145813 -0.5381101965904236 1.2068310976028442 0.9109334945678711 -0.023235376924276352 -0.3683609068393707 -0.18431104719638824
redkitchen/seq-14/frame-000901.color.png 0.1878330558538437 -0.5444039702415466 1.1888394355773926 0.9116231799125671 -0.019947294145822525 -0.369779497385025 -0.17834866046905518
redkitchen/seq-14/frame-000902.color.png 0.1807805895805359 -0.5408828854560852 1.1994503736495972 0.9144355058670044 -0.015456534922122955 -0.3619222342967987 -0.1805022656917572
redkitchen/seq-14/frame-000903.color.png 0.16945314407348633 -0.5299580097198486 1.2021631002426147 0.9112876057624817 -0.022583071142435074 -0.36803725361824036 -0.18328505754470825
redkitchen/seq-14/frame-000904.color.png 0.17932644486427307 -0.5296894311904907 1.1756834983825684 0.9025474190711975 -0.01822427101433277 -0.3878074884414673 -0.18622957170009613
redkitchen/seq-14/frame-000905.color.png 0.20165474712848663 -0.5391623377799988 1.1813956499099731 0.90622878074646 -0.023658281192183495 -0.3805300295352936 -0.18272000551223755
redkitchen/seq-14/frame-000906.color.png 0.22002273797988892 -0.534884512424469 1.174694299697876 0.9052162766456604 -0.020241158083081245 -0.3843311071395874 -0.18017612397670746
redkitchen/seq-14/frame-000907.color.png 0.19097277522087097 -0.5345380902290344 1.180732250213623 0.9009931683540344 -0.023373596370220184 -0.3911654055118561 -0.18615758419036865
redkitchen/seq-14/frame-000908.color.png 0.21571260690689087 -0.5285782814025879 1.181841254234314 0.9024710655212402 -0.026880603283643723 -0.3876202702522278 -0.18594087660312653
redkitchen/seq-14/frame-000909.color.png 0.22913120687007904 -0.523763120174408 1.1505693197250366 0.9044079184532166 -0.02296517789363861 -0.38351908326148987 -0.18555887043476105
redkitchen/seq-14/frame-000910.color.png 0.23733341693878174 -0.5250861644744873 1.1739919185638428 0.9020841121673584 -0.017399780452251434 -0.3881562352180481 -0.18781988322734833
redkitchen/seq-14/frame-000911.color.png 0.2608723044395447 -0.533079981803894 1.1902341842651367 0.8921119570732117 -0.020198287442326546 -0.4101972281932831 -0.18832558393478394
redkitchen/seq-14/frame-000912.color.png 0.26476985216140747 -0.5282863974571228 1.1729974746704102 0.8998768925666809 -0.0268563125282526 -0.39504167437553406 -0.1828727275133133
redkitchen/seq-14/frame-000913.color.png 0.26576870679855347 -0.5051928758621216 1.1696839332580566 0.9012945890426636 -0.018042076379060745 -0.3931456506252289 -0.18104952573776245
redkitchen/seq-14/frame-000914.color.png 0.28443118929862976 -0.5052073001861572 1.124607801437378 0.9041808247566223 -0.013288832269608974 -0.3859621286392212 -0.18252015113830566
redkitchen/seq-14/frame-000915.color.png 0.286040723323822 -0.5034549832344055 1.1335225105285645 0.9019405841827393 -0.011818934231996536 -0.39426377415657043 -0.17583951354026794
redkitchen/seq-14/frame-000916.color.png 0.2857443690299988 -0.509459912776947 1.1110785007476807 0.8963136672973633 -0.009380451403558254 -0.40563085675239563 -0.17887839674949646
redkitchen/seq-14/frame-000917.color.png 0.321514755487442 -0.5044323801994324 1.1109614372253418 0.8894144892692566 -0.01915803737938404 -0.4180278182029724 -0.18392275273799896
redkitchen/seq-14/frame-000918.color.png 0.34008410573005676 -0.4999656677246094 1.1206037998199463 0.8957534432411194 -0.026232680305838585 -0.40312811732292175 -0.1855408400297165
redkitchen/seq-14/frame-000919.color.png 0.34543415904045105 -0.49377256631851196 1.117487907409668 0.8881992697715759 -0.01721865125000477 -0.422556072473526 -0.17958784103393555
redkitchen/seq-14/frame-000920.color.png 0.37101322412490845 -0.4825058579444885 1.0883989334106445 0.8829642534255981 -0.030441533774137497 -0.43091338872909546 -0.18374130129814148
redkitchen/seq-14/frame-000921.color.png 0.4096847176551819 -0.4937053322792053 1.0850825309753418 0.8932994604110718 -0.02667664922773838 -0.4119691550731659 -0.17772454023361206
redkitchen/seq-14/frame-000922.color.png 0.434598445892334 -0.5034946799278259 1.0706011056900024 0.8932790756225586 -0.019250093027949333 -0.4136489927768707 -0.17486047744750977
redkitchen/seq-14/frame-000923.color.png 0.43837064504623413 -0.48633497953414917 1.0705722570419312 0.8799826502799988 -0.027618277817964554 -0.4380868077278137 -0.18151453137397766
redkitchen/seq-14/frame-000924.color.png 0.45646893978118896 -0.49321532249450684 1.1069449186325073 0.8913129568099976 -0.025915592908859253 -0.41406935453414917 -0.182855024933815
redkitchen/seq-14/frame-000925.color.png 0.478026807308197 -0.4947987198829651 1.0930684804916382 0.8859788179397583 -0.020602431148290634 -0.4250248968601227 -0.18431232869625092
redkitchen/seq-14/frame-000926.color.png 0.4736364781856537 -0.48037955164909363 1.0570826530456543 0.8802993893623352 -0.02513103000819683 -0.43231838941574097 -0.19375848770141602
redkitchen/seq-14/frame-000927.color.png 0.4693436920642853 -0.48271822929382324 1.0771324634552002 0.8837609887123108 -0.030007686465978622 -0.423579603433609 -0.1965869516134262
redkitchen/seq-14/frame-000928.color.png 0.4930834472179413 -0.4942716360092163 1.122070074081421 0.8958916664123535 -0.0320303849875927 -0.39784571528434753 -0.19511771202087402
redkitchen/seq-14/frame-000929.color.png 0.5207909941673279 -0.5050544142723083 1.1177781820297241 0.8957732915878296 -0.021550878882408142 -0.4004040062427521 -0.19183938205242157
redkitchen/seq-14/frame-000930.color.png 0.5272819995880127 -0.4922151565551758 1.1075726747512817 0.8949811458587646 -0.020924003794789314 -0.39966318011283875 -0.19707927107810974
redkitchen/seq-14/frame-000931.color.png 0.5555422306060791 -0.49520987272262573 1.1302326917648315 0.8955985903739929 -0.019540274515748024 -0.3979978859424591 -0.19778534770011902
redkitchen/seq-14/frame-000932.color.png 0.5460964441299438 -0.4944532513618469 1.1209646463394165 0.8937192559242249 -0.022202493622899055 -0.4013417363166809 -0.19924300909042358
redkitchen/seq-14/frame-000933.color.png 0.5527448654174805 -0.4895970821380615 1.1171469688415527 0.8928630352020264 -0.021913018077611923 -0.40509068965911865 -0.19549107551574707
redkitchen/seq-14/frame-000934.color.png 0.5649207830429077 -0.47878003120422363 1.093010425567627 0.8908805251121521 -0.01911710947751999 -0.40940502285957336 -0.1958417296409607
redkitchen/seq-14/frame-000935.color.png 0.5448691248893738 -0.4690096080303192 1.0883418321609497 0.8935666084289551 -0.010628058575093746 -0.40686580538749695 -0.18943582475185394
redkitchen/seq-14/frame-000936.color.png 0.5852821469306946 -0.4774949252605438 1.1121894121170044 0.8935012221336365 -0.01252466719597578 -0.4092998206615448 -0.1843155175447464
redkitchen/seq-14/frame-000937.color.png 0.6101129651069641 -0.47499117255210876 1.135382056236267 0.8905751705169678 -0.00823688693344593 -0.4170638620853424 -0.1812889575958252
redkitchen/seq-14/frame-000938.color.png 0.607290506362915 -0.47197267413139343 1.1236357688903809 0.8891113996505737 -0.006921177264302969 -0.4207284152507782 -0.1800575852394104
redkitchen/seq-14/frame-000939.color.png 0.6183692216873169 -0.4730941355228424 1.122529149055481 0.8882957100868225 -0.004490717779844999 -0.42406490445137024 -0.17629344761371613
redkitchen/seq-14/frame-000940.color.png 0.6264486908912659 -0.46916308999061584 1.125227689743042 0.8905573487281799 -0.01117753703147173 -0.41956788301467896 -0.17534393072128296
redkitchen/seq-14/frame-000941.color.png 0.657987117767334 -0.4797728657722473 1.1180226802825928 0.8901909589767456 -0.011378109455108643 -0.4204131066799164 -0.1751662939786911
redkitchen/seq-14/frame-000942.color.png 0.6736255288124084 -0.47363606095314026 1.1185451745986938 0.8933357000350952 -0.010584305040538311 -0.4132687449455261 -0.1762050837278366
redkitchen/seq-14/frame-000943.color.png 0.6741939187049866 -0.46520522236824036 1.0968750715255737 0.8892621397972107 -0.012299883179366589 -0.4232920706272125 -0.17287416756153107
redkitchen/seq-14/frame-000944.color.png 0.6860631704330444 -0.4739343225955963 1.1074212789535522 0.8871126770973206 -0.00692242244258523 -0.4256901741027832 -0.17824451625347137
redkitchen/seq-14/frame-000945.color.png 0.6727353930473328 -0.4726460874080658 1.0836358070373535 0.8867197632789612 -0.006566888187080622 -0.4271257221698761 -0.17677251994609833
redkitchen/seq-14/frame-000946.color.png 0.6916020512580872 -0.471443235874176 1.0835641622543335 0.8822969198226929 -0.005830361973494291 -0.43232372403144836 -0.18604891002178192
redkitchen/seq-14/frame-000947.color.png 0.7450869679450989 -0.4733324646949768 1.1162381172180176 0.8806447982788086 -0.0062617105431854725 -0.4360164403915405 -0.1852433979511261
redkitchen/seq-14/frame-000948.color.png 0.7863238453865051 -0.46642574667930603 1.128801941871643 0.8821433782577515 -0.021181562915444374 -0.43103229999542236 -0.1886412352323532
redkitchen/seq-14/frame-000949.color.png 0.7743270993232727 -0.4658394157886505 1.1323565244674683 0.8839913010597229 -0.021666547283530235 -0.42805472016334534 -0.18670596182346344
redkitchen/seq-14/frame-000950.color.png 0.7507164478302002 -0.4551119804382324 1.123956322669983 0.8845909237861633 -0.02430826611816883 -0.4271800220012665 -0.18554054200649261
redkitchen/seq-14/frame-000951.color.png 0.7462751269340515 -0.4655402600765228 1.1410176753997803 0.890122652053833 -0.030083568766713142 -0.4129612445831299 -0.19036728143692017
redkitchen/seq-14/frame-000952.color.png 0.7947105765342712 -0.4781359136104584 1.1468392610549927 0.8883594870567322 -0.028440654277801514 -0.4169665575027466 -0.1901252716779709
redkitchen/seq-14/frame-000953.color.png 0.8200700879096985 -0.4721526801586151 1.1441847085952759 0.8847265839576721 -0.0340542197227478 -0.4226817190647125 -0.1934928148984909
redkitchen/seq-14/frame-000954.color.png 0.8149046897888184 -0.476414293050766 1.1666473150253296 0.8819485902786255 -0.04097665101289749 -0.42716655135154724 -0.19497761130332947
redkitchen/seq-14/frame-000955.color.png 0.8069547414779663 -0.47979676723480225 1.1597814559936523 0.8880470991134644 -0.04591856524348259 -0.4147094786167145 -0.1930799037218094
redkitchen/seq-14/frame-000956.color.png 0.7779209017753601 -0.4727778732776642 1.1559706926345825 0.8861638903617859 -0.04501401260495186 -0.41907617449760437 -0.1925160437822342
redkitchen/seq-14/frame-000957.color.png 0.8119550943374634 -0.483066201210022 1.1771702766418457 0.8888797760009766 -0.05189191550016403 -0.4127975106239319 -0.19182853400707245
redkitchen/seq-14/frame-000958.color.png 0.828691303730011 -0.4731738269329071 1.1644824743270874 0.8907937407493591 -0.04647930711507797 -0.4127975404262543 -0.18418565392494202
redkitchen/seq-14/frame-000959.color.png 0.8198847770690918 -0.4668499231338501 1.1557170152664185 0.8911285400390625 -0.046798378229141235 -0.4115384519100189 -0.18529945611953735
redkitchen/seq-14/frame-000960.color.png 0.859967052936554 -0.46343812346458435 1.1442320346832275 0.8905904293060303 -0.055970970541238785 -0.4136248528957367 -0.180638387799263
redkitchen/seq-14/frame-000961.color.png 0.8939700126647949 -0.4692756235599518 1.1419378519058228 0.8839835524559021 -0.059828437864780426 -0.42414379119873047 -0.187338724732399
redkitchen/seq-14/frame-000962.color.png 0.8846698999404907 -0.4820484220981598 1.1595605611801147 0.89398592710495 -0.05923395976424217 -0.4073476791381836 -0.1770547479391098
redkitchen/seq-14/frame-000963.color.png 0.8967326283454895 -0.48803699016571045 1.1771234273910522 0.8957950472831726 -0.05563640967011452 -0.4054953157901764 -0.1732894778251648
redkitchen/seq-14/frame-000964.color.png 0.9230960607528687 -0.48517274856567383 1.1735765933990479 0.8923874497413635 -0.04897518828511238 -0.41123446822166443 -0.17925503849983215
redkitchen/seq-14/frame-000965.color.png 0.9146636724472046 -0.48750168085098267 1.1622910499572754 0.8958704471588135 -0.04898763820528984 -0.4048837125301361 -0.1763106733560562
redkitchen/seq-14/frame-000966.color.png 0.92216956615448 -0.47930341958999634 1.1403828859329224 0.8947939276695251 -0.04778522253036499 -0.40961953997612 -0.17109081149101257
redkitchen/seq-14/frame-000967.color.png 0.9331762790679932 -0.47765302658081055 1.1412022113800049 0.8965163230895996 -0.0480821393430233 -0.40633106231689453 -0.169828861951828
redkitchen/seq-14/frame-000968.color.png 0.9392009973526001 -0.4874805212020874 1.1426926851272583 0.8963452577590942 -0.04994824156165123 -0.4054872989654541 -0.1721932739019394
redkitchen/seq-14/frame-000969.color.png 0.9411677122116089 -0.47767770290374756 1.1242560148239136 0.8976050019264221 -0.056852180510759354 -0.4046640992164612 -0.16528742015361786
redkitchen/seq-14/frame-000970.color.png 0.9825783371925354 -0.47064027190208435 1.1166198253631592 0.9005405902862549 -0.05069154500961304 -0.39767852425575256 -0.16825267672538757
redkitchen/seq-14/frame-000971.color.png 0.9995326995849609 -0.46722739934921265 1.105839729309082 0.8966373801231384 -0.05064969137310982 -0.406013160943985 -0.16920265555381775
redkitchen/seq-14/frame-000972.color.png 0.998643696308136 -0.46852537989616394 1.1022905111312866 0.9063206911087036 -0.04758087918162346 -0.3814891278743744 -0.17545588314533234
redkitchen/seq-14/frame-000973.color.png 1.0151057243347168 -0.4738806486129761 1.115377426147461 0.9024316668510437 -0.04957040026783943 -0.39220598340034485 -0.1712726652622223
redkitchen/seq-14/frame-000974.color.png 1.0206704139709473 -0.4733428359031677 1.1169419288635254 0.905968964099884 -0.045558955520391464 -0.3833048343658447 -0.17384423315525055
redkitchen/seq-14/frame-000975.color.png 1.077547550201416 -0.48582422733306885 1.128929853439331 0.9072902798652649 -0.03687717765569687 -0.38343364000320435 -0.16865085065364838
redkitchen/seq-14/frame-000976.color.png 1.0974973440170288 -0.49313920736312866 1.1146425008773804 0.9035640358924866 -0.0462784543633461 -0.3862513303756714 -0.1795555055141449
redkitchen/seq-14/frame-000977.color.png 1.0932161808013916 -0.5030052661895752 1.119059443473816 0.9081438779830933 -0.04589325934648514 -0.37906673550605774 -0.17168813943862915
redkitchen/seq-14/frame-000978.color.png 1.1093785762786865 -0.4943087697029114 1.1111559867858887 0.905729353427887 -0.045904599130153656 -0.38465073704719543 -0.1720200777053833
redkitchen/seq-14/frame-000979.color.png 1.134613037109375 -0.5028712153434753 1.1221044063568115 0.9045121073722839 -0.0418425053358078 -0.3910646140575409 -0.16484975814819336
redkitchen/seq-14/frame-000980.color.png 1.0881023406982422 -0.5178042054176331 1.1248486042022705 0.9069465398788452 -0.05362815782427788 -0.38497695326805115 -0.16237123310565948
redkitchen/seq-14/frame-000981.color.png 1.1080687046051025 -0.5130458474159241 1.1125566959381104 0.9047913551330566 -0.04807281494140625 -0.3936709761619568 -0.15512843430042267
redkitchen/seq-14/frame-000982.color.png 1.1262341737747192 -0.500373899936676 1.0747454166412354 0.9068754315376282 -0.05798399820923805 -0.38860851526260376 -0.15230953693389893
redkitchen/seq-14/frame-000983.color.png 1.119771122932434 -0.4947913885116577 1.0714082717895508 0.9080702066421509 -0.056334711611270905 -0.3811197578907013 -0.16426454484462738
redkitchen/seq-14/frame-000984.color.png 1.1222765445709229 -0.5013566017150879 1.0830860137939453 0.9081370234489441 -0.06478501856327057 -0.3784540593624115 -0.16692101955413818
redkitchen/seq-14/frame-000985.color.png 1.119000792503357 -0.5187253952026367 1.0863054990768433 0.9012369513511658 -0.07853378355503082 -0.3832680583000183 -0.18630599975585938
redkitchen/seq-14/frame-000986.color.png 1.1454740762710571 -0.514673113822937 1.0725558996200562 0.9068385362625122 -0.07707022875547409 -0.3753960430622101 -0.17544807493686676
redkitchen/seq-14/frame-000987.color.png 1.1392271518707275 -0.5100458264350891 1.0686633586883545 0.903140127658844 -0.09092647582292557 -0.37675952911376953 -0.18472301959991455
redkitchen/seq-14/frame-000988.color.png 1.1508896350860596 -0.5096505880355835 1.0650187730789185 0.9010871052742004 -0.08575820177793503 -0.38352152705192566 -0.18329967558383942
redkitchen/seq-14/frame-000989.color.png 1.1715419292449951 -0.5151067972183228 1.0635267496109009 0.9023069739341736 -0.079275943338871 -0.3850441575050354 -0.17691373825073242
redkitchen/seq-14/frame-000990.color.png 1.1768795251846313 -0.5103678107261658 1.0662938356399536 0.9022282361984253 -0.08922543376684189 -0.38057199120521545 -0.18217574059963226
redkitchen/seq-14/frame-000991.color.png 1.1733829975128174 -0.5002211928367615 1.0690159797668457 0.9011719226837158 -0.09482330828905106 -0.3804776072502136 -0.18475542962551117
redkitchen/seq-14/frame-000992.color.png 1.176697015762329 -0.4997985363006592 1.072732925415039 0.8954775929450989 -0.09901783615350723 -0.388876736164093 -0.1925879716873169
redkitchen/seq-14/frame-000993.color.png 1.187547206878662 -0.49414747953414917 1.0695337057113647 0.8927122354507446 -0.08982008695602417 -0.3969278037548065 -0.19350817799568176
redkitchen/seq-14/frame-000994.color.png 1.2011107206344604 -0.492978036403656 1.0768429040908813 0.8971104621887207 -0.09231410175561905 -0.39052334427833557 -0.18483062088489532
redkitchen/seq-14/frame-000995.color.png 1.2205196619033813 -0.4852437376976013 1.072482705116272 0.8956642746925354 -0.08587877452373505 -0.3958362638950348 -0.18364067375659943
redkitchen/seq-14/frame-000996.color.png 1.245275855064392 -0.4855228662490845 1.067919373512268 0.8954945802688599 -0.07549823075532913 -0.40147215127944946 -0.1766625940799713
redkitchen/seq-14/frame-000997.color.png 1.260442852973938 -0.4695416986942291 1.058506965637207 0.9003133177757263 -0.08181343972682953 -0.3906642198562622 -0.17356297373771667
redkitchen/seq-14/frame-000998.color.png 1.2789047956466675 -0.46459513902664185 1.0627946853637695 0.898631751537323 -0.08894041180610657 -0.39349165558815 -0.17237962782382965
redkitchen/seq-14/frame-000999.color.png 1.2788039445877075 -0.47285401821136475 1.0587130784988403 0.8943568468093872 -0.09773074835538864 -0.3983732759952545 -0.17853088676929474
