heads/seq-01/frame-000000.color.png -0.21507528424263 -0.1372290551662445 0.15146180987358093 0.9902895092964172 -0.13566380739212036 -0.01598886400461197 -0.025813555344939232
heads/seq-01/frame-000001.color.png -0.21647244691848755 -0.13897989690303802 0.15741899609565735 0.990150511264801 -0.13785172998905182 -0.012412795796990395 -0.021083198487758636
heads/seq-01/frame-000002.color.png -0.21737873554229736 -0.13606023788452148 0.15659257769584656 0.9910285472869873 -0.13271136581897736 -0.008472484536468983 -0.013358023017644882
heads/seq-01/frame-000003.color.png -0.21430453658103943 -0.13538561761379242 0.1530243456363678 0.9894934892654419 -0.14392125606536865 -0.0002990783250425011 -0.013753282837569714
heads/seq-01/frame-000004.color.png -0.21675875782966614 -0.1503225415945053 0.15633833408355713 0.9892919063568115 -0.14461961388587952 -0.009172055870294571 -0.01739496737718582
heads/seq-01/frame-000005.color.png -0.21517455577850342 -0.15690495073795319 0.1633497178554535 0.9890221953392029 -0.14699451625347137 -0.004532025195658207 -0.014398586004972458
heads/seq-01/frame-000006.color.png -0.21877747774124146 -0.15450039505958557 0.17079737782478333 0.988336980342865 -0.15210288763046265 0.0023114746436476707 -0.007037685718387365
heads/seq-01/frame-000007.color.png -0.21874400973320007 -0.1616305112838745 0.17055216431617737 0.9873155355453491 -0.15825079381465912 -0.008821137249469757 -0.009314730763435364
heads/seq-01/frame-000008.color.png -0.2267494648694992 -0.16483372449874878 0.16824927926063538 0.9875084757804871 -0.15705125033855438 -0.010695879347622395 -0.0068990495055913925
heads/seq-01/frame-000009.color.png -0.24216970801353455 -0.15828323364257812 0.16964134573936462 0.9883637428283691 -0.15209273993968964 0.001786095555871725 0.001306653139181435
heads/seq-01/frame-000010.color.png -0.2426113784313202 -0.15586164593696594 0.16045436263084412 0.9883416891098022 -0.15058404207229614 0.02038857340812683 0.009460397064685822
heads/seq-01/frame-000011.color.png -0.24322554469108582 -0.1619887501001358 0.16402199864387512 0.9881598353385925 -0.1534164696931839 0.0015134427230805159 -0.0011346566025167704
heads/seq-01/frame-000012.color.png -0.25621289014816284 -0.1629374474287033 0.16418355703353882 0.9876241087913513 -0.15672871470451355 0.005136153660714626 0.0028763525187969208
heads/seq-01/frame-000013.color.png -0.258273184299469 -0.16044534742832184 0.1612253189086914 0.9859424233436584 -0.16704927384853363 -0.0027545227203518152 -0.002066611312329769
heads/seq-01/frame-000014.color.png -0.25508376955986023 -0.18370172381401062 0.1799289882183075 0.9850941300392151 -0.17036092281341553 0.018347762525081635 0.015163350850343704
heads/seq-01/frame-000015.color.png -0.25508376955986023 -0.18370172381401062 0.1799289882183075 0.9850941300392151 -0.17036092281341553 0.018347762525081635 0.015163350850343704
heads/seq-01/frame-000016.color.png -0.2675457298755646 -0.19015231728553772 0.1866196095943451 0.9849979281425476 -0.1720018982887268 0.009313695132732391 0.010376558639109135
heads/seq-01/frame-000017.color.png -0.2728749215602875 -0.1961134523153305 0.18873882293701172 0.9847825169563293 -0.1735459566116333 0.0050836182199418545 0.00770852854475379
heads/seq-01/frame-000018.color.png -0.26459893584251404 -0.18605487048625946 0.19193163514137268 0.9825648665428162 -0.18458423018455505 0.010990377515554428 0.019343722611665726
heads/seq-01/frame-000019.color.png -0.26936665177345276 -0.19100376963615417 0.19418978691101074 0.9818475842475891 -0.1845047026872635 0.02922634966671467 0.032854437828063965
heads/seq-01/frame-000020.color.png -0.27310898900032043 -0.18786361813545227 0.19559785723686218 0.9832606911659241 -0.17856912314891815 0.027421649545431137 0.023651106283068657
heads/seq-01/frame-000021.color.png -0.27310898900032043 -0.18786361813545227 0.19559785723686218 0.9832606911659241 -0.17856912314891815 0.027421649545431137 0.023651106283068657
heads/seq-01/frame-000022.color.png -0.26810163259506226 -0.19683516025543213 0.2010442018508911 0.9841526746749878 -0.17127269506454468 0.0340675488114357 0.030802298337221146
heads/seq-01/frame-000023.color.png -0.2676132321357727 -0.19125314056873322 0.2038678228855133 0.9830263257026672 -0.17958037555217743 0.027156664058566093 0.025933796539902687
heads/seq-01/frame-000024.color.png -0.26654788851737976 -0.19305621087551117 0.20567145943641663 0.9831382036209106 -0.17814786732196808 0.03026180900633335 0.02805217169225216
heads/seq-01/frame-000025.color.png -0.27446454763412476 -0.1889064759016037 0.20850148797035217 0.9844248294830322 -0.1713828593492508 0.028804883360862732 0.026567809283733368
heads/seq-01/frame-000026.color.png -0.28955113887786865 -0.19200654327869415 0.20323240756988525 0.9836035966873169 -0.1751403659582138 0.03149765357375145 0.02928619086742401
heads/seq-01/frame-000027.color.png -0.28955113887786865 -0.19200654327869415 0.20323240756988525 0.9836035966873169 -0.1751403659582138 0.03149765357375145 0.02928619086742401
heads/seq-01/frame-000028.color.png -0.31292855739593506 -0.19146956503391266 0.19801607728004456 0.9804851412773132 -0.18920345604419708 0.039215318858623505 0.036237336695194244
heads/seq-01/frame-000029.color.png -0.3119755685329437 -0.19492480158805847 0.1934489905834198 0.9804365634918213 -0.18864305317401886 0.04451502859592438 0.034298114478588104
heads/seq-01/frame-000030.color.png -0.3259836733341217 -0.19725863635540009 0.20089605450630188 0.9808204174041748 -0.18284960091114044 0.050399359315633774 0.04491400346159935
heads/seq-01/frame-000031.color.png -0.3259836733341217 -0.19725863635540009 0.20089605450630188 0.9808204174041748 -0.18284960091114044 0.050399359315633774 0.04491400346159935
heads/seq-01/frame-000032.color.png -0.33881676197052 -0.19231098890304565 0.20210444927215576 0.978471577167511 -0.19178807735443115 0.05802097171545029 0.04943834990262985
heads/seq-01/frame-000033.color.png -0.3365240693092346 -0.17981360852718353 0.20514842867851257 0.9781461954116821 -0.19602447748184204 0.051310304552316666 0.0466017946600914
heads/seq-01/frame-000034.color.png -0.3411659002304077 -0.18662436306476593 0.21201643347740173 0.9804339408874512 -0.18209552764892578 0.058003611862659454 0.0471828319132328
heads/seq-01/frame-000035.color.png -0.3206433951854706 -0.1878533661365509 0.2116042971611023 0.9791966080665588 -0.18236736953258514 0.07082362473011017 0.05385389178991318
heads/seq-01/frame-000036.color.png -0.3206433951854706 -0.1878533661365509 0.2116042971611023 0.9791966080665588 -0.18236736953258514 0.07082362473011017 0.05385389178991318
heads/seq-01/frame-000037.color.png -0.3245121240615845 -0.19213774800300598 0.2193351686000824 0.9801754951477051 -0.18676933646202087 0.053237058222293854 0.03923039138317108
heads/seq-01/frame-000038.color.png -0.31899911165237427 -0.1910443753004074 0.21325501799583435 0.9810174703598022 -0.1816639006137848 0.05531587451696396 0.039283450692892075
heads/seq-01/frame-000039.color.png -0.345151424407959 -0.19465495645999908 0.20451727509498596 0.9814685583114624 -0.17559805512428284 0.06312216818332672 0.0435936376452446
heads/seq-01/frame-000040.color.png -0.345151424407959 -0.19465495645999908 0.20451727509498596 0.9814685583114624 -0.17559805512428284 0.06312216818332672 0.0435936376452446
heads/seq-01/frame-000041.color.png -0.3562483787536621 -0.20150792598724365 0.2053377330303192 0.981895923614502 -0.1717374622821808 0.0661265030503273 0.044876646250486374
heads/seq-01/frame-000042.color.png -0.37862107157707214 -0.19300530850887299 0.19806882739067078 0.9817707538604736 -0.17470191419124603 0.06107413023710251 0.0433075986802578
heads/seq-01/frame-000043.color.png -0.39298704266548157 -0.18499210476875305 0.20155751705169678 0.9795740246772766 -0.18465346097946167 0.06328888982534409 0.048296548426151276
heads/seq-01/frame-000044.color.png -0.39298704266548157 -0.18499210476875305 0.20155751705169678 0.9795740246772766 -0.18465346097946167 0.06328888982534409 0.048296548426151276
heads/seq-01/frame-000045.color.png -0.4102635085582733 -0.17538975179195404 0.19523048400878906 0.9773193001747131 -0.1877318173646927 0.07656052708625793 0.061176419258117676
heads/seq-01/frame-000046.color.png -0.42394429445266724 -0.17486535012722015 0.20722782611846924 0.9787190556526184 -0.18086500465869904 0.08130192756652832 0.05278944596648216
heads/seq-01/frame-000047.color.png -0.42889586091041565 -0.16014987230300903 0.18574446439743042 0.9771568179130554 -0.17816923558712006 0.09750635176897049 0.06255235522985458
heads/seq-01/frame-000048.color.png -0.42889586091041565 -0.16014987230300903 0.18574446439743042 0.9771568179130554 -0.17816923558712006 0.09750635176897049 0.06255235522985458
heads/seq-01/frame-000049.color.png -0.4342291057109833 -0.170627623796463 0.17949756979942322 0.9780457019805908 -0.1837739795446396 0.08204016834497452 0.0540677085518837
heads/seq-01/frame-000050.color.png -0.42222532629966736 -0.1817459613084793 0.18661737442016602 0.9803383946418762 -0.1724834442138672 0.08099204301834106 0.051249172538518906
heads/seq-01/frame-000051.color.png -0.4223977029323578 -0.2067500799894333 0.1958228349685669 0.9787002801895142 -0.17577221989631653 0.08591236174106598 0.06220094859600067
heads/seq-01/frame-000052.color.png -0.4223977029323578 -0.2067500799894333 0.1958228349685669 0.9787002801895142 -0.17577221989631653 0.08591236174106598 0.06220094859600067
heads/seq-01/frame-000053.color.png -0.4069742262363434 -0.22316336631774902 0.19633236527442932 0.978802502155304 -0.15665191411972046 0.11354269832372665 0.06718723475933075
heads/seq-01/frame-000054.color.png -0.4080173969268799 -0.24631547927856445 0.20692113041877747 0.9713459014892578 -0.17588844895362854 0.1368507742881775 0.08259665966033936
heads/seq-01/frame-000055.color.png -0.42936772108078003 -0.2533837854862213 0.22381407022476196 0.9727607369422913 -0.16942483186721802 0.1351747065782547 0.08221733570098877
heads/seq-01/frame-000056.color.png -0.42936772108078003 -0.2533837854862213 0.22381407022476196 0.9727607369422913 -0.16942483186721802 0.1351747065782547 0.08221733570098877
heads/seq-01/frame-000057.color.png -0.3816845417022705 -0.24900516867637634 0.23186084628105164 0.9693471193313599 -0.1720510721206665 0.1492721140384674 0.09209994971752167
heads/seq-01/frame-000058.color.png -0.4320579469203949 -0.2650446593761444 0.21594107151031494 0.965590238571167 -0.1770736277103424 0.15964636206626892 0.10389185696840286
heads/seq-01/frame-000059.color.png -0.4288047254085541 -0.2547729015350342 0.19410467147827148 0.9641868472099304 -0.18475227057933807 0.1560499221086502 0.10889764130115509
heads/seq-01/frame-000060.color.png -0.4288047254085541 -0.2547729015350342 0.19410467147827148 0.9641868472099304 -0.18475227057933807 0.1560499221086502 0.10889764130115509
heads/seq-01/frame-000061.color.png -0.4126812219619751 -0.2443312704563141 0.19935506582260132 0.958588182926178 -0.1893693208694458 0.1727699488401413 0.12409070134162903
heads/seq-01/frame-000062.color.png -0.41929957270622253 -0.22504742443561554 0.20788723230361938 0.9567424058914185 -0.18984146416187286 0.18037013709545135 0.12677089869976044
heads/seq-01/frame-000063.color.png -0.4114975333213806 -0.21935226023197174 0.2264360785484314 0.9546604752540588 -0.18728336691856384 0.18823586404323578 0.1345936805009842
heads/seq-01/frame-000064.color.png -0.4114975333213806 -0.21935226023197174 0.2264360785484314 0.9546604752540588 -0.18728336691856384 0.18823586404323578 0.1345936805009842
heads/seq-01/frame-000065.color.png -0.41954633593559265 -0.24678659439086914 0.2525026202201843 0.9457172751426697 -0.18195471167564392 0.22504934668540955 0.14786462485790253
heads/seq-01/frame-000066.color.png -0.4426403343677521 -0.2538767158985138 0.2649533450603485 0.9441273212432861 -0.1870688796043396 0.22310182452201843 0.15444864332675934
heads/seq-01/frame-000067.color.png -0.45659777522087097 -0.240740567445755 0.2420644760131836 0.9394922852516174 -0.1921006739139557 0.23323175311088562 0.1614140421152115
heads/seq-01/frame-000068.color.png -0.45659777522087097 -0.240740567445755 0.2420644760131836 0.9394922852516174 -0.1921006739139557 0.23323175311088562 0.1614140421152115
heads/seq-01/frame-000069.color.png -0.4153079092502594 -0.2322574406862259 0.2468309998512268 0.939478874206543 -0.18306294083595276 0.23403388261795044 0.1705741435289383
heads/seq-01/frame-000070.color.png -0.3891579508781433 -0.23468714952468872 0.2421213686466217 0.9423113465309143 -0.1858491152524948 0.22238311171531677 0.1674976348876953
heads/seq-01/frame-000071.color.png -0.405126690864563 -0.21392929553985596 0.23981362581253052 0.9364109635353088 -0.19099600613117218 0.2358323633670807 0.17617635428905487
heads/seq-01/frame-000072.color.png -0.3640565574169159 -0.20651230216026306 0.2345293164253235 0.9366825222969055 -0.19377204775810242 0.23127803206443787 0.1777319610118866
heads/seq-01/frame-000073.color.png -0.3640565574169159 -0.20651230216026306 0.2345293164253235 0.9366825222969055 -0.19377204775810242 0.23127803206443787 0.1777319610118866
heads/seq-01/frame-000074.color.png -0.3706129193305969 -0.22091543674468994 0.23018279671669006 0.9345644116401672 -0.1923924684524536 0.24072636663913727 0.17783476412296295
heads/seq-01/frame-000075.color.png -0.3601110279560089 -0.20754963159561157 0.20822188258171082 0.9269598126411438 -0.20035481452941895 0.2511769235134125 0.19368475675582886
heads/seq-01/frame-000076.color.png -0.3423672020435333 -0.21367289125919342 0.21398040652275085 0.9298988580703735 -0.19979017972946167 0.24018822610378265 0.19411729276180267
heads/seq-01/frame-000077.color.png -0.3423672020435333 -0.21367289125919342 0.21398040652275085 0.9298988580703735 -0.19979017972946167 0.24018822610378265 0.19411729276180267
heads/seq-01/frame-000078.color.png -0.3091364800930023 -0.2071259319782257 0.22415593266487122 0.9253476858139038 -0.2015024721622467 0.251314640045166 0.19992361962795258
heads/seq-01/frame-000079.color.png -0.3743448853492737 -0.22505494952201843 0.22015517950057983 0.9141032695770264 -0.21120546758174896 0.2767980694770813 0.20782315731048584
heads/seq-01/frame-000080.color.png -0.3285234570503235 -0.23164671659469604 0.2314533293247223 0.9207061529159546 -0.21946784853935242 0.24844777584075928 0.20593132078647614
heads/seq-01/frame-000081.color.png -0.27011367678642273 -0.18163450062274933 0.214279443025589 0.9235250353813171 -0.2235671430826187 0.23377805948257446 0.2060755491256714
heads/seq-01/frame-000082.color.png -0.27011367678642273 -0.18163450062274933 0.214279443025589 0.9235250353813171 -0.2235671430826187 0.23377805948257446 0.2060755491256714
heads/seq-01/frame-000083.color.png -0.27277496457099915 -0.20768308639526367 0.2050623893737793 0.9191446304321289 -0.22309263050556183 0.2531985640525818 0.203207865357399
heads/seq-01/frame-000084.color.png -0.22365820407867432 -0.26225563883781433 0.2263227105140686 0.92499178647995 -0.2237318605184555 0.2253284752368927 0.2087138593196869
heads/seq-01/frame-000085.color.png -0.1719941943883896 -0.2794332206249237 0.20749735832214355 0.9280408024787903 -0.224660262465477 0.211874857544899 0.20827186107635498
heads/seq-01/frame-000086.color.png -0.1719941943883896 -0.2794332206249237 0.20749735832214355 0.9280408024787903 -0.224660262465477 0.211874857544899 0.20827186107635498
heads/seq-01/frame-000087.color.png -0.18672190606594086 -0.2860877513885498 0.1931474804878235 0.9225682020187378 -0.22542645037174225 0.22878776490688324 0.2137923389673233
heads/seq-01/frame-000088.color.png -0.2237786054611206 -0.29706236720085144 0.2164801061153412 0.924286961555481 -0.2184310257434845 0.23330534994602203 0.20868651568889618
heads/seq-01/frame-000089.color.png -0.2279680073261261 -0.3099355101585388 0.23780739307403564 0.9173436164855957 -0.21812637150287628 0.2501176595687866 0.2198694944381714
heads/seq-01/frame-000090.color.png -0.2279680073261261 -0.3099355101585388 0.23780739307403564 0.9173436164855957 -0.21812637150287628 0.2501176595687866 0.2198694944381714
heads/seq-01/frame-000091.color.png -0.18060122430324554 -0.2890488803386688 0.22534587979316711 0.9212531447410583 -0.2197960764169693 0.2421555072069168 0.21057763695716858
heads/seq-01/frame-000092.color.png -0.20202696323394775 -0.2886275351047516 0.22382009029388428 0.922838032245636 -0.23256567120552063 0.23323199152946472 0.19971458613872528
heads/seq-01/frame-000093.color.png -0.19593529403209686 -0.31823867559432983 0.2527634799480438 0.921603262424469 -0.22354912757873535 0.24259637296199799 0.2044999748468399
heads/seq-01/frame-000094.color.png -0.22768697142601013 -0.3071639835834503 0.25567179918289185 0.9284991025924683 -0.22950826585292816 0.21848665177822113 0.19359447062015533
heads/seq-01/frame-000095.color.png -0.22768697142601013 -0.3071639835834503 0.25567179918289185 0.9284991025924683 -0.22950826585292816 0.21848665177822113 0.19359447062015533
heads/seq-01/frame-000096.color.png -0.20689958333969116 -0.29780128598213196 0.26133763790130615 0.9331966638565063 -0.22507230937480927 0.19813868403434753 0.1980593055486679
heads/seq-01/frame-000097.color.png -0.19281910359859467 -0.3051537871360779 0.2570485472679138 0.9430840611457825 -0.21374744176864624 0.188527911901474 0.17135238647460938
heads/seq-01/frame-000098.color.png -0.18443509936332703 -0.30024027824401855 0.26369476318359375 0.9381027221679688 -0.23104806244373322 0.19357536733150482 0.17061270773410797
heads/seq-01/frame-000099.color.png -0.18443509936332703 -0.30024027824401855 0.26369476318359375 0.9381027221679688 -0.23104806244373322 0.19357536733150482 0.17061270773410797
heads/seq-01/frame-000100.color.png -0.17175264656543732 -0.2973768711090088 0.2632731795310974 0.941293478012085 -0.21284712851047516 0.18915876746177673 0.18133269250392914
heads/seq-01/frame-000101.color.png -0.13721676170825958 -0.2842550575733185 0.2455662488937378 0.9505313038825989 -0.20543301105499268 0.15635356307029724 0.17274531722068787
heads/seq-01/frame-000102.color.png -0.08311055600643158 -0.2941170930862427 0.25192591547966003 0.9542510509490967 -0.20996536314487457 0.14213013648986816 0.15848886966705322
heads/seq-01/frame-000103.color.png -0.07906137406826019 -0.2919289171695709 0.2458115816116333 0.9442440867424011 -0.19666901230812073 0.18057416379451752 0.19265896081924438
heads/seq-01/frame-000104.color.png -0.07906137406826019 -0.2919289171695709 0.2458115816116333 0.9442440867424011 -0.19666901230812073 0.18057416379451752 0.19265896081924438
heads/seq-01/frame-000105.color.png -0.08547553420066833 -0.2747291028499603 0.23893773555755615 0.9458522200584412 -0.19457842409610748 0.1807834655046463 0.18660175800323486
heads/seq-01/frame-000106.color.png -0.07494968175888062 -0.27857106924057007 0.24387258291244507 0.9450390338897705 -0.18254457414150238 0.1826810985803604 0.2005150318145752
heads/seq-01/frame-000107.color.png -0.06116131320595741 -0.2801269292831421 0.24379336833953857 0.9372621178627014 -0.17369405925273895 0.21605300903320312 0.21140266954898834
heads/seq-01/frame-000108.color.png -0.06893926858901978 -0.2842141091823578 0.24277842044830322 0.9388562440872192 -0.17704784870147705 0.20256687700748444 0.2148715853691101
heads/seq-01/frame-000109.color.png -0.06893926858901978 -0.2842141091823578 0.24277842044830322 0.9388562440872192 -0.17704784870147705 0.20256687700748444 0.2148715853691101
heads/seq-01/frame-000110.color.png -0.05393362417817116 -0.2900230288505554 0.23752227425575256 0.9367331266403198 -0.1782100945711136 0.21035829186439514 0.21568849682807922
heads/seq-01/frame-000111.color.png -0.03787347301840782 -0.2784941792488098 0.2286614179611206 0.939831554889679 -0.16563235223293304 0.19990667700767517 0.22208073735237122
heads/seq-01/frame-000112.color.png -0.05160659924149513 -0.2861851751804352 0.24177300930023193 0.9388901591300964 -0.1723344326019287 0.20434103906154633 0.21686597168445587
heads/seq-01/frame-000113.color.png -0.05160659924149513 -0.2861851751804352 0.24177300930023193 0.9388901591300964 -0.1723344326019287 0.20434103906154633 0.21686597168445587
heads/seq-01/frame-000114.color.png -0.04832063987851143 -0.2944834232330322 0.2268013060092926 0.9228641390800476 -0.17915813624858856 0.2639232575893402 0.21579782664775848
heads/seq-01/frame-000115.color.png -0.03993052616715431 -0.3016967475414276 0.22626888751983643 0.9226585626602173 -0.18463055789470673 0.26223158836364746 0.214120015501976
heads/seq-01/frame-000116.color.png -0.049262914806604385 -0.3040485680103302 0.21640872955322266 0.9245551824569702 -0.1884470134973526 0.2547138035297394 0.21167486906051636
heads/seq-01/frame-000117.color.png -0.049262914806604385 -0.3040485680103302 0.21640872955322266 0.9245551824569702 -0.1884470134973526 0.2547138035297394 0.21167486906051636
heads/seq-01/frame-000118.color.png -0.04224422946572304 -0.30131766200065613 0.20728912949562073 0.9278426766395569 -0.18386709690093994 0.24500837922096252 0.21277134120464325
heads/seq-01/frame-000119.color.png -0.03259194269776344 -0.302388995885849 0.21132513880729675 0.9348886609077454 -0.17782793939113617 0.2280784547328949 0.20576858520507812
heads/seq-01/frame-000120.color.png -0.036672983318567276 -0.3111778497695923 0.19978809356689453 0.9291744232177734 -0.1958971619606018 0.23477964103221893 0.20769625902175903
heads/seq-01/frame-000121.color.png -0.036672983318567276 -0.3111778497695923 0.19978809356689453 0.9291744232177734 -0.1958971619606018 0.23477964103221893 0.20769625902175903
heads/seq-01/frame-000122.color.png -0.054712239652872086 -0.31437891721725464 0.18798977136611938 0.9234851002693176 -0.19837991893291473 0.2573241591453552 0.20397290587425232
heads/seq-01/frame-000123.color.png -0.06310087442398071 -0.3084957003593445 0.18175062537193298 0.926220715045929 -0.19423048198223114 0.25799405574798584 0.1944964975118637
heads/seq-01/frame-000124.color.png -0.07399360835552216 -0.314713716506958 0.1814882755279541 0.9281424283981323 -0.20188255608081818 0.24469979107379913 0.19472333788871765
heads/seq-01/frame-000125.color.png -0.07399360835552216 -0.314713716506958 0.1814882755279541 0.9281424283981323 -0.20188255608081818 0.24469979107379913 0.19472333788871765
heads/seq-01/frame-000126.color.png -0.0586748905479908 -0.3263552486896515 0.18425607681274414 0.9296335577964783 -0.20330710709095 0.24362878501415253 0.18733051419258118
heads/seq-01/frame-000127.color.png -0.0720590353012085 -0.3219203054904938 0.19385072588920593 0.9266165494918823 -0.20656248927116394 0.2513042390346527 0.18857407569885254
heads/seq-01/frame-000128.color.png -0.05300344154238701 -0.33238470554351807 0.1876245141029358 0.9263216853141785 -0.21443483233451843 0.24958576261997223 0.18344752490520477
heads/seq-01/frame-000129.color.png -0.05300344154238701 -0.33238470554351807 0.1876245141029358 0.9263216853141785 -0.21443483233451843 0.24958576261997223 0.18344752490520477
heads/seq-01/frame-000130.color.png -0.0537511445581913 -0.3407540023326874 0.19036203622817993 0.9287647604942322 -0.21279272437095642 0.247103750705719 0.17622412741184235
heads/seq-01/frame-000131.color.png -0.06646576523780823 -0.32056936621665955 0.1880563497543335 0.9271238446235657 -0.21676522493362427 0.24506086111068726 0.1827555149793625
heads/seq-01/frame-000132.color.png -0.077047199010849 -0.31808048486709595 0.1735851764678955 0.9327083230018616 -0.20782044529914856 0.22994352877140045 0.18436893820762634
heads/seq-01/frame-000133.color.png -0.0743042528629303 -0.32970795035362244 0.16425016522407532 0.9299314022064209 -0.22035996615886688 0.22730548679828644 0.1870867908000946
heads/seq-01/frame-000134.color.png -0.0743042528629303 -0.32970795035362244 0.16425016522407532 0.9299314022064209 -0.22035996615886688 0.22730548679828644 0.1870867908000946
heads/seq-01/frame-000135.color.png -0.07890892028808594 -0.33070802688598633 0.16884708404541016 0.9298186898231506 -0.2232336550951004 0.23092631995677948 0.17965781688690186
heads/seq-01/frame-000136.color.png -0.07245363295078278 -0.336567223072052 0.16624921560287476 0.930490255355835 -0.22854404151439667 0.22327809035778046 0.17917153239250183
heads/seq-01/frame-000137.color.png -0.08732745051383972 -0.33010345697402954 0.16333714127540588 0.9310418367385864 -0.2267194390296936 0.22507236897945404 0.17635692656040192
heads/seq-01/frame-000138.color.png -0.08732745051383972 -0.33010345697402954 0.16333714127540588 0.9310418367385864 -0.2267194390296936 0.22507236897945404 0.17635692656040192
heads/seq-01/frame-000139.color.png -0.11132621765136719 -0.30612456798553467 0.16261589527130127 0.9339166283607483 -0.22363892197608948 0.21377848088741302 0.17912060022354126
heads/seq-01/frame-000140.color.png -0.11051689088344574 -0.3082296848297119 0.16266855597496033 0.9325823783874512 -0.22749803960323334 0.21726779639720917 0.17700161039829254
heads/seq-01/frame-000141.color.png -0.11983175575733185 -0.3268950581550598 0.15493884682655334 0.9341053366661072 -0.23203299939632416 0.21276365220546722 0.1683434545993805
heads/seq-01/frame-000142.color.png -0.11983175575733185 -0.3268950581550598 0.15493884682655334 0.9341053366661072 -0.23203299939632416 0.21276365220546722 0.1683434545993805
heads/seq-01/frame-000143.color.png -0.12971559166908264 -0.32927003502845764 0.15094012022018433 0.9351624250411987 -0.2362835854291916 0.20227551460266113 0.16948702931404114
heads/seq-01/frame-000144.color.png -0.12215688824653625 -0.3332774341106415 0.1497490406036377 0.9343010783195496 -0.23638367652893066 0.2099054455757141 0.16475427150726318
heads/seq-01/frame-000145.color.png -0.12613673508167267 -0.32773709297180176 0.1545262634754181 0.9363573789596558 -0.22986283898353577 0.20794884860515594 0.16478858888149261
heads/seq-01/frame-000146.color.png -0.12613673508167267 -0.32773709297180176 0.1545262634754181 0.9363573789596558 -0.22986283898353577 0.20794884860515594 0.16478858888149261
heads/seq-01/frame-000147.color.png -0.12910178303718567 -0.329954594373703 0.1486814022064209 0.9369107484817505 -0.23240627348423004 0.19992761313915253 0.16797170042991638
heads/seq-01/frame-000148.color.png -0.1318110078573227 -0.3263433277606964 0.13833823800086975 0.9371606707572937 -0.2353525310754776 0.19769127666950226 0.16509780287742615
heads/seq-01/frame-000149.color.png -0.1318110078573227 -0.3263433277606964 0.13833823800086975 0.9371606707572937 -0.2353525310754776 0.19769127666950226 0.16509780287742615
heads/seq-01/frame-000150.color.png -0.1357492357492447 -0.316851943731308 0.12520301342010498 0.939041793346405 -0.23139597475528717 0.19544152915477753 0.16266261041164398
heads/seq-01/frame-000151.color.png -0.12750592827796936 -0.3289147913455963 0.12572970986366272 0.9386792778968811 -0.2305741012096405 0.201586052775383 0.15836621820926666
heads/seq-01/frame-000152.color.png -0.10835012793540955 -0.3200864791870117 0.12400584667921066 0.940399169921875 -0.23398244380950928 0.19243565201759338 0.1544996201992035
heads/seq-01/frame-000153.color.png -0.10835012793540955 -0.3200864791870117 0.12400584667921066 0.940399169921875 -0.23398244380950928 0.19243565201759338 0.1544996201992035
heads/seq-01/frame-000154.color.png -0.10619506239891052 -0.3191032111644745 0.1286114752292633 0.9385825395584106 -0.23551732301712036 0.19608579576015472 0.1585710197687149
heads/seq-01/frame-000155.color.png -0.10517305135726929 -0.32781437039375305 0.1313025951385498 0.9387317299842834 -0.24211125075817108 0.19848139584064484 0.14411747455596924
heads/seq-01/frame-000156.color.png -0.08610166609287262 -0.330477237701416 0.1260983645915985 0.9399809241294861 -0.24780327081680298 0.1844068318605423 0.14499537646770477
heads/seq-01/frame-000157.color.png -0.06346356868743896 -0.3452160358428955 0.12518391013145447 0.9402997493743896 -0.243749737739563 0.18874919414520264 0.1442086398601532
heads/seq-01/frame-000158.color.png -0.06346356868743896 -0.3452160358428955 0.12518391013145447 0.9402997493743896 -0.243749737739563 0.18874919414520264 0.1442086398601532
heads/seq-01/frame-000159.color.png -0.06031370535492897 -0.32474204897880554 0.1263194978237152 0.9382152557373047 -0.24772760272026062 0.1931816190481186 0.14513477683067322
heads/seq-01/frame-000160.color.png -0.047533538192510605 -0.3280614912509918 0.11015179008245468 0.936572253704071 -0.24445946514606476 0.20647233724594116 0.1429729461669922
heads/seq-01/frame-000161.color.png -0.042408812791109085 -0.3085983991622925 0.11026301234960556 0.9400157928466797 -0.22912387549877167 0.21396099030971527 0.13451173901557922
heads/seq-01/frame-000162.color.png -0.042408812791109085 -0.3085983991622925 0.11026301234960556 0.9400157928466797 -0.22912387549877167 0.21396099030971527 0.13451173901557922
heads/seq-01/frame-000163.color.png -0.036144811660051346 -0.30000579357147217 0.11383222788572311 0.9379961490631104 -0.225923553109169 0.2227766215801239 0.13961534202098846
heads/seq-01/frame-000164.color.png -0.013904847204685211 -0.3316790759563446 0.11732033640146255 0.9385194182395935 -0.23276785016059875 0.21369707584381104 0.13904736936092377
heads/seq-01/frame-000165.color.png -0.013904847204685211 -0.3316790759563446 0.11732033640146255 0.9385194182395935 -0.23276785016059875 0.21369707584381104 0.13904736936092377
heads/seq-01/frame-000166.color.png -0.02783229947090149 -0.30673351883888245 0.10702628642320633 0.9433302283287048 -0.22257401049137115 0.2080906331539154 0.1314808577299118
heads/seq-01/frame-000167.color.png 0.0004601404070854187 -0.3192627727985382 0.11066454648971558 0.9456717371940613 -0.21458472311496735 0.20781567692756653 0.1283394694328308
heads/seq-01/frame-000168.color.png 0.017844419926404953 -0.3115639090538025 0.11798518151044846 0.9427850842475891 -0.2012661248445511 0.2344120740890503 0.12529520690441132
heads/seq-01/frame-000169.color.png 0.017844419926404953 -0.3115639090538025 0.11798518151044846 0.9427850842475891 -0.2012661248445511 0.2344120740890503 0.12529520690441132
heads/seq-01/frame-000170.color.png -0.026771992444992065 -0.34756308794021606 0.12514683604240417 0.9419786930084229 -0.213816836476326 0.2255425900220871 0.12684263288974762
heads/seq-01/frame-000171.color.png -0.01012296974658966 -0.33498984575271606 0.13904136419296265 0.9375450611114502 -0.2284361571073532 0.22667530179023743 0.13207726180553436
heads/seq-01/frame-000172.color.png -0.01012296974658966 -0.33498984575271606 0.13904136419296265 0.9375450611114502 -0.2284361571073532 0.22667530179023743 0.13207726180553436
heads/seq-01/frame-000173.color.png -0.024674445390701294 -0.36282238364219666 0.14396291971206665 0.9378634691238403 -0.2263738512992859 0.2263706624507904 0.13387809693813324
heads/seq-01/frame-000174.color.png -0.013612482696771622 -0.3544035255908966 0.13120132684707642 0.937696099281311 -0.22905965149402618 0.2274285852909088 0.12858477234840393
heads/seq-01/frame-000175.color.png 0.01241447776556015 -0.2929302453994751 0.14042064547538757 0.933711588382721 -0.21504676342010498 0.25209009647369385 0.1356024593114853
heads/seq-01/frame-000176.color.png 0.01241447776556015 -0.2929302453994751 0.14042064547538757 0.933711588382721 -0.21504676342010498 0.25209009647369385 0.1356024593114853
heads/seq-01/frame-000177.color.png 0.040113434195518494 -0.28283268213272095 0.14377495646476746 0.934862494468689 -0.20241832733154297 0.25925442576408386 0.13358910381793976
heads/seq-01/frame-000178.color.png 0.0683683529496193 -0.3018141984939575 0.14359980821609497 0.9291296601295471 -0.18587462604045868 0.28619393706321716 0.14234407246112823
heads/seq-01/frame-000179.color.png 0.06362506747245789 -0.25049591064453125 0.15581437945365906 0.9308590292930603 -0.17585797607898712 0.2894853949546814 0.1370171159505844
heads/seq-01/frame-000180.color.png 0.06362506747245789 -0.25049591064453125 0.15581437945365906 0.9308590292930603 -0.17585797607898712 0.2894853949546814 0.1370171159505844
heads/seq-01/frame-000181.color.png 0.09677915275096893 -0.22945068776607513 0.1576298177242279 0.9186211228370667 -0.1497480273246765 0.3318873643875122 0.15349769592285156
heads/seq-01/frame-000182.color.png 0.10187040269374847 -0.2103174924850464 0.16014617681503296 0.9243038892745972 -0.14115190505981445 0.32415369153022766 0.143746018409729
heads/seq-01/frame-000183.color.png 0.13164359331130981 -0.16850367188453674 0.18484753370285034 0.9187377691268921 -0.12855614721775055 0.3434077799320221 0.14651021361351013
heads/seq-01/frame-000184.color.png 0.1305229365825653 -0.1468433290719986 0.17355960607528687 0.911245584487915 -0.1206962913274765 0.36521631479263306 0.1472448706626892
heads/seq-01/frame-000185.color.png 0.1305229365825653 -0.1468433290719986 0.17355960607528687 0.911245584487915 -0.1206962913274765 0.36521631479263306 0.1472448706626892
heads/seq-01/frame-000186.color.png 0.14961133897304535 -0.1378600150346756 0.1587972342967987 0.9063712358474731 -0.12343008071184158 0.3751693367958069 0.1500145047903061
heads/seq-01/frame-000187.color.png 0.15066620707511902 -0.14730460941791534 0.17788657546043396 0.9011942148208618 -0.12107294797897339 0.38646936416625977 0.15437565743923187
heads/seq-01/frame-000188.color.png 0.15692824125289917 -0.13492314517498016 0.18595361709594727 0.9046585559844971 -0.11616717278957367 0.381322979927063 0.15063470602035522
heads/seq-01/frame-000189.color.png 0.16046053171157837 -0.1453135758638382 0.19259953498840332 0.9096938967704773 -0.11738978326320648 0.36829692125320435 0.15177057683467865
heads/seq-01/frame-000190.color.png 0.16046053171157837 -0.1453135758638382 0.19259953498840332 0.9096938967704773 -0.11738978326320648 0.36829692125320435 0.15177057683467865
heads/seq-01/frame-000191.color.png 0.16134727001190186 -0.14123356342315674 0.18437352776527405 0.9093732833862305 -0.11402998119592667 0.37249740958213806 0.14588776230812073
heads/seq-01/frame-000192.color.png 0.17147774994373322 -0.1400882452726364 0.18309950828552246 0.911812424659729 -0.12495435029268265 0.36259716749191284 0.1466555893421173
heads/seq-01/frame-000193.color.png 0.177809476852417 -0.13994616270065308 0.20187148451805115 0.9093639254570007 -0.1184593215584755 0.36840543150901794 0.1526491492986679
heads/seq-01/frame-000194.color.png 0.184367373585701 -0.13501816987991333 0.19969826936721802 0.912895679473877 -0.1193615272641182 0.36003342270851135 0.15083183348178864
heads/seq-01/frame-000195.color.png 0.20682306587696075 -0.143940731883049 0.19849041104316711 0.917672872543335 -0.119367815554142 0.3476562201976776 0.15087442100048065
heads/seq-01/frame-000196.color.png 0.20682306587696075 -0.143940731883049 0.19849041104316711 0.917672872543335 -0.119367815554142 0.3476562201976776 0.15087442100048065
heads/seq-01/frame-000197.color.png 0.1993798464536667 -0.15134772658348083 0.20672279596328735 0.9113360643386841 -0.11066865175962448 0.36498069763183594 0.15494585037231445
heads/seq-01/frame-000198.color.png 0.18947641551494598 -0.12752550840377808 0.2058800756931305 0.9103043079376221 -0.10933396220207214 0.3675418496131897 0.15590089559555054
heads/seq-01/frame-000199.color.png 0.18382564187049866 -0.12235420942306519 0.20485985279083252 0.90775066614151 -0.11265779286623001 0.3740193545818329 0.1529919058084488
heads/seq-01/frame-000200.color.png 0.2076936811208725 -0.12948907911777496 0.1927085816860199 0.9048320651054382 -0.11096317321062088 0.37934795022010803 0.158307746052742
heads/seq-01/frame-000201.color.png 0.21036434173583984 -0.12326143682003021 0.19618815183639526 0.9039860963821411 -0.10862825810909271 0.37973085045814514 0.16374893486499786
heads/seq-01/frame-000202.color.png 0.21036434173583984 -0.12326143682003021 0.19618815183639526 0.9039860963821411 -0.10862825810909271 0.37973085045814514 0.16374893486499786
heads/seq-01/frame-000203.color.png 0.25737085938453674 -0.12135091423988342 0.1687926948070526 0.9075077772140503 -0.10478673130273819 0.37475067377090454 0.1581496298313141
heads/seq-01/frame-000204.color.png 0.24767473340034485 -0.13265743851661682 0.186448872089386 0.902587890625 -0.10904987901449203 0.3828662037849426 0.16388046741485596
heads/seq-01/frame-000205.color.png 0.2858584523200989 -0.12431055307388306 0.1603909134864807 0.9034421443939209 -0.1009012758731842 0.38031020760536194 0.17022156715393066
heads/seq-01/frame-000206.color.png 0.3025229871273041 -0.13402236998081207 0.1476796269416809 0.9038050770759583 -0.09786941856145859 0.38118988275527954 0.16808389127254486
heads/seq-01/frame-000207.color.png 0.29415908455848694 -0.13235531747341156 0.1466522216796875 0.9023516774177551 -0.10027575492858887 0.3806663155555725 0.17549733817577362
heads/seq-01/frame-000208.color.png 0.3158921003341675 -0.1204037070274353 0.12500137090682983 0.8985386490821838 -0.10523010045289993 0.3918340504169464 0.16739517450332642
heads/seq-01/frame-000209.color.png 0.28554627299308777 -0.13256704807281494 0.14476141333580017 0.9033781290054321 -0.10274756699800491 0.3849778473377228 0.15856517851352692
heads/seq-01/frame-000210.color.png 0.28554627299308777 -0.13256704807281494 0.14476141333580017 0.9033781290054321 -0.10274756699800491 0.3849778473377228 0.15856517851352692
heads/seq-01/frame-000211.color.png 0.3005593419075012 -0.12539994716644287 0.12940049171447754 0.8978153467178345 -0.10627979785203934 0.397632896900177 0.15658991038799286
heads/seq-01/frame-000212.color.png 0.3157048523426056 -0.12213902175426483 0.1161101683974266 0.9001546502113342 -0.10347042977809906 0.3956631124019623 0.14988775551319122
heads/seq-01/frame-000213.color.png 0.31683090329170227 -0.12832272052764893 0.11927569657564163 0.897916316986084 -0.1038675382733345 0.4026256203651428 0.1443970650434494
heads/seq-01/frame-000214.color.png 0.31683090329170227 -0.12832272052764893 0.11927569657564163 0.897916316986084 -0.1038675382733345 0.4026256203651428 0.1443970650434494
heads/seq-01/frame-000215.color.png 0.30999189615249634 -0.12797699868679047 0.12206629663705826 0.8993850946426392 -0.09987311065196991 0.40026411414146423 0.14463938772678375
heads/seq-01/frame-000216.color.png 0.32306358218193054 -0.13061115145683289 0.11830893903970718 0.8972949385643005 -0.10656170547008514 0.4007229208946228 0.15141859650611877
heads/seq-01/frame-000217.color.png 0.32312852144241333 -0.1307988464832306 0.11642412096261978 0.8988865613937378 -0.10246852785348892 0.3984929323196411 0.150686576962471
heads/seq-01/frame-000218.color.png 0.3244759440422058 -0.1360515058040619 0.1157088503241539 0.8975685238838196 -0.10045445710420609 0.40268269181251526 0.1487491875886917
heads/seq-01/frame-000219.color.png 0.3244759440422058 -0.1360515058040619 0.1157088503241539 0.8975685238838196 -0.10045445710420609 0.40268269181251526 0.1487491875886917
heads/seq-01/frame-000220.color.png 0.3269459903240204 -0.12382465600967407 0.11290077120065689 0.9004174470901489 -0.09746407717466354 0.3917234539985657 0.1621793955564499
heads/seq-01/frame-000221.color.png 0.32930728793144226 -0.12084494531154633 0.10264862328767776 0.9030930399894714 -0.10316728800535202 0.3835374414920807 0.1633356213569641
heads/seq-01/frame-000222.color.png 0.3314909338951111 -0.12835906445980072 0.09887600690126419 0.9080216288566589 -0.09925749152898788 0.37418806552886963 0.16008716821670532
heads/seq-01/frame-000223.color.png 0.3385225832462311 -0.1255953311920166 0.08558332175016403 0.9058493375778198 -0.09734944999217987 0.37894824147224426 0.16235144436359406
heads/seq-01/frame-000224.color.png 0.3385225832462311 -0.1255953311920166 0.08558332175016403 0.9058493375778198 -0.09734944999217987 0.37894824147224426 0.16235144436359406
heads/seq-01/frame-000225.color.png 0.33956608176231384 -0.13173343241214752 0.08795831352472305 0.9104019999504089 -0.10349258035421371 0.3703223466873169 0.15270495414733887
heads/seq-01/frame-000226.color.png 0.34897562861442566 -0.12994350492954254 0.07318078726530075 0.9106786847114563 -0.10125952214002609 0.3700810968875885 0.15313643217086792
heads/seq-01/frame-000227.color.png 0.34678202867507935 -0.13110026717185974 0.07534514367580414 0.9094979166984558 -0.09662832319736481 0.37544044852256775 0.15006983280181885
heads/seq-01/frame-000228.color.png 0.337539404630661 -0.1267903447151184 0.07423587888479233 0.914563775062561 -0.09369216114282608 0.3675115406513214 0.1404636800289154
heads/seq-01/frame-000229.color.png 0.34624671936035156 -0.12626871466636658 0.05743642896413803 0.9129424095153809 -0.09490684419870377 0.3698923587799072 0.14390456676483154
heads/seq-01/frame-000230.color.png 0.3466627299785614 -0.13469886779785156 0.05702706426382065 0.9114496111869812 -0.09727928042411804 0.37465211749076843 0.13939926028251648
heads/seq-01/frame-000231.color.png 0.3466627299785614 -0.13469886779785156 0.05702706426382065 0.9114496111869812 -0.09727928042411804 0.37465211749076843 0.13939926028251648
heads/seq-01/frame-000232.color.png 0.3449481129646301 -0.13480834662914276 0.0681576207280159 0.9094571471214294 -0.10371024161577225 0.37815043330192566 0.13832616806030273
heads/seq-01/frame-000233.color.png 0.32442522048950195 -0.12789632380008698 0.07344292849302292 0.9061927795410156 -0.10066734999418259 0.3867169916629791 0.13831432163715363
heads/seq-01/frame-000234.color.png 0.320664644241333 -0.1304766833782196 0.06373269110918045 0.9169861674308777 -0.1058100238442421 0.3611808717250824 0.13224536180496216
heads/seq-01/frame-000235.color.png 0.33730870485305786 -0.13395372033119202 0.05394616723060608 0.9134207963943481 -0.11184357106685638 0.3672827184200287 0.1351180523633957
heads/seq-01/frame-000236.color.png 0.33506184816360474 -0.13351421058177948 0.053666964173316956 0.9145703315734863 -0.10943597555160522 0.36670058965682983 0.1308262199163437
heads/seq-01/frame-000237.color.png 0.32532382011413574 -0.13621404767036438 0.05583368241786957 0.9180400967597961 -0.1072806790471077 0.3561755120754242 0.13723158836364746
heads/seq-01/frame-000238.color.png 0.32532382011413574 -0.13621404767036438 0.05583368241786957 0.9180400967597961 -0.1072806790471077 0.3561755120754242 0.13723158836364746
heads/seq-01/frame-000239.color.png 0.32681792974472046 -0.13560038805007935 0.046664513647556305 0.9170063138008118 -0.10259312391281128 0.35903623700141907 0.14023932814598083
heads/seq-01/frame-000240.color.png 0.3400081396102905 -0.13120368123054504 0.03512972593307495 0.9172826409339905 -0.10132072865962982 0.3582597076892853 0.14133912324905396
heads/seq-01/frame-000241.color.png 0.35323959589004517 -0.12998999655246735 0.024616509675979614 0.922053337097168 -0.10248088091611862 0.3491440415382385 0.131961390376091
heads/seq-01/frame-000242.color.png 0.347490131855011 -0.12286470830440521 0.023097850382328033 0.9199209809303284 -0.10411832481622696 0.3539550304412842 0.13274341821670532
heads/seq-01/frame-000243.color.png 0.3536587059497833 -0.12467244267463684 0.016217507421970367 0.9244884252548218 -0.09391006082296371 0.3448365032672882 0.13262686133384705
heads/seq-01/frame-000244.color.png 0.36251184344291687 -0.1206287294626236 0.005587773397564888 0.9256516098976135 -0.08550301939249039 0.34539565443992615 0.12868592143058777
heads/seq-01/frame-000245.color.png 0.36251184344291687 -0.1206287294626236 0.005587773397564888 0.9256516098976135 -0.08550301939249039 0.34539565443992615 0.12868592143058777
heads/seq-01/frame-000246.color.png 0.355477511882782 -0.1219654381275177 0.004241544753313065 0.9300455451011658 -0.08890920132398605 0.33011385798454285 0.13466684520244598
heads/seq-01/frame-000247.color.png 0.3669012486934662 -0.12430614233016968 -0.003292003646492958 0.9330738186836243 -0.08163311332464218 0.3236229419708252 0.13408075273036957
heads/seq-01/frame-000248.color.png 0.3595411479473114 -0.11413097381591797 -0.0036143995821475983 0.9349595904350281 -0.0795077383518219 0.31803327798843384 0.13558708131313324
heads/seq-01/frame-000249.color.png 0.3655620515346527 -0.11335702240467072 -0.007899580523371696 0.9373466968536377 -0.08775991946458817 0.31023240089416504 0.13204225897789001
heads/seq-01/frame-000250.color.png 0.37250086665153503 -0.1107465922832489 -0.01446002721786499 0.9396253228187561 -0.09263324737548828 0.2991522252559662 0.1379537582397461
heads/seq-01/frame-000251.color.png 0.38863515853881836 -0.10807614773511887 -0.019101932644844055 0.9456171989440918 -0.08435467630624771 0.2792311906814575 0.14395268261432648
heads/seq-01/frame-000252.color.png 0.38863515853881836 -0.10807614773511887 -0.019101932644844055 0.9456171989440918 -0.08435467630624771 0.2792311906814575 0.14395268261432648
heads/seq-01/frame-000253.color.png 0.38826626539230347 -0.11031630635261536 -0.02220112644135952 0.9438782930374146 -0.08519332110881805 0.2833395302295685 0.14681454002857208
heads/seq-01/frame-000254.color.png 0.38700273633003235 -0.11707837879657745 -0.016394658014178276 0.9458541870117188 -0.08525622636079788 0.27720803022384644 0.14576323330402374
heads/seq-01/frame-000255.color.png 0.3841732442378998 -0.1206870824098587 -0.016415921971201897 0.947919487953186 -0.08832304179668427 0.269135445356369 0.14564889669418335
heads/seq-01/frame-000256.color.png 0.3850141167640686 -0.12198740243911743 -0.02174563519656658 0.9434476494789124 -0.08533494174480438 0.28232964873313904 0.1513756364583969
heads/seq-01/frame-000257.color.png 0.3844054937362671 -0.12089082598686218 -0.01964731328189373 0.9465821385383606 -0.08684123307466507 0.2695395350456238 0.15423808991909027
heads/seq-01/frame-000258.color.png 0.3908296525478363 -0.12518395483493805 -0.01954357884824276 0.9443041682243347 -0.07947050034999847 0.2789415121078491 0.15545323491096497
heads/seq-01/frame-000259.color.png 0.3908296525478363 -0.12518395483493805 -0.01954357884824276 0.9443041682243347 -0.07947050034999847 0.2789415121078491 0.15545323491096497
heads/seq-01/frame-000260.color.png 0.4202306270599365 -0.12434238195419312 -0.04026911035180092 0.9470032453536987 -0.08113086968660355 0.2722487151622772 0.14994452893733978
heads/seq-01/frame-000261.color.png 0.43325430154800415 -0.12553369998931885 -0.044467050582170486 0.9439178705215454 -0.08526817709207535 0.27929237484931946 0.15409138798713684
heads/seq-01/frame-000262.color.png 0.4337794780731201 -0.11908745765686035 -0.051562536507844925 0.9482975602149963 -0.08748073875904083 0.2678218483924866 0.14611750841140747
heads/seq-01/frame-000263.color.png 0.4337794780731201 -0.11908745765686035 -0.051562536507844925 0.9482975602149963 -0.08748073875904083 0.2678218483924866 0.14611750841140747
heads/seq-01/frame-000264.color.png 0.44795453548431396 -0.11990362405776978 -0.053855132311582565 0.9516239166259766 -0.08341063559055328 0.2590602934360504 0.1426263302564621
heads/seq-01/frame-000265.color.png 0.4580078721046448 -0.11924035847187042 -0.05487554147839546 0.9535753130912781 -0.086778424680233 0.25090929865837097 0.14215536415576935
heads/seq-01/frame-000266.color.png 0.449957013130188 -0.11113378405570984 -0.057475779205560684 0.9557077288627625 -0.0933990478515625 0.24133901298046112 0.1401963084936142
heads/seq-01/frame-000267.color.png 0.449957013130188 -0.11113378405570984 -0.057475779205560684 0.9557077288627625 -0.0933990478515625 0.24133901298046112 0.1401963084936142
heads/seq-01/frame-000268.color.png 0.45442670583724976 -0.11665970087051392 -0.04284960776567459 0.9592192769050598 -0.09417106956243515 0.22828195989131927 0.13754068315029144
heads/seq-01/frame-000269.color.png 0.45700201392173767 -0.11405014991760254 -0.041791338473558426 0.9626770615577698 -0.10133934020996094 0.21056479215621948 0.13654939830303192
heads/seq-01/frame-000270.color.png 0.45928460359573364 -0.11066263914108276 -0.06026327237486839 0.9693350195884705 -0.096062570810318 0.1800214797258377 0.1369444578886032
heads/seq-01/frame-000271.color.png 0.4849497973918915 -0.11062294244766235 -0.06305818259716034 0.9707562327384949 -0.10180631279945374 0.16697879135608673 0.13923317193984985
heads/seq-01/frame-000272.color.png 0.4849497973918915 -0.11062294244766235 -0.06305818259716034 0.9707562327384949 -0.10180631279945374 0.16697879135608673 0.13923317193984985
heads/seq-01/frame-000273.color.png 0.4966292083263397 -0.12150543928146362 -0.061438385397195816 0.9748460650444031 -0.1071365624666214 0.14607329666614532 0.1298440843820572
heads/seq-01/frame-000274.color.png 0.5039793848991394 -0.11053654551506042 -0.091373972594738 0.9766658544540405 -0.09957244992256165 0.14050208032131195 0.12832942605018616
heads/seq-01/frame-000275.color.png 0.5175690054893494 -0.12571947276592255 -0.09233406186103821 0.977601945400238 -0.09108404815196991 0.14767619967460632 0.11912041902542114
heads/seq-01/frame-000276.color.png 0.5293025970458984 -0.1257779598236084 -0.08966053277254105 0.9761303067207336 -0.08738331496715546 0.1578613966703415 0.12088741362094879
heads/seq-01/frame-000277.color.png 0.5293025970458984 -0.1257779598236084 -0.08966053277254105 0.9761303067207336 -0.08738331496715546 0.1578613966703415 0.12088741362094879
heads/seq-01/frame-000278.color.png 0.5412295460700989 -0.12806589901447296 -0.09374525398015976 0.9776609539985657 -0.08888720721006393 0.14479249715805054 0.1237463653087616
heads/seq-01/frame-000279.color.png 0.5525482296943665 -0.13730758428573608 -0.1023627296090126 0.9772414565086365 -0.09147083759307861 0.1455642133951187 0.12427106499671936
heads/seq-01/frame-000280.color.png 0.5684037208557129 -0.14243966341018677 -0.1054130271077156 0.9803223609924316 -0.08760764449834824 0.1340303272008896 0.11545003205537796
heads/seq-01/frame-000281.color.png 0.5684037208557129 -0.14243966341018677 -0.1054130271077156 0.9803223609924316 -0.08760764449834824 0.1340303272008896 0.11545003205537796
heads/seq-01/frame-000282.color.png 0.5711572766304016 -0.14370791614055634 -0.10413125157356262 0.9842315912246704 -0.08670364320278168 0.10786782950162888 0.11016017198562622
heads/seq-01/frame-000283.color.png 0.5862651467323303 -0.15281687676906586 -0.10358569771051407 0.984100878238678 -0.08943267911672592 0.11077249050140381 0.10619150102138519
heads/seq-01/frame-000284.color.png 0.5801250338554382 -0.14888282120227814 -0.10168687999248505 0.983994722366333 -0.08077656477689743 0.11644957214593887 0.10802378505468369
heads/seq-01/frame-000285.color.png 0.5521658062934875 -0.13798482716083527 -0.09619076550006866 0.9838553667068481 -0.09253054857254028 0.10564859956502914 0.11092808097600937
heads/seq-01/frame-000286.color.png 0.574870765209198 -0.14302034676074982 -0.09855886548757553 0.9844130277633667 -0.09508951008319855 0.09968046098947525 0.10932837426662445
heads/seq-01/frame-000287.color.png 0.574870765209198 -0.14302034676074982 -0.09855886548757553 0.9844130277633667 -0.09508951008319855 0.09968046098947525 0.10932837426662445
heads/seq-01/frame-000288.color.png 0.5713958740234375 -0.1445191502571106 -0.0976768359541893 0.9836506247520447 -0.09844551980495453 0.09865856915712357 0.11404626816511154
heads/seq-01/frame-000289.color.png 0.5559763312339783 -0.14063242077827454 -0.0962042585015297 0.9860774278640747 -0.10275904089212418 0.07547276467084885 0.1067507341504097
heads/seq-01/frame-000290.color.png 0.5597832202911377 -0.13613151013851166 -0.09470181912183762 0.9877024292945862 -0.09641381353139877 0.0682598426938057 0.10241547226905823
heads/seq-01/frame-000291.color.png 0.5598135590553284 -0.1294737458229065 -0.10038703680038452 0.9897660613059998 -0.08953993022441864 0.06004103645682335 0.09349185973405838
heads/seq-01/frame-000292.color.png 0.5598135590553284 -0.1294737458229065 -0.10038703680038452 0.9897660613059998 -0.08953993022441864 0.06004103645682335 0.09349185973405838
heads/seq-01/frame-000293.color.png 0.574524462223053 -0.1329740434885025 -0.09079882502555847 0.9908124208450317 -0.08161632716655731 0.06145080178976059 0.0886194109916687
heads/seq-01/frame-000294.color.png 0.5752063989639282 -0.12900184094905853 -0.08837071061134338 0.9909875988960266 -0.0871560350060463 0.054025083780288696 0.08618953824043274
heads/seq-01/frame-000295.color.png 0.5769181847572327 -0.11985728144645691 -0.08067726343870163 0.9909669756889343 -0.08594375848770142 0.06253808736801147 0.08177518099546432
heads/seq-01/frame-000296.color.png 0.5769181847572327 -0.11985728144645691 -0.08067726343870163 0.9909669756889343 -0.08594375848770142 0.06253808736801147 0.08177518099546432
heads/seq-01/frame-000297.color.png 0.5838272571563721 -0.11963087320327759 -0.07747671008110046 0.9910693168640137 -0.09537916630506516 0.05099412426352501 0.07800033688545227
heads/seq-01/frame-000298.color.png 0.576748788356781 -0.11251991987228394 -0.07353876531124115 0.9916921257972717 -0.09356427192687988 0.04960352182388306 0.07302085310220718
heads/seq-01/frame-000299.color.png 0.5901965498924255 -0.12625081837177277 -0.07003337144851685 0.992725670337677 -0.09575212746858597 0.028602682054042816 0.06715019792318344
heads/seq-01/frame-000300.color.png 0.5737030506134033 -0.12177547812461853 -0.05936030298471451 0.9923611283302307 -0.10797425359487534 0.008153547532856464 0.05911373719573021
heads/seq-01/frame-000301.color.png 0.5737030506134033 -0.12177547812461853 -0.05936030298471451 0.9923611283302307 -0.10797425359487534 0.008153547532856464 0.05911373719573021
heads/seq-01/frame-000302.color.png 0.5865059494972229 -0.12840236723423004 -0.06611736863851547 0.9930160045623779 -0.10538538545370102 0.01480797864496708 0.05093091353774071
heads/seq-01/frame-000303.color.png 0.5843401551246643 -0.12072913348674774 -0.0690637081861496 0.9925633072853088 -0.11090978235006332 0.007119358982890844 0.049661826342344284
heads/seq-01/frame-000304.color.png 0.5921794772148132 -0.11699184775352478 -0.06551798433065414 0.9924064874649048 -0.11416162550449371 -0.002111112931743264 0.04573729261755943
heads/seq-01/frame-000305.color.png 0.5963017344474792 -0.12596262991428375 -0.06829355657100677 0.9914718866348267 -0.12203073501586914 -0.018100211396813393 0.04200499877333641
heads/seq-01/frame-000306.color.png 0.5963017344474792 -0.12596262991428375 -0.06829355657100677 0.9914718866348267 -0.12203073501586914 -0.018100211396813393 0.04200499877333641
heads/seq-01/frame-000307.color.png 0.5889102220535278 -0.11392050981521606 -0.07652095705270767 0.9901451468467712 -0.13144856691360474 -0.0276937335729599 0.03958327695727348
heads/seq-01/frame-000308.color.png 0.6140251755714417 -0.1161767840385437 -0.07523415982723236 0.9878119826316833 -0.14273057878017426 -0.05240940675139427 0.03329773247241974
heads/seq-01/frame-000309.color.png 0.6375195980072021 -0.1267751306295395 -0.07203437387943268 0.9845494031906128 -0.14688937366008759 -0.09117584675550461 0.027801819145679474
heads/seq-01/frame-000310.color.png 0.6347178220748901 -0.12275367975234985 -0.06964699178934097 0.986630380153656 -0.14067180454730988 -0.07535140216350555 0.03307665139436722
heads/seq-01/frame-000311.color.png 0.6347178220748901 -0.12275367975234985 -0.06964699178934097 0.986630380153656 -0.14067180454730988 -0.07535140216350555 0.03307665139436722
heads/seq-01/frame-000312.color.png 0.6310291290283203 -0.12814316153526306 -0.06777692586183548 0.9853674173355103 -0.14775888621807098 -0.08056645095348358 0.026969533413648605
heads/seq-01/frame-000313.color.png 0.6307494640350342 -0.12974849343299866 -0.07351942360401154 0.9835516214370728 -0.14940227568149567 -0.09880475699901581 0.02329869382083416
heads/seq-01/frame-000314.color.png 0.6270740628242493 -0.13049079477787018 -0.06809800863265991 0.9847198128700256 -0.13822434842586517 -0.10520455241203308 0.012364502064883709
heads/seq-01/frame-000315.color.png 0.6543077230453491 -0.1424826681613922 -0.07323749363422394 0.982085645198822 -0.15312962234020233 -0.10905052721500397 0.012928101234138012
heads/seq-01/frame-000316.color.png 0.6612032055854797 -0.1426897644996643 -0.06228691339492798 0.9798042178153992 -0.14859358966350555 -0.1337774395942688 0.002679523779079318
heads/seq-01/frame-000317.color.png 0.6612032055854797 -0.1426897644996643 -0.06228691339492798 0.9798042178153992 -0.14859358966350555 -0.1337774395942688 0.002679523779079318
heads/seq-01/frame-000318.color.png 0.6746267676353455 -0.15928657352924347 -0.058869630098342896 0.9767284393310547 -0.15093795955181122 -0.15237317979335785 -0.0013699657283723354
heads/seq-01/frame-000319.color.png 0.6749330759048462 -0.16049721837043762 -0.04983518272638321 0.9779061675071716 -0.14476391673088074 -0.15070834755897522 -0.005486747715622187
heads/seq-01/frame-000320.color.png 0.6926636099815369 -0.17272299528121948 -0.04610969498753548 0.974311351776123 -0.14827251434326172 -0.16931165754795074 -0.008135414682328701
heads/seq-01/frame-000321.color.png 0.6886610984802246 -0.16737882792949677 -0.04181912913918495 0.9763578176498413 -0.15562215447425842 -0.1499517560005188 -0.0046539041213691235
heads/seq-01/frame-000322.color.png 0.7010172009468079 -0.17165246605873108 -0.03457939624786377 0.9783724546432495 -0.15883152186870575 -0.13239192962646484 -0.00570082850754261
heads/seq-01/frame-000323.color.png 0.7010172009468079 -0.17165246605873108 -0.03457939624786377 0.9783724546432495 -0.15883152186870575 -0.13239192962646484 -0.00570082850754261
heads/seq-01/frame-000324.color.png 0.6756489872932434 -0.17211312055587769 -0.031648702919483185 0.9778391122817993 -0.14852598309516907 -0.14752770960330963 -0.002490789396688342
heads/seq-01/frame-000325.color.png 0.6622833013534546 -0.16650477051734924 -0.027894267812371254 0.9746562838554382 -0.1463761031627655 -0.16902969777584076 -0.0069315992295742035
heads/seq-01/frame-000326.color.png 0.6605249643325806 -0.1694328486919403 -0.024380827322602272 0.975377082824707 -0.14995068311691284 -0.16124512255191803 -0.012422447092831135
heads/seq-01/frame-000327.color.png 0.6676120162010193 -0.1726870834827423 -0.025170160457491875 0.9746301770210266 -0.1546105593442917 -0.16099107265472412 -0.016540290787816048
heads/seq-01/frame-000328.color.png 0.6590047478675842 -0.15806317329406738 -0.02221914567053318 0.9758806824684143 -0.15314675867557526 -0.15462787449359894 -0.017124079167842865
heads/seq-01/frame-000329.color.png 0.674757719039917 -0.1602010875940323 -0.015315480530261993 0.9738875031471252 -0.15290598571300507 -0.16591700911521912 -0.0251871757209301
heads/seq-01/frame-000330.color.png 0.662932276725769 -0.15759488940238953 -0.007009170018136501 0.9724776148796082 -0.15571026504039764 -0.1701357513666153 -0.03309788182377815
heads/seq-01/frame-000331.color.png 0.651600182056427 -0.1620609313249588 -0.002026844769716263 0.9699987769126892 -0.15293210744857788 -0.18464209139347076 -0.04026796296238899
heads/seq-01/frame-000332.color.png 0.6439927816390991 -0.161939799785614 0.005297988653182983 0.9746544361114502 -0.1575641930103302 -0.155059814453125 -0.034330859780311584
heads/seq-01/frame-000333.color.png 0.6374043226242065 -0.17490273714065552 0.011916661635041237 0.9731407761573792 -0.15301746129989624 -0.1670171618461609 -0.04108402878046036
heads/seq-01/frame-000334.color.png 0.6350584030151367 -0.18612278997898102 0.002341771498322487 0.9751132130622864 -0.15234236419200897 -0.15511192381381989 -0.04343235120177269
heads/seq-01/frame-000335.color.png 0.632168710231781 -0.1786387860774994 0.005327895283699036 0.9727333784103394 -0.14755742251873016 -0.16984333097934723 -0.05630137026309967
heads/seq-01/frame-000336.color.png 0.6685881018638611 -0.19360148906707764 0.0039330050349235535 0.9701080918312073 -0.14509905874729156 -0.18419110774993896 -0.06253247708082199
heads/seq-01/frame-000337.color.png 0.6681703925132751 -0.19582006335258484 0.011152101680636406 0.975285530090332 -0.15196233987808228 -0.15030275285243988 -0.05598975345492363
heads/seq-01/frame-000338.color.png 0.6707356572151184 -0.19656378030776978 0.01156061515212059 0.9699364900588989 -0.15300869941711426 -0.17712002992630005 -0.06663449853658676
heads/seq-01/frame-000339.color.png 0.6715732216835022 -0.19437068700790405 0.010436667129397392 0.9722718000411987 -0.14515556395053864 -0.17008011043071747 -0.06848499178886414
heads/seq-01/frame-000340.color.png 0.6860314011573792 -0.1908135861158371 0.009207643568515778 0.9689433574676514 -0.1525287628173828 -0.18204455077648163 -0.06887294352054596
heads/seq-01/frame-000341.color.png 0.6852682828903198 -0.18634212017059326 0.0033181384205818176 0.9680735468864441 -0.15427754819393158 -0.1826133280992508 -0.0753951445221901
heads/seq-01/frame-000342.color.png 0.676883339881897 -0.1928010731935501 0.009126085788011551 0.9648239612579346 -0.16068917512893677 -0.192362442612648 -0.0793132558465004
heads/seq-01/frame-000343.color.png 0.6821474432945251 -0.20282243192195892 0.013923386111855507 0.9653201103210449 -0.16757619380950928 -0.1820046305656433 -0.08336487412452698
heads/seq-01/frame-000344.color.png 0.7064428329467773 -0.20768322050571442 0.00903867743909359 0.966842770576477 -0.17166315019130707 -0.1699964851140976 -0.08275387436151505
heads/seq-01/frame-000345.color.png 0.702727198600769 -0.21091042459011078 0.010861802846193314 0.9556909799575806 -0.1772603988647461 -0.21455985307693481 -0.09590340405702591
heads/seq-01/frame-000346.color.png 0.696797251701355 -0.21080288290977478 0.009949974715709686 0.9507625102996826 -0.17499014735221863 -0.2325936257839203 -0.10643976926803589
heads/seq-01/frame-000347.color.png 0.7120050191879272 -0.2123456597328186 0.015417950227856636 0.9553484320640564 -0.1687827855348587 -0.2164786159992218 -0.10935495793819427
heads/seq-01/frame-000348.color.png 0.721576452255249 -0.22297817468643188 0.009089019149541855 0.9528431296348572 -0.17890432476997375 -0.21889060735702515 -0.11031825840473175
heads/seq-01/frame-000349.color.png 0.7415603399276733 -0.23207679390907288 4.4733285903930664e-05 0.947938859462738 -0.18018905818462372 -0.23472735285758972 -0.11767201125621796
heads/seq-01/frame-000350.color.png 0.7464950084686279 -0.2289947271347046 -0.0028914306312799454 0.9439684748649597 -0.18101444840431213 -0.24730458855628967 -0.12246491760015488
heads/seq-01/frame-000351.color.png 0.7734840512275696 -0.23368898034095764 -0.01583455502986908 0.9445076584815979 -0.18633422255516052 -0.24068422615528107 -0.12351500988006592
heads/seq-01/frame-000352.color.png 0.7683534026145935 -0.24124449491500854 -0.01830214262008667 0.9406958222389221 -0.18543265759944916 -0.2517973482608795 -0.13154560327529907
heads/seq-01/frame-000353.color.png 0.7598714232444763 -0.23270142078399658 -0.02791486494243145 0.9361767172813416 -0.18101803958415985 -0.2597697973251343 -0.152725487947464
heads/seq-01/frame-000354.color.png 0.8013578057289124 -0.24464380741119385 -0.02647547796368599 0.9342572689056396 -0.19045867025852203 -0.2630000114440918 -0.14737661182880402
heads/seq-01/frame-000355.color.png 0.8495218753814697 -0.2521781325340271 -0.027035973966121674 0.9366501569747925 -0.1895795464515686 -0.2528105676174164 -0.15110531449317932
heads/seq-01/frame-000356.color.png 0.8807085752487183 -0.25124841928482056 -0.02733951434493065 0.942523717880249 -0.19042201340198517 -0.2329954206943512 -0.14526355266571045
heads/seq-01/frame-000357.color.png 0.913704514503479 -0.2630147337913513 -0.035262055695056915 0.9339171648025513 -0.1944873332977295 -0.2619623839855194 -0.14611323177814484
heads/seq-01/frame-000358.color.png 0.9107139706611633 -0.26426613330841064 -0.03783977031707764 0.9302628636360168 -0.19900722801685333 -0.2718346118927002 -0.14530324935913086
heads/seq-01/frame-000359.color.png 0.9047136306762695 -0.25631603598594666 -0.03631379455327988 0.9327579736709595 -0.19957251846790314 -0.26298028230667114 -0.14482586085796356
heads/seq-01/frame-000360.color.png 0.9032413959503174 -0.2553883492946625 -0.031396977603435516 0.939304769039154 -0.20262134075164795 -0.23862279951572418 -0.14039355516433716
heads/seq-01/frame-000361.color.png 0.9016909599304199 -0.2631432116031647 -0.023399904370307922 0.9312705397605896 -0.20393367111682892 -0.2640247344970703 -0.14641475677490234
heads/seq-01/frame-000362.color.png 0.9055196642875671 -0.26369786262512207 -0.025151986628770828 0.9347339868545532 -0.20678502321243286 -0.2504168450832367 -0.1442352831363678
heads/seq-01/frame-000363.color.png 0.9038890600204468 -0.27700406312942505 -0.02016378566622734 0.9342368841171265 -0.20641733705997467 -0.24816790223121643 -0.15167737007141113
heads/seq-01/frame-000364.color.png 0.9053959846496582 -0.2804515063762665 -0.02176465280354023 0.929448127746582 -0.2135385125875473 -0.2586091160774231 -0.15378150343894958
heads/seq-01/frame-000365.color.png 0.9078086018562317 -0.270001083612442 -0.01654762029647827 0.9348609447479248 -0.20192329585552216 -0.2460901141166687 -0.1571674942970276
heads/seq-01/frame-000366.color.png 0.9221680760383606 -0.28780078887939453 -0.014897331595420837 0.9339521527290344 -0.22419120371341705 -0.24091196060180664 -0.1394016295671463
heads/seq-01/frame-000367.color.png 0.9325682520866394 -0.29209041595458984 -0.010488889180123806 0.9332529902458191 -0.22201360762119293 -0.24675968289375305 -0.13732649385929108
heads/seq-01/frame-000368.color.png 0.9179526567459106 -0.2920093536376953 -0.016116291284561157 0.9366856813430786 -0.22882945835590363 -0.23370647430419922 -0.1250537633895874
heads/seq-01/frame-000369.color.png 0.9054566621780396 -0.30491405725479126 -0.0014445055276155472 0.9338732361793518 -0.2310318946838379 -0.23984159529209137 -0.13031157851219177
heads/seq-01/frame-000370.color.png 0.9156132936477661 -0.33465227484703064 0.004008857533335686 0.9370031952857971 -0.2414182424545288 -0.2242552638053894 -0.11598195135593414
heads/seq-01/frame-000371.color.png 0.910862922668457 -0.34491944313049316 -0.0019425870850682259 0.9338421821594238 -0.23967882990837097 -0.23162584006786346 -0.1297774463891983
heads/seq-01/frame-000372.color.png 0.8959604501724243 -0.3417764902114868 0.003179030492901802 0.936590313911438 -0.24447327852249146 -0.222630575299263 -0.11604764312505722
heads/seq-01/frame-000373.color.png 0.8762258291244507 -0.36631715297698975 0.01668204739689827 0.9395470023155212 -0.2423597276210785 -0.21786512434482574 -0.10510904341936111
heads/seq-01/frame-000374.color.png 0.8794642686843872 -0.3773351013660431 0.018698975443840027 0.936741292476654 -0.2420559525489807 -0.22756673395633698 -0.11017272621393204
heads/seq-01/frame-000375.color.png 0.8626521229743958 -0.379942387342453 0.01504950225353241 0.937893807888031 -0.23238611221313477 -0.23387408256530762 -0.10795778036117554
heads/seq-01/frame-000376.color.png 0.854665994644165 -0.3947365880012512 0.012685395777225494 0.9400358200073242 -0.23042941093444824 -0.22839787602424622 -0.10521076619625092
heads/seq-01/frame-000377.color.png 0.8655583262443542 -0.40445637702941895 0.027553126215934753 0.9401217103004456 -0.23691049218177795 -0.22548934817314148 -0.09591253101825714
heads/seq-01/frame-000378.color.png 0.8720716834068298 -0.40563446283340454 0.0232204869389534 0.9408585429191589 -0.24098791182041168 -0.21810124814510345 -0.09561271965503693
heads/seq-01/frame-000379.color.png 0.8664703965187073 -0.40240293741226196 0.024685606360435486 0.9465767741203308 -0.23513038456439972 -0.2017855942249298 -0.08938006311655045
heads/seq-01/frame-000380.color.png 0.8513267636299133 -0.4192679524421692 0.024081531912088394 0.9464927911758423 -0.23077735304832458 -0.2077520787715912 -0.08793274313211441
heads/seq-01/frame-000381.color.png 0.8220826387405396 -0.41293224692344666 0.020833738148212433 0.9499308466911316 -0.22900284826755524 -0.19383610785007477 -0.08727351576089859
heads/seq-01/frame-000382.color.png 0.7941660284996033 -0.41340211033821106 0.022260770201683044 0.9502772688865662 -0.2355729639530182 -0.1890152245759964 -0.07584032416343689
heads/seq-01/frame-000383.color.png 0.7751893401145935 -0.39655715227127075 0.03658238798379898 0.9539810419082642 -0.22685393691062927 -0.18163399398326874 -0.07393628358840942
heads/seq-01/frame-000384.color.png 0.75038743019104 -0.37916895747184753 0.026755671948194504 0.9558166265487671 -0.21818536520004272 -0.18065884709358215 -0.0785621777176857
heads/seq-01/frame-000385.color.png 0.7213286757469177 -0.3729139566421509 0.021222203969955444 0.9596501588821411 -0.2088674157857895 -0.17187297344207764 -0.0768483504652977
heads/seq-01/frame-000386.color.png 0.7108355760574341 -0.36870795488357544 0.025069478899240494 0.9610085487365723 -0.212795227766037 -0.15880803763866425 -0.07720556110143661
heads/seq-01/frame-000387.color.png 0.6988936066627502 -0.3662191331386566 0.017193526029586792 0.9595129489898682 -0.21246738731861115 -0.1685076504945755 -0.07614307850599289
heads/seq-01/frame-000388.color.png 0.713646411895752 -0.37406378984451294 0.02518320456147194 0.9603867530822754 -0.21719549596309662 -0.15863381326198578 -0.0729292631149292
heads/seq-01/frame-000389.color.png 0.7256108522415161 -0.36826565861701965 0.005504509434103966 0.963498592376709 -0.2046487182378769 -0.15758740901947021 -0.07039554417133331
heads/seq-01/frame-000390.color.png 0.7278536558151245 -0.3789465129375458 0.0017068609595298767 0.9637816548347473 -0.2139178067445755 -0.14612773060798645 -0.06333193928003311
heads/seq-01/frame-000391.color.png 0.7230358719825745 -0.3895356357097626 0.00512654148042202 0.9623232483863831 -0.21129187941551208 -0.15966229140758514 -0.06162567809224129
heads/seq-01/frame-000392.color.png 0.7247710824012756 -0.39781761169433594 0.005549885332584381 0.9628086686134338 -0.21068903803825378 -0.15849319100379944 -0.05907069891691208
heads/seq-01/frame-000393.color.png 0.7281558513641357 -0.38915541768074036 0.011804228648543358 0.9633587002754211 -0.21003428101539612 -0.15827912092208862 -0.052663449198007584
heads/seq-01/frame-000394.color.png 0.743559718132019 -0.4003106355667114 0.0015235841274261475 0.9644416570663452 -0.20430831611156464 -0.1585320085287094 -0.05457098037004471
heads/seq-01/frame-000395.color.png 0.75393146276474 -0.40335822105407715 -0.007745394483208656 0.9666321277618408 -0.2019430696964264 -0.14957474172115326 -0.04968637228012085
heads/seq-01/frame-000396.color.png 0.7617324590682983 -0.3842780888080597 -0.020368803292512894 0.9690794348716736 -0.19966425001621246 -0.1376383900642395 -0.04555085673928261
heads/seq-01/frame-000397.color.png 0.7237128615379333 -0.3643847107887268 -0.00941542349755764 0.9723957180976868 -0.19165638089179993 -0.12570305168628693 -0.04373955354094505
heads/seq-01/frame-000398.color.png 0.7369640469551086 -0.407746285200119 -0.016677360981702805 0.9690282344818115 -0.20924361050128937 -0.12612614035606384 -0.0359664261341095
heads/seq-01/frame-000399.color.png 0.7391883730888367 -0.4070757329463959 -0.02086649462580681 0.9726214408874512 -0.19940617680549622 -0.115114726126194 -0.03151703625917435
heads/seq-01/frame-000400.color.png 0.7020344734191895 -0.36908385157585144 -0.011356589384377003 0.9776080250740051 -0.18344208598136902 -0.10163084417581558 -0.017402740195393562
heads/seq-01/frame-000401.color.png 0.6543679237365723 -0.35550153255462646 -0.00862479954957962 0.9829826354980469 -0.16662457585334778 -0.07643343508243561 -0.011804083362221718
heads/seq-01/frame-000402.color.png 0.6528591513633728 -0.3566831946372986 -0.017240598797798157 0.9808976054191589 -0.15161414444446564 -0.12085187435150146 -0.015743711963295937
heads/seq-01/frame-000403.color.png 0.6539902091026306 -0.34546959400177 -0.02990531548857689 0.9794215559959412 -0.15139524638652802 -0.13250042498111725 -0.01602010428905487
heads/seq-01/frame-000404.color.png 0.6630324125289917 -0.3565082550048828 -0.02479172870516777 0.9839561581611633 -0.14331144094467163 -0.10612659156322479 -0.005414438899606466
heads/seq-01/frame-000405.color.png 0.6711049675941467 -0.36110901832580566 -0.021267935633659363 0.9836885333061218 -0.15143069624900818 -0.09704768657684326 -0.0027274058666080236
heads/seq-01/frame-000406.color.png 0.6674060821533203 -0.3517144024372101 -0.030319247394800186 0.9839267730712891 -0.15501688420772552 -0.08852255344390869 0.00465539051219821
heads/seq-01/frame-000407.color.png 0.6556503176689148 -0.3464115560054779 -0.027037380263209343 0.9842355847358704 -0.14660510420799255 -0.09889805316925049 0.0025325787719339132
heads/seq-01/frame-000408.color.png 0.6549026370048523 -0.3423677980899811 -0.024672741070389748 0.9845600724220276 -0.1529378443956375 -0.08484629541635513 0.007251708302646875
heads/seq-01/frame-000409.color.png 0.6493837833404541 -0.337982177734375 -0.03595853969454765 0.9887502789497375 -0.1369272768497467 -0.057594068348407745 0.017512477934360504
heads/seq-01/frame-000410.color.png 0.6268059611320496 -0.3434983789920807 -0.03430509939789772 0.9870641827583313 -0.14138974249362946 -0.07321461290121078 0.018785689026117325
heads/seq-01/frame-000411.color.png 0.5986655950546265 -0.32301297783851624 -0.037901341915130615 0.9903020262718201 -0.13008113205432892 -0.036761995404958725 0.03208428621292114
heads/seq-01/frame-000412.color.png 0.5973768830299377 -0.32747969031333923 -0.03513762354850769 0.9897218346595764 -0.13472072780132294 -0.03294425085186958 0.03486451134085655
heads/seq-01/frame-000413.color.png 0.5955128073692322 -0.3281470239162445 -0.029419854283332825 0.9903655052185059 -0.12974944710731506 0.00836352538317442 0.04765724763274193
heads/seq-01/frame-000414.color.png 0.5997065305709839 -0.3136744201183319 -0.04045340418815613 0.991624116897583 -0.11836251616477966 0.010364349000155926 0.05064172297716141
heads/seq-01/frame-000415.color.png 0.5814533233642578 -0.3127850890159607 -0.03895437717437744 0.9920216798782349 -0.11550887674093246 0.010185728780925274 0.0494670495390892
heads/seq-01/frame-000416.color.png 0.5836323499679565 -0.3148097097873688 -0.04562857002019882 0.9904177784919739 -0.12844432890415192 0.01196657307446003 0.04931078851222992
heads/seq-01/frame-000417.color.png 0.58582603931427 -0.31676265597343445 -0.04148390144109726 0.9891872406005859 -0.11933311820030212 0.05733653903007507 0.06309375911951065
heads/seq-01/frame-000418.color.png 0.5667136311531067 -0.3089190721511841 -0.04386710748076439 0.9872409105300903 -0.13233120739459991 0.05617601424455643 0.06846899539232254
heads/seq-01/frame-000419.color.png 0.5615783333778381 -0.30478042364120483 -0.035683173686265945 0.9886963963508606 -0.1246250718832016 0.05159866064786911 0.06546429544687271
heads/seq-01/frame-000420.color.png 0.5546402335166931 -0.2980443835258484 -0.03874143213033676 0.9889099597930908 -0.11708269268274307 0.06315325945615768 0.0660325288772583
heads/seq-01/frame-000421.color.png 0.5473076105117798 -0.2954547107219696 -0.04178060591220856 0.9884225130081177 -0.11580566316843033 0.06977999955415726 0.06885472685098648
heads/seq-01/frame-000422.color.png 0.5336211323738098 -0.2770780622959137 -0.04050170257687569 0.9884453415870667 -0.11482260376214981 0.068818099796772 0.07110273838043213
heads/seq-01/frame-000423.color.png 0.5262240767478943 -0.27072930335998535 -0.03242219239473343 0.989030122756958 -0.11663921922445297 0.06228647753596306 0.06584241986274719
heads/seq-01/frame-000424.color.png 0.5256375670433044 -0.26483213901519775 -0.04085909202694893 0.9888017177581787 -0.11862868815660477 0.06176406145095825 0.06620693951845169
heads/seq-01/frame-000425.color.png 0.5150642991065979 -0.2552431523799896 -0.036602139472961426 0.9888955950737 -0.11227956414222717 0.07173672318458557 0.06582365930080414
heads/seq-01/frame-000426.color.png 0.5196253657341003 -0.24672436714172363 -0.043459389358758926 0.9882123470306396 -0.11899632960557938 0.06937547028064728 0.06680890917778015
heads/seq-01/frame-000427.color.png 0.524817705154419 -0.24219465255737305 -0.041908010840415955 0.9888486266136169 -0.10881776362657547 0.07945851981639862 0.06343092024326324
heads/seq-01/frame-000428.color.png 0.5199949145317078 -0.2368294894695282 -0.04229186847805977 0.9894881844520569 -0.1088823601603508 0.07246104627847672 0.06170228123664856
heads/seq-01/frame-000429.color.png 0.5077167749404907 -0.2394014298915863 -0.04785556346178055 0.9879169464111328 -0.11369592696428299 0.08319463580846786 0.0645909532904625
heads/seq-01/frame-000430.color.png 0.5051760077476501 -0.23716390132904053 -0.057835593819618225 0.9902578592300415 -0.09840892255306244 0.07761472463607788 0.06067097559571266
heads/seq-01/frame-000431.color.png 0.5160320997238159 -0.21800541877746582 -0.053641095757484436 0.9902259111404419 -0.09171187877655029 0.0870274007320404 0.05888855457305908
heads/seq-01/frame-000432.color.png 0.5197551846504211 -0.2172270119190216 -0.05235672742128372 0.9920326471328735 -0.084384985268116 0.07601181417703629 0.05452179163694382
heads/seq-01/frame-000433.color.png 0.5254073143005371 -0.21282431483268738 -0.05330544710159302 0.9921984076499939 -0.07558563351631165 0.08270777761936188 0.05466757342219353
heads/seq-01/frame-000434.color.png 0.5364722609519958 -0.2080376297235489 -0.05395405367016792 0.9917661547660828 -0.07545609027147293 0.08477209508419037 0.059331685304641724
heads/seq-01/frame-000435.color.png 0.5245617032051086 -0.19690780341625214 -0.06299921870231628 0.9902343153953552 -0.08104759454727173 0.09305521845817566 0.06486941874027252
heads/seq-01/frame-000436.color.png 0.5171388983726501 -0.18894071877002716 -0.05422942340373993 0.9881983399391174 -0.08615893125534058 0.10736377537250519 0.06718389689922333
heads/seq-01/frame-000437.color.png 0.5108319520950317 -0.1916513293981552 -0.05305589735507965 0.9896106719970703 -0.08373301476240158 0.09554357826709747 0.06731317937374115
heads/seq-01/frame-000438.color.png 0.5135950446128845 -0.19117328524589539 -0.05592074245214462 0.9901168346405029 -0.08648195117712021 0.08944406360387802 0.0647263452410698
heads/seq-01/frame-000439.color.png 0.5034010410308838 -0.18113531172275543 -0.061022695153951645 0.9900217652320862 -0.0740819051861763 0.09898541122674942 0.06760706007480621
heads/seq-01/frame-000440.color.png 0.5023949146270752 -0.18819721043109894 -0.06475383043289185 0.9878036975860596 -0.07768657803535461 0.11112552136182785 0.07654900848865509
heads/seq-01/frame-000441.color.png 0.4953128695487976 -0.17764930427074432 -0.07142573595046997 0.9874289631843567 -0.08403900265693665 0.10966738313436508 0.07677612453699112
heads/seq-01/frame-000442.color.png 0.47690579295158386 -0.16968627274036407 -0.06444337964057922 0.9891279935836792 -0.08029847592115402 0.09942211210727692 0.07275531440973282
heads/seq-01/frame-000443.color.png 0.48359400033950806 -0.1644175797700882 -0.06709184497594833 0.9900844693183899 -0.07161370664834976 0.09641657769680023 0.07285516709089279
heads/seq-01/frame-000444.color.png 0.47389906644821167 -0.15754905343055725 -0.0701758861541748 0.9891639947891235 -0.07153879106044769 0.10351446270942688 0.07564133405685425
heads/seq-01/frame-000445.color.png 0.48203882575035095 -0.16142615675926208 -0.08380357176065445 0.9884050488471985 -0.05998590588569641 0.11715959757566452 0.07570324838161469
heads/seq-01/frame-000446.color.png 0.47820308804512024 -0.1564074158668518 -0.08314979076385498 0.9872743487358093 -0.0578172393143177 0.125987246632576 0.0779348686337471
heads/seq-01/frame-000447.color.png 0.4698914587497711 -0.14862282574176788 -0.08405489474534988 0.9857367873191833 -0.05459980666637421 0.13657255470752716 0.08179030567407608
heads/seq-01/frame-000448.color.png 0.458526074886322 -0.13731293380260468 -0.08430880308151245 0.9843052625656128 -0.07680471241474152 0.1348830610513687 0.08396872133016586
heads/seq-01/frame-000449.color.png 0.4525449275970459 -0.1460854709148407 -0.08290793001651764 0.9855905175209045 -0.07671822607517242 0.12634609639644623 0.08223403990268707
heads/seq-01/frame-000450.color.png 0.46028798818588257 -0.14289319515228271 -0.0814654603600502 0.9852880835533142 -0.06710608303546906 0.13402427732944489 0.08210719376802444
heads/seq-01/frame-000451.color.png 0.4498365819454193 -0.13896161317825317 -0.07744968682527542 0.9840049147605896 -0.07565999776124954 0.13924260437488556 0.08137187361717224
heads/seq-01/frame-000452.color.png 0.4498365819454193 -0.13896161317825317 -0.07744968682527542 0.9840049147605896 -0.07565999776124954 0.13924260437488556 0.08137187361717224
heads/seq-01/frame-000453.color.png 0.45241719484329224 -0.13563001155853271 -0.07167810201644897 0.9842900633811951 -0.08130587637424469 0.13528458774089813 0.07912304997444153
heads/seq-01/frame-000454.color.png 0.42616018652915955 -0.12253329157829285 -0.07136712968349457 0.9824093580245972 -0.07630104571580887 0.14970675110816956 0.08147424459457397
heads/seq-01/frame-000455.color.png 0.4379688799381256 -0.12156623601913452 -0.06757625937461853 0.9794731736183167 -0.08328158408403397 0.16199105978012085 0.08634412288665771
heads/seq-01/frame-000456.color.png 0.4343852996826172 -0.11510567367076874 -0.0640362948179245 0.9809634685516357 -0.07995466142892838 0.15799488127231598 0.07972121983766556
heads/seq-01/frame-000457.color.png 0.4343852996826172 -0.11510567367076874 -0.0640362948179245 0.9809634685516357 -0.07995466142892838 0.15799488127231598 0.07972121983766556
heads/seq-01/frame-000458.color.png 0.4390625059604645 -0.10902298986911774 -0.06917144358158112 0.9817379713058472 -0.08632224053144455 0.15045902132987976 0.078109011054039
heads/seq-01/frame-000459.color.png 0.42393460869789124 -0.10785026848316193 -0.07264503836631775 0.9834221005439758 -0.08717513829469681 0.13980339467525482 0.07573967427015305
heads/seq-01/frame-000460.color.png 0.4202311933040619 -0.10287529230117798 -0.0654163584113121 0.9832761287689209 -0.08359163999557495 0.14374299347400665 0.07428722083568573
heads/seq-01/frame-000461.color.png 0.4202311933040619 -0.10287529230117798 -0.0654163584113121 0.9832761287689209 -0.08359163999557495 0.14374299347400665 0.07428722083568573
heads/seq-01/frame-000462.color.png 0.4116351306438446 -0.10264791548252106 -0.06049459055066109 0.9781399965286255 -0.0767059326171875 0.1757066398859024 0.08053214848041534
heads/seq-01/frame-000463.color.png 0.4138389527797699 -0.09801606833934784 -0.06274180859327316 0.9804942607879639 -0.07229387760162354 0.16526862978935242 0.07804497331380844
heads/seq-01/frame-000464.color.png 0.39878156781196594 -0.08877626061439514 -0.06856045871973038 0.9850770831108093 -0.08432596176862717 0.1322421431541443 0.07088159024715424
heads/seq-01/frame-000465.color.png 0.37352773547172546 -0.08649219572544098 -0.04957153648138046 0.9830451011657715 -0.08478610217571259 0.14401492476463318 0.0754544660449028
heads/seq-01/frame-000466.color.png 0.37352773547172546 -0.08649219572544098 -0.04957153648138046 0.9830451011657715 -0.08478610217571259 0.14401492476463318 0.0754544660449028
heads/seq-01/frame-000467.color.png 0.3678121566772461 -0.0866783857345581 -0.03830920532345772 0.9854287505149841 -0.08271162211894989 0.13203075528144836 0.06824200600385666
heads/seq-01/frame-000468.color.png 0.34495091438293457 -0.08443231880664825 -0.02828856185078621 0.9889207482337952 -0.07698024064302444 0.11314433068037033 0.05751806125044823
heads/seq-01/frame-000469.color.png 0.3488764762878418 -0.0851069837808609 -0.03432798013091087 0.9878969192504883 -0.08163517713546753 0.11861899495124817 0.05766209959983826
heads/seq-01/frame-000470.color.png 0.33939677476882935 -0.07701490074396133 -0.04372534155845642 0.9879629015922546 -0.07780137658119202 0.11812765896320343 0.06262611597776413
heads/seq-01/frame-000471.color.png 0.33939677476882935 -0.07701490074396133 -0.04372534155845642 0.9879629015922546 -0.07780137658119202 0.11812765896320343 0.06262611597776413
heads/seq-01/frame-000472.color.png 0.3413439691066742 -0.08569548279047012 -0.04872286319732666 0.9893043041229248 -0.08838602900505066 0.10431847721338272 0.050820108503103256
heads/seq-01/frame-000473.color.png 0.3418748378753662 -0.08576224744319916 -0.04323833808302879 0.9864463806152344 -0.09274301677942276 0.12633377313613892 0.04860157147049904
heads/seq-01/frame-000474.color.png 0.34234219789505005 -0.08039450645446777 -0.03363029286265373 0.9859166145324707 -0.09151622653007507 0.13272841274738312 0.04445576295256615
heads/seq-01/frame-000475.color.png 0.35236915946006775 -0.0912029817700386 -0.03025049716234207 0.9870801568031311 -0.09497106075286865 0.122536301612854 0.040477097034454346
heads/seq-01/frame-000476.color.png 0.35236915946006775 -0.0912029817700386 -0.03025049716234207 0.9870801568031311 -0.09497106075286865 0.122536301612854 0.040477097034454346
heads/seq-01/frame-000477.color.png 0.35310062766075134 -0.10222994536161423 -0.035183876752853394 0.9892329573631287 -0.0948871448636055 0.10456861555576324 0.03847257420420647
heads/seq-01/frame-000478.color.png 0.349163293838501 -0.09946776181459427 -0.033502254635095596 0.9887800812721252 -0.0852992907166481 0.11506636440753937 0.04239794611930847
heads/seq-01/frame-000479.color.png 0.31756895780563354 -0.09263413399457932 -0.024640828371047974 0.9916778802871704 -0.0838453471660614 0.09028296917676926 0.03733604773879051
heads/seq-01/frame-000480.color.png 0.305063396692276 -0.08092227578163147 -0.02321820706129074 0.9925952553749084 -0.08040440827608109 0.08287055045366287 0.037711746990680695
heads/seq-01/frame-000481.color.png 0.305063396692276 -0.08092227578163147 -0.02321820706129074 0.9925952553749084 -0.08040440827608109 0.08287055045366287 0.037711746990680695
heads/seq-01/frame-000482.color.png 0.31270694732666016 -0.08829980343580246 -0.025349702686071396 0.9927840232849121 -0.08013075590133667 0.08117588609457016 0.0370076447725296
heads/seq-01/frame-000483.color.png 0.31424960494041443 -0.10648968815803528 -0.019531089812517166 0.9912192225456238 -0.09903697669506073 0.07838620245456696 0.03913702443242073
heads/seq-01/frame-000484.color.png 0.3083966076374054 -0.11932991445064545 -0.00979001633822918 0.9913719296455383 -0.09534379094839096 0.08258604258298874 0.03565095365047455
heads/seq-01/frame-000485.color.png 0.30244481563568115 -0.1118374764919281 -0.013400625437498093 0.9921606183052063 -0.09219979494810104 0.07944060117006302 0.02838611789047718
heads/seq-01/frame-000486.color.png 0.30244481563568115 -0.1118374764919281 -0.013400625437498093 0.9921606183052063 -0.09219979494810104 0.07944060117006302 0.02838611789047718
heads/seq-01/frame-000487.color.png 0.2879546284675598 -0.10532955825328827 -0.011313792318105698 0.9933754205703735 -0.08774479478597641 0.06787329912185669 0.029989365488290787
heads/seq-01/frame-000488.color.png 0.2659842371940613 -0.10229143500328064 -0.015197528526186943 0.9923516511917114 -0.09227094054222107 0.07616020739078522 0.030394626781344414
heads/seq-01/frame-000489.color.png 0.25718405842781067 -0.11217361688613892 -0.01278015412390232 0.9911965727806091 -0.09989701211452484 0.0803745836019516 0.03301415219902992
heads/seq-01/frame-000490.color.png 0.23495835065841675 -0.10849137604236603 -0.013439789414405823 0.9916270971298218 -0.0968652293086052 0.07970230281352997 0.030666477978229523
heads/seq-01/frame-000491.color.png 0.23495835065841675 -0.10849137604236603 -0.013439789414405823 0.9916270971298218 -0.0968652293086052 0.07970230281352997 0.030666477978229523
heads/seq-01/frame-000492.color.png 0.2257254272699356 -0.12169095873832703 -0.005597172304987907 0.991283655166626 -0.10113595426082611 0.07854688912630081 0.030958499759435654
heads/seq-01/frame-000493.color.png 0.23009420931339264 -0.13274459540843964 0.002476600930094719 0.9905000925064087 -0.11060059070587158 0.07479611039161682 0.03290395811200142
heads/seq-01/frame-000494.color.png 0.2049485146999359 -0.12643186748027802 0.008367430418729782 0.9913883805274963 -0.10550505667924881 0.0722273737192154 0.02830163575708866
heads/seq-01/frame-000495.color.png 0.1939198076725006 -0.15670116245746613 0.0076024457812309265 0.990975558757782 -0.10806963592767715 0.07238347083330154 0.032388441264629364
heads/seq-01/frame-000496.color.png 0.18916034698486328 -0.14615271985530853 -0.005063192918896675 0.990131676197052 -0.11572504043579102 0.07161203026771545 0.03344806656241417
heads/seq-01/frame-000497.color.png 0.20556451380252838 -0.14585153758525848 -0.011574599891901016 0.9879246354103088 -0.12886038422584534 0.07699732482433319 0.03835858777165413
heads/seq-01/frame-000498.color.png 0.20556451380252838 -0.14585153758525848 -0.011574599891901016 0.9879246354103088 -0.12886038422584534 0.07699732482433319 0.03835858777165413
heads/seq-01/frame-000499.color.png 0.16791212558746338 -0.1473114788532257 -0.017701076343655586 0.9893799424171448 -0.1260954886674881 0.058736711740493774 0.04215983673930168
heads/seq-01/frame-000500.color.png 0.15470781922340393 -0.15483294427394867 -0.011796250939369202 0.9897128939628601 -0.12970249354839325 0.048839762806892395 0.03550323471426964
heads/seq-01/frame-000501.color.png 0.17245471477508545 -0.14927910268306732 -0.01092769205570221 0.9885774850845337 -0.1367609202861786 0.05259726941585541 0.035278551280498505
heads/seq-01/frame-000502.color.png 0.11875519156455994 -0.15414775907993317 -0.0020235776901245117 0.9898669719696045 -0.12732034921646118 0.054307252168655396 0.03167767822742462
heads/seq-01/frame-000503.color.png 0.11998796463012695 -0.1532680243253708 -0.00811101496219635 0.98727947473526 -0.14368073642253876 0.05820953845977783 0.035307738929986954
heads/seq-01/frame-000504.color.png 0.12179763615131378 -0.1438499391078949 -0.005804302170872688 0.9909912943840027 -0.12046737968921661 0.05066779628396034 0.029268117621541023
heads/seq-01/frame-000505.color.png 0.11703398823738098 -0.1481873244047165 -0.009076176211237907 0.9902471303939819 -0.1257336139678955 0.052447445690631866 0.02916606143116951
heads/seq-01/frame-000506.color.png 0.10396578907966614 -0.14221462607383728 -0.007905885577201843 0.9906371235847473 -0.12373137474060059 0.05115175247192383 0.026683151721954346
heads/seq-01/frame-000507.color.png 0.10507363080978394 -0.13637223839759827 -0.013964889571070671 0.9913733601570129 -0.1216161772608757 0.04250522330403328 0.024120094254612923
heads/seq-01/frame-000508.color.png 0.06674185395240784 -0.1415456235408783 -0.010882899165153503 0.9915014505386353 -0.11945849657058716 0.04669421538710594 0.02177591063082218
heads/seq-01/frame-000509.color.png 0.06435804069042206 -0.13573868572711945 -0.005583308637142181 0.9909946322441101 -0.12571817636489868 0.04198860749602318 0.0190151147544384
heads/seq-01/frame-000510.color.png 0.07138402760028839 -0.13963200151920319 -0.0023760776966810226 0.9918311834335327 -0.12054721266031265 0.03586099296808243 0.021288562566041946
heads/seq-01/frame-000511.color.png 0.034653857350349426 -0.14806890487670898 0.004455432295799255 0.9916099905967712 -0.12294548004865646 0.03574162349104881 0.017786752432584763
heads/seq-01/frame-000512.color.png 0.02939016744494438 -0.13366363942623138 0.018311168998479843 0.9913909435272217 -0.12662486732006073 0.031164787709712982 0.011785858310759068
heads/seq-01/frame-000513.color.png 0.01793018728494644 -0.14115284383296967 0.02005532756447792 0.9912927746772766 -0.12848059833049774 0.027535324916243553 0.008545099757611752
heads/seq-01/frame-000514.color.png 0.01793018728494644 -0.14115284383296967 0.02005532756447792 0.9912927746772766 -0.12848059833049774 0.027535324916243553 0.008545099757611752
heads/seq-01/frame-000515.color.png 0.016810975968837738 -0.1401781290769577 0.020771410316228867 0.9921354651451111 -0.12179461121559143 0.028623532503843307 0.0037398734129965305
heads/seq-01/frame-000516.color.png 0.026751980185508728 -0.16327930986881256 0.02205967903137207 0.9930312037467957 -0.11391055583953857 0.03022068925201893 -0.00030844160937704146
heads/seq-01/frame-000517.color.png 0.01828761026263237 -0.14286565780639648 0.022795334458351135 0.9931792616844177 -0.11427328735589981 0.02316390722990036 0.0002610177325550467
heads/seq-01/frame-000518.color.png -0.021553516387939453 -0.1237039715051651 0.02267969772219658 0.9925445914268494 -0.11948598921298981 0.02403261326253414 -0.0008615839178673923
heads/seq-01/frame-000519.color.png -0.021553516387939453 -0.1237039715051651 0.02267969772219658 0.9925445914268494 -0.11948598921298981 0.02403261326253414 -0.0008615839178673923
heads/seq-01/frame-000520.color.png -0.015479117631912231 -0.13552506268024445 0.024637069553136826 0.9926218390464783 -0.11948370188474655 0.020086126402020454 -0.004668294917792082
heads/seq-01/frame-000521.color.png -0.02920067310333252 -0.10451661795377731 0.01956212893128395 0.9916985630989075 -0.12752948701381683 0.01497144065797329 -0.006791464518755674
heads/seq-01/frame-000522.color.png -0.051085080951452255 -0.0844639241695404 0.017031380906701088 0.991098165512085 -0.1319308876991272 0.017094427719712257 -0.005148138385266066
heads/seq-01/frame-000523.color.png -0.0636110007762909 -0.0927763357758522 0.009917613118886948 0.9910297393798828 -0.132973313331604 0.01151746604591608 -0.0067442068830132484
heads/seq-01/frame-000524.color.png -0.06495754420757294 -0.09493337571620941 0.009256426244974136 0.9924880862236023 -0.12104860693216324 0.012514150701463223 -0.012573668733239174
heads/seq-01/frame-000525.color.png -0.06495754420757294 -0.09493337571620941 0.009256426244974136 0.9924880862236023 -0.12104860693216324 0.012514150701463223 -0.012573668733239174
heads/seq-01/frame-000526.color.png -0.08787015080451965 -0.06683886796236038 -0.009646398946642876 0.9917998313903809 -0.12723982334136963 0.009982826188206673 -0.006597902625799179
heads/seq-01/frame-000527.color.png -0.10936333239078522 -0.051256511360406876 -0.027818668633699417 0.9915642738342285 -0.12925328314304352 0.0063396417535841465 -0.0073286076076328754
heads/seq-01/frame-000528.color.png -0.1139582097530365 -0.041977234184741974 -0.015243671834468842 0.9926574230194092 -0.12024351209402084 0.009534426033496857 -0.00904419831931591
heads/seq-01/frame-000529.color.png -0.15756432712078094 -0.021812688559293747 -0.02742534503340721 0.9932772517204285 -0.1140916720032692 0.017115745693445206 -0.009520941413939
heads/seq-01/frame-000530.color.png -0.15756432712078094 -0.021812688559293747 -0.02742534503340721 0.9932772517204285 -0.1140916720032692 0.017115745693445206 -0.009520941413939
heads/seq-01/frame-000531.color.png -0.1757509708404541 -0.03486583009362221 -0.021947579458355904 0.99382084608078 -0.11028467118740082 0.01018429733812809 -0.007318801712244749
heads/seq-01/frame-000532.color.png -0.1701296865940094 -0.02436155453324318 -0.014482460916042328 0.9933066368103027 -0.1145557314157486 0.012763501144945621 -0.0074903336353600025
heads/seq-01/frame-000533.color.png -0.20177769660949707 -0.015475678257644176 -0.003794454038143158 0.9920005798339844 -0.12441470474004745 0.020463671535253525 -0.006094785872846842
heads/seq-01/frame-000534.color.png -0.24502798914909363 -0.015232312493026257 0.003741186112165451 0.9911177754402161 -0.13050343096256256 0.0249528419226408 -0.005642827600240707
heads/seq-01/frame-000535.color.png -0.193120539188385 0.0005796970799565315 -0.0024327412247657776 0.9930968284606934 -0.11274978518486023 0.03163779899477959 -0.00673387385904789
heads/seq-01/frame-000536.color.png -0.193120539188385 0.0005796970799565315 -0.0024327412247657776 0.9930968284606934 -0.11274978518486023 0.03163779899477959 -0.00673387385904789
heads/seq-01/frame-000537.color.png -0.2072894126176834 0.0022314684465527534 -0.005813233554363251 0.9936796426773071 -0.10781420022249222 0.02800115756690502 -0.013888721354305744
heads/seq-01/frame-000538.color.png -0.20034801959991455 -0.030658207833766937 -0.0022318456321954727 0.994293212890625 -0.10265351086854935 0.02151024155318737 -0.019507674500346184
heads/seq-01/frame-000539.color.png -0.19303679466247559 -0.05385417118668556 0.0013042688369750977 0.9939323663711548 -0.10737144947052002 0.0188928060233593 -0.014589919708669186
heads/seq-01/frame-000540.color.png -0.23813390731811523 -0.051356036216020584 0.0007681101560592651 0.9936928749084473 -0.10852718353271484 0.022664716467261314 -0.016807202249765396
heads/seq-01/frame-000541.color.png -0.26611658930778503 -0.04066627845168114 0.0071168262511491776 0.9922376871109009 -0.1204199492931366 0.027059637010097504 -0.015204334631562233
heads/seq-01/frame-000542.color.png -0.23542433977127075 -0.050011295825242996 -0.001837482675909996 0.9934492707252502 -0.11268671602010727 0.01643633097410202 -0.009507138282060623
heads/seq-01/frame-000543.color.png -0.25207778811454773 -0.04827870801091194 -0.016524601727724075 0.9933794736862183 -0.11410566419363022 0.011467414908111095 -0.006751015316694975
heads/seq-01/frame-000544.color.png -0.2495812177658081 -0.03774096071720123 -0.018659912049770355 0.9940292835235596 -0.10856670886278152 0.008477235212922096 -0.006862700451165438
heads/seq-01/frame-000545.color.png -0.26879191398620605 -0.01669638603925705 -0.013028018176555634 0.9923045039176941 -0.12122216075658798 0.02516162395477295 -0.002029698807746172
heads/seq-01/frame-000546.color.png -0.24526292085647583 -0.06488603353500366 0.006001519039273262 0.9930766820907593 -0.11437839269638062 0.025589050725102425 -0.007838795892894268
heads/seq-01/frame-000547.color.png -0.24526292085647583 -0.06488603353500366 0.006001519039273262 0.9930766820907593 -0.11437839269638062 0.025589050725102425 -0.007838795892894268
heads/seq-01/frame-000548.color.png -0.2680797576904297 -0.05206598713994026 0.0025852248072624207 0.9928204417228699 -0.11772459000349045 0.021110258996486664 0.0016168903093785048
heads/seq-01/frame-000549.color.png -0.2719613313674927 -0.04724973812699318 0.012847498059272766 0.9930648803710938 -0.11529181152582169 0.022905785590410233 0.002325566951185465
heads/seq-01/frame-000550.color.png -0.2712756097316742 -0.042587053030729294 -0.010218970477581024 0.9951013326644897 -0.09877517819404602 0.0026538025122135878 -0.0031355884857475758
heads/seq-01/frame-000551.color.png -0.25395432114601135 -0.055984336882829666 -0.004419425502419472 0.9930524826049805 -0.11700047552585602 0.011517818085849285 -0.004986004438251257
heads/seq-01/frame-000552.color.png -0.2750210464000702 -0.04766802117228508 0.0010702721774578094 0.9938358068466187 -0.10957720130681992 0.016830716282129288 0.00020055151253473014
heads/seq-01/frame-000553.color.png -0.2668960392475128 -0.053903091698884964 0.009362956508994102 0.9942672848701477 -0.10608276724815369 0.013371056877076626 -0.00018643362272996455
heads/seq-01/frame-000554.color.png -0.28063979744911194 -0.07122565805912018 0.016847308725118637 0.9943477511405945 -0.10608934611082077 -0.0038133212365210056 -0.0016714732628315687
heads/seq-01/frame-000555.color.png -0.2852837145328522 -0.08522652089595795 0.014766737818717957 0.9947162866592407 -0.1025812178850174 0.003872098634019494 -0.001347118173725903
heads/seq-01/frame-000556.color.png -0.28731048107147217 -0.08559887856245041 0.01430765725672245 0.9959226250648499 -0.0894198939204216 0.011773990467190742 -0.0019097283948212862
heads/seq-01/frame-000557.color.png -0.29219239950180054 -0.08793239295482635 0.01001252792775631 0.9949851632118225 -0.09982150793075562 0.001009743777103722 -0.0062584467232227325
heads/seq-01/frame-000558.color.png -0.2943013608455658 -0.07572929561138153 0.008996833115816116 0.9947164058685303 -0.10255016386508942 0.0020697328727692366 -0.004282525274902582
heads/seq-01/frame-000559.color.png -0.2943013608455658 -0.07572929561138153 0.008996833115816116 0.9947164058685303 -0.10255016386508942 0.0020697328727692366 -0.004282525274902582
heads/seq-01/frame-000560.color.png -0.27258166670799255 -0.06856751441955566 0.01692020520567894 0.995975911617279 -0.08871988952159882 0.0015699065988883376 -0.012582297436892986
heads/seq-01/frame-000561.color.png -0.2834972143173218 -0.05812910571694374 0.012652970850467682 0.9946677684783936 -0.10240400582551956 0.003332346910610795 -0.01176386047154665
heads/seq-01/frame-000562.color.png -0.289853572845459 -0.059812258929014206 0.015108808875083923 0.9957324862480164 -0.09062610566616058 0.0015405979938805103 -0.01735273376107216
heads/seq-01/frame-000563.color.png -0.2656935155391693 -0.05895539000630379 0.026324491947889328 0.9963226318359375 -0.08407579362392426 0.008425718173384666 -0.014193442650139332
heads/seq-01/frame-000564.color.png -0.2911454439163208 -0.06804312765598297 0.013706620782613754 0.995647132396698 -0.09163965284824371 0.013141847215592861 -0.010780616663396358
heads/seq-01/frame-000565.color.png -0.3020031154155731 -0.0624854750931263 0.0015662536025047302 0.9957038164138794 -0.09168211370706558 0.003578674979507923 -0.012467874214053154
heads/seq-01/frame-000566.color.png -0.3020031154155731 -0.0624854750931263 0.0015662536025047302 0.9957038164138794 -0.09168211370706558 0.003578674979507923 -0.012467874214053154
heads/seq-01/frame-000567.color.png -0.30512571334838867 -0.06380118429660797 0.0002810731530189514 0.9954907298088074 -0.09351591020822525 0.011793472804129124 -0.010674732737243176
heads/seq-01/frame-000568.color.png -0.32745930552482605 -0.046377647668123245 -0.017111102119088173 0.9957032799720764 -0.09139968454837799 0.007653533015400171 -0.012750547379255295
heads/seq-01/frame-000569.color.png -0.3350212872028351 -0.038968686014413834 -0.024881580844521523 0.9953357577323914 -0.09500104933977127 -0.0026668573264032602 -0.01656360737979412
heads/seq-01/frame-000570.color.png -0.3239780068397522 -0.03031768649816513 -0.01797891966998577 0.9959108233451843 -0.08880488574504852 -0.003503604792058468 -0.01621466875076294
heads/seq-01/frame-000571.color.png -0.3321421444416046 -0.013775891624391079 -0.011102605611085892 0.9951239824295044 -0.09741171449422836 -0.0031771210487931967 -0.01513923890888691
heads/seq-01/frame-000572.color.png -0.34741654992103577 -0.012515510432422161 -0.002147817984223366 0.9950143694877625 -0.09812892228364944 -0.0047910274006426334 -0.017155498266220093
heads/seq-01/frame-000573.color.png -0.3337523937225342 0.012207926250994205 -0.008243298158049583 0.995639979839325 -0.09048540145158768 -0.017537100240588188 -0.014353558421134949
heads/seq-01/frame-000574.color.png -0.31935909390449524 0.01269098836928606 -0.02669619210064411 0.9959654211997986 -0.08835183084011078 -0.005021576303988695 -0.014891767874360085
heads/seq-01/frame-000575.color.png -0.3134535551071167 0.014905032701790333 -0.016010422259569168 0.9955934286117554 -0.08774418383836746 -0.020493045449256897 -0.025976039469242096
heads/seq-01/frame-000576.color.png -0.32031989097595215 0.0023983707651495934 -0.006903558969497681 0.9954445362091064 -0.09118450433015823 -0.011118095368146896 -0.025531470775604248
heads/seq-01/frame-000577.color.png -0.321723073720932 0.012270133011043072 -0.002278028056025505 0.9954761862754822 -0.08870463818311691 -0.010817257687449455 -0.03227459639310837
heads/seq-01/frame-000578.color.png -0.31369587779045105 0.019608892500400543 -0.00233418308198452 0.9955212473869324 -0.0885416641831398 0.001416437211446464 -0.033103253692388535
heads/seq-01/frame-000579.color.png -0.30921781063079834 0.030408814549446106 -0.00025046616792678833 0.9955408573150635 -0.08858833461999893 -0.0013092693407088518 -0.03238849714398384
heads/seq-01/frame-000580.color.png -0.30501624941825867 0.040256332606077194 -0.0007273722440004349 0.9958237409591675 -0.08453723043203354 -0.004345282446593046 -0.03420240059494972
heads/seq-01/frame-000581.color.png -0.31063589453697205 0.04678843915462494 -0.0004691947251558304 0.9958744645118713 -0.08039522171020508 -0.010434136725962162 -0.04076474532485008
heads/seq-01/frame-000582.color.png -0.3037150204181671 0.051263853907585144 -0.0022484250366687775 0.9954758882522583 -0.08347998559474945 -0.011786208488047123 -0.043814968317747116
heads/seq-01/frame-000583.color.png -0.3063286244869232 0.051023539155721664 0.006902899593114853 0.9948297142982483 -0.09196696430444717 -0.008771111257374287 -0.042181357741355896
heads/seq-01/frame-000584.color.png -0.32290858030319214 0.05807900056242943 0.0023780204355716705 0.9951491951942444 -0.08846519142389297 -0.009448890574276447 -0.04198553413152695
heads/seq-01/frame-000585.color.png -0.2903095781803131 0.057231441140174866 0.00797160342335701 0.9952125549316406 -0.08719595521688461 -0.01240092609077692 -0.04236721619963646
heads/seq-01/frame-000586.color.png -0.2663213610649109 0.04324148967862129 0.010558273643255234 0.9945316910743713 -0.0907612219452858 -0.021071530878543854 -0.04717346280813217
heads/seq-01/frame-000587.color.png -0.24859362840652466 0.04849211871623993 -0.004125315696001053 0.9935635328292847 -0.0951589047908783 -0.02947218157351017 -0.053923748433589935
heads/seq-01/frame-000588.color.png -0.25943446159362793 0.05310196429491043 0.005056397989392281 0.9925652146339417 -0.10204412788152695 -0.034698858857154846 -0.05654545873403549
heads/seq-01/frame-000589.color.png -0.2855493724346161 0.05517216771841049 0.01540948823094368 0.9925196766853333 -0.10045237094163895 -0.039490003138780594 -0.05704827234148979
heads/seq-01/frame-000590.color.png -0.30513882637023926 0.06661934405565262 0.018612317740917206 0.9921507835388184 -0.10230951011180878 -0.043098196387290955 -0.057550348341464996
heads/seq-01/frame-000591.color.png -0.2884499430656433 0.06257082521915436 0.023692555725574493 0.9919552206993103 -0.10531459748744965 -0.0420759879052639 -0.056242331862449646
heads/seq-01/frame-000592.color.png -0.2920078933238983 0.06118101626634598 0.0233309306204319 0.9925879240036011 -0.0987962856888771 -0.04483548179268837 -0.05475581809878349
heads/seq-01/frame-000593.color.png -0.28612616658210754 0.07382015883922577 0.008777409791946411 0.9925258159637451 -0.09462940692901611 -0.048373714089393616 -0.05998064950108528
heads/seq-01/frame-000594.color.png -0.2658061981201172 0.06928584724664688 0.02035493403673172 0.9918625950813293 -0.1035362035036087 -0.046870291233062744 -0.057374633848667145
heads/seq-01/frame-000595.color.png -0.28587254881858826 0.07151071727275848 0.02090759575366974 0.9907788038253784 -0.10340340435504913 -0.05989320948719978 -0.06385889649391174
heads/seq-01/frame-000596.color.png -0.26567524671554565 0.062355998903512955 0.030330397188663483 0.9911647439002991 -0.10455203801393509 -0.054408732801675797 -0.060835640877485275
heads/seq-01/frame-000597.color.png -0.2709035575389862 0.05225801095366478 0.032329585403203964 0.9912071228027344 -0.10323482006788254 -0.05523834004998207 -0.06164197623729706
heads/seq-01/frame-000598.color.png -0.2636130154132843 0.04946878179907799 0.03695932775735855 0.990598738193512 -0.10246410965919495 -0.06288397312164307 -0.065276138484478
heads/seq-01/frame-000599.color.png -0.2759268581867218 0.05314284563064575 0.044665269553661346 0.990908145904541 -0.09875410050153732 -0.06216099485754967 -0.06696704030036926
heads/seq-01/frame-000600.color.png -0.28234681487083435 0.052081767469644547 0.03898296505212784 0.9904087781906128 -0.1047939583659172 -0.06166110187768936 -0.06562324613332748
heads/seq-01/frame-000601.color.png -0.27755653858184814 0.06535922735929489 0.02892637625336647 0.9911940097808838 -0.10169115662574768 -0.058623120188713074 -0.06129211187362671
heads/seq-01/frame-000602.color.png -0.25086790323257446 0.05825001373887062 0.014781195670366287 0.9913769364356995 -0.10148846358060837 -0.05407055467367172 -0.06283456832170486
heads/seq-01/frame-000603.color.png -0.2373085618019104 0.0511217899620533 0.031281325966119766 0.9915518164634705 -0.10055969655513763 -0.054018061608076096 -0.06160379946231842
heads/seq-01/frame-000604.color.png -0.2367134690284729 0.06537162512540817 0.01596406102180481 0.9905807971954346 -0.10726357996463776 -0.05400102585554123 -0.06578771770000458
heads/seq-01/frame-000605.color.png -0.24616819620132446 0.0561034232378006 0.02677948772907257 0.9910184741020203 -0.10418444871902466 -0.05737108737230301 -0.06112723425030708
heads/seq-01/frame-000606.color.png -0.2701643407344818 0.07760990411043167 0.01763058826327324 0.9911452531814575 -0.10874531418085098 -0.05017884448170662 -0.05733928829431534
heads/seq-01/frame-000607.color.png 0.016187340021133423 -0.8070452213287354 1.357770562171936 0.9176773428916931 -0.16420240700244904 -0.3444375991821289 -0.11076411604881287
heads/seq-01/frame-000608.color.png 0.0713961273431778 -0.7567092180252075 1.2976785898208618 0.9605613350868225 -0.17421957850456238 -0.20623555779457092 -0.06660556048154831
heads/seq-01/frame-000609.color.png 0.08123421669006348 -0.7381738424301147 1.2405269145965576 0.9666429162025452 -0.16796286404132843 -0.1862397938966751 -0.05200641229748726
heads/seq-01/frame-000610.color.png 0.014330659061670303 -0.7328623533248901 1.2483575344085693 0.9598184823989868 -0.16414640843868256 -0.2192702740430832 -0.06103232130408287
heads/seq-01/frame-000611.color.png 0.04748925194144249 -0.7490723133087158 1.2743545770645142 0.9659483432769775 -0.16401046514511108 -0.19123435020446777 -0.05893856659531593
heads/seq-01/frame-000612.color.png 0.092116579413414 -0.7290909886360168 1.276551604270935 0.9758512377738953 -0.16590949892997742 -0.1324826031923294 -0.05135083571076393
heads/seq-01/frame-000613.color.png 0.02817637473344803 -0.7061086297035217 1.2210015058517456 0.9792711138725281 -0.17088179290294647 -0.09738367795944214 -0.048414796590805054
heads/seq-01/frame-000614.color.png -0.1455777883529663 0.08798101544380188 -0.009165022522211075 0.9931358098983765 -0.10375641286373138 -0.016714517027139664 -0.05134815350174904
heads/seq-01/frame-000615.color.png 0.14986497163772583 -0.7344179153442383 1.2534806728363037 0.9811142086982727 -0.15746144950389862 -0.10175428539514542 -0.04761148989200592
heads/seq-01/frame-000616.color.png -0.1880321204662323 0.09099818021059036 -0.008619019761681557 0.9930123686790466 -0.107611283659935 -0.015264295041561127 -0.04597253352403641
heads/seq-01/frame-000617.color.png 0.13370461761951447 -0.7007537484169006 1.1933075189590454 0.979586660861969 -0.15278173983097076 -0.12273185700178146 -0.04477213695645332
heads/seq-01/frame-000618.color.png -0.19462451338768005 0.08822092413902283 -0.003630897030234337 0.9918257594108582 -0.11835814267396927 -0.01714351773262024 -0.044488318264484406
heads/seq-01/frame-000619.color.png 0.174475759267807 -0.6772732734680176 1.1493947505950928 0.9819630980491638 -0.14779619872570038 -0.11012191325426102 -0.0421651192009449
heads/seq-01/frame-000620.color.png 0.18364812433719635 -0.6764990091323853 1.1358792781829834 0.9794101119041443 -0.1455761343240738 -0.131069153547287 -0.04882889240980148
heads/seq-01/frame-000621.color.png 0.2204485982656479 -0.6665222644805908 1.1657154560089111 0.9822883605957031 -0.14663814008235931 -0.10633882880210876 -0.04794412851333618
heads/seq-01/frame-000622.color.png -0.19020190834999084 0.0924726277589798 0.01350386068224907 0.9915313720703125 -0.12247655540704727 -0.009963485412299633 -0.0420224629342556
heads/seq-01/frame-000623.color.png 0.20201194286346436 -0.6744377017021179 1.1973257064819336 0.9772080779075623 -0.15805158019065857 -0.132129967212677 -0.051244355738162994
heads/seq-01/frame-000624.color.png 0.194086953997612 -0.6526435613632202 1.1620993614196777 0.9820044040679932 -0.14704260230064392 -0.10665474086999893 -0.05167752876877785
heads/seq-01/frame-000625.color.png 0.2201363444328308 -0.6723718047142029 1.161524772644043 0.9833023548126221 -0.14993584156036377 -0.09343095868825912 -0.0436607263982296
heads/seq-01/frame-000626.color.png 0.2062467485666275 -0.6643350124359131 1.1610255241394043 0.9863813519477844 -0.13942547142505646 -0.07690887153148651 -0.04120016470551491
heads/seq-01/frame-000627.color.png 0.24931292235851288 -0.677116334438324 1.144142508506775 0.9869290590286255 -0.13545121252536774 -0.0778641626238823 -0.03951228782534599
heads/seq-01/frame-000628.color.png 0.20218542218208313 -0.6904579997062683 1.1497204303741455 0.9843124151229858 -0.1506928950548172 -0.08020468801259995 -0.04458725079894066
heads/seq-01/frame-000629.color.png 0.19339589774608612 -0.6759190559387207 1.17386794090271 0.9875297546386719 -0.13710162043571472 -0.06542057543992996 -0.04133215546607971
heads/seq-01/frame-000630.color.png 0.1864711046218872 -0.6669206619262695 1.2062594890594482 0.9860345125198364 -0.14722083508968353 -0.06566053628921509 -0.04184071719646454
heads/seq-01/frame-000631.color.png 0.17570260167121887 -0.6488699913024902 1.1984285116195679 0.9866740703582764 -0.14735695719718933 -0.05684500187635422 -0.039099350571632385
heads/seq-01/frame-000632.color.png 0.21574771404266357 -0.6294687986373901 1.1811244487762451 0.9878398180007935 -0.1434723287820816 -0.04303469881415367 -0.04166952893137932
heads/seq-01/frame-000633.color.png 0.24946555495262146 -0.5618394613265991 1.1883138418197632 0.9888269305229187 -0.1427176296710968 -0.028818389400839806 -0.03197893127799034
heads/seq-01/frame-000634.color.png 0.2729435861110687 -0.5676469802856445 1.2031269073486328 0.9879613518714905 -0.15114836394786835 -0.016318902373313904 -0.028643038123846054
heads/seq-01/frame-000635.color.png 0.25776371359825134 -0.5455368161201477 1.2054578065872192 0.9899576306343079 -0.1382724493741989 -0.004234440624713898 -0.029093671590089798
heads/seq-01/frame-000636.color.png 0.27574390172958374 -0.5422406792640686 1.217074990272522 0.9895686507225037 -0.14214617013931274 -0.0018560925964266062 -0.023345664143562317
heads/seq-01/frame-000637.color.png 0.28598812222480774 -0.5494781136512756 1.2201595306396484 0.9888702034950256 -0.1465214639902115 0.0018674235325306654 -0.02576262131333351
heads/seq-01/frame-000638.color.png 0.24975721538066864 -0.5686160922050476 1.2093058824539185 0.9912745952606201 -0.129060760140419 0.0045479401014745235 -0.026404667645692825
heads/seq-01/frame-000639.color.png 0.25802427530288696 -0.5533419251441956 1.1869770288467407 0.9888585209846497 -0.14633546769618988 -0.002788630547001958 -0.027144821360707283
heads/seq-01/frame-000640.color.png 0.2670045793056488 -0.5999855399131775 1.1780844926834106 0.9892284274101257 -0.14437779784202576 0.009934409521520138 -0.0219853725284338
heads/seq-01/frame-000641.color.png 0.2092696726322174 -0.5992207527160645 1.1688472032546997 0.9898928999900818 -0.14011526107788086 0.005775864701718092 -0.021133873611688614
heads/seq-01/frame-000642.color.png 0.18840284645557404 -0.6039077639579773 1.1584906578063965 0.9902673959732056 -0.1371348649263382 -0.0027388306334614754 -0.023605678230524063
heads/seq-01/frame-000643.color.png 0.08006154000759125 -0.6417989134788513 1.1297378540039062 0.9907510876655579 -0.13395144045352936 0.0038317881990224123 -0.021319203078746796
heads/seq-01/frame-000644.color.png 0.033468425273895264 -0.6743702292442322 1.1702016592025757 0.9913149476051331 -0.12948155403137207 -0.009231869131326675 -0.021069176495075226
heads/seq-01/frame-000645.color.png 0.006361059844493866 -0.7052679061889648 1.212565541267395 0.9892808794975281 -0.14335913956165314 -0.01907847635447979 -0.020187700167298317
heads/seq-01/frame-000646.color.png 0.009820740669965744 0.10597389936447144 -0.01377825066447258 0.9877437353134155 -0.12250642478466034 0.09652695804834366 -0.0060927988961339
heads/seq-01/frame-000647.color.png 0.026287801563739777 0.11419738084077835 -0.018590958788990974 0.9868931770324707 -0.121762715280056 0.10590372234582901 4.712367808679119e-05
heads/seq-01/frame-000648.color.png 0.02925001084804535 0.10066542029380798 -0.018403511494398117 0.9853864908218384 -0.12209448963403702 0.11876644194126129 -0.00105795927811414
heads/seq-01/frame-000649.color.png 0.05610671266913414 0.0893268883228302 -0.018765047192573547 0.985008180141449 -0.11955799907445908 0.12432913482189178 0.002695676637813449
heads/seq-01/frame-000650.color.png 0.027808524668216705 -0.8034273982048035 1.2300143241882324 0.9875026941299438 -0.1572304368019104 -0.006927418988198042 -0.008310060016810894
heads/seq-01/frame-000651.color.png 0.09043203294277191 -0.8125900626182556 1.2371492385864258 0.9875403642654419 -0.15674033761024475 0.014007216319441795 -0.0007023756043054163
heads/seq-01/frame-000652.color.png 0.18522094190120697 -0.7971258163452148 1.214170217514038 0.9868776798248291 -0.15827429294586182 0.03177206963300705 0.0034940883051604033
heads/seq-01/frame-000653.color.png 0.1739596277475357 -0.7766441702842712 1.2155423164367676 0.9866506457328796 -0.1624157726764679 0.011535807512700558 0.002910083159804344
heads/seq-01/frame-000654.color.png 0.1402142196893692 -0.8093504905700684 1.2211573123931885 0.986122190952301 -0.16591700911521912 -0.005865017417818308 -0.0004772097454406321
heads/seq-01/frame-000655.color.png 0.11153800785541534 0.04881233349442482 -0.015941528603434563 0.9815962910652161 -0.12187334150075912 0.14543917775154114 0.02151728980243206
heads/seq-01/frame-000656.color.png 0.11875934898853302 0.06729718297719955 -0.031159011647105217 0.977995753288269 -0.11847236752510071 0.16991204023361206 0.02486799843609333
heads/seq-01/frame-000657.color.png 0.1179269552230835 0.06709758192300797 -0.02837865613400936 0.9775424003601074 -0.11074027419090271 0.17678801715373993 0.029891252517700195
heads/seq-01/frame-000658.color.png 0.11544902622699738 0.08857367932796478 -0.031638383865356445 0.9744470119476318 -0.11692753434181213 0.1880583018064499 0.037617091089487076
heads/seq-01/frame-000659.color.png 0.12047307193279266 0.08870981633663177 -0.02711918205022812 0.9745674133300781 -0.11491156369447708 0.18852020800113678 0.03838948532938957
heads/seq-01/frame-000660.color.png 0.10852858424186707 0.08618997782468796 -0.024534471333026886 0.9737693667411804 -0.11718607693910599 0.19088561832904816 0.04004142805933952
heads/seq-01/frame-000661.color.png 0.12316282093524933 0.06849402189254761 -0.007464887574315071 0.9732595086097717 -0.11364466696977615 0.1948542445898056 0.043391674757003784
heads/seq-01/frame-000662.color.png 0.1061745136976242 0.08604581654071808 -0.019112199544906616 0.9704151153564453 -0.11877760291099548 0.20499932765960693 0.04649276286363602
heads/seq-01/frame-000663.color.png 0.0976666659116745 0.08899158239364624 -0.007651070132851601 0.969789445400238 -0.11402419954538345 0.21048982441425323 0.0469132661819458
heads/seq-01/frame-000664.color.png 0.11149860918521881 0.08391135185956955 0.0018373895436525345 0.9686124920845032 -0.109908327460289 0.2168365865945816 0.05188514292240143
heads/seq-01/frame-000665.color.png 0.09605678915977478 0.09446211159229279 -0.0038916710764169693 0.9683464169502258 -0.11508627235889435 0.21359802782535553 0.05861908942461014
heads/seq-01/frame-000666.color.png 0.09860818088054657 0.08734416961669922 -0.004657860845327377 0.9682188630104065 -0.11517951637506485 0.2136329859495163 0.06038849428296089
heads/seq-01/frame-000667.color.png 0.10227669775485992 0.08608752489089966 0.005525069311261177 0.968744158744812 -0.11787381768226624 0.20933765172958374 0.06179114803671837
heads/seq-01/frame-000668.color.png 0.13270486891269684 0.09792593121528625 -0.013613412156701088 0.9647197723388672 -0.12440615147352219 0.2238432914018631 0.06109781190752983
heads/seq-01/frame-000669.color.png 0.12141670286655426 0.0957258939743042 -0.02262754738330841 0.9592615962028503 -0.1249750554561615 0.24382439255714417 0.06890621781349182
heads/seq-01/frame-000670.color.png 0.13634563982486725 0.08840151131153107 -0.02859543077647686 0.9606553316116333 -0.12929999828338623 0.23515717685222626 0.0715811550617218
heads/seq-01/frame-000671.color.png 0.137727752327919 0.08774256706237793 -0.037633683532476425 0.9605473875999451 -0.14097118377685547 0.22830212116241455 0.0731700137257576
heads/seq-01/frame-000672.color.png 0.13140007853507996 0.08242078125476837 -0.03121236339211464 0.9621482491493225 -0.13502304255962372 0.22599650919437408 0.07046505063772202
heads/seq-01/frame-000673.color.png 0.11387437582015991 0.09450126439332962 -0.02705066278576851 0.9602927565574646 -0.1263488531112671 0.23791491985321045 0.07259718328714371
heads/seq-01/frame-000674.color.png 0.14509493112564087 0.14300315082073212 -0.06098923087120056 0.9583751559257507 -0.110432930290699 0.25518491864204407 0.06482529640197754
heads/seq-01/frame-000675.color.png 0.10541252791881561 0.08546778559684753 -0.026024017482995987 0.9555303454399109 -0.13754601776599884 0.2470014989376068 0.08386266976594925
heads/seq-01/frame-000676.color.png 0.1022615134716034 0.06483319401741028 -0.017952073365449905 0.9586566090583801 -0.1383303850889206 0.23387598991394043 0.08452431112527847
heads/seq-01/frame-000677.color.png 0.07840465009212494 0.10401279479265213 -0.04321758449077606 0.9562984704971313 -0.12892499566078186 0.24910402297973633 0.08257481455802917
heads/seq-01/frame-000678.color.png 0.06108616292476654 0.0969838798046112 -0.0308982040733099 0.9568524360656738 -0.13774225115776062 0.24236826598644257 0.08196458220481873
heads/seq-01/frame-000679.color.png 0.05346466973423958 0.11710408329963684 -0.040746934711933136 0.956745982170105 -0.13773465156555176 0.2424679696559906 0.08291870355606079
heads/seq-01/frame-000680.color.png 0.043010368943214417 0.11241211742162704 -0.0254826620221138 0.9568363428115845 -0.14352068305015564 0.2377110868692398 0.08578754216432571
heads/seq-01/frame-000681.color.png 0.05495447292923927 0.10934987664222717 -0.029984498396515846 0.957812488079071 -0.1459653079509735 0.23255430161952972 0.08489887416362762
heads/seq-01/frame-000682.color.png 0.07208502292633057 0.13626684248447418 -0.036732956767082214 0.9566069841384888 -0.14214102923870087 0.23941023647785187 0.0859176367521286
heads/seq-01/frame-000683.color.png 0.0883452296257019 0.12187418341636658 -0.025134995579719543 0.9570521116256714 -0.15100376307964325 0.23327910900115967 0.0826444923877716
heads/seq-01/frame-000684.color.png 0.08691976964473724 0.13907039165496826 -0.03217610344290733 0.9580845832824707 -0.14460711181163788 0.23423437774181366 0.07935358583927155
heads/seq-01/frame-000685.color.png 0.07231947034597397 0.14117227494716644 -0.04203120619058609 0.9616522192955017 -0.1447022408246994 0.2188749462366104 0.07987438142299652
heads/seq-01/frame-000686.color.png 0.08368547260761261 0.14291760325431824 -0.04078894853591919 0.9590846300125122 -0.14294204115867615 0.23200403153896332 0.07679995149374008
heads/seq-01/frame-000687.color.png 0.08663350343704224 0.14494165778160095 -0.04515606909990311 0.9621568918228149 -0.144578218460083 0.21773912012577057 0.0770767405629158
heads/seq-01/frame-000688.color.png 0.11223526298999786 0.12614287436008453 -0.04342890530824661 0.9615162014961243 -0.15276654064655304 0.21403123438358307 0.07962207496166229
heads/seq-01/frame-000689.color.png 0.10643273591995239 0.13066931068897247 -0.04858221113681793 0.9613476991653442 -0.15340933203697205 0.2144409418106079 0.07931666076183319
heads/seq-01/frame-000690.color.png 0.08329202234745026 0.13589651882648468 -0.04487860947847366 0.9622750282287598 -0.1412286013364792 0.21898946166038513 0.07826174795627594
heads/seq-01/frame-000691.color.png 0.086464524269104 0.10914915055036545 -0.03004252165555954 0.9614531397819519 -0.147274911403656 0.21922211349010468 0.07654818892478943
heads/seq-01/frame-000692.color.png 0.07991114258766174 0.10692679136991501 -0.038918159902095795 0.9621556401252747 -0.1441294252872467 0.21816569566726685 0.07672736793756485
heads/seq-01/frame-000693.color.png 0.11639748513698578 0.10599647462368011 -0.05198681354522705 0.9631330370903015 -0.13069123029708862 0.22265620529651642 0.07562175393104553
heads/seq-01/frame-000694.color.png 0.1225215345621109 0.11994235217571259 -0.06313787400722504 0.9639236927032471 -0.12712615728378296 0.2219526618719101 0.07366856932640076
heads/seq-01/frame-000695.color.png 0.1370374858379364 0.11386694759130478 -0.062478866428136826 0.9651473760604858 -0.12625820934772491 0.2175038754940033 0.07239773869514465
heads/seq-01/frame-000696.color.png 0.15659886598587036 0.07823017239570618 -0.046594634652137756 0.9673889875411987 -0.1347445845603943 0.20072104036808014 0.07558875530958176
heads/seq-01/frame-000697.color.png 0.1878383308649063 0.08870086073875427 -0.0516878142952919 0.9668665528297424 -0.11568481475114822 0.21668151021003723 0.06953536719083786
heads/seq-01/frame-000698.color.png 0.1878383308649063 0.08870086073875427 -0.0516878142952919 0.9668665528297424 -0.11568481475114822 0.21668151021003723 0.06953536719083786
heads/seq-01/frame-000699.color.png 0.21919985115528107 0.09937497973442078 -0.06650589406490326 0.9641802906990051 -0.10623368620872498 0.2324357032775879 0.07102512568235397
heads/seq-01/frame-000700.color.png 0.21674828231334686 0.08368805050849915 -0.06824156641960144 0.9688088297843933 -0.11461660265922546 0.20663417875766754 0.07466383278369904
heads/seq-01/frame-000701.color.png 0.24561354517936707 0.10891978442668915 -0.08256116509437561 0.9696773886680603 -0.11763564497232437 0.2032640427350998 0.0676119476556778
heads/seq-01/frame-000702.color.png 0.28991803526878357 0.0882064700126648 -0.07783158868551254 0.969037652015686 -0.11528820544481277 0.20753715932369232 0.0678461492061615
heads/seq-01/frame-000703.color.png 0.3020014762878418 0.08551406115293503 -0.07526735961437225 0.9689499139785767 -0.10444507002830505 0.2131863683462143 0.06912942230701447
heads/seq-01/frame-000704.color.png 0.31435707211494446 0.07888174802064896 -0.0938493087887764 0.9676827788352966 -0.11277595162391663 0.21464447677135468 0.06927649676799774
heads/seq-01/frame-000705.color.png 0.3037174344062805 0.08226951956748962 -0.08510304987430573 0.9670901894569397 -0.12176040560007095 0.21230050921440125 0.0695667415857315
heads/seq-01/frame-000706.color.png 0.2964647114276886 0.07696789503097534 -0.08778558671474457 0.9689751863479614 -0.10665018856525421 0.21305160224437714 0.06574101001024246
heads/seq-01/frame-000707.color.png 0.2964647114276886 0.07696789503097534 -0.08778558671474457 0.9689751863479614 -0.10665018856525421 0.21305160224437714 0.06574101001024246
heads/seq-01/frame-000708.color.png 0.3262362480163574 0.0745837613940239 -0.09114817529916763 0.9698160886764526 -0.11026637256145477 0.2063899040222168 0.06856528669595718
heads/seq-01/frame-000709.color.png 0.32149654626846313 0.07798320055007935 -0.08846253901720047 0.9680470824241638 -0.1013190820813179 0.21914292871952057 0.0677918940782547
heads/seq-01/frame-000710.color.png 0.3060093820095062 0.07135146111249924 -0.08252325654029846 0.9695884585380554 -0.08993754535913467 0.21893243491649628 0.06227332726120949
heads/seq-01/frame-000711.color.png 0.32368969917297363 0.057991642504930496 -0.08320721238851547 0.9694824814796448 -0.09613233804702759 0.21659108996391296 0.06285407394170761
heads/seq-01/frame-000712.color.png 0.31481337547302246 0.05701659247279167 -0.08704870939254761 0.9695430994033813 -0.0907280221581459 0.21935772895812988 0.060306012630462646
heads/seq-01/frame-000713.color.png 0.29386642575263977 0.05703593045473099 -0.0829593762755394 0.9689770936965942 -0.09637259691953659 0.2197527438402176 0.059198565781116486
heads/seq-01/frame-000714.color.png 0.2814844846725464 0.052379902452230453 -0.08003764599561691 0.9681388735771179 -0.10777943581342697 0.21729177236557007 0.062249746173620224
heads/seq-01/frame-000715.color.png 0.2905769944190979 0.04368625208735466 -0.08104997128248215 0.9666090607643127 -0.10384903848171234 0.22733068466186523 0.05659608170390129
heads/seq-01/frame-000716.color.png 0.29319027066230774 0.037635426968336105 -0.06473363935947418 0.9656316637992859 -0.10734426975250244 0.22917518019676208 0.05925694853067398
heads/seq-01/frame-000717.color.png 0.30072179436683655 0.02779265120625496 -0.05435853451490402 0.9652557969093323 -0.11253882944583893 0.2275664061307907 0.06188372150063515
heads/seq-01/frame-000718.color.png 0.28567585349082947 0.015494155697524548 -0.052055951207876205 0.9645493030548096 -0.11516693979501724 0.22959080338478088 0.06057336926460266
heads/seq-01/frame-000719.color.png 0.2962563931941986 0.00817881990224123 -0.045820772647857666 0.9555555582046509 -0.10447857528924942 0.2689996063709259 0.06030693277716637
heads/seq-01/frame-000720.color.png 0.28836604952812195 0.0017542587593197823 -0.03847307711839676 0.9516043066978455 -0.0947205200791359 0.2848288416862488 0.06595245748758316
heads/seq-01/frame-000721.color.png 0.2789614498615265 -0.0015847710892558098 -0.02711302414536476 0.9463691115379333 -0.08350074291229248 0.30441850423812866 0.06886588037014008
heads/seq-01/frame-000722.color.png 0.27400392293930054 0.0018597552552819252 -0.029646746814250946 0.9448897838592529 -0.09631095081567764 0.3040916323661804 0.07372773438692093
heads/seq-01/frame-000723.color.png 0.2962327301502228 0.003236078657209873 -0.030608072876930237 0.9358060956001282 -0.09657656401395798 0.33023810386657715 0.07670018076896667
heads/seq-01/frame-000724.color.png 0.281735897064209 0.008422455750405788 -0.01218513771891594 0.9338988065719604 -0.09507527947425842 0.3350978195667267 0.0806412547826767
heads/seq-01/frame-000725.color.png 0.27349990606307983 0.00611067283898592 0.003807203844189644 0.9313504099845886 -0.0982523113489151 0.34050121903419495 0.08361765742301941
heads/seq-01/frame-000726.color.png 0.26684412360191345 -0.0007124366238713264 0.021882615983486176 0.934810221195221 -0.09834800660610199 0.33061322569847107 0.08457181602716446
heads/seq-01/frame-000727.color.png 0.2757163643836975 -0.007672852836549282 0.011521849781274796 0.9247658252716064 -0.09785618633031845 0.3567441403865814 0.0892525464296341
heads/seq-01/frame-000728.color.png 0.2769574820995331 -0.012851248495280743 0.030615635216236115 0.9216641187667847 -0.098805271089077 0.3633282482624054 0.09362338483333588
heads/seq-01/frame-000729.color.png 0.26618602871894836 -0.02412416785955429 0.042458467185497284 0.9225447177886963 -0.1054234504699707 0.3576819896697998 0.09930168837308884
heads/seq-01/frame-000730.color.png 0.2586939036846161 -0.03251173347234726 0.05316484719514847 0.9154017567634583 -0.09470555931329727 0.377267062664032 0.10363267362117767
heads/seq-01/frame-000731.color.png 0.24945998191833496 -0.03552863374352455 0.06932573765516281 0.9119808077812195 -0.0972507894039154 0.38423097133636475 0.10582966357469559
heads/seq-01/frame-000732.color.png 0.24549107253551483 -0.0374833345413208 0.0918210968375206 0.9048576354980469 -0.09602412581443787 0.3990391194820404 0.11304810643196106
heads/seq-01/frame-000733.color.png 0.24276310205459595 -0.042389705777168274 0.096662737429142 0.8992609977722168 -0.09919280558824539 0.40724730491638184 0.12506131827831268
heads/seq-01/frame-000734.color.png 0.22315742075443268 -0.04373176023364067 0.12339817732572556 0.9001691341400146 -0.0943903997540474 0.4058135151863098 0.12689125537872314
heads/seq-01/frame-000735.color.png 0.20998263359069824 -0.05878783389925957 0.14406952261924744 0.9051947593688965 -0.10842368751764297 0.38958048820495605 0.13074368238449097
heads/seq-01/frame-000736.color.png 0.22203436493873596 -0.08104199171066284 0.15626835823059082 0.8983800411224365 -0.10684365034103394 0.40276968479156494 0.13883240520954132
heads/seq-01/frame-000737.color.png 0.206805020570755 -0.0844152420759201 0.1615106165409088 0.893271803855896 -0.09956593811511993 0.4161815941333771 0.13764111697673798
heads/seq-01/frame-000738.color.png 0.19644543528556824 -0.08959627151489258 0.17187213897705078 0.8904638290405273 -0.09977134317159653 0.4188273847103119 0.14732106029987335
heads/seq-01/frame-000739.color.png 0.1906767189502716 -0.09271612763404846 0.17937743663787842 0.8869524598121643 -0.09913640469312668 0.4250418245792389 0.1510855108499527
heads/seq-01/frame-000740.color.png 0.1896052062511444 -0.10000667721033096 0.18533575534820557 0.892303466796875 -0.09205451607704163 0.41807055473327637 0.14330920577049255
heads/seq-01/frame-000741.color.png 0.17639879882335663 -0.10279662907123566 0.20098558068275452 0.8948180079460144 -0.08745981007814407 0.41226279735565186 0.14727799594402313
heads/seq-01/frame-000742.color.png 0.17539860308170319 -0.10887905955314636 0.20961731672286987 0.8958364129066467 -0.08944102376699448 0.41056594252586365 0.14461363852024078
heads/seq-01/frame-000743.color.png 0.19042010605335236 -0.10806839168071747 0.21494150161743164 0.8980257511138916 -0.08766727149486542 0.4068329632282257 0.14265775680541992
heads/seq-01/frame-000744.color.png 0.1937340945005417 -0.10901875793933868 0.22164994478225708 0.9068028330802917 -0.07897339016199112 0.3906388580799103 0.13737930357456207
heads/seq-01/frame-000745.color.png 0.1819334626197815 -0.10312370955944061 0.23509123921394348 0.9039280414581299 -0.07710261642932892 0.39618661999702454 0.1414402425289154
heads/seq-01/frame-000746.color.png 0.1819334626197815 -0.10312370955944061 0.23509123921394348 0.9039280414581299 -0.07710261642932892 0.39618661999702454 0.1414402425289154
heads/seq-01/frame-000747.color.png 0.19850119948387146 -0.09824973344802856 0.22038158774375916 0.9035642743110657 -0.0803329199552536 0.3969811797142029 0.13972868025302887
heads/seq-01/frame-000748.color.png 0.1863389015197754 -0.10167037695646286 0.23254206776618958 0.902169942855835 -0.0813613161444664 0.40045154094696045 0.13823305070400238
heads/seq-01/frame-000749.color.png 0.16518545150756836 -0.1005990281701088 0.2335200011730194 0.8952820897102356 -0.07547475397586823 0.4132380485534668 0.14835041761398315
heads/seq-01/frame-000750.color.png 0.15752197802066803 -0.10445456206798553 0.24087858200073242 0.8943347334861755 -0.08231285214424133 0.4116300344467163 0.1547597348690033
heads/seq-01/frame-000751.color.png 0.15768925845623016 -0.09959007054567337 0.24324578046798706 0.8936025500297546 -0.07697741687297821 0.41647419333457947 0.148654967546463
heads/seq-01/frame-000752.color.png 0.16313159465789795 -0.10637021064758301 0.24651473760604858 0.8921777606010437 -0.07249191403388977 0.41755539178848267 0.15624068677425385
heads/seq-01/frame-000753.color.png 0.16313159465789795 -0.10637021064758301 0.24651473760604858 0.8921777606010437 -0.07249191403388977 0.41755539178848267 0.15624068677425385
heads/seq-01/frame-000754.color.png 0.16385158896446228 -0.1103443056344986 0.2623392939567566 0.8880873322486877 -0.07837553322315216 0.4210456907749176 0.16696912050247192
heads/seq-01/frame-000755.color.png 0.16092118620872498 -0.1091105192899704 0.26290029287338257 0.8900588154792786 -0.07840073853731155 0.419003963470459 0.16150611639022827
heads/seq-01/frame-000756.color.png 0.16020484268665314 -0.1069568544626236 0.2616696357727051 0.8890602588653564 -0.07575851678848267 0.42235904932022095 0.15951652824878693
heads/seq-01/frame-000757.color.png 0.17467409372329712 -0.10606513172388077 0.26378220319747925 0.8959685564041138 -0.07808307558298111 0.40714794397354126 0.15929172933101654
heads/seq-01/frame-000758.color.png 0.17307493090629578 -0.11035412549972534 0.26434409618377686 0.8918626308441162 -0.07594367116689682 0.41353797912597656 0.1667325645685196
heads/seq-01/frame-000759.color.png 0.1791544258594513 -0.11478877067565918 0.27614662051200867 0.8916046023368835 -0.0759873166680336 0.41309431195259094 0.1691751778125763
heads/seq-01/frame-000760.color.png 0.1734367311000824 -0.11205387115478516 0.27566444873809814 0.892764151096344 -0.07425014674663544 0.4113381505012512 0.1681075096130371
heads/seq-01/frame-000761.color.png 0.18307900428771973 -0.11969773471355438 0.2765352725982666 0.8894066214561462 -0.0775483250617981 0.4172859191894531 0.16974763572216034
heads/seq-01/frame-000762.color.png 0.18307900428771973 -0.11969773471355438 0.2765352725982666 0.8894066214561462 -0.0775483250617981 0.4172859191894531 0.16974763572216034
heads/seq-01/frame-000763.color.png 0.1857970952987671 -0.12037751078605652 0.26843520998954773 0.8847711086273193 -0.07669220119714737 0.4240981936454773 0.17731042206287384
heads/seq-01/frame-000764.color.png 0.18011082708835602 -0.11543399095535278 0.2597203254699707 0.8877961039543152 -0.07144209742546082 0.42157694697380066 0.17025528848171234
heads/seq-01/frame-000765.color.png 0.18514078855514526 -0.1105814278125763 0.24309203028678894 0.8903983235359192 -0.07087552547454834 0.42083290219306946 0.15832661092281342
heads/seq-01/frame-000766.color.png 0.18296006321907043 -0.09727450460195541 0.2294858992099762 0.8779155611991882 -0.07108139246702194 0.44369053840637207 0.16537892818450928
heads/seq-01/frame-000767.color.png 0.15687045454978943 -0.10703259706497192 0.2490077018737793 0.8675650954246521 -0.07771139591932297 0.45951393246650696 0.17360594868659973
heads/seq-01/frame-000768.color.png 0.16392649710178375 -0.10894572734832764 0.2535887658596039 0.877539336681366 -0.07746195793151855 0.4425126910209656 0.16765107214450836
heads/seq-01/frame-000769.color.png 0.16392649710178375 -0.10894572734832764 0.2535887658596039 0.877539336681366 -0.07746195793151855 0.4425126910209656 0.16765107214450836
heads/seq-01/frame-000770.color.png 0.16258490085601807 -0.11615009605884552 0.25928813219070435 0.8720982670783997 -0.07485205680131912 0.44867387413978577 0.1803707480430603
heads/seq-01/frame-000771.color.png 0.159079447388649 -0.1259315460920334 0.2773062586784363 0.8714408278465271 -0.07183995097875595 0.4501712918281555 0.1810407042503357
heads/seq-01/frame-000772.color.png 0.15037348866462708 -0.1141054630279541 0.2829693555831909 0.8586217164993286 -0.07781223952770233 0.46768882870674133 0.1948874443769455
heads/seq-01/frame-000773.color.png 0.15851914882659912 -0.11270123720169067 0.2825942039489746 0.8557626605033875 -0.07718102633953094 0.4709518849849701 0.1997937262058258
heads/seq-01/frame-000774.color.png 0.14718054234981537 -0.13688801229000092 0.2947402596473694 0.8580860495567322 -0.07956016063690186 0.4663592278957367 0.19966869056224823
heads/seq-01/frame-000775.color.png 0.1404072493314743 -0.14707215130329132 0.30769041180610657 0.8477984070777893 -0.08085866272449493 0.4777557849884033 0.21552085876464844
heads/seq-01/frame-000776.color.png 0.14882266521453857 -0.13640567660331726 0.30676400661468506 0.8504204750061035 -0.0875101387500763 0.47485968470573425 0.20889030396938324
heads/seq-01/frame-000777.color.png 0.14278149604797363 -0.1360635757446289 0.30981379747390747 0.8477287888526917 -0.08135738968849182 0.47705182433128357 0.217160165309906
heads/seq-01/frame-000778.color.png 0.1467495560646057 -0.14207172393798828 0.2940184772014618 0.8524133563041687 -0.07896707206964493 0.46916237473487854 0.2168925255537033
heads/seq-01/frame-000779.color.png 0.14789122343063354 -0.13760006427764893 0.3014182448387146 0.8660362362861633 -0.06932590901851654 0.4500080347061157 0.20656192302703857
heads/seq-01/frame-000780.color.png 0.13743576407432556 -0.14199818670749664 0.28945279121398926 0.8570257425308228 -0.07346294075250626 0.46217072010040283 0.21565812826156616
heads/seq-01/frame-000781.color.png 0.13308067619800568 -0.16094271838665009 0.3086170554161072 0.8437696099281311 -0.08542771637439728 0.4785601496696472 0.22745341062545776
heads/seq-01/frame-000782.color.png 0.140417218208313 -0.14427943527698517 0.29106858372688293 0.8438953757286072 -0.08332578837871552 0.47880709171295166 0.22724682092666626
heads/seq-01/frame-000783.color.png 0.13045188784599304 -0.1539258360862732 0.2785462737083435 0.868635356426239 -0.07170791178941727 0.44299042224884033 0.20997585356235504
heads/seq-01/frame-000784.color.png 0.10278838872909546 -0.15903812646865845 0.2662496566772461 0.8849848508834839 -0.06768561154603958 0.41382381319999695 0.2024114429950714
heads/seq-01/frame-000785.color.png 0.11092682182788849 -0.1734984964132309 0.28073886036872864 0.8638831377029419 -0.08250066637992859 0.4485485851764679 0.21378421783447266
heads/seq-01/frame-000786.color.png 0.11092682182788849 -0.1734984964132309 0.28073886036872864 0.8638831377029419 -0.08250066637992859 0.4485485851764679 0.21378421783447266
heads/seq-01/frame-000787.color.png 0.11959528923034668 -0.15752720832824707 0.2888181209564209 0.8634342551231384 -0.09033586829900742 0.45354416966438293 0.2015402913093567
heads/seq-01/frame-000788.color.png 0.12795908749103546 -0.16128170490264893 0.2716711163520813 0.8784817457199097 -0.0805739089846611 0.4321047067642212 0.18725132942199707
heads/seq-01/frame-000789.color.png 0.1271848827600479 -0.15722371637821198 0.26355478167533875 0.8782749176025391 -0.08060887455940247 0.43109700083732605 0.19050195813179016
heads/seq-01/frame-000790.color.png 0.1355656385421753 -0.1585133820772171 0.2757478356361389 0.879454493522644 -0.08828932046890259 0.43224990367889404 0.17867538332939148
heads/seq-01/frame-000791.color.png 0.12405100464820862 -0.17282722890377045 0.2632523775100708 0.8948253393173218 -0.09023550152778625 0.40414535999298096 0.16676832735538483
heads/seq-01/frame-000792.color.png 0.09916436672210693 -0.17176394164562225 0.24722692370414734 0.9018881320953369 -0.08866569399833679 0.38680341839790344 0.17064359784126282
heads/seq-01/frame-000793.color.png 0.11595684289932251 -0.13623760640621185 0.23122891783714294 0.9150052666664124 -0.0914015993475914 0.3567201495170593 0.16480855643749237
heads/seq-01/frame-000794.color.png 0.1346837431192398 -0.15618574619293213 0.2390459179878235 0.9142134189605713 -0.08776235580444336 0.36732882261276245 0.14690527319908142
heads/seq-01/frame-000795.color.png 0.11554725468158722 -0.16802136600017548 0.23520106077194214 0.9082058668136597 -0.0900002270936966 0.3783869445323944 0.15454885363578796
heads/seq-01/frame-000796.color.png 0.11554725468158722 -0.16802136600017548 0.23520106077194214 0.9082058668136597 -0.0900002270936966 0.3783869445323944 0.15454885363578796
heads/seq-01/frame-000797.color.png 0.10664257407188416 -0.1727433204650879 0.21444392204284668 0.9351984858512878 -0.09352690726518631 0.31366199254989624 0.13517650961875916
heads/seq-01/frame-000798.color.png 0.1353551298379898 -0.2067316174507141 0.2060215175151825 0.9461544156074524 -0.09087732434272766 0.2861245274543762 0.12110336124897003
heads/seq-01/frame-000799.color.png 0.14119639992713928 -0.20611795783042908 0.20216727256774902 0.9557839035987854 -0.10345949232578278 0.2531128525733948 0.10819998383522034
heads/seq-01/frame-000800.color.png 0.14062578976154327 -0.22264133393764496 0.22113490104675293 0.947832465171814 -0.10675109922885895 0.2832697629928589 0.09987965226173401
heads/seq-01/frame-000801.color.png 0.12430363893508911 -0.22893273830413818 0.21339532732963562 0.959331214427948 -0.11462833732366562 0.2467341423034668 0.07527489215135574
heads/seq-01/frame-000802.color.png 0.13870394229888916 -0.2371244728565216 0.19480940699577332 0.971477746963501 -0.11839326471090317 0.197183296084404 0.05772716552019119
heads/seq-01/frame-000803.color.png 0.13870394229888916 -0.2371244728565216 0.19480940699577332 0.971477746963501 -0.11839326471090317 0.197183296084404 0.05772716552019119
heads/seq-01/frame-000804.color.png 0.12901556491851807 -0.23556429147720337 0.19586804509162903 0.9784510135650635 -0.10971464216709137 0.16998377442359924 0.04125451296567917
heads/seq-01/frame-000805.color.png 0.12970612943172455 -0.220282644033432 0.18365618586540222 0.9752240777015686 -0.11441606283187866 0.18433211743831635 0.04323006421327591
heads/seq-01/frame-000806.color.png 0.125361829996109 -0.2269018143415451 0.17735180258750916 0.9784867167472839 -0.11666996777057648 0.16431304812431335 0.04419313743710518
heads/seq-01/frame-000807.color.png 0.125361829996109 -0.2269018143415451 0.17735180258750916 0.9784867167472839 -0.11666996777057648 0.16431304812431335 0.04419313743710518
heads/seq-01/frame-000808.color.png 0.1291855275630951 -0.22635821998119354 0.161393404006958 0.9791364669799805 -0.11493135243654251 0.16325031220912933 0.0378398634493351
heads/seq-01/frame-000809.color.png 0.11809974908828735 -0.22446642816066742 0.1690877377986908 0.9802215695381165 -0.11287262290716171 0.1588614583015442 0.034478560090065
heads/seq-01/frame-000810.color.png 0.13191893696784973 -0.2463158369064331 0.175390362739563 0.9810482859611511 -0.11048486083745956 0.15680666267871857 0.02737296372652054
heads/seq-01/frame-000811.color.png 0.1180320531129837 -0.23166441917419434 0.1814088225364685 0.9784187078475952 -0.11984825134277344 0.16511023044586182 0.032740943133831024
heads/seq-01/frame-000812.color.png 0.09543555974960327 -0.24784359335899353 0.195743590593338 0.9797098636627197 -0.12046966701745987 0.15748627483844757 0.02922256849706173
heads/seq-01/frame-000813.color.png 0.07500100880861282 -0.24684670567512512 0.19031953811645508 0.9806607365608215 -0.12471339106559753 0.14749300479888916 0.03157396987080574
heads/seq-01/frame-000814.color.png 0.07500100880861282 -0.24684670567512512 0.19031953811645508 0.9806607365608215 -0.12471339106559753 0.14749300479888916 0.03157396987080574
heads/seq-01/frame-000815.color.png 0.06776565313339233 -0.2582169771194458 0.2011742889881134 0.9808455109596252 -0.12347178161144257 0.14752386510372162 0.030553435906767845
heads/seq-01/frame-000816.color.png 0.0639575868844986 -0.24960047006607056 0.19720131158828735 0.9805765748023987 -0.12951774895191193 0.14295116066932678 0.03549367934465408
heads/seq-01/frame-000817.color.png 0.039463020861148834 -0.24645724892616272 0.1966523826122284 0.9806212782859802 -0.1229110062122345 0.14855679869651794 0.034727051854133606
heads/seq-01/frame-000818.color.png 0.039463020861148834 -0.24645724892616272 0.1966523826122284 0.9806212782859802 -0.1229110062122345 0.14855679869651794 0.034727051854133606
heads/seq-01/frame-000819.color.png 0.04745160788297653 -0.22235378623008728 0.202158123254776 0.9804216027259827 -0.13041362166404724 0.1440141499042511 0.03202860802412033
heads/seq-01/frame-000820.color.png 0.01482456922531128 -0.21795202791690826 0.19127747416496277 0.9816539883613586 -0.1313549429178238 0.13486434519290924 0.03021414950489998
heads/seq-01/frame-000821.color.png -0.0022817812860012054 -0.22591501474380493 0.20485424995422363 0.9817977547645569 -0.13576693832874298 0.13099384307861328 0.02193579636514187
heads/seq-01/frame-000822.color.png -0.0022817812860012054 -0.22591501474380493 0.20485424995422363 0.9817977547645569 -0.13576693832874298 0.13099384307861328 0.02193579636514187
heads/seq-01/frame-000823.color.png 0.0048833079636096954 -0.20994533598423004 0.19446691870689392 0.9828948378562927 -0.12885531783103943 0.1287992298603058 0.026919644325971603
heads/seq-01/frame-000824.color.png -0.0012703947722911835 -0.20891547203063965 0.21130746603012085 0.9835033416748047 -0.13310182094573975 0.12000133097171783 0.024590373039245605
heads/seq-01/frame-000825.color.png 0.0027981624007225037 -0.19878602027893066 0.18843764066696167 0.9841969609260559 -0.12792226672172546 0.11859612166881561 0.03044981136918068
heads/seq-01/frame-000826.color.png 0.02638549730181694 -0.19689777493476868 0.1572251319885254 0.986877977848053 -0.12393055111169815 0.09934139996767044 0.029057342559099197
heads/seq-01/frame-000827.color.png 0.02638549730181694 -0.19689777493476868 0.1572251319885254 0.986877977848053 -0.12393055111169815 0.09934139996767044 0.029057342559099197
heads/seq-01/frame-000828.color.png 0.005781274288892746 -0.19201742112636566 0.15815186500549316 0.9864284992218018 -0.12514041364192963 0.10214116424322128 0.02942463383078575
heads/seq-01/frame-000829.color.png 0.016837935894727707 -0.19398069381713867 0.14657235145568848 0.9872355461120605 -0.12252146750688553 0.09828077256679535 0.026368223130702972
heads/seq-01/frame-000830.color.png 0.016837935894727707 -0.19398069381713867 0.14657235145568848 0.9872355461120605 -0.12252146750688553 0.09828077256679535 0.026368223130702972
heads/seq-01/frame-000831.color.png -0.017667997628450394 -0.1919986456632614 0.13457328081130981 0.9891651272773743 -0.11608725786209106 0.08790957182645798 0.01865566521883011
heads/seq-01/frame-000832.color.png -0.01838671788573265 -0.20614120364189148 0.14615631103515625 0.9903013110160828 -0.11181484162807465 0.08039932698011398 0.018351081758737564
heads/seq-01/frame-000833.color.png -0.01838671788573265 -0.20614120364189148 0.14615631103515625 0.9903013110160828 -0.11181484162807465 0.08039932698011398 0.018351081758737564
heads/seq-01/frame-000834.color.png -0.030869703739881516 -0.21690741181373596 0.16856616735458374 0.9917795658111572 -0.10746131092309952 0.06824740022420883 0.012949632480740547
heads/seq-01/frame-000835.color.png -0.034972041845321655 -0.1897900551557541 0.15065497159957886 0.9916188716888428 -0.10329538583755493 0.07720302790403366 0.00785251148045063
heads/seq-01/frame-000836.color.png -0.034972041845321655 -0.1897900551557541 0.15065497159957886 0.9916188716888428 -0.10329538583755493 0.07720302790403366 0.00785251148045063
heads/seq-01/frame-000837.color.png -0.03789211064577103 -0.17250953614711761 0.16048666834831238 0.9925014972686768 -0.09698785841464996 0.07410349696874619 0.0065302979201078415
heads/seq-01/frame-000838.color.png -0.07233867049217224 -0.1535484343767166 0.15434369444847107 0.991743803024292 -0.09969249367713928 0.08045724034309387 0.005669137928634882
heads/seq-01/frame-000839.color.png -0.07233867049217224 -0.1535484343767166 0.15434369444847107 0.991743803024292 -0.09969249367713928 0.08045724034309387 0.005669137928634882
heads/seq-01/frame-000840.color.png -0.11258140206336975 -0.13130834698677063 0.15331393480300903 0.9921720623970032 -0.099700428545475 0.07484342902898788 0.007281723897904158
heads/seq-01/frame-000841.color.png -0.11775684356689453 -0.12976844608783722 0.14965209364891052 0.9917084574699402 -0.10008542239665985 0.08022359758615494 0.007831083610653877
heads/seq-01/frame-000842.color.png -0.1651863306760788 -0.12072636187076569 0.14846423268318176 0.9904442429542542 -0.10350856184959412 0.09037944674491882 0.011744536459445953
heads/seq-01/frame-000843.color.png -0.1651863306760788 -0.12072636187076569 0.14846423268318176 0.9904442429542542 -0.10350856184959412 0.09037944674491882 0.011744536459445953
heads/seq-01/frame-000844.color.png -0.13805347681045532 -0.12392832338809967 0.14197924733161926 0.9901081323623657 -0.10722602903842926 0.0892987847328186 0.014631793834269047
heads/seq-01/frame-000845.color.png -0.14784486591815948 -0.11292700469493866 0.1358870267868042 0.9904134273529053 -0.1089523583650589 0.08267635852098465 0.019372569397091866
heads/seq-01/frame-000846.color.png -0.14784486591815948 -0.11292700469493866 0.1358870267868042 0.9904134273529053 -0.1089523583650589 0.08267635852098465 0.019372569397091866
heads/seq-01/frame-000847.color.png -0.12517493963241577 -0.09236931055784225 0.1311149299144745 0.9925708174705505 -0.10285825282335281 0.06131543219089508 0.021534645929932594
heads/seq-01/frame-000848.color.png -0.10821154713630676 -0.08633171766996384 0.12676069140434265 0.993102490901947 -0.1002335399389267 0.05844300985336304 0.016887642443180084
heads/seq-01/frame-000849.color.png -0.10821154713630676 -0.08633171766996384 0.12676069140434265 0.993102490901947 -0.1002335399389267 0.05844300985336304 0.016887642443180084
heads/seq-01/frame-000850.color.png -0.13806676864624023 -0.08468236029148102 0.13030695915222168 0.993140697479248 -0.09925024956464767 0.06008099764585495 0.01453410740941763
heads/seq-01/frame-000851.color.png -0.15904536843299866 -0.0664936751127243 0.11928573995828629 0.9938031435012817 -0.09761014580726624 0.04993215948343277 0.01828961819410324
heads/seq-01/frame-000852.color.png -0.2133181244134903 -0.06229231134057045 0.11560811847448349 0.9939003586769104 -0.09462251514196396 0.05489151552319527 0.01398024708032608
heads/seq-01/frame-000853.color.png -0.2133181244134903 -0.06229231134057045 0.11560811847448349 0.9939003586769104 -0.09462251514196396 0.05489151552319527 0.01398024708032608
heads/seq-01/frame-000854.color.png -0.20395001769065857 -0.06592245399951935 0.1157296821475029 0.9945711493492126 -0.09245697408914566 0.04487309232354164 0.016325868666172028
heads/seq-01/frame-000855.color.png -0.2352493405342102 -0.06881790608167648 0.127377450466156 0.9932321906089783 -0.09932994842529297 0.057075291872024536 0.019127780571579933
heads/seq-01/frame-000856.color.png -0.2544728219509125 -0.08141569048166275 0.1143990233540535 0.991545557975769 -0.10735535621643066 0.0717671662569046 0.012711774557828903
heads/seq-01/frame-000857.color.png -0.2544728219509125 -0.08141569048166275 0.1143990233540535 0.991545557975769 -0.10735535621643066 0.0717671662569046 0.012711774557828903
heads/seq-01/frame-000858.color.png -0.24196657538414001 -0.0637393519282341 0.10628073662519455 0.9918003082275391 -0.10212704539299011 0.07548484206199646 0.014293979853391647
heads/seq-01/frame-000859.color.png -0.22183549404144287 -0.07300502061843872 0.10172224044799805 0.9917386770248413 -0.0995321199297905 0.07693232595920563 0.025089595466852188
heads/seq-01/frame-000860.color.png -0.25004279613494873 -0.08815933763980865 0.11564793437719345 0.9897577166557312 -0.10958335548639297 0.0868183821439743 0.02887401171028614
heads/seq-01/frame-000861.color.png -0.25004279613494873 -0.08815933763980865 0.11564793437719345 0.9897577166557312 -0.10958335548639297 0.0868183821439743 0.02887401171028614
heads/seq-01/frame-000862.color.png -0.2599363327026367 -0.08774632960557938 0.11330217868089676 0.9914182424545288 -0.10373035818338394 0.07472910732030869 0.027303891256451607
heads/seq-01/frame-000863.color.png -0.2673555612564087 -0.08009672164916992 0.12265036255121231 0.9889531135559082 -0.11714928597211838 0.08490733802318573 0.03222660347819328
heads/seq-01/frame-000864.color.png -0.3204701244831085 -0.08485561609268188 0.12586459517478943 0.9903604984283447 -0.11570730805397034 0.07216953486204147 0.024282023310661316
heads/seq-01/frame-000865.color.png -0.29451555013656616 -0.08693996071815491 0.1215241327881813 0.9902099967002869 -0.11186660081148148 0.08004509657621384 0.0237228162586689
heads/seq-01/frame-000866.color.png -0.29451555013656616 -0.08693996071815491 0.1215241327881813 0.9902099967002869 -0.11186660081148148 0.08004509657621384 0.0237228162586689
heads/seq-01/frame-000867.color.png -0.28659021854400635 -0.08453039079904556 0.11424825340509415 0.9916043281555176 -0.10041110217571259 0.07650138437747955 0.028035759925842285
heads/seq-01/frame-000868.color.png -0.2781716585159302 -0.09140738099813461 0.14474987983703613 0.9923445582389832 -0.09816859662532806 0.07152744382619858 0.022336529567837715
heads/seq-01/frame-000869.color.png -0.26067185401916504 -0.0977015271782875 0.15163654088974 0.9927042722702026 -0.09849826991558075 0.06589610874652863 0.022227544337511063
heads/seq-01/frame-000870.color.png -0.26067185401916504 -0.0977015271782875 0.15163654088974 0.9927042722702026 -0.09849826991558075 0.06589610874652863 0.022227544337511063
heads/seq-01/frame-000871.color.png -0.28473716974258423 -0.11181667447090149 0.14395856857299805 0.9915409088134766 -0.10177543014287949 0.07528183609247208 0.02865292876958847
heads/seq-01/frame-000872.color.png -0.29321080446243286 -0.10364433377981186 0.14800214767456055 0.9919396042823792 -0.10672355443239212 0.063300721347332 0.025667395442724228
heads/seq-01/frame-000873.color.png -0.3004278540611267 -0.12023863196372986 0.1643286645412445 0.9919480085372925 -0.09922293573617935 0.07472965121269226 0.024685930460691452
heads/seq-01/frame-000874.color.png -0.3174082934856415 -0.11606484651565552 0.16712036728858948 0.992576539516449 -0.09538041055202484 0.07307213544845581 0.018833396956324577
heads/seq-01/frame-000875.color.png -0.3174082934856415 -0.11606484651565552 0.16712036728858948 0.992576539516449 -0.09538041055202484 0.07307213544845581 0.018833396956324577
heads/seq-01/frame-000876.color.png -0.31768953800201416 -0.12234556674957275 0.1590387523174286 0.9931029677391052 -0.0935913547873497 0.06904410570859909 0.014840698800981045
heads/seq-01/frame-000877.color.png -0.331122487783432 -0.12437090277671814 0.1626896858215332 0.9931589365005493 -0.09326989203691483 0.06814580410718918 0.017097655683755875
heads/seq-01/frame-000878.color.png -0.3160223066806793 -0.12367165088653564 0.16296401619911194 0.9933269023895264 -0.0939999371767044 0.06488963216543198 0.01596594974398613
heads/seq-01/frame-000879.color.png -0.3160223066806793 -0.12367165088653564 0.16296401619911194 0.9933269023895264 -0.0939999371767044 0.06488963216543198 0.01596594974398613
heads/seq-01/frame-000880.color.png -0.3260211944580078 -0.13079720735549927 0.17113858461380005 0.9935811161994934 -0.09334742277860641 0.06142868101596832 0.017588144168257713
heads/seq-01/frame-000881.color.png -0.34595027565956116 -0.12975914776325226 0.1701737940311432 0.9935733079910278 -0.08690838515758514 0.0702219158411026 0.01810581423342228
heads/seq-01/frame-000882.color.png -0.3588392734527588 -0.12738139927387238 0.16517221927642822 0.9938823580741882 -0.08701807260513306 0.06686026602983475 0.01247283536940813
heads/seq-01/frame-000883.color.png -0.3588392734527588 -0.12738139927387238 0.16517221927642822 0.9938823580741882 -0.08701807260513306 0.06686026602983475 0.01247283536940813
heads/seq-01/frame-000884.color.png -0.3656538426876068 -0.12023070454597473 0.17258569598197937 0.996023952960968 -0.07384096086025238 0.04964807629585266 0.0043392363004386425
heads/seq-01/frame-000885.color.png -0.3480565845966339 -0.11619067192077637 0.17632511258125305 0.9950642585754395 -0.07710674405097961 0.06155135855078697 0.01062733680009842
heads/seq-01/frame-000886.color.png -0.3330175578594208 -0.1184702068567276 0.1777888536453247 0.9957155585289001 -0.07664437592029572 0.05030462518334389 0.01207240205258131
heads/seq-01/frame-000887.color.png -0.35563620924949646 -0.1192392110824585 0.18125489354133606 0.9952635765075684 -0.08361140638589859 0.04852909594774246 0.010220009833574295
heads/seq-01/frame-000888.color.png -0.35563620924949646 -0.1192392110824585 0.18125489354133606 0.9952635765075684 -0.08361140638589859 0.04852909594774246 0.010220009833574295
heads/seq-01/frame-000889.color.png -0.3688857853412628 -0.11836609244346619 0.18284091353416443 0.9952468276023865 -0.08333168923854828 0.04961470514535904 0.008837002329528332
heads/seq-01/frame-000890.color.png -0.3999212682247162 -0.11488023400306702 0.17175757884979248 0.9959882497787476 -0.07823974639177322 0.042965102940797806 0.006334202364087105
heads/seq-01/frame-000891.color.png -0.394625186920166 -0.11370201408863068 0.17290446162223816 0.9959993362426758 -0.07637841999530792 0.046291954815387726 0.002970311092212796
heads/seq-01/frame-000892.color.png -0.4021972119808197 -0.1114557534456253 0.1691645085811615 0.9956459403038025 -0.07643109560012817 0.05311662331223488 0.005107817705720663
heads/seq-01/frame-000893.color.png -0.4021972119808197 -0.1114557534456253 0.1691645085811615 0.9956459403038025 -0.07643109560012817 0.05311662331223488 0.005107817705720663
heads/seq-01/frame-000894.color.png -0.40930333733558655 -0.11333642899990082 0.17035454511642456 0.9949995279312134 -0.07440143078565598 0.06616900861263275 0.007870873436331749
heads/seq-01/frame-000895.color.png -0.4432813227176666 -0.12028039991855621 0.1802946925163269 0.9945482611656189 -0.07933565974235535 0.06712624430656433 0.008592009544372559
heads/seq-01/frame-000896.color.png -0.449316143989563 -0.11205154657363892 0.1809355914592743 0.9957593083381653 -0.07425949722528458 0.05404214560985565 -0.005322474520653486
heads/seq-01/frame-000897.color.png -0.4498632848262787 -0.10207370668649673 0.1798558235168457 0.9948775172233582 -0.07731267064809799 0.06512701511383057 -0.0001273515954380855
heads/seq-01/frame-000898.color.png -0.4498632848262787 -0.10207370668649673 0.1798558235168457 0.9948775172233582 -0.07731267064809799 0.06512701511383057 -0.0001273515954380855
heads/seq-01/frame-000899.color.png -0.4499194324016571 -0.11229962110519409 0.1842571496963501 0.9949119687080383 -0.0795060396194458 0.06184430792927742 0.002050049602985382
heads/seq-01/frame-000900.color.png -0.45667919516563416 -0.12122741341590881 0.18737584352493286 0.9947512745857239 -0.08170294016599655 0.06079054996371269 0.009951572865247726
heads/seq-01/frame-000901.color.png -0.4871044456958771 -0.12684395909309387 0.1838739812374115 0.9943915605545044 -0.07678547501564026 0.07110247761011124 0.015294212847948074
heads/seq-01/frame-000902.color.png -0.48111477494239807 -0.12638020515441895 0.18081387877464294 0.9945327043533325 -0.07844382524490356 0.06820837408304214 0.009957106783986092
heads/seq-01/frame-000903.color.png -0.4802984893321991 -0.12199586629867554 0.1842089295387268 0.9942454695701599 -0.07685630768537521 0.07353230565786362 0.012731979601085186
heads/seq-01/frame-000904.color.png -0.5024271607398987 -0.12128502130508423 0.19453275203704834 0.9920684695243835 -0.09156343340873718 0.08416125178337097 0.01825554296374321
heads/seq-01/frame-000905.color.png -0.5195053219795227 -0.12043413519859314 0.197191059589386 0.9930421113967896 -0.0891743153333664 0.07522453367710114 0.016022853553295135
heads/seq-01/frame-000906.color.png -0.5195053219795227 -0.12043413519859314 0.197191059589386 0.9930421113967896 -0.0891743153333664 0.07522453367710114 0.016022853553295135
heads/seq-01/frame-000907.color.png -0.5225266218185425 -0.12817291915416718 0.19792625308036804 0.9914562106132507 -0.08428739011287689 0.0973217561841011 0.020947201177477837
heads/seq-01/frame-000908.color.png -0.5352291464805603 -0.13336186110973358 0.19174382090568542 0.9915971755981445 -0.09245315939188004 0.08735805749893188 0.023576801642775536
heads/seq-01/frame-000909.color.png -0.5345443487167358 -0.13681529462337494 0.18626105785369873 0.9917994737625122 -0.0923270434141159 0.08614341914653778 0.019715096801519394
heads/seq-01/frame-000910.color.png -0.5434089303016663 -0.13102713227272034 0.17292925715446472 0.989951491355896 -0.097087562084198 0.09927874058485031 0.026714840903878212
heads/seq-01/frame-000911.color.png -0.5434089303016663 -0.13102713227272034 0.17292925715446472 0.989951491355896 -0.097087562084198 0.09927874058485031 0.026714840903878212
heads/seq-01/frame-000912.color.png -0.5440004467964172 -0.123578742146492 0.1791963279247284 0.9891945719718933 -0.1032538190484047 0.09939883649349213 0.03086603432893753
heads/seq-01/frame-000913.color.png -0.5589705109596252 -0.12422938644886017 0.17973962426185608 0.9886714816093445 -0.10275767743587494 0.10546090453863144 0.02911059930920601
heads/seq-01/frame-000914.color.png -0.5583510994911194 -0.12319694459438324 0.18685400485992432 0.9873245358467102 -0.09977679699659348 0.11881479620933533 0.03343619406223297
heads/seq-01/frame-000915.color.png -0.5783032774925232 -0.12197229266166687 0.19738218188285828 0.9875501394271851 -0.09981891512870789 0.11655449122190475 0.03458144888281822
heads/seq-01/frame-000916.color.png -0.5767547488212585 -0.12341156601905823 0.18717733025550842 0.9878978729248047 -0.10063225775957108 0.11323588341474533 0.03329214081168175
heads/seq-01/frame-000917.color.png -0.5891485810279846 -0.12222406268119812 0.18717920780181885 0.987389326095581 -0.1021651029586792 0.1165265291929245 0.032345518469810486
heads/seq-01/frame-000918.color.png -0.5891485810279846 -0.12222406268119812 0.18717920780181885 0.987389326095581 -0.1021651029586792 0.1165265291929245 0.032345518469810486
heads/seq-01/frame-000919.color.png -0.5913073420524597 -0.1225237101316452 0.1938648819923401 0.9851890206336975 -0.10144241154193878 0.13306592404842377 0.03749219328165054
heads/seq-01/frame-000920.color.png -0.5956920981407166 -0.11735180020332336 0.19125711917877197 0.9846451878547668 -0.10845840722322464 0.13243694603443146 0.034221626818180084
heads/seq-01/frame-000921.color.png -0.5808486938476562 -0.12559348344802856 0.19418737292289734 0.9837096929550171 -0.11177326738834381 0.1360752284526825 0.03613466024398804
heads/seq-01/frame-000922.color.png -0.5698742270469666 -0.1193329244852066 0.2009757161140442 0.9853785037994385 -0.10594537109136581 0.12899184226989746 0.03414648771286011
heads/seq-01/frame-000923.color.png -0.5563461780548096 -0.11748279631137848 0.20296618342399597 0.9849926233291626 -0.10590358078479767 0.1324741244316101 0.03200912103056908
heads/seq-01/frame-000924.color.png -0.5512415170669556 -0.12411347031593323 0.21095377206802368 0.9854300022125244 -0.10811838507652283 0.12755773961544037 0.031101100146770477
heads/seq-01/frame-000925.color.png -0.575444757938385 -0.12156721949577332 0.21385884284973145 0.9859426617622375 -0.09903714060783386 0.1304577887058258 0.03301093727350235
heads/seq-01/frame-000926.color.png -0.5679305791854858 -0.12477418780326843 0.20987269282341003 0.9856137633323669 -0.10314150899648666 0.12855201959609985 0.0374390110373497
heads/seq-01/frame-000927.color.png -0.5679305791854858 -0.12477418780326843 0.20987269282341003 0.9856137633323669 -0.10314150899648666 0.12855201959609985 0.0374390110373497
heads/seq-01/frame-000928.color.png -0.5621868968009949 -0.1258528083562851 0.21739059686660767 0.9862548112869263 -0.10702934861183167 0.12140484154224396 0.03327113389968872
heads/seq-01/frame-000929.color.png -0.6031366586685181 -0.13040807843208313 0.23308441042900085 0.985549807548523 -0.10935192555189133 0.12437092512845993 0.03557419031858444
heads/seq-01/frame-000930.color.png -0.6111724376678467 -0.13311436772346497 0.2359340786933899 0.9832806587219238 -0.11257176101207733 0.13723979890346527 0.04064672067761421
heads/seq-01/frame-000931.color.png -0.5887786149978638 -0.13288205862045288 0.22838258743286133 0.9827653765678406 -0.11049624532461166 0.141373410820961 0.04445682838559151
heads/seq-01/frame-000932.color.png -0.5903638005256653 -0.12955914437770844 0.2281903624534607 0.9808382391929626 -0.11491625010967255 0.1477019041776657 0.05417434126138687
heads/seq-01/frame-000933.color.png -0.5891660451889038 -0.12001842260360718 0.2174735963344574 0.9824959635734558 -0.11113788187503815 0.14142009615898132 0.04848252981901169
heads/seq-01/frame-000934.color.png -0.5866007208824158 -0.12624725699424744 0.20331084728240967 0.9803488254547119 -0.10489914566278458 0.15697439014911652 0.05719644948840141
heads/seq-01/frame-000935.color.png -0.5866007208824158 -0.12624725699424744 0.20331084728240967 0.9803488254547119 -0.10489914566278458 0.15697439014911652 0.05719644948840141
heads/seq-01/frame-000936.color.png -0.5946877598762512 -0.14825421571731567 0.2188115417957306 0.9769384860992432 -0.10446304082870483 0.17581717669963837 0.06137673184275627
heads/seq-01/frame-000937.color.png -0.5739292502403259 -0.1390361785888672 0.2096593976020813 0.9784663319587708 -0.10689765214920044 0.16756556928157806 0.055662527680397034
heads/seq-01/frame-000938.color.png -0.5541793704032898 -0.1208249032497406 0.2249913513660431 0.9782156944274902 -0.0974036306142807 0.17363569140434265 0.058798544108867645
heads/seq-01/frame-000939.color.png -0.49643662571907043 -0.11945632100105286 0.21399527788162231 0.9780014753341675 -0.11274544149637222 0.16485925018787384 0.06019177660346031
heads/seq-01/frame-000940.color.png -0.5065078735351562 -0.13120964169502258 0.22443491220474243 0.9786592721939087 -0.11405858397483826 0.15996870398521423 0.06022288277745247
heads/seq-01/frame-000941.color.png -0.4610901474952698 -0.1451929211616516 0.2076004445552826 0.9789983630180359 -0.11960554867982864 0.15428005158901215 0.058774907141923904
heads/seq-01/frame-000942.color.png -0.4116676151752472 -0.13458508253097534 0.20096871256828308 0.9774430990219116 -0.11897289007902145 0.16200636327266693 0.06484104692935944
heads/seq-01/frame-000943.color.png -0.36734405159950256 -0.12314188480377197 0.2091265320777893 0.977447509765625 -0.12059012800455093 0.16054898500442505 0.0654098242521286
heads/seq-01/frame-000944.color.png -0.34705716371536255 -0.14578650891780853 0.222650945186615 0.9756923913955688 -0.1224716454744339 0.168228879570961 0.06873202323913574
heads/seq-01/frame-000945.color.png -0.34705716371536255 -0.14578650891780853 0.222650945186615 0.9756923913955688 -0.1224716454744339 0.168228879570961 0.06873202323913574
heads/seq-01/frame-000946.color.png -0.3560091257095337 -0.14469684660434723 0.21931660175323486 0.9735105633735657 -0.13052824139595032 0.1730402559041977 0.07277999073266983
heads/seq-01/frame-000947.color.png -0.3572216331958771 -0.1568707525730133 0.22000199556350708 0.9742449522018433 -0.12636646628379822 0.17170237004756927 0.07346144318580627
heads/seq-01/frame-000948.color.png -0.3885650634765625 -0.161823570728302 0.22014188766479492 0.9707830548286438 -0.12836354970932007 0.18724893033504486 0.07772352546453476
heads/seq-01/frame-000949.color.png -0.38657405972480774 -0.15976601839065552 0.2191886603832245 0.973558247089386 -0.12679333984851837 0.17476031184196472 0.07461126893758774
heads/seq-01/frame-000950.color.png -0.3953745663166046 -0.16062791645526886 0.21471095085144043 0.9746455550193787 -0.13347454369068146 0.16545480489730835 0.06982307881116867
heads/seq-01/frame-000951.color.png -0.3837389051914215 -0.163521870970726 0.21370357275009155 0.9731792211532593 -0.12740835547447205 0.17527158558368683 0.07726114243268967
heads/seq-01/frame-000952.color.png -0.38761356472969055 -0.17500333487987518 0.21979710459709167 0.9741607904434204 -0.13050583004951477 0.16833937168121338 0.07510612159967422
heads/seq-01/frame-000953.color.png -0.4017387926578522 -0.18096235394477844 0.21783995628356934 0.9713404178619385 -0.1320924311876297 0.18054845929145813 0.08032185584306717
heads/seq-01/frame-000954.color.png -0.3739842474460602 -0.17050187289714813 0.20344999432563782 0.9698317646980286 -0.14631910622119904 0.1790570169687271 0.07717360556125641
heads/seq-01/frame-000955.color.png -0.3739842474460602 -0.17050187289714813 0.20344999432563782 0.9698317646980286 -0.14631910622119904 0.1790570169687271 0.07717360556125641
heads/seq-01/frame-000956.color.png -0.36896470189094543 -0.16971281170845032 0.2009005844593048 0.9703278541564941 -0.15030691027641296 0.17141766846179962 0.08054614812135696
heads/seq-01/frame-000957.color.png -0.38425248861312866 -0.1649143099784851 0.20213863253593445 0.9631659984588623 -0.14075717329978943 0.20775240659713745 0.09663152694702148
heads/seq-01/frame-000958.color.png -0.42855966091156006 -0.17135043442249298 0.1978822648525238 0.9663896560668945 -0.13554084300994873 0.1960824429988861 0.09628808498382568
heads/seq-01/frame-000959.color.png -0.4154585301876068 -0.189888596534729 0.19562017917633057 0.9668789505958557 -0.1382983773946762 0.1912299543619156 0.09720993041992188
heads/seq-01/frame-000960.color.png -0.40085723996162415 -0.18980973958969116 0.20687317848205566 0.9623444080352783 -0.13734960556030273 0.2117520421743393 0.10094181448221207
heads/seq-01/frame-000961.color.png -0.4565829038619995 -0.19614824652671814 0.21616002917289734 0.9600062966346741 -0.14543691277503967 0.20989654958248138 0.11480207741260529
heads/seq-01/frame-000962.color.png -0.46862471103668213 -0.1829213798046112 0.19282302260398865 0.9590692520141602 -0.13764913380146027 0.21874727308750153 0.115708127617836
heads/seq-01/frame-000963.color.png -0.496267169713974 -0.19903336465358734 0.2098982036113739 0.9549933671951294 -0.1404547542333603 0.23141899704933167 0.12126476317644119
heads/seq-01/frame-000964.color.png -0.5099756717681885 -0.19198180735111237 0.21214550733566284 0.9577571749687195 -0.14855802059173584 0.21272291243076324 0.12401805073022842
heads/seq-01/frame-000965.color.png -0.4774022102355957 -0.18786486983299255 0.21072882413864136 0.960658609867096 -0.14886987209320068 0.20266477763652802 0.11789682507514954
heads/seq-01/frame-000966.color.png -0.4943986237049103 -0.18911200761795044 0.21420139074325562 0.9536672234535217 -0.16293203830718994 0.22122356295585632 0.12260454893112183
heads/seq-01/frame-000967.color.png -0.5451313257217407 -0.1859261691570282 0.2074647843837738 0.9542407393455505 -0.17181044816970825 0.21011362969875336 0.1255306750535965
heads/seq-01/frame-000968.color.png -0.5479342341423035 -0.1723058968782425 0.19580528140068054 0.9558725953102112 -0.1705189049243927 0.19996947050094604 0.13131342828273773
heads/seq-01/frame-000969.color.png -0.5475432276725769 -0.17945975065231323 0.1962963342666626 0.953599750995636 -0.1610001027584076 0.21633461117744446 0.13388782739639282
heads/seq-01/frame-000970.color.png -0.5288246273994446 -0.17705820500850677 0.20727625489234924 0.9498260021209717 -0.17939266562461853 0.21770396828651428 0.13510620594024658
heads/seq-01/frame-000971.color.png -0.5784460306167603 -0.18667301535606384 0.22608640789985657 0.9436353445053101 -0.18169884383678436 0.23897714912891388 0.13938374817371368
heads/seq-01/frame-000972.color.png -0.6095538139343262 -0.17615360021591187 0.22496619820594788 0.9458237290382385 -0.18316468596458435 0.22621887922286987 0.14385084807872772
heads/seq-01/frame-000973.color.png -0.6017010807991028 -0.1838240623474121 0.22721153497695923 0.9479273557662964 -0.18334488570690155 0.21975068747997284 0.13974282145500183
heads/seq-01/frame-000974.color.png -0.5998047590255737 -0.17485889792442322 0.22104361653327942 0.9504697918891907 -0.18036751449108124 0.2138839215040207 0.135382741689682
heads/seq-01/frame-000975.color.png -0.5836095213890076 -0.19135598838329315 0.22176119685173035 0.9441313743591309 -0.18841581046581268 0.23243020474910736 0.13817286491394043
heads/seq-01/frame-000976.color.png -0.5482176542282104 -0.18099553883075714 0.219133198261261 0.9353013634681702 -0.18914978206157684 0.257048100233078 0.15283970534801483
heads/seq-01/frame-000977.color.png -0.5169206261634827 -0.1609935462474823 0.2130829095840454 0.9355685114860535 -0.19462350010871887 0.25078555941581726 0.15472598373889923
heads/seq-01/frame-000978.color.png -0.5979207754135132 -0.17289631068706512 0.21538320183753967 0.9332113265991211 -0.19171476364135742 0.2623911499977112 0.1533387154340744
heads/seq-01/frame-000979.color.png -0.5690891146659851 -0.17408090829849243 0.22317010164260864 0.9329915046691895 -0.20061244070529938 0.2541613280773163 0.15710905194282532
heads/seq-01/frame-000980.color.png -0.535979688167572 -0.17461133003234863 0.22346261143684387 0.935258686542511 -0.2013530284166336 0.2454463541507721 0.15653829276561737
heads/seq-01/frame-000981.color.png -0.542189359664917 -0.1672011911869049 0.20788702368736267 0.9318291544914246 -0.20118595659732819 0.25709593296051025 0.1584932804107666
heads/seq-01/frame-000982.color.png -0.546089768409729 -0.16753920912742615 0.21229684352874756 0.9329904317855835 -0.196653813123703 0.25638219714164734 0.15850675106048584
heads/seq-01/frame-000983.color.png -0.5680638551712036 -0.1729079633951187 0.21266892552375793 0.9331997632980347 -0.20399804413318634 0.2503690719604492 0.15760207176208496
heads/seq-01/frame-000984.color.png -0.578201413154602 -0.1822056919336319 0.21874967217445374 0.9307512640953064 -0.20253093540668488 0.2619836628437042 0.15507373213768005
heads/seq-01/frame-000985.color.png -0.61076819896698 -0.1978849619626999 0.21638262271881104 0.9311211705207825 -0.19895794987678528 0.26659154891967773 0.14952559769153595
heads/seq-01/frame-000986.color.png -0.649430513381958 -0.19339531660079956 0.22895357012748718 0.9316971302032471 -0.2044151872396469 0.25560426712036133 0.15754781663417816
heads/seq-01/frame-000987.color.png -0.6677818894386292 -0.17612741887569427 0.22045433521270752 0.9364562630653381 -0.19849635660648346 0.2443375438451767 0.15475228428840637
heads/seq-01/frame-000988.color.png -0.6401678323745728 -0.1927919238805771 0.21871423721313477 0.932659924030304 -0.2094542235136032 0.2479764074087143 0.15742309391498566
heads/seq-01/frame-000989.color.png -0.6623601317405701 -0.18010953068733215 0.21550941467285156 0.940405547618866 -0.19017978012561798 0.24070371687412262 0.14673373103141785
heads/seq-01/frame-000990.color.png -0.6663485765457153 -0.1799502968788147 0.20915213227272034 0.9428985714912415 -0.1936359405517578 0.2299351543188095 0.14344735443592072
heads/seq-01/frame-000991.color.png -0.6685213446617126 -0.19674140214920044 0.21431037783622742 0.9453182816505432 -0.19634421169757843 0.21976737678050995 0.13973024487495422
heads/seq-01/frame-000992.color.png -0.6952996253967285 -0.19260631501674652 0.2113325595855713 0.943261444568634 -0.19338595867156982 0.22825679183006287 0.1440782994031906
heads/seq-01/frame-000993.color.png -0.6963395476341248 -0.19603651762008667 0.218994140625 0.9476272463798523 -0.18646565079689026 0.22061555087566376 0.1362421214580536
heads/seq-01/frame-000994.color.png -0.6896030306816101 -0.19264326989650726 0.20594796538352966 0.9509212970733643 -0.18501195311546326 0.20847679674625397 0.13437522947788239
heads/seq-01/frame-000995.color.png -0.7138627767562866 -0.1834007203578949 0.21108323335647583 0.9537397027015686 -0.18291999399662018 0.1992942839860916 0.13115862011909485
heads/seq-01/frame-000996.color.png -0.7050663232803345 -0.19013461470603943 0.19898447394371033 0.9560936689376831 -0.1775427609682083 0.19305013120174408 0.13074751198291779
heads/seq-01/frame-000997.color.png -0.7050663232803345 -0.19013461470603943 0.19898447394371033 0.9560936689376831 -0.1775427609682083 0.19305013120174408 0.13074751198291779
heads/seq-01/frame-000998.color.png -0.7215885519981384 -0.19473601877689362 0.20150446891784668 0.9563219547271729 -0.1733369529247284 0.19378963112831116 0.13359707593917847
heads/seq-01/frame-000999.color.png -0.7219366431236267 -0.19748441874980927 0.20045775175094604 0.9549144506454468 -0.17871248722076416 0.19643203914165497 0.13272055983543396
