office/seq-02/frame-000000.color.png -0.7186497449874878 -0.6953438520431519 0.5348904132843018 0.8367260098457336 -0.030780557543039322 0.5361793041229248 0.10702313482761383
office/seq-02/frame-000001.color.png -0.7213521599769592 -0.7083851099014282 0.5465918779373169 0.8363082408905029 -0.032504625618457794 0.5360682606697083 0.1102856919169426
office/seq-02/frame-000002.color.png -0.7295871376991272 -0.7037457227706909 0.5360738039016724 0.8343730568885803 -0.03632771968841553 0.5389928817749023 0.10949282348155975
office/seq-02/frame-000003.color.png -0.7217177748680115 -0.6886915564537048 0.5208656191825867 0.834114134311676 -0.04155341908335686 0.5379751324653625 0.1144966334104538
office/seq-02/frame-000004.color.png -0.6928974986076355 -0.6847841739654541 0.5338022112846375 0.837373673915863 -0.03921869024634361 0.5328804850578308 0.11535055190324783
office/seq-02/frame-000005.color.png -0.707406222820282 -0.6718647480010986 0.5343726277351379 0.842537522315979 -0.041980188339948654 0.5245780348777771 0.11483103781938553
office/seq-02/frame-000006.color.png -0.6935728788375854 -0.6787202954292297 0.533613383769989 0.8365936875343323 -0.03239642456173897 0.5370623469352722 0.10308084636926651
office/seq-02/frame-000007.color.png -0.69008469581604 -0.6893986463546753 0.5336883068084717 0.8315294981002808 -0.03428719937801361 0.5443218350410461 0.10534157603979111
office/seq-02/frame-000008.color.png -0.7015726566314697 -0.6941596865653992 0.529285192489624 0.8370202779769897 -0.03188570216298103 0.5354556441307068 0.108016736805439
office/seq-02/frame-000009.color.png -0.6987959742546082 -0.7083911895751953 0.5691308379173279 0.8314622640609741 -0.0408613346517086 0.5429326891899109 0.11056562513113022
office/seq-02/frame-000010.color.png -0.6972334980964661 -0.7002248764038086 0.5542041659355164 0.830904483795166 -0.042246174067258835 0.5432583093643188 0.11262138187885284
office/seq-02/frame-000011.color.png -0.7050883173942566 -0.6932358145713806 0.533803403377533 0.8294970989227295 -0.04753905162215233 0.5443655848503113 0.11550143361091614
office/seq-02/frame-000012.color.png -0.682385265827179 -0.6805564761161804 0.5312024354934692 0.8264693021774292 -0.03844216838479042 0.5483769178390503 0.12146477401256561
office/seq-02/frame-000013.color.png -0.6686296463012695 -0.6779617667198181 0.558570146560669 0.8226559162139893 -0.047936949878931046 0.5534127950668335 0.12113504856824875
office/seq-02/frame-000014.color.png -0.6740397214889526 -0.6641142964363098 0.5520839095115662 0.8230985403060913 -0.041365474462509155 0.5513814091682434 0.12952293455600739
office/seq-02/frame-000015.color.png -0.6772934794425964 -0.7093507051467896 0.5691394805908203 0.8170855045318604 -0.05211794376373291 0.5592002868652344 0.1301925629377365
office/seq-02/frame-000016.color.png -0.6703402996063232 -0.6961110234260559 0.5452491044998169 0.8156699538230896 -0.0546477772295475 0.55966717004776 0.13589975237846375
office/seq-02/frame-000017.color.png -0.6576405763626099 -0.6954659223556519 0.5668209195137024 0.8188870549201965 -0.056409962475299835 0.5543678402900696 0.13754291832447052
office/seq-02/frame-000018.color.png -0.6100201606750488 -0.7005912661552429 0.5834029912948608 0.8055643439292908 -0.06002834439277649 0.5717867612838745 0.1432565152645111
office/seq-02/frame-000019.color.png -0.5987095236778259 -0.7013651728630066 0.5978873372077942 0.8028417229652405 -0.06837312132120132 0.5724107623100281 0.1520402431488037
office/seq-02/frame-000020.color.png -0.5904638171195984 -0.7258910536766052 0.5959497690200806 0.800344705581665 -0.06322355568408966 0.5783226490020752 0.1448938399553299
office/seq-02/frame-000021.color.png -0.5737072825431824 -0.691801905632019 0.6065447926521301 0.8051786422729492 -0.05859499052166939 0.5717474818229675 0.14614658057689667
office/seq-02/frame-000022.color.png -0.5282471776008606 -0.679013729095459 0.6065273880958557 0.7919546961784363 -0.0774599090218544 0.585781991481781 0.1538413166999817
office/seq-02/frame-000023.color.png -0.4821755588054657 -0.6986895799636841 0.6339430212974548 0.788861870765686 -0.07698929309844971 0.5891965627670288 0.15689826011657715
office/seq-02/frame-000024.color.png -0.482289582490921 -0.6956312656402588 0.632483959197998 0.7798483371734619 -0.08584722131490707 0.5996254086494446 0.15784825384616852
office/seq-02/frame-000025.color.png -0.4864746034145355 -0.7050880789756775 0.6218885779380798 0.7762504816055298 -0.10433433949947357 0.5995396375656128 0.16462592780590057
office/seq-02/frame-000026.color.png -0.48669883608818054 -0.6884503364562988 0.6436246037483215 0.782836377620697 -0.11044122278690338 0.5917264223098755 0.15757502615451813
office/seq-02/frame-000027.color.png -0.4601801931858063 -0.6837033033370972 0.6463653445243835 0.7806751132011414 -0.11343363672494888 0.5903650522232056 0.1707286834716797
office/seq-02/frame-000028.color.png -0.45011305809020996 -0.6817090511322021 0.6581989526748657 0.7757498621940613 -0.11313806474208832 0.5965193510055542 0.17197853326797485
office/seq-02/frame-000029.color.png -0.44551652669906616 -0.7021563649177551 0.6462761163711548 0.7710617184638977 -0.10930398851633072 0.6056239604949951 0.16351152956485748
office/seq-02/frame-000030.color.png -0.4100385308265686 -0.697893500328064 0.6513941884040833 0.782008707523346 -0.10700644552707672 0.5882247090339661 0.1760786771774292
office/seq-02/frame-000031.color.png -0.41211941838264465 -0.7163497805595398 0.6762292981147766 0.7815380692481995 -0.11346074193716049 0.5882807970046997 0.17392732203006744
office/seq-02/frame-000032.color.png -0.38395431637763977 -0.7209154367446899 0.6771232485771179 0.7773728370666504 -0.11742854118347168 0.592381477355957 0.17602916061878204
office/seq-02/frame-000033.color.png -0.3667502999305725 -0.7323651313781738 0.6783577799797058 0.7760497331619263 -0.12003844231367111 0.5935150980949402 0.17628823220729828
office/seq-02/frame-000034.color.png -0.3675634562969208 -0.7395892143249512 0.7038325071334839 0.7647305727005005 -0.11680293083190918 0.6093801259994507 0.17378151416778564
office/seq-02/frame-000035.color.png -0.34091123938560486 -0.7178918123245239 0.6965000033378601 0.7660711407661438 -0.11652602255344391 0.6054454445838928 0.18163815140724182
office/seq-02/frame-000036.color.png -0.36048629879951477 -0.735402524471283 0.6965845823287964 0.7690428495407104 -0.11737475544214249 0.6041749119758606 0.1725366860628128
office/seq-02/frame-000037.color.png -0.3370751440525055 -0.738686203956604 0.6789549589157104 0.7720743417739868 -0.11539800465106964 0.600380539894104 0.17357347905635834
office/seq-02/frame-000038.color.png -0.33499541878700256 -0.7419557571411133 0.6904290914535522 0.7751351594924927 -0.12102757394313812 0.5956414341926575 0.1724211573600769
office/seq-02/frame-000039.color.png -0.3266221880912781 -0.7396892309188843 0.7069292664527893 0.7723909020423889 -0.12771588563919067 0.5977722406387329 0.17253795266151428
office/seq-02/frame-000040.color.png -0.3385990858078003 -0.7392479181289673 0.7035383582115173 0.7768381237983704 -0.12988337874412537 0.5925711393356323 0.1688559502363205
office/seq-02/frame-000041.color.png -0.2990536689758301 -0.7559619545936584 0.7218504548072815 0.7869879603385925 -0.13190026581287384 0.5796656608581543 0.16504569351673126
office/seq-02/frame-000042.color.png -0.269740492105484 -0.7581852078437805 0.7178481221199036 0.7796077132225037 -0.1341308057308197 0.5879415273666382 0.1689540445804596
office/seq-02/frame-000043.color.png -0.2634531855583191 -0.7608094215393066 0.7264720797538757 0.7701647877693176 -0.14361627399921417 0.5950270891189575 0.1793409138917923
office/seq-02/frame-000044.color.png -0.22305843234062195 -0.774688720703125 0.7351381182670593 0.7822988629341125 -0.1336149424314499 0.5851871967315674 0.1664678156375885
office/seq-02/frame-000045.color.png -0.20232096314430237 -0.7825222015380859 0.7340375185012817 0.7916026711463928 -0.12243858724832535 0.5749419927597046 0.16678056120872498
office/seq-02/frame-000046.color.png -0.2034786492586136 -0.787543535232544 0.7201937437057495 0.787494957447052 -0.12785649299621582 0.5786581635475159 0.16929000616073608
office/seq-02/frame-000047.color.png -0.16683365404605865 -0.8013414144515991 0.7203803658485413 0.7819026112556458 -0.14097477495670319 0.5829641819000244 0.17002126574516296
office/seq-02/frame-000048.color.png -0.15705862641334534 -0.7887896299362183 0.7137473225593567 0.7849277853965759 -0.12716950476169586 0.583476185798645 0.16514179110527039
office/seq-02/frame-000049.color.png -0.14105162024497986 -0.8169495463371277 0.7526391744613647 0.7861042618751526 -0.12412379682064056 0.5845627188682556 0.1578604280948639
office/seq-02/frame-000050.color.png -0.15298858284950256 -0.8070605993270874 0.7294267416000366 0.7895006537437439 -0.12669894099235535 0.5795674324035645 0.15728145837783813
office/seq-02/frame-000051.color.png -0.12902000546455383 -0.808241069316864 0.7277563214302063 0.7806249260902405 -0.1350676417350769 0.5876352787017822 0.16451850533485413
office/seq-02/frame-000052.color.png -0.10751610994338989 -0.802215576171875 0.7344937920570374 0.7861953377723694 -0.13174283504486084 0.5803911685943604 0.16639307141304016
office/seq-02/frame-000053.color.png -0.09554789960384369 -0.8077613711357117 0.7377141714096069 0.793976366519928 -0.12860655784606934 0.5711678862571716 0.1637958586215973
office/seq-02/frame-000054.color.png -0.09586386382579803 -0.8190574645996094 0.7175233960151672 0.7849503755569458 -0.11852914094924927 0.5884464979171753 0.15340976417064667
office/seq-02/frame-000055.color.png -0.08699706196784973 -0.8101087808609009 0.7199373841285706 0.7792366147041321 -0.12453096359968185 0.5936875343322754 0.1575358510017395
office/seq-02/frame-000056.color.png -0.06940649449825287 -0.8236666917800903 0.7131384611129761 0.7870043516159058 -0.13008801639080048 0.5810911059379578 0.16135236620903015
office/seq-02/frame-000057.color.png -0.05791928246617317 -0.8002445697784424 0.7006667256355286 0.7877317070960999 -0.12914405763149261 0.5792974233627319 0.16496969759464264
office/seq-02/frame-000058.color.png -0.06624272465705872 -0.7959792017936707 0.709712564945221 0.7919535636901855 -0.11653443425893784 0.5787473320960999 0.15582311153411865
office/seq-02/frame-000059.color.png -0.04007474705576897 -0.8102623224258423 0.7034320831298828 0.7899043560028076 -0.11755229532718658 0.5814578533172607 0.1553686559200287
office/seq-02/frame-000060.color.png -0.010252121835947037 -0.8186390995979309 0.7075747847557068 0.792964518070221 -0.11422327160835266 0.5766602158546448 0.16007313132286072
office/seq-02/frame-000061.color.png -0.03316108137369156 -0.792171061038971 0.7044100165367126 0.7940452694892883 -0.1101909801363945 0.5746147632598877 0.16482698917388916
office/seq-02/frame-000062.color.png -0.008530747145414352 -0.7933310270309448 0.7094359397888184 0.7843390107154846 -0.11833352595567703 0.585914671421051 0.16587187349796295
office/seq-02/frame-000063.color.png 0.00859086588025093 -0.8018552660942078 0.724600613117218 0.7865518927574158 -0.12082706391811371 0.5808289051055908 0.17139063775539398
office/seq-02/frame-000064.color.png 0.009561572223901749 -0.7869135737419128 0.7039583325386047 0.7874871492385864 -0.11908579617738724 0.5793129801750183 0.1734333038330078
office/seq-02/frame-000065.color.png 0.023610778152942657 -0.8131132125854492 0.7320398688316345 0.784774124622345 -0.12225307524204254 0.5850728750228882 0.16393153369426727
office/seq-02/frame-000066.color.png 0.01856762170791626 -0.7980642318725586 0.7170928716659546 0.7825590968132019 -0.12571628391742706 0.5843937993049622 0.1740131825208664
office/seq-02/frame-000067.color.png 0.04747331514954567 -0.7864758968353271 0.7044169306755066 0.7884911298751831 -0.1282026469707489 0.5758587121963501 0.17387497425079346
office/seq-02/frame-000068.color.png 0.07253816723823547 -0.8030567765235901 0.6932222843170166 0.7849525809288025 -0.12952639162540436 0.5802159905433655 0.17441856861114502
office/seq-02/frame-000069.color.png 0.11364151537418365 -0.8056467771530151 0.7016932964324951 0.7801365852355957 -0.12784883379936218 0.5855914354324341 0.1792324185371399
office/seq-02/frame-000070.color.png 0.1092921644449234 -0.797603189945221 0.6859889030456543 0.7790347337722778 -0.13154374063014984 0.5849161148071289 0.18350516259670258
office/seq-02/frame-000071.color.png 0.1309271603822708 -0.810509443283081 0.6942591071128845 0.7637957334518433 -0.1334199607372284 0.6079047322273254 0.17107628285884857
office/seq-02/frame-000072.color.png 0.12550725042819977 -0.8051117062568665 0.687047004699707 0.7648633122444153 -0.13213013112545013 0.6064180731773376 0.1725771725177765
office/seq-02/frame-000073.color.png 0.14242874085903168 -0.8106188774108887 0.6861451268196106 0.7691720128059387 -0.13471293449401855 0.5968025326728821 0.1845361888408661
office/seq-02/frame-000074.color.png 0.16854897141456604 -0.8119997382164001 0.6504625678062439 0.7647980451583862 -0.14632444083690643 0.6017296314239502 0.17774900794029236
office/seq-02/frame-000075.color.png 0.17158657312393188 -0.8276838064193726 0.6766989827156067 0.7809082865715027 -0.14375251531600952 0.5781455636024475 0.1877899020910263
office/seq-02/frame-000076.color.png 0.21084466576576233 -0.8318814635276794 0.7030133008956909 0.7745893001556396 -0.14079368114471436 0.5907496213912964 0.17664486169815063
office/seq-02/frame-000077.color.png 0.23078545928001404 -0.846222996711731 0.7060475945472717 0.7772670388221741 -0.1343742460012436 0.590326726436615 0.17121315002441406
office/seq-02/frame-000078.color.png 0.22620825469493866 -0.8323633074760437 0.7323926091194153 0.7667186260223389 -0.1383381485939026 0.6019130945205688 0.17523077130317688
office/seq-02/frame-000079.color.png 0.22456473112106323 -0.8550544381141663 0.7256898283958435 0.7642931342124939 -0.13778764009475708 0.6065409183502197 0.17023159563541412
office/seq-02/frame-000080.color.png 0.2571749687194824 -0.8683946132659912 0.7172846794128418 0.7668376564979553 -0.13066411018371582 0.6062400341033936 0.16540838778018951
office/seq-02/frame-000081.color.png 0.25374865531921387 -0.8707635402679443 0.7093669176101685 0.7657899260520935 -0.13293904066085815 0.6068386435508728 0.16625235974788666
office/seq-02/frame-000082.color.png 0.2732434868812561 -0.8768168091773987 0.7068600058555603 0.7566395401954651 -0.1331247240304947 0.6199602484703064 0.15944823622703552
office/seq-02/frame-000083.color.png 0.28601139783859253 -0.8739676475524902 0.7088017463684082 0.761817216873169 -0.1284501701593399 0.6153692007064819 0.1563832014799118
office/seq-02/frame-000084.color.png 0.3068227767944336 -0.8726928234100342 0.7261135578155518 0.7659141421318054 -0.13141441345214844 0.6087403893470764 0.15981565415859222
office/seq-02/frame-000085.color.png 0.30876806378364563 -0.8736556172370911 0.7355771064758301 0.7652114033699036 -0.13269250094890594 0.6094299554824829 0.15949749946594238
office/seq-02/frame-000086.color.png 0.34098923206329346 -0.8877252340316772 0.7176886796951294 0.7616384029388428 -0.12956362962722778 0.6166561841964722 0.15117989480495453
office/seq-02/frame-000087.color.png 0.34348031878471375 -0.9007312059402466 0.7102656364440918 0.7682346701622009 -0.12461472302675247 0.6101981997489929 0.14813797175884247
office/seq-02/frame-000088.color.png 0.3487150967121124 -0.8727602958679199 0.7090590596199036 0.7654265761375427 -0.1270821988582611 0.6146557927131653 0.14202354848384857
office/seq-02/frame-000089.color.png 0.3583926856517792 -0.8951953649520874 0.7117041349411011 0.775058925151825 -0.13246114552021027 0.6024149656295776 0.13723666965961456
office/seq-02/frame-000090.color.png 0.3749472498893738 -0.9019211530685425 0.7231108546257019 0.7844006419181824 -0.1211593896150589 0.5955891609191895 0.12373245507478714
office/seq-02/frame-000091.color.png 0.38180771470069885 -0.8994423747062683 0.7249869704246521 0.7866656184196472 -0.12192932516336441 0.5920732021331787 0.12545867264270782
office/seq-02/frame-000092.color.png 0.39848923683166504 -0.8992660641670227 0.759356677532196 0.7950118780136108 -0.12149225920438766 0.5811648964881897 0.1242702305316925
office/seq-02/frame-000093.color.png 0.3929850161075592 -0.9068604707717896 0.7853013873100281 0.7924689054489136 -0.12239964306354523 0.5844289660453796 0.1243147924542427
office/seq-02/frame-000094.color.png 0.39334413409233093 -0.9152597784996033 0.7251089215278625 0.8023874759674072 -0.11451184749603271 0.5736331939697266 0.11834820359945297
office/seq-02/frame-000095.color.png 0.3959321677684784 -0.9139459133148193 0.7343820929527283 0.7960082292556763 -0.12189310044050217 0.5783501267433167 0.13047698140144348
office/seq-02/frame-000096.color.png 0.41461485624313354 -0.9052146673202515 0.7639772891998291 0.8051174879074097 -0.1265297830104828 0.566541850566864 0.12168138474225998
office/seq-02/frame-000097.color.png 0.40355372428894043 -0.9206064343452454 0.7765758633613586 0.8002005815505981 -0.12014694511890411 0.5768709182739258 0.11164060980081558
office/seq-02/frame-000098.color.png 0.40461546182632446 -0.9675107002258301 0.7840832471847534 0.7938305735588074 -0.1178375631570816 0.5864039063453674 0.109899140894413
office/seq-02/frame-000099.color.png 0.410051167011261 -0.9474217891693115 0.7255069613456726 0.8088430166244507 -0.11793025583028793 0.5658659338951111 0.10798623412847519
office/seq-02/frame-000100.color.png 0.4099019467830658 -0.952940046787262 0.743141770362854 0.8088810443878174 -0.1249084547162056 0.5633221864700317 0.11303676664829254
office/seq-02/frame-000101.color.png 0.39086177945137024 -0.9824151992797852 0.7058483958244324 0.8156136274337769 -0.12317851185798645 0.5547534823417664 0.10885698348283768
office/seq-02/frame-000102.color.png 0.4064127504825592 -0.9756808876991272 0.668369472026825 0.8146460056304932 -0.12154582142829895 0.5567620396614075 0.10767817497253418
office/seq-02/frame-000103.color.png 0.37661781907081604 -0.9987502098083496 0.6805398464202881 0.8240284323692322 -0.12946133315563202 0.5382130742073059 0.12059691548347473
office/seq-02/frame-000104.color.png 0.4168459177017212 -0.973110556602478 0.7265992164611816 0.8229945302009583 -0.12435287982225418 0.5418784618377686 0.11655092984437943
office/seq-02/frame-000105.color.png 0.40704596042633057 -0.9855611324310303 0.7289956212043762 0.8147676587104797 -0.12114604562520981 0.5564846992492676 0.10863789916038513
office/seq-02/frame-000106.color.png 0.4120693802833557 -0.9901834726333618 0.7494373321533203 0.8195434808731079 -0.11986737698316574 0.5491316318511963 0.11151095479726791
office/seq-02/frame-000107.color.png 0.42058780789375305 -1.0029040575027466 0.7445229887962341 0.8203696012496948 -0.12009596079587936 0.5482687950134277 0.10941726714372635
office/seq-02/frame-000108.color.png 0.41769033670425415 -1.0033438205718994 0.7597553730010986 0.8196390271186829 -0.11891874670982361 0.5498446226119995 0.10826407372951508
office/seq-02/frame-000109.color.png 0.3993472158908844 -1.0190569162368774 0.7658631205558777 0.8160470724105835 -0.12178351730108261 0.5536234378814697 0.11285828799009323
office/seq-02/frame-000110.color.png 0.4090612530708313 -1.0221199989318848 0.7870169878005981 0.8138183355331421 -0.12812721729278564 0.554522693157196 0.11742071807384491
office/seq-02/frame-000111.color.png 0.3905976712703705 -1.0171347856521606 0.8319884538650513 0.8011802434921265 -0.13684318959712982 0.5718227624893188 0.11136885732412338
office/seq-02/frame-000112.color.png 0.38951870799064636 -1.0041459798812866 0.8366797566413879 0.7885002493858337 -0.12556609511375427 0.5910410284996033 0.11476505547761917
office/seq-02/frame-000113.color.png 0.39309531450271606 -0.9946068525314331 0.8239488005638123 0.796730101108551 -0.12866172194480896 0.5787436366081238 0.11714562028646469
office/seq-02/frame-000114.color.png 0.36975201964378357 -1.0154672861099243 0.8143599629402161 0.7973252534866333 -0.1276230365037918 0.576911985874176 0.12311509996652603
office/seq-02/frame-000115.color.png 0.3708008825778961 -1.024522066116333 0.8342661261558533 0.7924009561538696 -0.1248861700296402 0.5842863321304321 0.12293726950883865
office/seq-02/frame-000116.color.png 0.3705172836780548 -1.0293292999267578 0.8889783024787903 0.7743757963180542 -0.13167783617973328 0.6060662865638733 0.12524697184562683
office/seq-02/frame-000117.color.png 0.355741947889328 -1.0119094848632812 0.8790088295936584 0.7755495309829712 -0.12630344927310944 0.6057356595993042 0.12511898577213287
office/seq-02/frame-000118.color.png 0.3481653332710266 -1.007405400276184 0.8761510848999023 0.771482527256012 -0.12489061802625656 0.609837532043457 0.1315876543521881
office/seq-02/frame-000119.color.png 0.31408408284187317 -1.0201514959335327 0.9505582451820374 0.7626365423202515 -0.12568874657154083 0.6216399669647217 0.12708894908428192
office/seq-02/frame-000120.color.png 0.2915320098400116 -1.0179932117462158 0.9904525876045227 0.7437633275985718 -0.12751221656799316 0.6438455581665039 0.12656886875629425
office/seq-02/frame-000121.color.png 0.32689589262008667 -0.9935116767883301 0.9685637950897217 0.7554691433906555 -0.12107325345277786 0.6298518776893616 0.13376900553703308
office/seq-02/frame-000122.color.png 0.31792333722114563 -0.9871835708618164 0.9649197459220886 0.7549868226051331 -0.12220728397369385 0.6293625831604004 0.13770611584186554
office/seq-02/frame-000123.color.png 0.3017764389514923 -0.9946074485778809 1.0151286125183105 0.7433960437774658 -0.1237407922744751 0.6420624256134033 0.14073546230793
office/seq-02/frame-000124.color.png 0.31541717052459717 -0.980505645275116 1.0525078773498535 0.7213777303695679 -0.12466911971569061 0.6654659509658813 0.1456945538520813
office/seq-02/frame-000125.color.png 0.32481834292411804 -0.9581245183944702 1.0516276359558105 0.7213992476463318 -0.12387669831514359 0.6649683117866516 0.14850856363773346
office/seq-02/frame-000126.color.png 0.3307575583457947 -0.957770824432373 1.0244821310043335 0.71694016456604 -0.12452736496925354 0.6685108542442322 0.1535675972700119
office/seq-02/frame-000127.color.png 0.31877920031547546 -0.9525251388549805 1.0324522256851196 0.7189384698867798 -0.12748289108276367 0.6650292873382568 0.1568811684846878
office/seq-02/frame-000128.color.png 0.3240506052970886 -0.9450231194496155 1.0640347003936768 0.7192057371139526 -0.12095983326435089 0.6667833924293518 0.15333525836467743
office/seq-02/frame-000129.color.png 0.323324054479599 -0.9450830817222595 1.0503383874893188 0.7054848670959473 -0.12006738036870956 0.6800885200500488 0.1592307686805725
office/seq-02/frame-000130.color.png 0.31525182723999023 -0.9608397483825684 1.0470610857009888 0.7000709176063538 -0.12235112488269806 0.6830223798751831 0.16855654120445251
office/seq-02/frame-000131.color.png 0.3317984342575073 -0.9510314464569092 1.0784062147140503 0.6951219439506531 -0.1226569190621376 0.6884669065475464 0.16665485501289368
office/seq-02/frame-000132.color.png 0.3276580274105072 -0.9640990495681763 1.0761646032333374 0.6743987202644348 -0.1234922781586647 0.7063515782356262 0.17607828974723816
office/seq-02/frame-000133.color.png 0.3022647202014923 -0.9509155750274658 1.0583075284957886 0.669744074344635 -0.12044311314821243 0.7125077247619629 0.17108172178268433
office/seq-02/frame-000134.color.png 0.29759249091148376 -0.958810567855835 1.0775723457336426 0.6748958230018616 -0.12189723551273346 0.7072098255157471 0.17178723216056824
office/seq-02/frame-000135.color.png 0.27553462982177734 -0.9493215084075928 1.0388075113296509 0.6619337201118469 -0.12199834734201431 0.7185218334197998 0.1751757711172104
office/seq-02/frame-000136.color.png 0.2697617709636688 -0.9427926540374756 1.0292037725448608 0.6605238318443298 -0.12378399074077606 0.7189465761184692 0.17748673260211945
office/seq-02/frame-000137.color.png 0.28519207239151 -0.9478051066398621 1.0657250881195068 0.6533848643302917 -0.11318716406822205 0.7262967228889465 0.18102441728115082
office/seq-02/frame-000138.color.png 0.24700383841991425 -0.9523783922195435 1.056370496749878 0.6465650796890259 -0.09957361221313477 0.7359517216682434 0.17439503967761993
office/seq-02/frame-000139.color.png 0.23477885127067566 -0.9620527625083923 1.05284583568573 0.6438407301902771 -0.10642005503177643 0.7363736033439636 0.17859946191310883
office/seq-02/frame-000140.color.png 0.19466301798820496 -0.9728652238845825 1.0501421689987183 0.634790301322937 -0.10004033148288727 0.7458571791648865 0.17530015110969543
office/seq-02/frame-000141.color.png 0.12247171998023987 -0.9687058925628662 0.9954305291175842 0.6425016522407532 -0.10161209851503372 0.7390549778938293 0.1751120686531067
office/seq-02/frame-000142.color.png 0.10283258557319641 -0.9579979181289673 1.0191117525100708 0.6264201402664185 -0.09814377129077911 0.7507074475288391 0.18548257648944855
office/seq-02/frame-000143.color.png 0.14044295251369476 -0.9671924114227295 1.0540390014648438 0.628372311592102 -0.09891755878925323 0.7490643262863159 0.1851111501455307
office/seq-02/frame-000144.color.png 0.11650781333446503 -0.9181448221206665 0.9970096945762634 0.6114476323127747 -0.09901663661003113 0.7607740759849548 0.193778857588768
office/seq-02/frame-000145.color.png 0.11731375753879547 -0.9083661437034607 0.9933136105537415 0.6031011939048767 -0.09337954223155975 0.767573893070221 0.1959068924188614
office/seq-02/frame-000146.color.png 0.09763331711292267 -0.9179726839065552 1.0136696100234985 0.6021366119384766 -0.09257533401250839 0.7683307528495789 0.19628871977329254
office/seq-02/frame-000147.color.png 0.08292365074157715 -0.9118892550468445 1.0188902616500854 0.6126909852027893 -0.08759165555238724 0.7628476023674011 0.18708586692810059
office/seq-02/frame-000148.color.png 0.046889666467905045 -0.9106865525245667 1.0209115743637085 0.6104024052619934 -0.08334744721651077 0.7653326392173767 0.1863541305065155
office/seq-02/frame-000149.color.png 0.015534207224845886 -0.9269884824752808 1.0265225172042847 0.6039666533470154 -0.08699974417686462 0.7678173780441284 0.19522246718406677
office/seq-02/frame-000150.color.png 0.027788404375314713 -0.9098190069198608 0.9919291138648987 0.6031123399734497 -0.08523432910442352 0.7692703604698181 0.1929086446762085
office/seq-02/frame-000151.color.png 0.048921290785074234 -0.925731360912323 1.000880241394043 0.595938503742218 -0.0765482634305954 0.775249719619751 0.19489894807338715
office/seq-02/frame-000152.color.png 0.06897733360528946 -0.9289419054985046 1.0026627779006958 0.5999565720558167 -0.08442535996437073 0.7706741690635681 0.1974479705095291
office/seq-02/frame-000153.color.png 0.015078902244567871 -0.9274919033050537 1.0088207721710205 0.5901700854301453 -0.07746332883834839 0.7770295143127441 0.20475304126739502
office/seq-02/frame-000154.color.png 0.05193671956658363 -0.894502580165863 0.9746615290641785 0.5817597508430481 -0.08592753112316132 0.7803314924240112 0.21273154020309448
office/seq-02/frame-000155.color.png 0.04110037162899971 -0.8981710076332092 0.9617595672607422 0.5983843803405762 -0.0854320079088211 0.7689619660377502 0.20817077159881592
office/seq-02/frame-000156.color.png -0.0019253920763731003 -0.9026122689247131 0.9781121611595154 0.599571943283081 -0.0817907378077507 0.7685204744338989 0.2078462839126587
office/seq-02/frame-000157.color.png -0.039233338087797165 -0.9181031584739685 1.0046577453613281 0.5946475863456726 -0.09214302152395248 0.7684149146080017 0.21781322360038757
office/seq-02/frame-000158.color.png 0.016033336520195007 -0.9126935005187988 1.0002771615982056 0.6009048223495483 -0.09364175796508789 0.7590259313583374 0.23243117332458496
office/seq-02/frame-000159.color.png 0.03365084156394005 -0.897270679473877 0.9638499617576599 0.5992063879966736 -0.10166884958744049 0.7612214684486389 0.2261793315410614
office/seq-02/frame-000160.color.png -0.013858083635568619 -0.897144079208374 0.9595164656639099 0.607903242111206 -0.10597002506256104 0.7513048052787781 0.23401932418346405
office/seq-02/frame-000161.color.png 0.006864260882139206 -0.9086333513259888 0.9600138068199158 0.617004930973053 -0.10434745997190475 0.744955837726593 0.23120827972888947
office/seq-02/frame-000162.color.png 0.04720267653465271 -0.9058155417442322 0.9826480150222778 0.6357065439224243 -0.10776646435260773 0.726005494594574 0.23912249505519867
office/seq-02/frame-000163.color.png 0.07122017443180084 -0.8869045972824097 0.9575561881065369 0.6315110325813293 -0.10622575134038925 0.732345700263977 0.23147258162498474
office/seq-02/frame-000164.color.png 0.04961555078625679 -0.884669840335846 0.9664669632911682 0.6313672661781311 -0.10497471690177917 0.7352352142333984 0.22312499582767487
office/seq-02/frame-000165.color.png 0.003845617175102234 -0.8908572793006897 0.9700319766998291 0.6291202306747437 -0.10084795206785202 0.7379212975502014 0.22250768542289734
office/seq-02/frame-000166.color.png 0.007999736815690994 -0.8891685605049133 0.9630321860313416 0.6340078115463257 -0.10347242653369904 0.7334007620811462 0.22237564623355865
office/seq-02/frame-000167.color.png 0.06436051428318024 -0.8898775577545166 0.969014048576355 0.653847873210907 -0.10403789579868317 0.718835711479187 0.2119770497083664
office/seq-02/frame-000168.color.png 0.010368697345256805 -0.8966739177703857 0.9728835821151733 0.6677830815315247 -0.096673384308815 0.7088419795036316 0.205579936504364
office/seq-02/frame-000169.color.png 0.008045624941587448 -0.8948993682861328 0.9790061116218567 0.6693210601806641 -0.0958147644996643 0.7063912153244019 0.20938098430633545
office/seq-02/frame-000170.color.png -0.025949206203222275 -0.9153472185134888 0.9893198609352112 0.663322389125824 -0.11404552310705185 0.7088483572006226 0.21102410554885864
office/seq-02/frame-000171.color.png -0.09742008149623871 -0.9246641397476196 1.0061105489730835 0.6608700752258301 -0.10462471097707748 0.714470624923706 0.2045392096042633
office/seq-02/frame-000172.color.png -0.08787131309509277 -0.9224179983139038 1.0055421590805054 0.6885828375816345 -0.09071917086839676 0.693753182888031 0.1906047761440277
office/seq-02/frame-000173.color.png -0.07078585028648376 -0.9063253402709961 0.9906535744667053 0.7005721926689148 -0.09137129783630371 0.6834049820899963 0.1838679313659668
office/seq-02/frame-000174.color.png -0.0430569089949131 -0.9252569675445557 1.0192369222640991 0.6906003952026367 -0.08958380669355392 0.6942256689071655 0.1819244921207428
office/seq-02/frame-000175.color.png -0.08709147572517395 -0.9234421849250793 1.0479575395584106 0.6859422326087952 -0.09306107461452484 0.6996065378189087 0.17712607979774475
office/seq-02/frame-000176.color.png -0.14002715051174164 -0.9314988851547241 1.0838186740875244 0.6881446242332458 -0.08278916031122208 0.7008007764816284 0.16876345872879028
office/seq-02/frame-000177.color.png -0.281953364610672 -0.9203787446022034 1.1023120880126953 0.6988064050674438 -0.09060808271169662 0.6889064908027649 0.16990478336811066
office/seq-02/frame-000178.color.png -0.22201508283615112 -0.9293114542961121 1.073074460029602 0.6978988647460938 -0.09059352427721024 0.6914898157119751 0.16300871968269348
office/seq-02/frame-000179.color.png -0.1983688622713089 -0.9405412673950195 1.0816248655319214 0.7118573188781738 -0.07877346873283386 0.6809049844741821 0.15304337441921234
office/seq-02/frame-000180.color.png -0.21127405762672424 -0.9768161177635193 1.0595629215240479 0.7170175313949585 -0.0963207259774208 0.6731597185134888 0.15318048000335693
office/seq-02/frame-000181.color.png -0.23567625880241394 -0.9770057797431946 1.067077875137329 0.7258018851280212 -0.08219324797391891 0.6676068305969238 0.144072487950325
office/seq-02/frame-000182.color.png -0.28068259358406067 -0.9969438314437866 1.0919572114944458 0.7242735624313354 -0.08277947455644608 0.6701908111572266 0.13935419917106628
office/seq-02/frame-000183.color.png -0.2558651268482208 -1.0087164640426636 1.1214017868041992 0.7508679032325745 -0.06908058375120163 0.6432359218597412 0.13293877243995667
office/seq-02/frame-000184.color.png -0.33780616521835327 -0.9939923286437988 1.1173933744430542 0.7534400224685669 -0.06342177093029022 0.6436808705329895 0.1182403713464737
office/seq-02/frame-000185.color.png -0.3121960759162903 -1.0215933322906494 1.0792958736419678 0.743918776512146 -0.0678219422698021 0.6523061394691467 0.12838156521320343
office/seq-02/frame-000186.color.png -0.35813602805137634 -1.0207538604736328 1.109419345855713 0.7459040880203247 -0.07147380709648132 0.6503573060035706 0.12471545487642288
office/seq-02/frame-000187.color.png -0.37003961205482483 -1.0085272789001465 1.1504707336425781 0.7464216947555542 -0.06472530215978622 0.6513952016830444 0.11978960037231445
office/seq-02/frame-000188.color.png -0.31519100069999695 -1.0530492067337036 1.1461994647979736 0.7479628920555115 -0.07004985958337784 0.6494548320770264 0.11769824475049973
office/seq-02/frame-000189.color.png -0.28937867283821106 -1.0319160223007202 1.1376160383224487 0.7523375749588013 -0.05895552784204483 0.6473497748374939 0.10700865834951401
office/seq-02/frame-000190.color.png -0.2396259605884552 -1.1106191873550415 1.2272599935531616 0.7677940130233765 -0.06875726580619812 0.6275137066841125 0.10950421541929245
office/seq-02/frame-000191.color.png -0.26566770672798157 -1.10197114944458 1.191108226776123 0.7594063878059387 -0.05988624691963196 0.6406288146972656 0.09648976475000381
office/seq-02/frame-000192.color.png -0.248891681432724 -1.0885138511657715 1.1671044826507568 0.7769188284873962 -0.058582209050655365 0.618123471736908 0.10434803366661072
office/seq-02/frame-000193.color.png -0.18395714461803436 -1.1096481084823608 1.183848261833191 0.7682876586914062 -0.06555287539958954 0.6286007761955261 0.10147859156131744
office/seq-02/frame-000194.color.png -0.17803385853767395 -1.1275039911270142 1.194911241531372 0.7746772170066833 -0.051472924649715424 0.6230666637420654 0.09494034945964813
office/seq-02/frame-000195.color.png -0.23500293493270874 -1.1179333925247192 1.146615743637085 0.7806299924850464 -0.05087149143218994 0.616366982460022 0.09011466056108475
office/seq-02/frame-000196.color.png -0.25653594732284546 -1.1326472759246826 1.1889495849609375 0.7899230122566223 -0.051381900906562805 0.6048399806022644 0.08689121156930923
office/seq-02/frame-000197.color.png -0.2784196138381958 -1.1303454637527466 1.1813956499099731 0.7978416085243225 -0.047985535115003586 0.5958267450332642 0.07833613455295563
office/seq-02/frame-000198.color.png -0.22896650433540344 -1.1917890310287476 1.2043410539627075 0.8028643727302551 -0.05591275170445442 0.5886372923851013 0.07608368247747421
office/seq-02/frame-000199.color.png -0.2710546553134918 -1.200043797492981 1.237990140914917 0.8042027950286865 -0.06137630343437195 0.5866150856018066 0.07330469787120819
office/seq-02/frame-000200.color.png -0.3498311936855316 -1.185678482055664 1.243929147720337 0.8151955604553223 -0.059451110661029816 0.5711443424224854 0.0756048858165741
office/seq-02/frame-000201.color.png -0.3437054455280304 -1.1836049556732178 1.2014588117599487 0.8170811533927917 -0.0643526092171669 0.5683864951133728 0.07192984968423843
office/seq-02/frame-000202.color.png -0.36730706691741943 -1.1900259256362915 1.2284176349639893 0.8381252884864807 -0.05615789815783501 0.5383179187774658 0.06786931306123734
office/seq-02/frame-000203.color.png -0.3391965329647064 -1.1836646795272827 1.1606694459915161 0.8470441102981567 -0.06606245785951614 0.5221617817878723 0.07415635883808136
office/seq-02/frame-000204.color.png -0.4333198666572571 -1.170596718788147 1.1380523443222046 0.8505996465682983 -0.06538181751966476 0.5159663558006287 0.07735764235258102
office/seq-02/frame-000205.color.png -0.48610571026802063 -1.1688506603240967 1.140802264213562 0.8464450836181641 -0.06576117873191833 0.5232213139533997 0.07379456609487534
office/seq-02/frame-000206.color.png -0.4994548261165619 -1.144381046295166 1.1518837213516235 0.8561829328536987 -0.06771931052207947 0.5067858099937439 0.07438427954912186
office/seq-02/frame-000207.color.png -0.5055772662162781 -1.1552817821502686 1.1872568130493164 0.8613930940628052 -0.06377647072076797 0.49866151809692383 0.07260226458311081
office/seq-02/frame-000208.color.png -0.5708321928977966 -1.151749849319458 1.1538333892822266 0.8616256713867188 -0.0629776269197464 0.49783197045326233 0.07614665478467941
office/seq-02/frame-000209.color.png -0.6039775609970093 -1.16144597530365 1.1144133806228638 0.8740887641906738 -0.0685756728053093 0.47442978620529175 0.07863061130046844
office/seq-02/frame-000210.color.png -0.6292192339897156 -1.1066136360168457 1.0912063121795654 0.8683853149414062 -0.076142318546772 0.4836792051792145 0.07851005345582962
office/seq-02/frame-000211.color.png -0.6707465052604675 -1.097231388092041 1.1123862266540527 0.8669099807739258 -0.07552840560674667 0.48645684123039246 0.07824511080980301
office/seq-02/frame-000212.color.png -0.702321469783783 -1.091806173324585 1.1299468278884888 0.8729507923126221 -0.08271743357181549 0.47410205006599426 0.07963508367538452
office/seq-02/frame-000213.color.png -0.7274820804595947 -1.0695672035217285 1.1385324001312256 0.8715813159942627 -0.08520399779081345 0.4760798513889313 0.0802135020494461
office/seq-02/frame-000214.color.png -0.7307332158088684 -1.0855544805526733 1.1357382535934448 0.8741494417190552 -0.08012685924768448 0.47256162762641907 0.07828311622142792
office/seq-02/frame-000215.color.png -0.718460738658905 -1.0603127479553223 1.1100057363510132 0.8794906139373779 -0.0923057496547699 0.45995986461639404 0.0800800547003746
office/seq-02/frame-000216.color.png -0.7097371220588684 -1.0572245121002197 1.1092016696929932 0.875422477722168 -0.09892766922712326 0.4662434458732605 0.0804106816649437
office/seq-02/frame-000217.color.png -0.721049964427948 -1.0440202951431274 1.0958688259124756 0.8781282305717468 -0.09669685363769531 0.4613818824291229 0.0816529244184494
office/seq-02/frame-000218.color.png -0.7332673668861389 -1.042648434638977 1.0923240184783936 0.8847571611404419 -0.09181542694568634 0.44978681206703186 0.08041547238826752
office/seq-02/frame-000219.color.png -0.7440912127494812 -1.0308539867401123 1.0796680450439453 0.8838803172111511 -0.09600700438022614 0.45098936557769775 0.07840128988027573
office/seq-02/frame-000220.color.png -0.7469143271446228 -1.025649905204773 1.069773554801941 0.8890823125839233 -0.09244401007890701 0.44171038269996643 0.07667373865842819
office/seq-02/frame-000221.color.png -0.7539857625961304 -1.0280489921569824 1.0603270530700684 0.8875038027763367 -0.1008623018860817 0.4432937800884247 0.07519594579935074
office/seq-02/frame-000222.color.png -0.7492918372154236 -1.018362283706665 1.0899162292480469 0.8896543383598328 -0.09123283624649048 0.44105249643325806 0.07526395469903946
office/seq-02/frame-000223.color.png -0.7973476052284241 -0.9952870607376099 1.086482286453247 0.8902391195297241 -0.09964214265346527 0.4366418123245239 0.08300384879112244
office/seq-02/frame-000224.color.png -0.798716127872467 -0.9816321134567261 1.0915457010269165 0.9014575481414795 -0.09355217963457108 0.41537919640541077 0.07798996567726135
office/seq-02/frame-000225.color.png -0.810861349105835 -0.9713793396949768 1.09259831905365 0.9049681425094604 -0.09605947136878967 0.40752437710762024 0.0756920799612999
office/seq-02/frame-000226.color.png -0.8294315934181213 -0.9516556859016418 1.125948190689087 0.897229015827179 -0.10225966572761536 0.4217934012413025 0.08132337778806686
office/seq-02/frame-000227.color.png -0.7907277941703796 -0.9379999041557312 1.0785781145095825 0.9058573246002197 -0.09852054715156555 0.4042239487171173 0.07949355989694595
office/seq-02/frame-000228.color.png -0.7794511914253235 -0.965916633605957 1.069825530052185 0.9093824625015259 -0.09918569028377533 0.39638087153434753 0.07789690047502518
office/seq-02/frame-000229.color.png -0.7793119549751282 -0.9564826488494873 1.0843396186828613 0.9101538062095642 -0.10944763571023941 0.39164331555366516 0.07910099625587463
office/seq-02/frame-000230.color.png -0.8159737586975098 -0.9321010708808899 1.0613983869552612 0.9038310050964355 -0.1112954169511795 0.40571126341819763 0.07810943573713303
office/seq-02/frame-000231.color.png -0.8082526922225952 -0.9128032326698303 1.0680906772613525 0.908879816532135 -0.11704368144273758 0.39220714569091797 0.08007422089576721
office/seq-02/frame-000232.color.png -0.8450901508331299 -0.8936869502067566 1.0700875520706177 0.9040430784225464 -0.12268901616334915 0.4012732207775116 0.08144628256559372
office/seq-02/frame-000233.color.png -0.8457925915718079 -0.8957957029342651 1.0645350217819214 0.9076286554336548 -0.12402479350566864 0.39365360140800476 0.07658348232507706
office/seq-02/frame-000234.color.png -0.8330150842666626 -0.8722100853919983 1.0544248819351196 0.9048334360122681 -0.12332820892333984 0.400066077709198 0.0775480717420578
office/seq-02/frame-000235.color.png -0.8453831672668457 -0.8838008642196655 1.0793719291687012 0.9071359038352966 -0.12734898924827576 0.39355430006980896 0.07746989279985428
office/seq-02/frame-000236.color.png -0.8325768709182739 -0.8778255581855774 1.0871315002441406 0.9101646542549133 -0.12985311448574066 0.3855192959308624 0.0781872496008873
office/seq-02/frame-000237.color.png -0.8411256670951843 -0.8604690432548523 1.1086944341659546 0.9123585820198059 -0.1280638575553894 0.38167738914489746 0.07432246208190918
office/seq-02/frame-000238.color.png -0.8324375748634338 -0.8745065331459045 1.0979771614074707 0.9138312339782715 -0.1322590708732605 0.37660613656044006 0.07475031912326813
office/seq-02/frame-000239.color.png -0.8237819075584412 -0.8476563692092896 1.093612790107727 0.9164687395095825 -0.1335248500108719 0.3692809045314789 0.07673177123069763
office/seq-02/frame-000240.color.png -0.8299363255500793 -0.8448502421379089 1.0796865224838257 0.9148141741752625 -0.13282513618469238 0.37389835715293884 0.07531515508890152
office/seq-02/frame-000241.color.png -0.8290188908576965 -0.8541620969772339 1.0602424144744873 0.9177013635635376 -0.13355590403079987 0.36663827300071716 0.07458861917257309
office/seq-02/frame-000242.color.png -0.8249920010566711 -0.8553245067596436 1.0636225938796997 0.9228561520576477 -0.1314341425895691 0.3548736870288849 0.07159770280122757
office/seq-02/frame-000243.color.png -0.8541018962860107 -0.8537202477455139 1.0696099996566772 0.9201816916465759 -0.1379784196615219 0.35920870304107666 0.07208916544914246
office/seq-02/frame-000244.color.png -0.8677896857261658 -0.8532392978668213 1.0757097005844116 0.9237692356109619 -0.13349869847297668 0.35169699788093567 0.07167946547269821
office/seq-02/frame-000245.color.png -0.8623315691947937 -0.8486751317977905 1.0572446584701538 0.9253032207489014 -0.12848064303398132 0.3500191867351532 0.06923412531614304
office/seq-02/frame-000246.color.png -0.8624411821365356 -0.8562708497047424 1.0511420965194702 0.9283275008201599 -0.127974733710289 0.3419835865497589 0.06984137743711472
office/seq-02/frame-000247.color.png -0.8681396842002869 -0.8428840637207031 1.0499893426895142 0.9324656128883362 -0.12003028392791748 0.3345591127872467 0.06458209455013275
office/seq-02/frame-000248.color.png -0.8523914217948914 -0.830902636051178 1.0172163248062134 0.940811812877655 -0.11769650131464005 0.3115646541118622 0.06283404678106308
office/seq-02/frame-000249.color.png -0.8744555711746216 -0.8428536653518677 1.0521996021270752 0.9431958198547363 -0.11391349881887436 0.30504825711250305 0.0659620463848114
office/seq-02/frame-000250.color.png -0.884209930896759 -0.8360658884048462 1.0496418476104736 0.944348156452179 -0.12498914450407028 0.2964596748352051 0.06852695345878601
office/seq-02/frame-000251.color.png -0.885686457157135 -0.8349328637123108 1.0457146167755127 0.9482325315475464 -0.12987954914569855 0.28195008635520935 0.0670105442404747
office/seq-02/frame-000252.color.png -0.8963645100593567 -0.8244050741195679 1.04378342628479 0.9511647820472717 -0.12721598148345947 0.2734575569629669 0.06574678421020508
office/seq-02/frame-000253.color.png -0.8994689583778381 -0.8196041584014893 1.0439515113830566 0.9471246600151062 -0.13265034556388855 0.28524136543273926 0.06321585923433304
office/seq-02/frame-000254.color.png -0.9095965027809143 -0.8289316892623901 1.043443202972412 0.9493941068649292 -0.1273289918899536 0.2800147831439972 0.06348136067390442
office/seq-02/frame-000255.color.png -0.9128600358963013 -0.8206700682640076 1.022885799407959 0.9521126747131348 -0.12166326493024826 0.27277234196662903 0.06538271903991699
office/seq-02/frame-000256.color.png -0.9306659698486328 -0.7988911867141724 1.03033447265625 0.9542939066886902 -0.11971314996480942 0.2658061385154724 0.06587158888578415
office/seq-02/frame-000257.color.png -0.9147834181785583 -0.8095116019248962 1.0144438743591309 0.9547666311264038 -0.12231860309839249 0.26208654046058655 0.06905914843082428
office/seq-02/frame-000258.color.png -0.927760660648346 -0.8079073429107666 1.02747642993927 0.9550276398658752 -0.1114792674779892 0.2650451362133026 0.07242696732282639
office/seq-02/frame-000259.color.png -0.941544234752655 -0.7936683893203735 1.0085206031799316 0.9599407315254211 -0.10793180763721466 0.24692274630069733 0.07677027583122253
office/seq-02/frame-000260.color.png -0.9550089836120605 -0.7918968200683594 1.0136207342147827 0.9615759253501892 -0.12049587070941925 0.2365940511226654 0.06982558220624924
office/seq-02/frame-000261.color.png -0.9501422047615051 -0.8069970607757568 1.0216288566589355 0.9600039124488831 -0.1200295090675354 0.24175965785980225 0.07441501319408417
office/seq-02/frame-000262.color.png -0.9572348594665527 -0.8012661933898926 1.0318217277526855 0.9610469341278076 -0.12083878368139267 0.23763112723827362 0.07292529195547104
office/seq-02/frame-000263.color.png -0.973916232585907 -0.7955734133720398 1.0407356023788452 0.9617504477500916 -0.12111422419548035 0.2364327609539032 0.06683553010225296
office/seq-02/frame-000264.color.png -0.9718009829521179 -0.7999963760375977 1.0448285341262817 0.9624371528625488 -0.11026749014854431 0.2403995841741562 0.06134985387325287
office/seq-02/frame-000265.color.png -0.9724767804145813 -0.7947128415107727 1.0363861322402954 0.9636608362197876 -0.10621123760938644 0.23711296916007996 0.06208384782075882
office/seq-02/frame-000266.color.png -0.9769017100334167 -0.7957882881164551 1.0171817541122437 0.969464898109436 -0.1079370304942131 0.2116832137107849 0.060642920434474945
office/seq-02/frame-000267.color.png -0.9825158715248108 -0.8041456341743469 1.0053801536560059 0.9685820937156677 -0.1030544862151146 0.21900615096092224 0.05713825672864914
office/seq-02/frame-000268.color.png -0.9812827706336975 -0.8026873469352722 0.9972838759422302 0.9719581007957458 -0.10563771426677704 0.20428165793418884 0.04906294122338295
office/seq-02/frame-000269.color.png -0.989608108997345 -0.7967656254768372 1.0033535957336426 0.9756710529327393 -0.09957487881183624 0.18966834247112274 0.04665594547986984
office/seq-02/frame-000270.color.png -0.9963513016700745 -0.8021571636199951 1.0027987957000732 0.9746950268745422 -0.10117781162261963 0.1948847621679306 0.041861772537231445
office/seq-02/frame-000271.color.png -0.9994876980781555 -0.7951456904411316 1.004364252090454 0.9719182848930359 -0.1014009416103363 0.20921920239925385 0.03633231297135353
office/seq-02/frame-000272.color.png -1.0022633075714111 -0.798095166683197 0.9929558634757996 0.9750105738639832 -0.10446296632289886 0.1924198865890503 0.0376349575817585
office/seq-02/frame-000273.color.png -0.99928218126297 -0.8011878728866577 1.002855658531189 0.9732667803764343 -0.10858988761901855 0.19940084218978882 0.03463026508688927
office/seq-02/frame-000274.color.png -0.9865490794181824 -0.8011355400085449 0.9921210408210754 0.9744555950164795 -0.10671549290418625 0.19491776823997498 0.03248533979058266
office/seq-02/frame-000275.color.png -0.9952636361122131 -0.7883637547492981 0.9922974705696106 0.9750526547431946 -0.10315590351819992 0.19313058257102966 0.036494091153144836
office/seq-02/frame-000276.color.png -0.9776750206947327 -0.8128843903541565 0.9887698292732239 0.9729918241500854 -0.10343167185783386 0.20365025103092194 0.033396508544683456
office/seq-02/frame-000277.color.png -0.9942808747291565 -0.7982276082038879 0.9946154952049255 0.9753226637840271 -0.102432020008564 0.19276949763298035 0.03306632488965988
office/seq-02/frame-000278.color.png -0.9944638609886169 -0.7934911251068115 0.9994389414787292 0.9735444188117981 -0.10426543653011322 0.19947530329227448 0.03936424478888512
office/seq-02/frame-000279.color.png -0.9984862208366394 -0.794747531414032 1.0165261030197144 0.971625804901123 -0.11061203479766846 0.2038935273885727 0.04621356725692749
office/seq-02/frame-000280.color.png -1.0007091760635376 -0.8006589412689209 1.0352519750595093 0.9713584780693054 -0.11358042806386948 0.2035413384437561 0.04618450254201889
office/seq-02/frame-000281.color.png -1.0061264038085938 -0.79449862241745 1.0283583402633667 0.9717146158218384 -0.11776408553123474 0.19941268861293793 0.0462239533662796
office/seq-02/frame-000282.color.png -0.9858179688453674 -0.8004581332206726 1.0308341979980469 0.9720434546470642 -0.1165180429816246 0.19889222085475922 0.04468577355146408
office/seq-02/frame-000283.color.png -0.9752573370933533 -0.7942259311676025 1.0586278438568115 0.9737855792045593 -0.11093998700380325 0.19363021850585938 0.04405815526843071
office/seq-02/frame-000284.color.png -0.9907872080802917 -0.777194619178772 1.0499376058578491 0.9740874171257019 -0.10726269334554672 0.1932370960712433 0.048037972301244736
office/seq-02/frame-000285.color.png -0.9778026938438416 -0.79131019115448 1.0522202253341675 0.9755492806434631 -0.10020628571510315 0.19036522507667542 0.04498077183961868
office/seq-02/frame-000286.color.png -0.9784330725669861 -0.8066624999046326 1.053404688835144 0.9783679246902466 -0.09981449693441391 0.17594748735427856 0.04331057146191597
office/seq-02/frame-000287.color.png -0.9948717951774597 -0.7996460795402527 1.0589848756790161 0.977206289768219 -0.0996006429195404 0.1822277456521988 0.04405152425169945
office/seq-02/frame-000288.color.png -1.017902135848999 -0.8118481040000916 1.0645157098770142 0.978701651096344 -0.10552341490983963 0.17114585638046265 0.041435275226831436
office/seq-02/frame-000289.color.png -1.0114991664886475 -0.81468266248703 1.0659019947052002 0.976421594619751 -0.11722301691770554 0.17573198676109314 0.04447285458445549
office/seq-02/frame-000290.color.png -0.9909453988075256 -0.8119760155677795 1.089734673500061 0.9759107828140259 -0.11315669864416122 0.17949199676513672 0.05075670778751373
office/seq-02/frame-000291.color.png -0.9805212616920471 -0.8177692294120789 1.0885940790176392 0.9755957722663879 -0.12147454917430878 0.17685161530971527 0.04669353365898132
office/seq-02/frame-000292.color.png -1.0036355257034302 -0.8121196627616882 1.0737102031707764 0.9781366586685181 -0.11850248277187347 0.1665513962507248 0.03829638659954071
office/seq-02/frame-000293.color.png -1.001607894897461 -0.8026143908500671 1.0852437019348145 0.9821162819862366 -0.1146562322974205 0.14582957327365875 0.032176561653614044
office/seq-02/frame-000294.color.png -0.9785123467445374 -0.7956179976463318 1.092385172843933 0.9806580543518066 -0.12229802459478378 0.14934702217578888 0.032379500567913055
office/seq-02/frame-000295.color.png -0.9434664249420166 -0.7869701385498047 1.1024214029312134 0.9789408445358276 -0.1258716881275177 0.15595215559005737 0.03886006772518158
office/seq-02/frame-000296.color.png -0.9423579573631287 -0.7915114760398865 1.098982810974121 0.9771972894668579 -0.13335487246513367 0.1622694432735443 0.03115435503423214
office/seq-02/frame-000297.color.png -0.9423579573631287 -0.7915114760398865 1.098982810974121 0.9771972894668579 -0.13335487246513367 0.1622694432735443 0.03115435503423214
office/seq-02/frame-000298.color.png -0.9054934978485107 -0.7911733984947205 1.0801817178726196 0.9782055020332336 -0.12996503710746765 0.15971407294273376 0.026727337390184402
office/seq-02/frame-000299.color.png -0.9023110270500183 -0.7988969087600708 1.0627027750015259 0.9786273241043091 -0.1311037689447403 0.15542219579219818 0.030729951336979866
office/seq-02/frame-000300.color.png -0.8969900608062744 -0.806297779083252 1.0683633089065552 0.9797505736351013 -0.1279040426015854 0.15128637850284576 0.029013963416218758
office/seq-02/frame-000301.color.png -0.9042410850524902 -0.7988319396972656 1.0707887411117554 0.9786587357521057 -0.12797705829143524 0.15878023207187653 0.02525627799332142
office/seq-02/frame-000302.color.png -0.9042410850524902 -0.7988319396972656 1.0707887411117554 0.9786587357521057 -0.12797705829143524 0.15878023207187653 0.02525627799332142
office/seq-02/frame-000303.color.png -0.8697513937950134 -0.8041343092918396 1.038730502128601 0.9776778817176819 -0.13006725907325745 0.1631089150905609 0.024985235184431076
office/seq-02/frame-000304.color.png -0.8631672263145447 -0.79538893699646 1.0425292253494263 0.9785189032554626 -0.13156484067440033 0.15597960352897644 0.02935231849551201
office/seq-02/frame-000305.color.png -0.8455555438995361 -0.8053830862045288 1.0531647205352783 0.9764023423194885 -0.12771040201187134 0.17133930325508118 0.03116711787879467
office/seq-02/frame-000306.color.png -0.8455555438995361 -0.8053830862045288 1.0531647205352783 0.9764023423194885 -0.12771040201187134 0.17133930325508118 0.03116711787879467
office/seq-02/frame-000307.color.png -0.869896411895752 -0.8082525134086609 1.027523398399353 0.9774218201637268 -0.1290217638015747 0.165610671043396 0.023938771337270737
office/seq-02/frame-000308.color.png -0.8206648826599121 -0.8074596524238586 1.0512479543685913 0.9783297181129456 -0.1385018229484558 0.15200628340244293 0.02412741631269455
office/seq-02/frame-000309.color.png -0.7918460965156555 -0.8164674043655396 1.0659277439117432 0.9792227745056152 -0.14212548732757568 0.14286509156227112 0.0226412583142519
office/seq-02/frame-000310.color.png -0.7918460965156555 -0.8164674043655396 1.0659277439117432 0.9792227745056152 -0.14212548732757568 0.14286509156227112 0.0226412583142519
office/seq-02/frame-000311.color.png -0.7983948588371277 -0.8488117456436157 1.078870415687561 0.9846647381782532 -0.13886131346225739 0.10393884032964706 0.01869298703968525
office/seq-02/frame-000312.color.png -0.7859276533126831 -0.8471295833587646 1.0761730670928955 0.9845340847969055 -0.13369186222553253 0.11215314269065857 0.015515225939452648
office/seq-02/frame-000313.color.png -0.7581513524055481 -0.8422508835792542 1.0850638151168823 0.9873148798942566 -0.13869138062000275 0.07603300362825394 0.013891615904867649
office/seq-02/frame-000314.color.png -0.7581513524055481 -0.8422508835792542 1.0850638151168823 0.9873148798942566 -0.13869138062000275 0.07603300362825394 0.013891615904867649
office/seq-02/frame-000315.color.png -0.7639788389205933 -0.8483942151069641 1.0985912084579468 0.9859413504600525 -0.14246220886707306 0.08719417452812195 0.004624018445611
office/seq-02/frame-000316.color.png -0.7646865248680115 -0.8513062596321106 1.097012996673584 0.9872862100601196 -0.14529912173748016 0.0644313395023346 -0.0016382471658289433
office/seq-02/frame-000317.color.png -0.7368796467781067 -0.8392870426177979 1.0766627788543701 0.986875593662262 -0.15373411774635315 0.04929351061582565 -0.0035506440326571465
office/seq-02/frame-000318.color.png -0.7368796467781067 -0.8392870426177979 1.0766627788543701 0.986875593662262 -0.15373411774635315 0.04929351061582565 -0.0035506440326571465
office/seq-02/frame-000319.color.png -0.719663679599762 -0.8300431966781616 1.108948826789856 0.9855998158454895 -0.1647018939256668 0.03774361312389374 -0.006475029047578573
office/seq-02/frame-000320.color.png -0.7289860844612122 -0.848363995552063 1.1191219091415405 0.9861789345741272 -0.16190195083618164 0.033492978662252426 -0.010831049643456936
office/seq-02/frame-000321.color.png -0.7211007475852966 -0.8771708607673645 1.074082612991333 0.9856176376342773 -0.16747525334358215 0.013776867650449276 -0.01789459027349949
office/seq-02/frame-000322.color.png -0.7211007475852966 -0.8771708607673645 1.074082612991333 0.9856176376342773 -0.16747525334358215 0.013776867650449276 -0.01789459027349949
office/seq-02/frame-000323.color.png -0.7163429856300354 -0.8725442886352539 1.069719910621643 0.9851213693618774 -0.16988863050937653 0.015712056308984756 -0.020664386451244354
office/seq-02/frame-000324.color.png -0.6842117309570312 -0.8755488991737366 1.0808457136154175 0.9854190349578857 -0.16795821487903595 0.009488683193922043 -0.025480693206191063
office/seq-02/frame-000325.color.png -0.6916095614433289 -0.8954446315765381 1.0547789335250854 0.98390793800354 -0.175718292593956 0.007961971685290337 -0.031381864100694656
office/seq-02/frame-000326.color.png -0.6916095614433289 -0.8954446315765381 1.0547789335250854 0.98390793800354 -0.175718292593956 0.007961971685290337 -0.031381864100694656
office/seq-02/frame-000327.color.png -0.7389480471611023 -0.8857928514480591 1.046027421951294 0.9837719202041626 -0.176273912191391 -0.0003925359051208943 -0.03346855193376541
office/seq-02/frame-000328.color.png -0.7357721328735352 -0.8934434652328491 1.0374900102615356 0.9829412698745728 -0.17985478043556213 -0.0034322517458349466 -0.038302529603242874
office/seq-02/frame-000329.color.png -0.7560535669326782 -0.9174108505249023 1.0193811655044556 0.9822676181793213 -0.18136847019195557 -0.019616328179836273 -0.043254200369119644
office/seq-02/frame-000330.color.png -0.7780047059059143 -0.8918423056602478 1.023078441619873 0.9820050001144409 -0.18105308711528778 -0.03461722657084465 -0.04108070582151413
office/seq-02/frame-000331.color.png -0.7961613535881042 -0.8999134302139282 0.9989531636238098 0.9833540320396423 -0.17492221295833588 -0.019390184432268143 -0.045180946588516235
office/seq-02/frame-000332.color.png -0.7961613535881042 -0.8999134302139282 0.9989531636238098 0.9833540320396423 -0.17492221295833588 -0.019390184432268143 -0.045180946588516235
office/seq-02/frame-000333.color.png -0.8122824430465698 -0.9344525933265686 1.0041731595993042 0.9820567965507507 -0.179758682847023 -0.032040033489465714 -0.04716800898313522
office/seq-02/frame-000334.color.png -0.8585022687911987 -0.9422175884246826 1.0172942876815796 0.9807878136634827 -0.1850341558456421 -0.042701300233602524 -0.04465654119849205
office/seq-02/frame-000335.color.png -0.8869485855102539 -0.9551331400871277 0.9854797720909119 0.9805205464363098 -0.18126508593559265 -0.05627553164958954 -0.05055173113942146
office/seq-02/frame-000336.color.png -0.9244275689125061 -0.965642511844635 0.9814243912696838 0.9804618954658508 -0.1780996471643448 -0.06543534994125366 -0.05189523473381996
office/seq-02/frame-000337.color.png -0.9506356716156006 -0.9771943092346191 0.9625388979911804 0.9794242978096008 -0.18367867171764374 -0.06905832141637802 -0.04713010415434837
office/seq-02/frame-000338.color.png -0.9506356716156006 -0.9771943092346191 0.9625388979911804 0.9794242978096008 -0.18367867171764374 -0.06905832141637802 -0.04713010415434837
office/seq-02/frame-000339.color.png -0.969565212726593 -0.9909329414367676 0.9592185616493225 0.9777057766914368 -0.1818511188030243 -0.09133440256118774 -0.051764123141765594
office/seq-02/frame-000340.color.png -0.9758571982383728 -0.994204044342041 0.9711400866508484 0.9754497408866882 -0.18361037969589233 -0.11284478008747101 -0.04529014229774475
office/seq-02/frame-000341.color.png -0.9768404364585876 -1.0030370950698853 0.9731612205505371 0.9749675989151001 -0.17907258868217468 -0.12474867701530457 -0.04253171384334564
office/seq-02/frame-000342.color.png -0.9713886976242065 -0.9992828369140625 0.9717603921890259 0.9752932786941528 -0.17175495624542236 -0.1292753666639328 -0.050903189927339554
office/seq-02/frame-000343.color.png -0.9713886976242065 -0.9992828369140625 0.9717603921890259 0.9752932786941528 -0.17175495624542236 -0.1292753666639328 -0.050903189927339554
office/seq-02/frame-000344.color.png -0.9775844216346741 -0.997162938117981 0.965773344039917 0.970730721950531 -0.17281368374824524 -0.1598590612411499 -0.04756344482302666
office/seq-02/frame-000345.color.png -0.9870163798332214 -0.9874920845031738 0.9638108611106873 0.9690067768096924 -0.17239052057266235 -0.16825956106185913 -0.05473718047142029
office/seq-02/frame-000346.color.png -1.009691834449768 -0.9809882044792175 0.9584780931472778 0.9670971632003784 -0.17419660091400146 -0.17783823609352112 -0.0524602085351944
office/seq-02/frame-000347.color.png -1.0030666589736938 -0.9957611560821533 0.9559218287467957 0.9668811559677124 -0.16330751776695251 -0.1898474246263504 -0.049291063100099564
office/seq-02/frame-000348.color.png -1.0088258981704712 -0.9741103649139404 0.9443767070770264 0.9635175466537476 -0.1648712456226349 -0.20291529595851898 -0.0572444349527359
office/seq-02/frame-000349.color.png -1.0088258981704712 -0.9741103649139404 0.9443767070770264 0.9635175466537476 -0.1648712456226349 -0.20291529595851898 -0.0572444349527359
office/seq-02/frame-000350.color.png -1.0264146327972412 -0.9706524014472961 0.9523916244506836 0.9633676409721375 -0.17312520742416382 -0.1980418860912323 -0.05224839597940445
office/seq-02/frame-000351.color.png -1.0166656970977783 -0.9743117094039917 0.9516963362693787 0.9635918736457825 -0.17562627792358398 -0.19653452932834625 -0.04494677111506462
office/seq-02/frame-000352.color.png -1.0324079990386963 -0.9747574329376221 0.94089674949646 0.9618269205093384 -0.1767406463623047 -0.20388562977313995 -0.045633465051651
office/seq-02/frame-000353.color.png -1.046067476272583 -0.9831151366233826 0.9397311806678772 0.9596626162528992 -0.1836732178926468 -0.20737117528915405 -0.04805335775017738
office/seq-02/frame-000354.color.png -1.046067476272583 -0.9831151366233826 0.9397311806678772 0.9596626162528992 -0.1836732178926468 -0.20737117528915405 -0.04805335775017738
office/seq-02/frame-000355.color.png -1.0450248718261719 -0.9783015251159668 0.9309661388397217 0.9531692862510681 -0.17885205149650574 -0.23920027911663055 -0.04757694900035858
office/seq-02/frame-000356.color.png -1.0464965105056763 -0.9738078117370605 0.9373446106910706 0.9510729312896729 -0.1781960129737854 -0.24786385893821716 -0.04764263331890106
office/seq-02/frame-000357.color.png -1.0426690578460693 -0.9726946353912354 0.9312558174133301 0.9520111083984375 -0.17975883185863495 -0.24303990602493286 -0.04788661748170853
office/seq-02/frame-000358.color.png -1.0459040403366089 -0.9761821031570435 0.9161804914474487 0.9523585438728333 -0.17964953184127808 -0.24129846692085266 -0.050142258405685425
office/seq-02/frame-000359.color.png -1.0459040403366089 -0.9761821031570435 0.9161804914474487 0.9523585438728333 -0.17964953184127808 -0.24129846692085266 -0.050142258405685425
office/seq-02/frame-000360.color.png -1.0511255264282227 -0.9867954254150391 0.9289659857749939 0.950786292552948 -0.18407411873340607 -0.24484196305274963 -0.04663347452878952
office/seq-02/frame-000361.color.png -1.0716012716293335 -0.9915913343429565 0.9238428473472595 0.9482754468917847 -0.18624703586101532 -0.25204506516456604 -0.05058664828538895
office/seq-02/frame-000362.color.png -1.066271185874939 -1.0072633028030396 0.924852728843689 0.9488295316696167 -0.19038672745227814 -0.24571022391319275 -0.055693671107292175
office/seq-02/frame-000363.color.png -1.0713608264923096 -1.0108389854431152 0.9210179448127747 0.9480566382408142 -0.1874678134918213 -0.2493796944618225 -0.062082793563604355
office/seq-02/frame-000364.color.png -1.0713608264923096 -1.0108389854431152 0.9210179448127747 0.9480566382408142 -0.1874678134918213 -0.2493796944618225 -0.062082793563604355
office/seq-02/frame-000365.color.png -1.0756031274795532 -1.0230098962783813 0.9261138439178467 0.9450218677520752 -0.19055993854999542 -0.25885874032974243 -0.0601055771112442
office/seq-02/frame-000366.color.png -1.07957124710083 -1.0210901498794556 0.9198466539382935 0.950368344783783 -0.1856202334165573 -0.24021676182746887 -0.06812506914138794
office/seq-02/frame-000367.color.png -1.078612208366394 -1.0396559238433838 0.9081090092658997 0.9462829232215881 -0.18720228970050812 -0.2559202313423157 -0.06331491470336914
office/seq-02/frame-000368.color.png -1.0770518779754639 -1.0261616706848145 0.9113081097602844 0.9486512541770935 -0.1917566955089569 -0.24200890958309174 -0.06871647387742996
office/seq-02/frame-000369.color.png -1.0770518779754639 -1.0261616706848145 0.9113081097602844 0.9486512541770935 -0.1917566955089569 -0.24200890958309174 -0.06871647387742996
office/seq-02/frame-000370.color.png -1.0938622951507568 -1.0192115306854248 0.8979519009590149 0.9450007677078247 -0.18781794607639313 -0.2586804926395416 -0.06915605813264847
office/seq-02/frame-000371.color.png -1.0860624313354492 -1.0153765678405762 0.8937005996704102 0.9443194270133972 -0.17846517264842987 -0.2670920193195343 -0.07122505456209183
office/seq-02/frame-000372.color.png -1.0932903289794922 -1.0033584833145142 0.8839308023452759 0.9442028999328613 -0.1839068979024887 -0.2614985406398773 -0.07923104614019394
office/seq-02/frame-000373.color.png -1.101420283317566 -1.0067956447601318 0.8853439092636108 0.9433792233467102 -0.1811324954032898 -0.2647434175014496 -0.08448386937379837
office/seq-02/frame-000374.color.png -1.118567705154419 -1.0190995931625366 0.9062511324882507 0.9412925243377686 -0.1819862574338913 -0.2709513306617737 -0.08622550964355469
office/seq-02/frame-000375.color.png -1.118567705154419 -1.0190995931625366 0.9062511324882507 0.9412925243377686 -0.1819862574338913 -0.2709513306617737 -0.08622550964355469
office/seq-02/frame-000376.color.png -1.1206717491149902 -1.0228945016860962 0.8863991498947144 0.9386000633239746 -0.18456679582595825 -0.27744174003601074 -0.08939327299594879
office/seq-02/frame-000377.color.png -1.1355186700820923 -1.025666356086731 0.8905020952224731 0.9369022250175476 -0.18982945382595062 -0.2772569954395294 -0.09647516906261444
office/seq-02/frame-000378.color.png -1.1414352655410767 -1.0258336067199707 0.8901910781860352 0.9355342388153076 -0.18358278274536133 -0.2881568968296051 -0.08965715020895004
office/seq-02/frame-000379.color.png -1.1320486068725586 -1.029824137687683 0.8728010654449463 0.9401156306266785 -0.1868189126253128 -0.26975953578948975 -0.09225436300039291
office/seq-02/frame-000380.color.png -1.1535818576812744 -1.0339280366897583 0.8570075035095215 0.9360527396202087 -0.192805215716362 -0.2775455117225647 -0.09797775745391846
office/seq-02/frame-000381.color.png -1.1535818576812744 -1.0339280366897583 0.8570075035095215 0.9360527396202087 -0.192805215716362 -0.2775455117225647 -0.09797775745391846
office/seq-02/frame-000382.color.png -1.1625080108642578 -1.0271888971328735 0.85061115026474 0.9337627291679382 -0.19035004079341888 -0.28709667921066284 -0.09710618108510971
office/seq-02/frame-000383.color.png -1.1568152904510498 -1.03501558303833 0.865705132484436 0.9341256618499756 -0.1824677437543869 -0.2907070219516754 -0.09800062328577042
office/seq-02/frame-000384.color.png -1.1646047830581665 -1.0329573154449463 0.8704361319541931 0.9369948506355286 -0.18818753957748413 -0.27799901366233826 -0.09665732085704803
office/seq-02/frame-000385.color.png -1.1682690382003784 -1.0318092107772827 0.8647916913032532 0.9358624815940857 -0.19029153883457184 -0.2809922695159912 -0.09483642876148224
office/seq-02/frame-000386.color.png -1.1682690382003784 -1.0318092107772827 0.8647916913032532 0.9358624815940857 -0.19029153883457184 -0.2809922695159912 -0.09483642876148224
office/seq-02/frame-000387.color.png -1.164750576019287 -1.0398507118225098 0.8728532195091248 0.936898946762085 -0.19307897984981537 -0.27595892548561096 -0.09374172240495682
office/seq-02/frame-000388.color.png -1.1706516742706299 -1.0442016124725342 0.8696838617324829 0.9336982369422913 -0.1905079483985901 -0.2872052788734436 -0.09709592908620834
office/seq-02/frame-000389.color.png -1.158441424369812 -1.0536763668060303 0.8649303913116455 0.9247144460678101 -0.19090205430984497 -0.3107931613922119 -0.10893715918064117
office/seq-02/frame-000390.color.png -1.1600080728530884 -1.0633352994918823 0.8623006343841553 0.9235321879386902 -0.19702044129371643 -0.30851075053215027 -0.11442234367132187
office/seq-02/frame-000391.color.png -1.1718977689743042 -1.0620794296264648 0.8483172059059143 0.9216436743736267 -0.20222784578800201 -0.3134494125843048 -0.10689336806535721
office/seq-02/frame-000392.color.png -1.1718977689743042 -1.0620794296264648 0.8483172059059143 0.9216436743736267 -0.20222784578800201 -0.3134494125843048 -0.10689336806535721
office/seq-02/frame-000393.color.png -1.1679105758666992 -1.0669121742248535 0.8412432074546814 0.9217721223831177 -0.21185661852359772 -0.3077316880226135 -0.10370257496833801
office/seq-02/frame-000394.color.png -1.1746383905410767 -1.0520730018615723 0.8422848582267761 0.9146960973739624 -0.2121775597333908 -0.324775367975235 -0.11328105628490448
office/seq-02/frame-000395.color.png -1.1840052604675293 -1.0562264919281006 0.8392419219017029 0.9063809514045715 -0.217568039894104 -0.3432735800743103 -0.11532992124557495
office/seq-02/frame-000396.color.png -1.1729416847229004 -1.063567042350769 0.8468830585479736 0.902564287185669 -0.22103211283683777 -0.34978604316711426 -0.11904705315828323
office/seq-02/frame-000397.color.png -1.1830092668533325 -1.0625052452087402 0.8398349285125732 0.9024893045425415 -0.22524400055408478 -0.3471335768699646 -0.11948518455028534
office/seq-02/frame-000398.color.png -1.1830092668533325 -1.0625052452087402 0.8398349285125732 0.9024893045425415 -0.22524400055408478 -0.3471335768699646 -0.11948518455028534
office/seq-02/frame-000399.color.png -1.1741044521331787 -1.0512964725494385 0.8252115249633789 0.8937128186225891 -0.22248251736164093 -0.36862674355506897 -0.12606820464134216
office/seq-02/frame-000400.color.png -1.159922480583191 -1.0578606128692627 0.8300599455833435 0.8969323039054871 -0.2196802943944931 -0.3643302023410797 -0.12048371881246567
office/seq-02/frame-000401.color.png -1.1599860191345215 -1.0657964944839478 0.8394706845283508 0.8880906105041504 -0.22157466411590576 -0.38152405619621277 -0.12899354100227356
office/seq-02/frame-000402.color.png -1.159920334815979 -1.0676865577697754 0.8538938164710999 0.8867731094360352 -0.21661952137947083 -0.38586533069610596 -0.13348165154457092
office/seq-02/frame-000403.color.png -1.154129981994629 -1.0555975437164307 0.8461841344833374 0.8836261630058289 -0.22361858189105988 -0.3893011808395386 -0.1328316330909729
office/seq-02/frame-000404.color.png -1.154129981994629 -1.0555975437164307 0.8461841344833374 0.8836261630058289 -0.22361858189105988 -0.3893011808395386 -0.1328316330909729
office/seq-02/frame-000405.color.png -1.1535972356796265 -1.0594955682754517 0.8623670339584351 0.8776124715805054 -0.2215912789106369 -0.40264999866485596 -0.13625980913639069
office/seq-02/frame-000406.color.png -1.1535520553588867 -1.055296778678894 0.8731749653816223 0.878774881362915 -0.22360271215438843 -0.39873453974723816 -0.13699346780776978
office/seq-02/frame-000407.color.png -1.143953800201416 -1.0506839752197266 0.8737109303474426 0.8810123205184937 -0.22293749451637268 -0.3958253562450409 -0.13205517828464508
office/seq-02/frame-000408.color.png -1.1427135467529297 -1.062628984451294 0.8654637336730957 0.8787826299667358 -0.2232755869626999 -0.40179693698883057 -0.12825137376785278
office/seq-02/frame-000409.color.png -1.1422929763793945 -1.0550462007522583 0.8650748133659363 0.878127932548523 -0.22822582721710205 -0.4012826383113861 -0.12560488283634186
office/seq-02/frame-000410.color.png -1.1422929763793945 -1.0550462007522583 0.8650748133659363 0.878127932548523 -0.22822582721710205 -0.4012826383113861 -0.12560488283634186
office/seq-02/frame-000411.color.png -1.1336283683776855 -1.0537248849868774 0.8673174381256104 0.8742359280586243 -0.22554731369018555 -0.41062039136886597 -0.12740054726600647
office/seq-02/frame-000412.color.png -1.109420657157898 -1.0581964254379272 0.8522322773933411 0.8618588447570801 -0.22833406925201416 -0.43217554688453674 -0.1352299302816391
office/seq-02/frame-000413.color.png -1.100800633430481 -1.0796600580215454 0.8828151226043701 0.8655603528022766 -0.23482483625411987 -0.4250310957431793 -0.12252037227153778
office/seq-02/frame-000414.color.png -1.099689245223999 -1.059937596321106 0.8698047399520874 0.8605904579162598 -0.24013176560401917 -0.4291079044342041 -0.13261675834655762
office/seq-02/frame-000415.color.png -1.1006864309310913 -1.0481467247009277 0.8623444437980652 0.8531126379966736 -0.2333967536687851 -0.4447863698005676 -0.14103123545646667
office/seq-02/frame-000416.color.png -1.0912460088729858 -1.045162320137024 0.8693276047706604 0.8508928418159485 -0.23833051323890686 -0.44597095251083374 -0.14244282245635986
office/seq-02/frame-000417.color.png -1.0912460088729858 -1.045162320137024 0.8693276047706604 0.8508928418159485 -0.23833051323890686 -0.44597095251083374 -0.14244282245635986
office/seq-02/frame-000418.color.png -1.087231159210205 -1.047245979309082 0.8568128943443298 0.8513971567153931 -0.25207269191741943 -0.4374969005584717 -0.14205244183540344
office/seq-02/frame-000419.color.png -1.085830807685852 -1.048720121383667 0.8718301653862 0.8512873649597168 -0.25231823325157166 -0.4388543963432312 -0.13802991807460785
office/seq-02/frame-000420.color.png -1.0834333896636963 -1.0560318231582642 0.8713240027427673 0.8577944040298462 -0.25544750690460205 -0.42667892575263977 -0.12992426753044128
office/seq-02/frame-000421.color.png -1.071189522743225 -1.0589890480041504 0.87357097864151 0.8467119932174683 -0.24698972702026367 -0.44947803020477295 -0.1415778398513794
office/seq-02/frame-000422.color.png -1.0742090940475464 -1.0470046997070312 0.8676628470420837 0.8553326725959778 -0.24203170835971832 -0.43616732954978943 -0.1399456262588501
office/seq-02/frame-000423.color.png -1.0742090940475464 -1.0470046997070312 0.8676628470420837 0.8553326725959778 -0.24203170835971832 -0.43616732954978943 -0.1399456262588501
office/seq-02/frame-000424.color.png -1.0839823484420776 -1.0398733615875244 0.8631673455238342 0.8578877449035645 -0.25544020533561707 -0.4280734956264496 -0.12462744861841202
office/seq-02/frame-000425.color.png -1.0830104351043701 -1.045306921005249 0.8605776429176331 0.8790267705917358 -0.255844384431839 -0.3842628300189972 -0.11915469169616699
office/seq-02/frame-000426.color.png -1.083985447883606 -1.0370179414749146 0.8620454668998718 0.8644616603851318 -0.26162663102149963 -0.40927672386169434 -0.1294214129447937
office/seq-02/frame-000427.color.png -1.088221549987793 -1.038238286972046 0.8628081679344177 0.8715006113052368 -0.25425979495048523 -0.3997507095336914 -0.1266416758298874
office/seq-02/frame-000428.color.png -1.084482192993164 -1.0410505533218384 0.8771787285804749 0.8694245219230652 -0.24731533229351044 -0.407924085855484 -0.1285848468542099
office/seq-02/frame-000429.color.png -1.0987679958343506 -1.052656888961792 0.8961633443832397 0.9168193936347961 -0.2521190345287323 -0.2995808720588684 -0.07829181849956512
office/seq-02/frame-000430.color.png -1.0987679958343506 -1.052656888961792 0.8961633443832397 0.9168193936347961 -0.2521190345287323 -0.2995808720588684 -0.07829181849956512
office/seq-02/frame-000431.color.png -1.076651692390442 -1.0477219820022583 0.8670636415481567 0.8860235810279846 -0.2545942962169647 -0.3705300986766815 -0.11336410045623779
office/seq-02/frame-000432.color.png -1.106764793395996 -1.0423970222473145 0.863673746585846 0.8631167411804199 -0.2468176931142807 -0.4193064272403717 -0.13525040447711945
office/seq-02/frame-000433.color.png -1.1023331880569458 -1.0376805067062378 0.8449637293815613 0.8536903858184814 -0.24642428755760193 -0.4359600841999054 -0.1429212987422943
office/seq-02/frame-000434.color.png -1.0803333520889282 -1.0408262014389038 0.8488888740539551 0.8484490513801575 -0.24763678014278412 -0.4447828233242035 -0.1448393166065216
office/seq-02/frame-000435.color.png -1.0803333520889282 -1.0408262014389038 0.8488888740539551 0.8484490513801575 -0.24763678014278412 -0.4447828233242035 -0.1448393166065216
office/seq-02/frame-000436.color.png -1.0878766775131226 -1.0502707958221436 0.8417114019393921 0.844505250453949 -0.24622663855552673 -0.45176932215690613 -0.14862027764320374
office/seq-02/frame-000437.color.png -1.0837137699127197 -1.0573674440383911 0.8105177283287048 0.8384090662002563 -0.2549332082271576 -0.45720115303993225 -0.1518114060163498
office/seq-02/frame-000438.color.png -1.0861213207244873 -1.0748422145843506 0.8161947727203369 0.8365722894668579 -0.24450106918811798 -0.46484342217445374 -0.1558419167995453
office/seq-02/frame-000439.color.png -1.07756507396698 -1.0822079181671143 0.8331096172332764 0.828758955001831 -0.2425294667482376 -0.476879745721817 -0.1640842705965042
office/seq-02/frame-000440.color.png -1.084006905555725 -1.0774799585342407 0.8338982462882996 0.8286537528038025 -0.24744701385498047 -0.4760042130947113 -0.15975886583328247
office/seq-02/frame-000441.color.png -1.0814520120620728 -1.0807682275772095 0.8485031127929688 0.825131356716156 -0.2442110776901245 -0.48032358288764954 -0.16973094642162323
office/seq-02/frame-000442.color.png -1.0814520120620728 -1.0807682275772095 0.8485031127929688 0.825131356716156 -0.2442110776901245 -0.48032358288764954 -0.16973094642162323
office/seq-02/frame-000443.color.png -1.0993643999099731 -1.078437089920044 0.8145465850830078 0.8183322548866272 -0.2482687085866928 -0.4913155734539032 -0.1652396023273468
office/seq-02/frame-000444.color.png -1.0882142782211304 -1.0797616243362427 0.810075044631958 0.8204264640808105 -0.2472686469554901 -0.48754528164863586 -0.16750602424144745
office/seq-02/frame-000445.color.png -1.0853297710418701 -1.069075345993042 0.8067019581794739 0.8136163353919983 -0.25247806310653687 -0.4935183525085449 -0.17527930438518524
office/seq-02/frame-000446.color.png -1.0883069038391113 -1.0827152729034424 0.8077141046524048 0.8128196001052856 -0.24569503962993622 -0.4982422888278961 -0.17525051534175873
office/seq-02/frame-000447.color.png -1.084835171699524 -1.0766392946243286 0.8253756165504456 0.8102437257766724 -0.24871936440467834 -0.5014138221740723 -0.17386165261268616
office/seq-02/frame-000448.color.png -1.0710221529006958 -1.080196738243103 0.8093030452728271 0.8124718070030212 -0.24837923049926758 -0.496945321559906 -0.1767554134130478
office/seq-02/frame-000449.color.png -1.0831842422485352 -1.0780258178710938 0.8091782927513123 0.8126522302627563 -0.2471054643392563 -0.4965105354785919 -0.1789204478263855
office/seq-02/frame-000450.color.png -1.0831842422485352 -1.0780258178710938 0.8091782927513123 0.8126522302627563 -0.2471054643392563 -0.4965105354785919 -0.1789204478263855
office/seq-02/frame-000451.color.png -1.0887614488601685 -1.0733230113983154 0.8171570897102356 0.8096041679382324 -0.2487151324748993 -0.5003222227096558 -0.17988736927509308
office/seq-02/frame-000452.color.png -1.0812945365905762 -1.073216199874878 0.8226168751716614 0.8073757290840149 -0.24092616140842438 -0.5050525069236755 -0.18713867664337158
office/seq-02/frame-000453.color.png -1.0714157819747925 -1.0624139308929443 0.826022207736969 0.8083518743515015 -0.23998993635177612 -0.504837691783905 -0.18469126522541046
office/seq-02/frame-000454.color.png -1.0619194507598877 -1.0887678861618042 0.8308783173561096 0.8044187426567078 -0.2393983006477356 -0.5088225603103638 -0.19156895577907562
office/seq-02/frame-000455.color.png -1.0682209730148315 -1.0721874237060547 0.8193562030792236 0.8017518520355225 -0.23793770372867584 -0.5123311281204224 -0.19518235325813293
office/seq-02/frame-000456.color.png -1.0566082000732422 -1.086195707321167 0.8206537365913391 0.8039523959159851 -0.24280627071857452 -0.5086864829063416 -0.18958811461925507
office/seq-02/frame-000457.color.png -1.0745693445205688 -1.086094617843628 0.8423783183097839 0.8046507239341736 -0.24051496386528015 -0.5076885223388672 -0.19220328330993652
office/seq-02/frame-000458.color.png -1.0595723390579224 -1.0808228254318237 0.8083168864250183 0.8122861981391907 -0.2439240664243698 -0.49663570523262024 -0.18451276421546936
office/seq-02/frame-000459.color.png -1.0595723390579224 -1.0808228254318237 0.8083168864250183 0.8122861981391907 -0.2439240664243698 -0.49663570523262024 -0.18451276421546936
office/seq-02/frame-000460.color.png -1.0704697370529175 -1.0754469633102417 0.8184126019477844 0.8059855103492737 -0.24741031229496002 -0.5021662712097168 -0.19236589968204498
office/seq-02/frame-000461.color.png -1.082800269126892 -1.0926145315170288 0.8377697467803955 0.8076729774475098 -0.24273675680160522 -0.5023746490478516 -0.1906905472278595
office/seq-02/frame-000462.color.png -1.0688997507095337 -1.0981779098510742 0.8462718725204468 0.8028709292411804 -0.24267609417438507 -0.5089799761772156 -0.19350916147232056
office/seq-02/frame-000463.color.png -1.045417308807373 -1.1031748056411743 0.8353140950202942 0.8090753555297852 -0.24628561735153198 -0.500388503074646 -0.18534238636493683
office/seq-02/frame-000464.color.png -1.066615104675293 -1.1072306632995605 0.8205702304840088 0.8092557787895203 -0.24652448296546936 -0.49799489974975586 -0.19060944020748138
office/seq-02/frame-000465.color.png -1.0740811824798584 -1.113379955291748 0.8191694021224976 0.8065431714057922 -0.2503316104412079 -0.5002130270004272 -0.19133520126342773
office/seq-02/frame-000466.color.png -1.0682216882705688 -1.10893714427948 0.8225985169410706 0.8072760701179504 -0.24718542397022247 -0.5012471675872803 -0.18962085247039795
office/seq-02/frame-000467.color.png -1.06621515750885 -1.109466314315796 0.8380588889122009 0.8079593777656555 -0.2497216761112213 -0.49978262186050415 -0.18723779916763306
office/seq-02/frame-000468.color.png -1.072866678237915 -1.1169908046722412 0.8638295531272888 0.8059096336364746 -0.2467818707227707 -0.5020381808280945 -0.19381941854953766
office/seq-02/frame-000469.color.png -1.0762367248535156 -1.129276156425476 0.8875936269760132 0.815511167049408 -0.23498022556304932 -0.49582579731941223 -0.18407215178012848
office/seq-02/frame-000470.color.png -1.066490650177002 -1.1218478679656982 0.8791836500167847 0.8126153945922852 -0.2448352873325348 -0.49485957622528076 -0.18661725521087646
office/seq-02/frame-000471.color.png -1.066490650177002 -1.1218478679656982 0.8791836500167847 0.8126153945922852 -0.2448352873325348 -0.49485957622528076 -0.18661725521087646
office/seq-02/frame-000472.color.png -1.0807286500930786 -1.1201956272125244 0.8885415196418762 0.8162922859191895 -0.24380375444889069 -0.4892367422580719 -0.18674588203430176
office/seq-02/frame-000473.color.png -1.0615324974060059 -1.146346926689148 0.8844916224479675 0.8224827647209167 -0.2457752674818039 -0.47709915041923523 -0.1883959025144577
office/seq-02/frame-000474.color.png -1.0578670501708984 -1.1424610614776611 0.8721719980239868 0.8147726058959961 -0.24610596895217896 -0.4900651276111603 -0.18818488717079163
office/seq-02/frame-000475.color.png -1.0450068712234497 -1.1538231372833252 0.8741279244422913 0.8188872933387756 -0.24720154702663422 -0.48198792338371277 -0.18974359333515167
office/seq-02/frame-000476.color.png -1.049683690071106 -1.1478124856948853 0.8767739534378052 0.8188859820365906 -0.2502501606941223 -0.4801119863986969 -0.19050750136375427
office/seq-02/frame-000477.color.png -1.0459587574005127 -1.138433814048767 0.8659781217575073 0.8139097690582275 -0.24286210536956787 -0.49426954984664917 -0.18511267006397247
office/seq-02/frame-000478.color.png -1.0429086685180664 -1.1381189823150635 0.8517546653747559 0.8149605393409729 -0.2377249300479889 -0.4911687672138214 -0.1951395720243454
office/seq-02/frame-000479.color.png -1.0530340671539307 -1.1263909339904785 0.9013821482658386 0.8210715055465698 -0.23619914054870605 -0.4836633503437042 -0.1900559663772583
office/seq-02/frame-000480.color.png -1.0207898616790771 -1.1542383432388306 0.9115395545959473 0.8223786354064941 -0.23865288496017456 -0.48042309284210205 -0.18955713510513306
office/seq-02/frame-000481.color.png -1.0119389295578003 -1.1499863862991333 0.8961519002914429 0.8179870843887329 -0.24504272639751434 -0.4847860038280487 -0.18929830193519592
office/seq-02/frame-000482.color.png -1.0108882188796997 -1.1625152826309204 0.9157401919364929 0.811851441860199 -0.24606500566005707 -0.49539515376091003 -0.18690377473831177
office/seq-02/frame-000483.color.png -1.0045545101165771 -1.1614307165145874 0.9289976358413696 0.8107479810714722 -0.238167405128479 -0.4998631775379181 -0.1900024712085724
office/seq-02/frame-000484.color.png -0.9904546141624451 -1.1749637126922607 0.9208047986030579 0.8188050389289856 -0.23742221295833588 -0.48723629117012024 -0.18918204307556152
office/seq-02/frame-000485.color.png -0.9946455359458923 -1.1578083038330078 0.9112383723258972 0.8127087354660034 -0.2459431141614914 -0.493423193693161 -0.18854670226573944
office/seq-02/frame-000486.color.png -0.9946455359458923 -1.1578083038330078 0.9112383723258972 0.8127087354660034 -0.2459431141614914 -0.493423193693161 -0.18854670226573944
office/seq-02/frame-000487.color.png -0.9911156296730042 -1.1651440858840942 0.9731962084770203 0.8064034581184387 -0.23549582064151764 -0.5063779950141907 -0.19451601803302765
office/seq-02/frame-000488.color.png -0.9493733644485474 -1.1818286180496216 0.9403263330459595 0.819187343120575 -0.23619335889816284 -0.48484042286872864 -0.19512714445590973
office/seq-02/frame-000489.color.png -0.9260051250457764 -1.2041581869125366 0.9451714754104614 0.8177021145820618 -0.24362127482891083 -0.4837583601474762 -0.19490967690944672
office/seq-02/frame-000490.color.png -0.9167922735214233 -1.1934521198272705 0.9563516974449158 0.8253639340400696 -0.23831208050251007 -0.47480830550193787 -0.1911512166261673
office/seq-02/frame-000491.color.png -0.9125858545303345 -1.1871761083602905 0.9554995894432068 0.8210983276367188 -0.24170942604541779 -0.47967007756233215 -0.19310829043388367
office/seq-02/frame-000492.color.png -0.9127362370491028 -1.189710259437561 0.9372028708457947 0.8174729943275452 -0.2366410493850708 -0.48727741837501526 -0.1957026869058609
office/seq-02/frame-000493.color.png -0.908017098903656 -1.199692726135254 0.9656115770339966 0.8106940388679504 -0.2347477823495865 -0.5005829930305481 -0.192575603723526
office/seq-02/frame-000494.color.png -0.8488661646842957 -1.2056031227111816 0.9792336821556091 0.8126963376998901 -0.2255515456199646 -0.49787023663520813 -0.2019319087266922
office/seq-02/frame-000495.color.png -0.8012906312942505 -1.2363834381103516 0.9803730845451355 0.8213669061660767 -0.24010364711284637 -0.47676876187324524 -0.20099328458309174
office/seq-02/frame-000496.color.png -0.8112844824790955 -1.2264130115509033 0.9806570410728455 0.8196988105773926 -0.23677445948123932 -0.4827696681022644 -0.1973952054977417
office/seq-02/frame-000497.color.png -0.7629432082176208 -1.2375195026397705 0.9739568829536438 0.8136478066444397 -0.24198018014431 -0.4852089583873749 -0.20975032448768616
office/seq-02/frame-000498.color.png -0.733288049697876 -1.255861759185791 0.9338040351867676 0.8241211771965027 -0.23785051703453064 -0.46989449858665466 -0.20844829082489014
office/seq-02/frame-000499.color.png -0.7775824666023254 -1.201914668083191 0.9313549995422363 0.8220136165618896 -0.24532577395439148 -0.474854975938797 -0.19652366638183594
office/seq-02/frame-000500.color.png -0.7775824666023254 -1.201914668083191 0.9313549995422363 0.8220136165618896 -0.24532577395439148 -0.474854975938797 -0.19652366638183594
office/seq-02/frame-000501.color.png -0.7612426280975342 -1.1898090839385986 0.9593261480331421 0.8231709003448486 -0.23643308877944946 -0.4779476523399353 -0.19507752358913422
office/seq-02/frame-000502.color.png -0.7648889422416687 -1.1902588605880737 0.9703980088233948 0.8217761516571045 -0.23926421999931335 -0.4768514037132263 -0.2001229077577591
office/seq-02/frame-000503.color.png -0.7566812634468079 -1.223591685295105 0.970329999923706 0.8347032070159912 -0.2311294674873352 -0.4616146385669708 -0.19173379242420197
office/seq-02/frame-000504.color.png -0.7524629831314087 -1.2117626667022705 0.9651174545288086 0.8624851703643799 -0.20894847810268402 -0.4177433252334595 -0.19480839371681213
office/seq-02/frame-000505.color.png -0.7077941298484802 -1.207578182220459 0.9965094923973083 0.8634090423583984 -0.202597513794899 -0.4124019145965576 -0.20833536982536316
office/seq-02/frame-000506.color.png -0.6596894264221191 -1.1995140314102173 1.0139292478561401 0.8426524996757507 -0.21101249754428864 -0.4502120912075043 -0.20668700337409973
office/seq-02/frame-000507.color.png -0.6566247344017029 -1.1597422361373901 1.0062289237976074 0.8422207832336426 -0.19549761712551117 -0.45923352241516113 -0.2038365751504898
office/seq-02/frame-000508.color.png -0.6305983662605286 -1.1854017972946167 1.042898178100586 0.8348323702812195 -0.19670861959457397 -0.4707183539867401 -0.20684556663036346
office/seq-02/frame-000509.color.png -0.6009988188743591 -1.1945252418518066 1.0719926357269287 0.8486815094947815 -0.20628546178340912 -0.4396420419216156 -0.2095251977443695
office/seq-02/frame-000510.color.png -0.6338854432106018 -1.1621590852737427 1.0905680656433105 0.8466856479644775 -0.20383259654045105 -0.447433203458786 -0.20341834425926208
office/seq-02/frame-000511.color.png -0.6637479662895203 -1.1883065700531006 1.1083977222442627 0.8621230721473694 -0.19679352641105652 -0.4227463901042938 -0.19824665784835815
office/seq-02/frame-000512.color.png -0.6260722279548645 -1.167787790298462 1.1526741981506348 0.8620045781135559 -0.19492819905281067 -0.41709962487220764 -0.21208229660987854
office/seq-02/frame-000513.color.png -0.6104552745819092 -1.116917371749878 1.1459914445877075 0.8378143310546875 -0.20852522552013397 -0.4563286602497101 -0.215286985039711
office/seq-02/frame-000514.color.png -0.5852508544921875 -1.1264605522155762 1.1560672521591187 0.8475801348686218 -0.20007890462875366 -0.4450620412826538 -0.20855729281902313
office/seq-02/frame-000515.color.png -0.6093958616256714 -1.1238833665847778 1.1611382961273193 0.8441548347473145 -0.1860925257205963 -0.4604528248310089 -0.2018798440694809
office/seq-02/frame-000516.color.png -0.6093958616256714 -1.1238833665847778 1.1611382961273193 0.8441548347473145 -0.1860925257205963 -0.4604528248310089 -0.2018798440694809
office/seq-02/frame-000517.color.png -0.620060920715332 -1.1051604747772217 1.1776220798492432 0.8400528430938721 -0.190195694565773 -0.4652435779571533 -0.20416976511478424
office/seq-02/frame-000518.color.png -0.6195029020309448 -1.1062132120132446 1.1797664165496826 0.8388323783874512 -0.19241328537464142 -0.46452173590660095 -0.20870250463485718
office/seq-02/frame-000519.color.png -0.6228973865509033 -1.0965086221694946 1.2081907987594604 0.8383618593215942 -0.1913064569234848 -0.46467849612236023 -0.21124641597270966
office/seq-02/frame-000520.color.png -0.6263525485992432 -1.0901778936386108 1.2094731330871582 0.8343693017959595 -0.1842418760061264 -0.4739944338798523 -0.2126311957836151
office/seq-02/frame-000521.color.png -0.6143079400062561 -1.0792922973632812 1.2196205854415894 0.8329866528511047 -0.179947167634964 -0.4784904718399048 -0.21165822446346283
office/seq-02/frame-000522.color.png -0.6177012920379639 -1.0606976747512817 1.230671763420105 0.8434090614318848 -0.17344188690185547 -0.456991583108902 -0.22301983833312988
office/seq-02/frame-000523.color.png -0.6026509404182434 -1.0613774061203003 1.2387739419937134 0.8341275453567505 -0.1778109073638916 -0.47025179862976074 -0.2268870323896408
office/seq-02/frame-000524.color.png -0.5996487736701965 -1.0567865371704102 1.2524938583374023 0.818212628364563 -0.168320894241333 -0.5040785074234009 -0.21931962668895721
office/seq-02/frame-000525.color.png -0.5848148465156555 -1.0545856952667236 1.2609816789627075 0.812912106513977 -0.16598635911941528 -0.512042760848999 -0.22233892977237701
office/seq-02/frame-000526.color.png -0.5772028565406799 -1.0491416454315186 1.2688268423080444 0.803283154964447 -0.1673130840063095 -0.5239942073822021 -0.22841337323188782
office/seq-02/frame-000527.color.png -0.575218677520752 -1.0237524509429932 1.2665513753890991 0.7997518181800842 -0.16528375446796417 -0.5273986458778381 -0.23436948657035828
office/seq-02/frame-000528.color.png -0.5749194025993347 -1.0180562734603882 1.2891011238098145 0.8012464046478271 -0.1684926152229309 -0.5222819447517395 -0.23840340971946716
office/seq-02/frame-000529.color.png -0.5380746126174927 -1.0214537382125854 1.2903305292129517 0.7933778762817383 -0.15813595056533813 -0.5345888137817383 -0.2444574534893036
office/seq-02/frame-000530.color.png -0.551994264125824 -1.014436960220337 1.311929702758789 0.7855324745178223 -0.15178585052490234 -0.5494868159294128 -0.2407573163509369
office/seq-02/frame-000531.color.png -0.5530287623405457 -1.0237715244293213 1.3206597566604614 0.7926234006881714 -0.14370529353618622 -0.5407232046127319 -0.24231259524822235
office/seq-02/frame-000532.color.png -0.5346822738647461 -1.0164406299591064 1.3164035081863403 0.7824987769126892 -0.1386307328939438 -0.5538785457611084 -0.24838584661483765
office/seq-02/frame-000533.color.png -0.5258033871650696 -1.0169833898544312 1.3071863651275635 0.7945185303688049 -0.1337638944387436 -0.5402111411094666 -0.24293939769268036
office/seq-02/frame-000534.color.png -0.502848207950592 -1.0336008071899414 1.3655441999435425 0.7968473434448242 -0.12797971069812775 -0.5391772389411926 -0.2407141774892807
office/seq-02/frame-000535.color.png -0.4949171841144562 -1.0104084014892578 1.3129987716674805 0.8047767877578735 -0.11915291845798492 -0.5330111980438232 -0.23245689272880554
office/seq-02/frame-000536.color.png -0.4958629906177521 -0.9985150098800659 1.3089935779571533 0.8081952929496765 -0.11044655740261078 -0.5326753258705139 -0.2255639135837555
office/seq-02/frame-000537.color.png -0.47649890184402466 -0.9983081817626953 1.2844318151474 0.7946787476539612 -0.12670405209064484 -0.5463911294937134 -0.23213882744312286
office/seq-02/frame-000538.color.png -0.47614821791648865 -1.0003979206085205 1.3006354570388794 0.7851420044898987 -0.13026785850524902 -0.5582019686698914 -0.23450592160224915
office/seq-02/frame-000539.color.png -0.503967821598053 -1.0056928396224976 1.299123764038086 0.7701389193534851 -0.1268981397151947 -0.5840290188789368 -0.22291934490203857
office/seq-02/frame-000540.color.png -0.51976078748703 -1.0119102001190186 1.3361603021621704 0.764940083026886 -0.13812877237796783 -0.5844783186912537 -0.23274953663349152
office/seq-02/frame-000541.color.png -0.5230972766876221 -1.0127618312835693 1.3351293802261353 0.756070613861084 -0.12941797077655792 -0.5970650315284729 -0.2347799688577652
office/seq-02/frame-000542.color.png -0.49735966324806213 -1.0234161615371704 1.3300678730010986 0.7506341934204102 -0.13262613117694855 -0.6028748154640198 -0.23558562994003296
office/seq-02/frame-000543.color.png -0.4938492476940155 -1.0032156705856323 1.3162496089935303 0.7478474974632263 -0.14770157635211945 -0.6004769206047058 -0.2415282130241394
office/seq-02/frame-000544.color.png -0.4722035825252533 -1.0100538730621338 1.3177030086517334 0.7347421646118164 -0.14177483320236206 -0.618012547492981 -0.24106915295124054
office/seq-02/frame-000545.color.png -0.4543837606906891 -1.012472152709961 1.32333505153656 0.7362929582595825 -0.14769700169563293 -0.6118462085723877 -0.24839961528778076
office/seq-02/frame-000546.color.png -0.44505104422569275 -0.9899122714996338 1.3161360025405884 0.7429527640342712 -0.1427750587463379 -0.6060908436775208 -0.24554090201854706
office/seq-02/frame-000547.color.png -0.4325066804885864 -1.000889778137207 1.3186670541763306 0.7383456230163574 -0.14225894212722778 -0.6131017804145813 -0.24231098592281342
office/seq-02/frame-000548.color.png -0.43580126762390137 -0.9949043989181519 1.302250623703003 0.7405992746353149 -0.14595861732959747 -0.6091205477714539 -0.2432713657617569
office/seq-02/frame-000549.color.png -0.41813015937805176 -0.9934004545211792 1.2882360219955444 0.7346493005752563 -0.14566539227962494 -0.6174277663230896 -0.24053053557872772
office/seq-02/frame-000550.color.png -0.4007718563079834 -0.9983985424041748 1.300981879234314 0.7421863675117493 -0.13979390263557434 -0.6096063256263733 -0.24082568287849426
office/seq-02/frame-000551.color.png -0.38678839802742004 -0.9928994178771973 1.3059335947036743 0.7414036393165588 -0.1387629210948944 -0.611946165561676 -0.2378811240196228
office/seq-02/frame-000552.color.png -0.36060962080955505 -0.9751008152961731 1.2639944553375244 0.7504681944847107 -0.13774928450584412 -0.601913571357727 -0.2356327772140503
office/seq-02/frame-000553.color.png -0.3396790027618408 -0.9956995248794556 1.2683525085449219 0.7502726912498474 -0.14222753047943115 -0.6004438996315002 -0.23733796179294586
office/seq-02/frame-000554.color.png -0.3283829689025879 -0.9824745655059814 1.2746179103851318 0.7461212873458862 -0.13868728280067444 -0.608568012714386 -0.2317621409893036
office/seq-02/frame-000555.color.png -0.3262850344181061 -0.989246129989624 1.258291482925415 0.7507944107055664 -0.13770820200443268 -0.6023795008659363 -0.23341573774814606
office/seq-02/frame-000556.color.png -0.3158336281776428 -0.9859127998352051 1.2631717920303345 0.7488515973091125 -0.13151389360427856 -0.608863890171051 -0.22629684209823608
office/seq-02/frame-000557.color.png -0.28359654545783997 -0.9926725625991821 1.2649918794631958 0.751038670539856 -0.1314062774181366 -0.6076329946517944 -0.2223859578371048
office/seq-02/frame-000558.color.png -0.2653636932373047 -0.9793332815170288 1.2470375299453735 0.7661623954772949 -0.13123881816864014 -0.5904561877250671 -0.21710194647312164
office/seq-02/frame-000559.color.png -0.2881844937801361 -0.9594279527664185 1.2435063123703003 0.7645207643508911 -0.1259009689092636 -0.597088634967804 -0.2077062577009201
office/seq-02/frame-000560.color.png -0.2781198024749756 -0.9650540351867676 1.252446174621582 0.7701753973960876 -0.1153363510966301 -0.5926215648651123 -0.20573510229587555
office/seq-02/frame-000561.color.png -0.27908527851104736 -0.9426165223121643 1.2284587621688843 0.788824200630188 -0.11305537074804306 -0.5690156817436218 -0.20296764373779297
office/seq-02/frame-000562.color.png -0.27343466877937317 -0.9302231073379517 1.2121613025665283 0.7804573774337769 -0.12079671770334244 -0.5827271342277527 -0.1916339248418808
office/seq-02/frame-000563.color.png -0.23296800255775452 -0.962587296962738 1.257183313369751 0.7860466241836548 -0.12372513860464096 -0.5752724409103394 -0.1894320547580719
office/seq-02/frame-000564.color.png -0.1651701033115387 -0.9348126649856567 1.2215297222137451 0.7984981536865234 -0.1306736320257187 -0.5564745664596558 -0.1888412982225418
office/seq-02/frame-000565.color.png -0.1775198131799698 -0.9113978743553162 1.2074304819107056 0.8424627184867859 -0.11826445162296295 -0.49611908197402954 -0.17359691858291626
office/seq-02/frame-000566.color.png -0.16873954236507416 -0.8983621597290039 1.176770567893982 0.821180522441864 -0.13127285242080688 -0.5283908843994141 -0.1709769070148468
office/seq-02/frame-000567.color.png -0.1174897849559784 -0.920154333114624 1.1923154592514038 0.8326012492179871 -0.12288827449083328 -0.5091358423233032 -0.18015038967132568
office/seq-02/frame-000568.color.png -0.11973801255226135 -0.9292649626731873 1.194632887840271 0.8548911213874817 -0.12736989557743073 -0.47014158964157104 -0.17862018942832947
office/seq-02/frame-000569.color.png -0.10042053461074829 -0.9383042454719543 1.172380805015564 0.8362859487533569 -0.15115930140018463 -0.49939098954200745 -0.16847912967205048
office/seq-02/frame-000570.color.png -0.09594808518886566 -0.9328420162200928 1.1392391920089722 0.8440216183662415 -0.15744812786579132 -0.48276305198669434 -0.17256125807762146
office/seq-02/frame-000571.color.png -0.05018364265561104 -0.9382584095001221 1.137665033340454 0.8485641479492188 -0.14955571293830872 -0.4795711636543274 -0.16608227789402008
office/seq-02/frame-000572.color.png -0.07284028828144073 -0.9183884859085083 1.1190223693847656 0.8522554636001587 -0.16252672672271729 -0.4648211896419525 -0.17659856379032135
office/seq-02/frame-000573.color.png -0.13382768630981445 -0.9051266312599182 1.0948482751846313 0.8561262488365173 -0.1627582609653473 -0.4573974013328552 -0.17704595625400543
office/seq-02/frame-000574.color.png -0.09420119225978851 -0.9105263352394104 1.079929232597351 0.8570014834403992 -0.18012377619743347 -0.4473293721675873 -0.18166005611419678
office/seq-02/frame-000575.color.png -0.0833296924829483 -0.9041239023208618 1.0980217456817627 0.8540610074996948 -0.17565524578094482 -0.45884037017822266 -0.1708519458770752
office/seq-02/frame-000576.color.png -0.053037118166685104 -0.8928582072257996 1.0933027267456055 0.8544240593910217 -0.17830777168273926 -0.45702269673347473 -0.17116138339042664
office/seq-02/frame-000577.color.png -0.04601599648594856 -0.9062476754188538 1.0664805173873901 0.8524064421653748 -0.18082013726234436 -0.4608171880245209 -0.1683894544839859
office/seq-02/frame-000578.color.png -0.04981831833720207 -0.8778265118598938 1.066052794456482 0.8547782897949219 -0.17722941935062408 -0.4612143635749817 -0.15882359445095062
office/seq-02/frame-000579.color.png -0.030560478568077087 -0.8923665285110474 1.0848956108093262 0.8566766381263733 -0.18797416985034943 -0.4499261975288391 -0.1683368980884552
office/seq-02/frame-000580.color.png -0.021055717021226883 -0.9091378450393677 1.0989450216293335 0.8611280918121338 -0.16785986721515656 -0.4548400640487671 -0.15297691524028778
office/seq-02/frame-000581.color.png 0.04757839813828468 -0.9355451464653015 1.0834827423095703 0.8691480755805969 -0.16681517660617828 -0.44059187173843384 -0.1504434049129486
office/seq-02/frame-000582.color.png 0.045980148017406464 -0.9140017628669739 1.0485984086990356 0.8790310025215149 -0.15849322080612183 -0.42963752150535583 -0.13265007734298706
office/seq-02/frame-000583.color.png 0.030371706932783127 -0.9200187921524048 1.0207538604736328 0.8696174025535583 -0.1535867601633072 -0.45418745279312134 -0.11785775423049927
office/seq-02/frame-000584.color.png 0.09362715482711792 -0.9330800175666809 1.033642292022705 0.8785524368286133 -0.15150752663612366 -0.43637093901634216 -0.12153813242912292
office/seq-02/frame-000585.color.png 0.1053873747587204 -0.915576696395874 1.042258620262146 0.8697971701622009 -0.14895445108413696 -0.4591348171234131 -0.1022774875164032
office/seq-02/frame-000586.color.png 0.13807517290115356 -0.9289008378982544 1.0137625932693481 0.8678984642028809 -0.14926543831825256 -0.46414124965667725 -0.09510466456413269
office/seq-02/frame-000587.color.png 0.1737859547138214 -0.9407259821891785 1.0110772848129272 0.8739772439002991 -0.13274171948432922 -0.4578421413898468 -0.09446531534194946
office/seq-02/frame-000588.color.png 0.2006646692752838 -0.9528279304504395 1.0141340494155884 0.875260055065155 -0.1376425325870514 -0.4540107846260071 -0.0940668135881424
office/seq-02/frame-000589.color.png 0.23599842190742493 -0.9595676064491272 1.0100537538528442 0.8692387342453003 -0.14364349842071533 -0.4646196663379669 -0.08899041265249252
office/seq-02/frame-000590.color.png 0.26683902740478516 -0.9616352319717407 0.985204815864563 0.877463161945343 -0.13461536169052124 -0.4512246549129486 -0.09128788113594055
office/seq-02/frame-000591.color.png 0.272032767534256 -0.9775791168212891 0.9559199213981628 0.8739946484565735 -0.1349097341299057 -0.4597260057926178 -0.08114617317914963
office/seq-02/frame-000592.color.png 0.26887646317481995 -1.021453857421875 0.955203652381897 0.8896675705909729 -0.12584643065929413 -0.4301876425743103 -0.08713819086551666
office/seq-02/frame-000593.color.png 0.3044377565383911 -1.010433316230774 0.9449899792671204 0.897304892539978 -0.11196054518222809 -0.4178999662399292 -0.08756785839796066
office/seq-02/frame-000594.color.png 0.329218327999115 -1.019384503364563 0.9369111657142639 0.8943560123443604 -0.10963860899209976 -0.4262118339538574 -0.08031228929758072
office/seq-02/frame-000595.color.png 0.31549832224845886 -1.0192781686782837 0.9474884867668152 0.8972127437591553 -0.11546491831541061 -0.4191840589046478 -0.07721291482448578
office/seq-02/frame-000596.color.png 0.33611059188842773 -1.044252872467041 0.905537486076355 0.8952959775924683 -0.10729129612445831 -0.42596980929374695 -0.07404910773038864
office/seq-02/frame-000597.color.png 0.3564355969429016 -1.056330919265747 0.8938935399055481 0.9035491943359375 -0.09763450175523758 -0.4107093811035156 -0.07337582856416702
office/seq-02/frame-000598.color.png 0.3427778482437134 -1.0435274839401245 0.8778429627418518 0.9103212952613831 -0.09623148292303085 -0.39625322818756104 -0.0709799975156784
office/seq-02/frame-000599.color.png 0.34065303206443787 -1.044130802154541 0.8463295102119446 0.9098743200302124 -0.10003635287284851 -0.3958582282066345 -0.07360541820526123
office/seq-02/frame-000600.color.png 0.369363397359848 -1.0449780225753784 0.853948712348938 0.91241854429245 -0.10268984735012054 -0.3895535469055176 -0.07207857072353363
office/seq-02/frame-000601.color.png 0.37666407227516174 -1.0222954750061035 0.858616292476654 0.9145532846450806 -0.09958498924970627 -0.3866015672683716 -0.06491880863904953
office/seq-02/frame-000602.color.png 0.4123691916465759 -1.005414366722107 0.85445636510849 0.9162063598632812 -0.09497008472681046 -0.385023832321167 -0.05747438594698906
office/seq-02/frame-000603.color.png 0.4314269423484802 -1.0003575086593628 0.8407642841339111 0.91888427734375 -0.08791778981685638 -0.38058361411094666 -0.05548310652375221
office/seq-02/frame-000604.color.png 0.4540165364742279 -1.03366219997406 0.8053379058837891 0.9151750802993774 -0.08757998794317245 -0.39008545875549316 -0.0511617437005043
office/seq-02/frame-000605.color.png 0.4804205894470215 -1.0621459484100342 0.7921661138534546 0.9203311800956726 -0.09874418377876282 -0.3739359378814697 -0.058411043137311935
office/seq-02/frame-000606.color.png 0.4939243793487549 -1.0817198753356934 0.757238507270813 0.9236932396888733 -0.09511937201023102 -0.3674151599407196 -0.05243196338415146
office/seq-02/frame-000607.color.png 0.49881020188331604 -1.0446752309799194 0.727803111076355 0.9244166612625122 -0.09549625962972641 -0.3650199770927429 -0.055630508810281754
office/seq-02/frame-000608.color.png 0.48049822449684143 -1.0356849431991577 0.7232596278190613 0.9321686625480652 -0.08771038800477982 -0.34721216559410095 -0.05302891507744789
office/seq-02/frame-000609.color.png 0.5071156620979309 -1.017103672027588 0.7426670789718628 0.9346079230308533 -0.08926897495985031 -0.34049656987190247 -0.05100094899535179
office/seq-02/frame-000610.color.png 0.4881525933742523 -1.0088646411895752 0.7301340699195862 0.932926595211029 -0.08831937611103058 -0.34621375799179077 -0.044537778943777084
office/seq-02/frame-000611.color.png 0.4714353680610657 -0.9913361072540283 0.7565637230873108 0.9377049207687378 -0.09198341518640518 -0.33181941509246826 -0.046309664845466614
office/seq-02/frame-000612.color.png 0.45769259333610535 -1.001089334487915 0.7594255805015564 0.9436922669410706 -0.10112712532281876 -0.31196659803390503 -0.04353374242782593
office/seq-02/frame-000613.color.png 0.45660194754600525 -0.9825443029403687 0.7886505126953125 0.9474698901176453 -0.10617437213659286 -0.2994590997695923 -0.036772746592760086
office/seq-02/frame-000614.color.png 0.48938173055648804 -0.9863688945770264 0.7595656514167786 0.9463129639625549 -0.10798310488462448 -0.3033995032310486 -0.02793285623192787
office/seq-02/frame-000615.color.png 0.5154351592063904 -0.9980758428573608 0.742209255695343 0.947725772857666 -0.11197490245103836 -0.297493577003479 -0.027841363102197647
office/seq-02/frame-000616.color.png 0.5394123792648315 -1.002400517463684 0.6963310837745667 0.9446227550506592 -0.11848706752061844 -0.30483072996139526 -0.026958821341395378
office/seq-02/frame-000617.color.png 0.4888926148414612 -0.9880601167678833 0.7228966355323792 0.9477214217185974 -0.1182343140244484 -0.2956537902355194 -0.020825577899813652
office/seq-02/frame-000618.color.png 0.5093677043914795 -0.9747738242149353 0.7144988775253296 0.9498044848442078 -0.1277555227279663 -0.28503039479255676 -0.017537841573357582
office/seq-02/frame-000619.color.png 0.5019396543502808 -0.9646161198616028 0.7012773752212524 0.9463071823120117 -0.13276919722557068 -0.2946423292160034 -0.0078071472235023975
office/seq-02/frame-000620.color.png 0.522007405757904 -0.9453399181365967 0.717835545539856 0.944053053855896 -0.11784327775239944 -0.30796778202056885 -0.005715989042073488
office/seq-02/frame-000621.color.png 0.5306571125984192 -0.9235609173774719 0.7341703176498413 0.9475481510162354 -0.12472673505544662 -0.2942018508911133 -0.006407976150512695
office/seq-02/frame-000622.color.png 0.528354823589325 -0.9133645296096802 0.7587321996688843 0.9481036067008972 -0.13026520609855652 -0.2900458574295044 0.0019486662931740284
office/seq-02/frame-000623.color.png 0.5350083112716675 -0.9034791588783264 0.7642162442207336 0.9510436654090881 -0.12552818655967712 -0.2824130058288574 0.0011857030913233757
office/seq-02/frame-000624.color.png 0.5424805283546448 -0.8999934196472168 0.7498863339424133 0.950099527835846 -0.12792420387268066 -0.2844129502773285 0.007453569211065769
office/seq-02/frame-000625.color.png 0.5393980741500854 -0.8928647637367249 0.7385896444320679 0.949897289276123 -0.1334526538848877 -0.2822180390357971 0.015445862896740437
office/seq-02/frame-000626.color.png 0.5065179467201233 -0.88565993309021 0.7076312303543091 0.9516948461532593 -0.13875599205493927 -0.27312684059143066 0.020627329126000404
office/seq-02/frame-000627.color.png 0.5266122221946716 -0.8729116320610046 0.7117416858673096 0.9542714953422546 -0.13045886158943176 -0.26843389868736267 0.01702183112502098
office/seq-02/frame-000628.color.png 0.5319993495941162 -0.8496625423431396 0.7114095687866211 0.958984375 -0.14003591239452362 -0.24596355855464935 0.015510796569287777
office/seq-02/frame-000629.color.png 0.5489667654037476 -0.8402941823005676 0.7001202702522278 0.960540771484375 -0.1389416754245758 -0.24022319912910461 0.018689898774027824
office/seq-02/frame-000630.color.png 0.55774986743927 -0.8432077169418335 0.6969826221466064 0.9599765539169312 -0.14814800024032593 -0.23676200211048126 0.021002210676670074
office/seq-02/frame-000631.color.png 0.5619832873344421 -0.8526805639266968 0.7000898122787476 0.9665563106536865 -0.14831800758838654 -0.20692893862724304 0.03083636239171028
office/seq-02/frame-000632.color.png 0.592728316783905 -0.8619050979614258 0.6679544448852539 0.9636901021003723 -0.1532323658466339 -0.21601445972919464 0.03404386341571808
office/seq-02/frame-000633.color.png 0.5532833933830261 -0.851518452167511 0.6447985172271729 0.9647217392921448 -0.1503903567790985 -0.21347641944885254 0.03350427746772766
office/seq-02/frame-000634.color.png 0.5863393545150757 -0.8520383834838867 0.6317307353019714 0.969153642654419 -0.15378405153751373 -0.1886025369167328 0.03899535909295082
office/seq-02/frame-000635.color.png 0.6129078269004822 -0.8411063551902771 0.6345593333244324 0.9751871824264526 -0.14980114996433258 -0.15788285434246063 0.040527671575546265
office/seq-02/frame-000636.color.png 0.5772498846054077 -0.8404245376586914 0.6012333631515503 0.9763461351394653 -0.15405113995075226 -0.14427335560321808 0.04692096263170242
office/seq-02/frame-000637.color.png 0.5857928991317749 -0.8534055352210999 0.6076462864875793 0.9756829738616943 -0.16213242709636688 -0.1407531350851059 0.04409395903348923
office/seq-02/frame-000638.color.png 0.6172806024551392 -0.8427989482879639 0.5913134813308716 0.9793456792831421 -0.15032292902469635 -0.12739291787147522 0.04534517601132393
office/seq-02/frame-000639.color.png 0.6262955069541931 -0.8305511474609375 0.5689058899879456 0.9791290760040283 -0.14792731404304504 -0.1325705200433731 0.04299824312329292
office/seq-02/frame-000640.color.png 0.6077237129211426 -0.8226116895675659 0.5510761737823486 0.9830026030540466 -0.14300650358200073 -0.10440915077924728 0.048515044152736664
office/seq-02/frame-000641.color.png 0.5669487118721008 -0.8216431140899658 0.5922116637229919 0.9841920137405396 -0.14494401216506958 -0.09050936251878738 0.04653261601924896
office/seq-02/frame-000642.color.png 0.5398735404014587 -0.80293208360672 0.6058093309402466 0.986544668674469 -0.13989299535751343 -0.05454389750957489 0.06468820571899414
office/seq-02/frame-000643.color.png 0.5687222480773926 -0.7963252067565918 0.5809678435325623 0.9844041466712952 -0.14017483592033386 -0.08387470245361328 0.06530317664146423
office/seq-02/frame-000644.color.png 0.5780776143074036 -0.7891896963119507 0.5471082925796509 0.9880600571632385 -0.13614800572395325 -0.02983657643198967 0.06565612554550171
office/seq-02/frame-000645.color.png 0.5395832061767578 -0.7972694039344788 0.5378100275993347 0.9874855875968933 -0.13054415583610535 -0.06677757948637009 0.05806291475892067
office/seq-02/frame-000646.color.png 0.563755989074707 -0.7986792325973511 0.5311345458030701 0.9890555739402771 -0.1303272843360901 -0.03199385851621628 0.061319500207901
office/seq-02/frame-000647.color.png 0.5776681303977966 -0.8039842844009399 0.5420923829078674 0.9887987375259399 -0.1327497810125351 -0.03697611019015312 0.057335931807756424
office/seq-02/frame-000648.color.png 0.6088465452194214 -0.8143359422683716 0.49965667724609375 0.9870101809501648 -0.13803832232952118 -0.06199011206626892 0.05397835001349449
office/seq-02/frame-000649.color.png 0.6088465452194214 -0.8143359422683716 0.49965667724609375 0.9870101809501648 -0.13803832232952118 -0.06199011206626892 0.05397835001349449
office/seq-02/frame-000650.color.png 0.6231530904769897 -0.833153486251831 0.4668673276901245 0.9859081506729126 -0.14283530414104462 -0.06776537746191025 0.05469155311584473
office/seq-02/frame-000651.color.png 0.5830082297325134 -0.8250446319580078 0.4669535756111145 0.9872553944587708 -0.14007408916950226 -0.0608983151614666 0.044693052768707275
office/seq-02/frame-000652.color.png 0.6037300229072571 -0.8318009972572327 0.46341630816459656 0.9886393547058105 -0.13749292492866516 -0.030514098703861237 0.05250442773103714
office/seq-02/frame-000653.color.png 0.6037300229072571 -0.8318009972572327 0.46341630816459656 0.9886393547058105 -0.13749292492866516 -0.030514098703861237 0.05250442773103714
office/seq-02/frame-000654.color.png 0.6332985162734985 -0.8346015810966492 0.4261719882488251 0.9884817600250244 -0.1392703652381897 -0.018585873767733574 0.05623224005103111
office/seq-02/frame-000655.color.png 0.637400209903717 -0.8496554493904114 0.4125187397003174 0.9880381226539612 -0.14229607582092285 -0.020129242911934853 0.055923011153936386
office/seq-02/frame-000656.color.png 0.6494231224060059 -0.858729898929596 0.40079301595687866 0.9883590340614319 -0.13770246505737305 0.0058845700696110725 0.06442062556743622
office/seq-02/frame-000657.color.png 0.6494231224060059 -0.858729898929596 0.40079301595687866 0.9883590340614319 -0.13770246505737305 0.0058845700696110725 0.06442062556743622
office/seq-02/frame-000658.color.png 0.6370493173599243 -0.868790328502655 0.3912349045276642 0.9880678653717041 -0.13485674560070038 0.010201623663306236 0.07369896024465561
office/seq-02/frame-000659.color.png 0.642417311668396 -0.8663102984428406 0.3852439522743225 0.9849627017974854 -0.15835368633270264 -0.0015811531338840723 0.06906592100858688
office/seq-02/frame-000660.color.png 0.6056131720542908 -0.8612229228019714 0.37758275866508484 0.9856173396110535 -0.15183216333389282 0.01475767232477665 0.07271653413772583
office/seq-02/frame-000661.color.png 0.6639066338539124 -0.8895547389984131 0.34329479932785034 0.9853565692901611 -0.1536092758178711 0.034752823412418365 0.0653381496667862
office/seq-02/frame-000662.color.png 0.6959426403045654 -0.8879464864730835 0.3193601071834564 0.9855455756187439 -0.1504836082458496 0.022889798507094383 0.07436797767877579
office/seq-02/frame-000663.color.png 0.6959426403045654 -0.8879464864730835 0.3193601071834564 0.9855455756187439 -0.1504836082458496 0.022889798507094383 0.07436797767877579
office/seq-02/frame-000664.color.png 0.6668534278869629 -0.8700618147850037 0.32421454787254333 0.9827708005905151 -0.15865200757980347 0.04701251536607742 0.08234570920467377
office/seq-02/frame-000665.color.png 0.7117912769317627 -0.9063743948936462 0.29109179973602295 0.9819356203079224 -0.1549391895532608 0.07224411517381668 0.08109862357378006
office/seq-02/frame-000666.color.png 0.7329861521720886 -0.9008262753486633 0.2867823541164398 0.9827335476875305 -0.13873228430747986 0.08487733453512192 0.08822791278362274
office/seq-02/frame-000667.color.png 0.7192004919052124 -0.9386075735092163 0.2560858428478241 0.9822328686714172 -0.13853305578231812 0.09121192991733551 0.08779323101043701
office/seq-02/frame-000668.color.png 0.7627110481262207 -0.9595363140106201 0.2443612515926361 0.9815661907196045 -0.14356432855129242 0.06958597898483276 0.10523709654808044
office/seq-02/frame-000669.color.png 0.7992053031921387 -0.9625388383865356 0.22590795159339905 0.979405403137207 -0.14803770184516907 0.085130974650383 0.1077147051692009
office/seq-02/frame-000670.color.png 0.7672722339630127 -0.968376636505127 0.24177676439285278 0.9741226434707642 -0.1370520144701004 0.14138904213905334 0.11095486581325531
office/seq-02/frame-000671.color.png 0.7672722339630127 -0.968376636505127 0.24177676439285278 0.9741226434707642 -0.1370520144701004 0.14138904213905334 0.11095486581325531
office/seq-02/frame-000672.color.png 0.7516911029815674 -0.9568419456481934 0.23445045948028564 0.9749833941459656 -0.13987450301647186 0.12383680045604706 0.1204444095492363
office/seq-02/frame-000673.color.png 0.7613879442214966 -0.9537702202796936 0.2558186948299408 0.9701120853424072 -0.14436069130897522 0.1569603681564331 0.11578334867954254
office/seq-02/frame-000674.color.png 0.7150382995605469 -0.9812123775482178 0.24521484971046448 0.9691423773765564 -0.15802419185638428 0.15128982067108154 0.11359100043773651
office/seq-02/frame-000675.color.png 0.6813055872917175 -0.982577919960022 0.30191051959991455 0.961666464805603 -0.16674327850341797 0.18337154388427734 0.11734133958816528
office/seq-02/frame-000676.color.png 0.6802700757980347 -0.9786414504051208 0.31414562463760376 0.953594446182251 -0.17297577857971191 0.21075023710727692 0.12775440514087677
office/seq-02/frame-000677.color.png 0.6117523908615112 -0.9773495197296143 0.33930346369743347 0.9508383870124817 -0.17269374430179596 0.21991731226444244 0.13311578333377838
office/seq-02/frame-000678.color.png 0.5748174786567688 -0.9798170924186707 0.3925037086009979 0.9510397911071777 -0.16705816984176636 0.218013197183609 0.14172236621379852
office/seq-02/frame-000679.color.png 0.6068500280380249 -0.9824258089065552 0.3943478465080261 0.9444769024848938 -0.17971430718898773 0.2358560562133789 0.14155597984790802
office/seq-02/frame-000680.color.png 0.6025295257568359 -0.987566351890564 0.4140365719795227 0.9447441697120667 -0.1708860993385315 0.24261246621608734 0.13926777243614197
office/seq-02/frame-000681.color.png 0.6012312769889832 -0.9951517581939697 0.42307332158088684 0.9408875107765198 -0.16541634500026703 0.2563439607620239 0.14715895056724548
office/seq-02/frame-000682.color.png 0.6012312769889832 -0.9951517581939697 0.42307332158088684 0.9408875107765198 -0.16541634500026703 0.2563439607620239 0.14715895056724548
office/seq-02/frame-000683.color.png 0.6122348308563232 -1.0064241886138916 0.4367436468601227 0.9439407587051392 -0.17147128283977509 0.2421228289604187 0.14474032819271088
office/seq-02/frame-000684.color.png 0.6285320520401001 -0.9907263517379761 0.43476787209510803 0.9459742307662964 -0.17046687006950378 0.23616336286067963 0.1424798220396042
office/seq-02/frame-000685.color.png 0.641265869140625 -0.9980016946792603 0.4084920585155487 0.9439088702201843 -0.16988477110862732 0.24449391663074493 0.14282137155532837
office/seq-02/frame-000686.color.png 0.6300574541091919 -0.9856259822845459 0.457366019487381 0.9450509548187256 -0.16540579497814178 0.2424536794424057 0.14399906992912292
office/seq-02/frame-000687.color.png 0.6486492156982422 -0.9715929627418518 0.46424010396003723 0.9391358494758606 -0.17022183537483215 0.2595806121826172 0.1471949815750122
office/seq-02/frame-000688.color.png 0.6654546856880188 -0.9575791954994202 0.4423256516456604 0.9366729259490967 -0.1765015423297882 0.26412731409072876 0.14740411937236786
office/seq-02/frame-000689.color.png 0.6601741313934326 -0.9518940448760986 0.46600642800331116 0.9403536319732666 -0.1763835847377777 0.2484443038702011 0.151325523853302
office/seq-02/frame-000690.color.png 0.6346040368080139 -0.922203004360199 0.505896806716919 0.943449854850769 -0.17638060450553894 0.2403622418642044 0.14497648179531097
office/seq-02/frame-000691.color.png 0.6493593454360962 -0.9084323048591614 0.5551282167434692 0.9395922422409058 -0.16806456446647644 0.25665345788002014 0.1518213301897049
office/seq-02/frame-000692.color.png 0.649064302444458 -0.9075745344161987 0.5587477684020996 0.9359447956085205 -0.1732664555311203 0.2641487717628479 0.15560086071491241
office/seq-02/frame-000693.color.png 0.6390765905380249 -0.8927465677261353 0.5240461230278015 0.9286037683486938 -0.17664887011051178 0.28422898054122925 0.16032464802265167
office/seq-02/frame-000694.color.png 0.6171635985374451 -0.9152277112007141 0.5273457169532776 0.9273074865341187 -0.17937485873699188 0.28321975469589233 0.1664697527885437
office/seq-02/frame-000695.color.png 0.6303096413612366 -0.9106528759002686 0.5599998831748962 0.9339056611061096 -0.1773490011692047 0.2637615203857422 0.16369885206222534
office/seq-02/frame-000696.color.png 0.6441267132759094 -0.9188070893287659 0.5448211431503296 0.9320750832557678 -0.17563815414905548 0.26880672574043274 0.16772043704986572
office/seq-02/frame-000697.color.png 0.6441267132759094 -0.9188070893287659 0.5448211431503296 0.9320750832557678 -0.17563815414905548 0.26880672574043274 0.16772043704986572
office/seq-02/frame-000698.color.png 0.6190300583839417 -0.9218352437019348 0.5260419845581055 0.9340453743934631 -0.17015568912029266 0.2639497220516205 0.17010840773582458
office/seq-02/frame-000699.color.png 0.6240410804748535 -0.9267135858535767 0.5567328929901123 0.936493456363678 -0.16832022368907928 0.259075403213501 0.16591639816761017
office/seq-02/frame-000700.color.png 0.6134594082832336 -0.908440113067627 0.5889512896537781 0.9424999356269836 -0.16771186888217926 0.23734623193740845 0.16502514481544495
office/seq-02/frame-000701.color.png 0.6734207272529602 -0.8797891139984131 0.6414594054222107 0.9342175722122192 -0.16118386387825012 0.26033151149749756 0.18298830091953278
office/seq-02/frame-000702.color.png 0.6528778076171875 -0.908087432384491 0.6786245107650757 0.9410916566848755 -0.16095271706581116 0.2366781234741211 0.18006746470928192
office/seq-02/frame-000703.color.png 0.6423184871673584 -0.969469428062439 0.7746989130973816 0.9762006998062134 -0.2041386067867279 0.0054380083456635475 0.07300825417041779
office/seq-02/frame-000704.color.png 0.6626452207565308 -0.9805528521537781 0.7869266867637634 0.9748409390449524 -0.19795380532741547 0.05004377290606499 0.08941474556922913
office/seq-02/frame-000705.color.png 0.6715621948242188 -0.994594931602478 0.8409081697463989 0.9774961471557617 -0.20055407285690308 -0.046820588409900665 0.04568525776267052
office/seq-02/frame-000706.color.png 0.6831858158111572 -0.982558012008667 0.8951756954193115 0.9149203300476074 -0.22114911675453186 -0.3233182430267334 -0.0973605066537857
office/seq-02/frame-000707.color.png 0.6705347895622253 -1.0008251667022705 0.928409993648529 0.9089949131011963 -0.22129853069782257 -0.3354557454586029 -0.11056558042764664
office/seq-02/frame-000708.color.png 0.67984539270401 -1.0322606563568115 0.9093078970909119 0.8956211805343628 -0.22631743550300598 -0.3617343008518219 -0.12566418945789337
office/seq-02/frame-000709.color.png 0.67984539270401 -1.0322606563568115 0.9093078970909119 0.8956211805343628 -0.22631743550300598 -0.3617343008518219 -0.12566418945789337
office/seq-02/frame-000710.color.png 0.7009777426719666 -1.0904955863952637 0.8824080228805542 0.8856484889984131 -0.23470284044742584 -0.3717058300971985 -0.14958685636520386
office/seq-02/frame-000711.color.png 0.6809344291687012 -1.0662589073181152 0.8713721632957458 0.8996734023094177 -0.23657196760177612 -0.33917567133903503 -0.1399335265159607
office/seq-02/frame-000712.color.png 0.6826702952384949 -1.0902925729751587 0.8416432738304138 0.91734379529953 -0.23007909953594208 -0.3014829456806183 -0.12104496359825134
office/seq-02/frame-000713.color.png 0.6859707236289978 -1.116864800453186 0.787244975566864 0.9593566060066223 -0.21588574349880219 -0.1708463430404663 -0.06196596473455429
office/seq-02/frame-000714.color.png 0.6859707236289978 -1.116864800453186 0.787244975566864 0.9593566060066223 -0.21588574349880219 -0.1708463430404663 -0.06196596473455429
office/seq-02/frame-000715.color.png 0.7079325318336487 -1.1225868463516235 0.7959866523742676 0.9166629314422607 -0.23007498681545258 -0.29671305418014526 -0.1369524449110031
office/seq-02/frame-000716.color.png 0.7058423161506653 -1.0999226570129395 0.8163248300552368 0.8994664549827576 -0.2373635619878769 -0.3373662531375885 -0.14423078298568726
office/seq-02/frame-000717.color.png 0.704953134059906 -1.0950087308883667 0.8251107335090637 0.8776783347129822 -0.24188444018363953 -0.37891778349876404 -0.1661144196987152
office/seq-02/frame-000718.color.png 0.693217933177948 -1.0808022022247314 0.8371492028236389 0.8917092680931091 -0.24147354066371918 -0.35195547342300415 -0.1505732238292694
office/seq-02/frame-000719.color.png 0.671657919883728 -1.086551308631897 0.7872632741928101 0.8901495933532715 -0.23347993195056915 -0.3552110195159912 -0.1641518920660019
office/seq-02/frame-000720.color.png 0.671657919883728 -1.086551308631897 0.7872632741928101 0.8901495933532715 -0.23347993195056915 -0.3552110195159912 -0.1641518920660019
office/seq-02/frame-000721.color.png 0.7026265859603882 -1.1262447834014893 0.782324492931366 0.8842223882675171 -0.24036531150341034 -0.36571958661079407 -0.16317032277584076
office/seq-02/frame-000722.color.png 0.7029561400413513 -1.108907699584961 0.7341461181640625 0.9176815748214722 -0.21920078992843628 -0.29929351806640625 -0.1422499418258667
office/seq-02/frame-000723.color.png 0.7260623574256897 -1.0913304090499878 0.8106644749641418 0.877310037612915 -0.24090854823589325 -0.37470152974128723 -0.1785748302936554
office/seq-02/frame-000724.color.png 0.6861841082572937 -1.0808069705963135 0.7670778036117554 0.8996561765670776 -0.23006966710090637 -0.335873544216156 -0.15772011876106262
office/seq-02/frame-000725.color.png 0.6866921186447144 -1.0845004320144653 0.7175694108009338 0.9223895072937012 -0.21859502792358398 -0.29003700613975525 -0.13149990141391754
office/seq-02/frame-000726.color.png 0.6866921186447144 -1.0845004320144653 0.7175694108009338 0.9223895072937012 -0.21859502792358398 -0.29003700613975525 -0.13149990141391754
office/seq-02/frame-000727.color.png 0.6788426041603088 -1.0925177335739136 0.649685800075531 0.9583172798156738 -0.20067186653614044 -0.1906452775001526 -0.07080255448818207
office/seq-02/frame-000728.color.png 0.6656404733657837 -1.0910543203353882 0.7084686160087585 0.8980108499526978 -0.2244209498167038 -0.3512552082538605 -0.1408243328332901
office/seq-02/frame-000729.color.png 0.6738244891166687 -1.1187279224395752 0.6655932068824768 0.9119430780410767 -0.22121666371822357 -0.31863805651664734 -0.13376420736312866
office/seq-02/frame-000730.color.png 0.6892702579498291 -1.1265888214111328 0.6080902814865112 0.9514369368553162 -0.20950868725776672 -0.20718914270401 -0.08914343267679214
office/seq-02/frame-000731.color.png 0.712368905544281 -1.1540708541870117 0.566999614238739 0.9794025421142578 -0.20168113708496094 0.003187567228451371 0.009233197197318077
office/seq-02/frame-000732.color.png 0.712368905544281 -1.1540708541870117 0.566999614238739 0.9794025421142578 -0.20168113708496094 0.003187567228451371 0.009233197197318077
office/seq-02/frame-000733.color.png 0.7333007454872131 -1.170314908027649 0.480638712644577 0.9607877731323242 -0.19183781743049622 0.1680586338043213 0.10881814360618591
office/seq-02/frame-000734.color.png 0.7150486707687378 -1.137101650238037 0.4575013518333435 0.9336702823638916 -0.1680426150560379 0.26752951741218567 0.16866889595985413
office/seq-02/frame-000735.color.png 0.6858177185058594 -1.1147979497909546 0.4492419958114624 0.9341369271278381 -0.15881261229515076 0.27199259400367737 0.16788983345031738
office/seq-02/frame-000736.color.png 0.6989664435386658 -1.1218392848968506 0.38367390632629395 0.916028618812561 -0.17488929629325867 0.31019872426986694 0.18461354076862335
office/seq-02/frame-000737.color.png 0.7088513970375061 -1.141524076461792 0.37779495120048523 0.903794527053833 -0.1841154247522354 0.34194859862327576 0.17979994416236877
office/seq-02/frame-000738.color.png 0.7262288928031921 -1.1249138116836548 0.3265211880207062 0.9111377000808716 -0.18231655657291412 0.3218018412590027 0.18174801766872406
office/seq-02/frame-000739.color.png 0.7034012675285339 -1.1370372772216797 0.3595072031021118 0.9094237685203552 -0.16882428526878357 0.33065006136894226 0.18739637732505798
office/seq-02/frame-000740.color.png 0.715907871723175 -1.1453397274017334 0.3648872673511505 0.9095678925514221 -0.16280803084373474 0.33308419585227966 0.18770882487297058
office/seq-02/frame-000741.color.png 0.715907871723175 -1.1453397274017334 0.3648872673511505 0.9095678925514221 -0.16280803084373474 0.33308419585227966 0.18770882487297058
office/seq-02/frame-000742.color.png 0.7418574094772339 -1.1248482465744019 0.3475305140018463 0.8992985486984253 -0.17206750810146332 0.3539678156375885 0.1906876564025879
office/seq-02/frame-000743.color.png 0.7154447436332703 -1.1611943244934082 0.37298405170440674 0.8965482711791992 -0.16740956902503967 0.36473050713539124 0.18747499585151672
office/seq-02/frame-000744.color.png 0.7326735854148865 -1.1604962348937988 0.39147868752479553 0.9024289846420288 -0.15893863141536713 0.3530149757862091 0.18905194103717804
office/seq-02/frame-000745.color.png 0.738617479801178 -1.1518563032150269 0.39896318316459656 0.9084126949310303 -0.15593458712100983 0.34236907958984375 0.18235766887664795
office/seq-02/frame-000746.color.png 0.7120334506034851 -1.1706525087356567 0.40804198384284973 0.9068930149078369 -0.1537979692220688 0.3463928997516632 0.1841280311346054
office/seq-02/frame-000747.color.png 0.6991283297538757 -1.207159161567688 0.3932383060455322 0.9089585542678833 -0.15277540683746338 0.3443721830844879 0.1784992665052414
office/seq-02/frame-000748.color.png 0.7115178108215332 -1.2218137979507446 0.39020630717277527 0.910315990447998 -0.1523592472076416 0.3383420407772064 0.1834009885787964
office/seq-02/frame-000749.color.png 0.6986138820648193 -1.2175874710083008 0.4349842369556427 0.9082431793212891 -0.13406074047088623 0.35303258895874023 0.18025018274784088
office/seq-02/frame-000750.color.png 0.6895536780357361 -1.2511298656463623 0.4501725137233734 0.9064120650291443 -0.12250051647424698 0.36073288321495056 0.18243467807769775
office/seq-02/frame-000751.color.png 0.6881595849990845 -1.2535614967346191 0.44385457038879395 0.9028006196022034 -0.13291522860527039 0.36415237188339233 0.18621918559074402
office/seq-02/frame-000752.color.png 0.6694269776344299 -1.2485623359680176 0.4660611152648926 0.9021406173706055 -0.134804368019104 0.3676528036594391 0.18111197650432587
office/seq-02/frame-000753.color.png 0.6669214367866516 -1.2858953475952148 0.46824324131011963 0.903235137462616 -0.12426669150590897 0.36833250522613525 0.1818106770515442
office/seq-02/frame-000754.color.png 0.6770510077476501 -1.2638213634490967 0.4676430821418762 0.9101138710975647 -0.1293707638978958 0.3519684970378876 0.17627868056297302
office/seq-02/frame-000755.color.png 0.6720905900001526 -1.2694976329803467 0.47296902537345886 0.9073601365089417 -0.13093918561935425 0.3571130335330963 0.17894938588142395
office/seq-02/frame-000756.color.png 0.6757904887199402 -1.2870399951934814 0.48517104983329773 0.9066407084465027 -0.1275699883699417 0.36297908425331116 0.1731322854757309
office/seq-02/frame-000757.color.png 0.6664625406265259 -1.2965140342712402 0.5043269991874695 0.9038185477256775 -0.1216631606221199 0.37205758690834045 0.172868013381958
office/seq-02/frame-000758.color.png 0.6608407497406006 -1.295438528060913 0.5044231414794922 0.9062674045562744 -0.1269276887178421 0.3642308712005615 0.17292918264865875
office/seq-02/frame-000759.color.png 0.6374480724334717 -1.2995184659957886 0.542456328868866 0.9061443209648132 -0.11639146506786346 0.36756235361099243 0.17393538355827332
office/seq-02/frame-000760.color.png 0.6321482062339783 -1.3024131059646606 0.5527384877204895 0.9039454460144043 -0.115321084856987 0.37327754497528076 0.1739179491996765
office/seq-02/frame-000761.color.png 0.6122769713401794 -1.3372058868408203 0.5682275891304016 0.901817798614502 -0.10142520070075989 0.38103342056274414 0.17677950859069824
office/seq-02/frame-000762.color.png 0.575489342212677 -1.3407636880874634 0.5909293293952942 0.9002943634986877 -0.1035233736038208 0.38652223348617554 0.1713285893201828
office/seq-02/frame-000763.color.png 0.5964729189872742 -1.301080584526062 0.6218011379241943 0.88862144947052 -0.09390341490507126 0.4095311164855957 0.18389786779880524
office/seq-02/frame-000764.color.png 0.6047340035438538 -1.3327242136001587 0.6000850200653076 0.8962687849998474 -0.08175048977136612 0.3960810899734497 0.18204110860824585
office/seq-02/frame-000765.color.png 0.6197504997253418 -1.335848093032837 0.6149829030036926 0.901564359664917 -0.08629795163869858 0.3836616575717926 0.18038374185562134
office/seq-02/frame-000766.color.png 0.6589677333831787 -1.3005086183547974 0.6597194671630859 0.9023669362068176 -0.0773240402340889 0.37985268235206604 0.18832659721374512
office/seq-02/frame-000767.color.png 0.6533724069595337 -1.302459478378296 0.6591328382492065 0.9031109809875488 -0.07551813125610352 0.38288962841033936 0.17911776900291443
office/seq-02/frame-000768.color.png 0.6335362792015076 -1.3144892454147339 0.6335167288780212 0.9031761288642883 -0.05928399786353111 0.3826402425765991 0.18532343208789825
office/seq-02/frame-000769.color.png 0.6048852801322937 -1.3362928628921509 0.6695513725280762 0.8968137502670288 -0.06841898709535599 0.3949802815914154 0.18717458844184875
office/seq-02/frame-000770.color.png 0.5990889668464661 -1.3462378978729248 0.6745952367782593 0.9000849723815918 -0.064207524061203 0.3868599832057953 0.1899041384458542
office/seq-02/frame-000771.color.png 0.6211040019989014 -1.3360013961791992 0.6772273778915405 0.9040259718894958 -0.04878750443458557 0.3816606104373932 0.18625853955745697
office/seq-02/frame-000772.color.png 0.6641610264778137 -1.349108099937439 0.7023297548294067 0.907222330570221 -0.049859460443258286 0.37447524070739746 0.18501369655132294
office/seq-02/frame-000773.color.png 0.6472207903862 -1.3864258527755737 0.7654356360435486 0.910387396812439 -0.04217689856886864 0.3691413998603821 0.18207305669784546
office/seq-02/frame-000774.color.png 0.6388837695121765 -1.3824622631072998 0.7755640149116516 0.9162719249725342 -0.03350166976451874 0.3572594225406647 0.17801466584205627
office/seq-02/frame-000775.color.png 0.6558459997177124 -1.4018632173538208 0.8109232783317566 0.9204956293106079 -0.02404007501900196 0.3482060134410858 0.17567674815654755
office/seq-02/frame-000776.color.png 0.6320275664329529 -1.400477409362793 0.7943612933158875 0.9247195720672607 -0.017067674547433853 0.3397921621799469 0.17071574926376343
office/seq-02/frame-000777.color.png 0.6673851013183594 -1.4142593145370483 0.7773836255073547 0.9273436069488525 -0.009298181161284447 0.3346301019191742 0.16724230349063873
office/seq-02/frame-000778.color.png 0.6554433703422546 -1.4238253831863403 0.7853344678878784 0.9244348406791687 -0.006358962971717119 0.3418707251548767 0.16883182525634766
office/seq-02/frame-000779.color.png 0.6401919722557068 -1.3937492370605469 0.7695686221122742 0.9235553741455078 -0.0074112312868237495 0.3456490933895111 0.16588395833969116
office/seq-02/frame-000780.color.png 0.6195430159568787 -1.3758260011672974 0.8108649253845215 0.928597092628479 -0.007616568356752396 0.33169442415237427 0.16621722280979156
office/seq-02/frame-000781.color.png 0.6162487864494324 -1.3687756061553955 0.8398075699806213 0.9303224086761475 -0.002194740576669574 0.330389142036438 0.15918032824993134
office/seq-02/frame-000782.color.png 0.6230538487434387 -1.3586578369140625 0.8642168045043945 0.9270232915878296 0.004791749641299248 0.338737428188324 0.16081619262695312
office/seq-02/frame-000783.color.png 0.6365851163864136 -1.3507449626922607 0.8323543667793274 0.9270843267440796 0.00766757782548666 0.3410401940345764 0.15539443492889404
office/seq-02/frame-000784.color.png 0.6476340889930725 -1.3318464756011963 0.8565534353256226 0.9280016422271729 0.0096165481954813 0.3388717472553253 0.1545524001121521
office/seq-02/frame-000785.color.png 0.648007333278656 -1.3405059576034546 0.8985245227813721 0.933650553226471 0.013152766972780228 0.3263082206249237 0.1471278965473175
office/seq-02/frame-000786.color.png 0.6675599813461304 -1.3271712064743042 0.913358211517334 0.9336216449737549 0.010247483849525452 0.3257159888744354 0.1488444060087204
office/seq-02/frame-000787.color.png 0.6588513255119324 -1.3053486347198486 0.9680165648460388 0.9337230324745178 0.023977089673280716 0.32855623960494995 0.14013172686100006
office/seq-02/frame-000788.color.png 0.6817993521690369 -1.2918999195098877 1.0085917711257935 0.9349458813667297 0.030482681468129158 0.32561028003692627 0.13756820559501648
office/seq-02/frame-000789.color.png 0.70430988073349 -1.304625391960144 0.99590665102005 0.9343088865280151 0.03175847977399826 0.3281199038028717 0.13563065230846405
office/seq-02/frame-000790.color.png 0.7051130533218384 -1.3126393556594849 1.0213623046875 0.932447612285614 0.03459625691175461 0.3334784209728241 0.13467247784137726
office/seq-02/frame-000791.color.png 0.6892870664596558 -1.3137229681015015 1.0161492824554443 0.9360666871070862 0.03333126753568649 0.32487428188323975 0.1308622509241104
office/seq-02/frame-000792.color.png 0.6497347354888916 -1.2905488014221191 1.076568365097046 0.9334235191345215 0.0378488153219223 0.3319384455680847 0.1307857483625412
office/seq-02/frame-000793.color.png 0.6379629969596863 -1.2858914136886597 1.116833209991455 0.9333847761154175 0.03787397965788841 0.3331345021724701 0.1279834508895874
office/seq-02/frame-000794.color.png 0.6174413561820984 -1.277243733406067 1.150368332862854 0.9374903440475464 0.041053395718336105 0.32120874524116516 0.12748031318187714
office/seq-02/frame-000795.color.png 0.6153467297554016 -1.2439515590667725 1.1724185943603516 0.9336422681808472 0.042092472314834595 0.3338024616241455 0.1229478120803833
office/seq-02/frame-000796.color.png 0.6354748010635376 -1.2413395643234253 1.1824040412902832 0.9288744926452637 0.0394948348402977 0.34712886810302734 0.12301982194185257
office/seq-02/frame-000797.color.png 0.6581025719642639 -1.2579989433288574 1.2070128917694092 0.9281861782073975 0.045257121324539185 0.34877437353134155 0.12156755477190018
office/seq-02/frame-000798.color.png 0.6587949395179749 -1.2430893182754517 1.1764026880264282 0.9270290732383728 0.041005901992321014 0.35259613394737244 0.12087847292423248
office/seq-02/frame-000799.color.png 0.6681338548660278 -1.2846379280090332 1.183173418045044 0.9297961592674255 0.04566720128059387 0.3435154855251312 0.12405969947576523
office/seq-02/frame-000800.color.png 0.6579728126525879 -1.2903358936309814 1.2253468036651611 0.9305189847946167 0.04300927370786667 0.34111422300338745 0.12619653344154358
office/seq-02/frame-000801.color.png 0.6696510314941406 -1.293888807296753 1.2449777126312256 0.9265940189361572 0.04779642075300217 0.3511892259120941 0.12571834027767181
office/seq-02/frame-000802.color.png 0.6570795178413391 -1.2661832571029663 1.2885242700576782 0.9271981716156006 0.05428003519773483 0.349857896566391 0.12229756265878677
office/seq-02/frame-000803.color.png 0.6427229046821594 -1.2626738548278809 1.2905192375183105 0.9222358465194702 0.058306753635406494 0.36162030696868896 0.12374139577150345
office/seq-02/frame-000804.color.png 0.6152483820915222 -1.2589850425720215 1.2875388860702515 0.9269633889198303 0.05429192632436752 0.350484699010849 0.12227751314640045
office/seq-02/frame-000805.color.png 0.5758739709854126 -1.2652145624160767 1.3149195909500122 0.929833710193634 0.05755268782377243 0.3400912284851074 0.12819845974445343
office/seq-02/frame-000806.color.png 0.5366708636283875 -1.2607873678207397 1.334123969078064 0.9211316108703613 0.055107660591602325 0.3634507954120636 0.12799641489982605
office/seq-02/frame-000807.color.png 0.5650565028190613 -1.2587915658950806 1.3550865650177002 0.9193966388702393 0.061265476047992706 0.3657751679420471 0.13101455569267273
office/seq-02/frame-000808.color.png 0.5516539812088013 -1.2679636478424072 1.3436437845230103 0.917707622051239 0.06625786423683167 0.36768838763237 0.13501089811325073
office/seq-02/frame-000809.color.png 0.5610536336898804 -1.2818269729614258 1.380539059638977 0.9196460843086243 0.06677109003067017 0.3622741401195526 0.1361994445323944
office/seq-02/frame-000810.color.png 0.5606429576873779 -1.2744289636611938 1.3758512735366821 0.9126337766647339 0.07142092287540436 0.3794228434562683 0.1343017816543579
office/seq-02/frame-000811.color.png 0.5862565040588379 -1.2445701360702515 1.4020074605941772 0.9111078977584839 0.07671231776475906 0.3816347122192383 0.13547170162200928
office/seq-02/frame-000812.color.png 0.6119399666786194 -1.2726119756698608 1.4038355350494385 0.9138039350509644 0.062041107565164566 0.372263640165329 0.15011054277420044
office/seq-02/frame-000813.color.png 0.5419694781303406 -1.267586588859558 1.3902721405029297 0.9156712889671326 0.06889621913433075 0.367961049079895 0.14630194008350372
office/seq-02/frame-000814.color.png 0.5468108057975769 -1.2775297164916992 1.392839789390564 0.909918487071991 0.07549839466810226 0.38127878308296204 0.1448267251253128
office/seq-02/frame-000815.color.png 0.5402482151985168 -1.2662761211395264 1.4248909950256348 0.9075258374214172 0.0790276825428009 0.3864184021949768 0.14433439075946808
office/seq-02/frame-000816.color.png 0.5919152498245239 -1.269715666770935 1.4004441499710083 0.9051144123077393 0.07333071529865265 0.38802987337112427 0.15755435824394226
office/seq-02/frame-000817.color.png 0.5790280699729919 -1.301457405090332 1.383898138999939 0.9075798392295837 0.06971967220306396 0.38106414675712585 0.16195017099380493
office/seq-02/frame-000818.color.png 0.5560877323150635 -1.2911134958267212 1.4145704507827759 0.906644344329834 0.08109099417924881 0.38337427377700806 0.15634773671627045
office/seq-02/frame-000819.color.png 0.5375458002090454 -1.2915836572647095 1.4239064455032349 0.90269535779953 0.08408509194850922 0.3914632201194763 0.15756677091121674
office/seq-02/frame-000820.color.png 0.5565586090087891 -1.2930692434310913 1.427976131439209 0.9069598913192749 0.07688836753368378 0.38028955459594727 0.16398760676383972
office/seq-02/frame-000821.color.png 0.5294068455696106 -1.2992913722991943 1.434580683708191 0.9035453200340271 0.07486972212791443 0.3895879089832306 0.16193141043186188
office/seq-02/frame-000822.color.png 0.5238580703735352 -1.2984188795089722 1.4464164972305298 0.9021480083465576 0.08130592852830887 0.39235684275627136 0.1599203497171402
office/seq-02/frame-000823.color.png 0.5164960026741028 -1.3077454566955566 1.4466122388839722 0.9012799859046936 0.07603058964014053 0.3945104777812958 0.16209693253040314
office/seq-02/frame-000824.color.png 0.5280336141586304 -1.2986068725585938 1.4515820741653442 0.902302622795105 0.07610516250133514 0.3924219012260437 0.16144011914730072
office/seq-02/frame-000825.color.png 0.5289219617843628 -1.2942614555358887 1.447831392288208 0.8966516852378845 0.0678553655743599 0.40579402446746826 0.1635318398475647
office/seq-02/frame-000826.color.png 0.5238673090934753 -1.2966636419296265 1.4462165832519531 0.900032103061676 0.07410678267478943 0.3984566926956177 0.1602582335472107
office/seq-02/frame-000827.color.png 0.4976181387901306 -1.2995585203170776 1.4451117515563965 0.9037560820579529 0.07794615626335144 0.38975340127944946 0.15887533128261566
office/seq-02/frame-000828.color.png 0.5024714469909668 -1.3073720932006836 1.4352726936340332 0.8991633653640747 0.08369763195514679 0.4020512104034424 0.15117792785167694
office/seq-02/frame-000829.color.png 0.5118854641914368 -1.3003073930740356 1.4393805265426636 0.9011529088020325 0.08299512416124344 0.39595407247543335 0.15574242174625397
office/seq-02/frame-000830.color.png 0.5126755237579346 -1.288375735282898 1.4397766590118408 0.8999678492546082 0.07794669270515442 0.3980199694633484 0.15988251566886902
office/seq-02/frame-000831.color.png 0.5042737126350403 -1.289860486984253 1.4306572675704956 0.9078227877616882 0.0759061947464943 0.3800397217273712 0.1602061241865158
office/seq-02/frame-000832.color.png 0.49330705404281616 -1.2900738716125488 1.4260436296463013 0.9098348021507263 0.08089840412139893 0.37696757912635803 0.1534648835659027
office/seq-02/frame-000833.color.png 0.4973364770412445 -1.296589732170105 1.4270049333572388 0.9021329283714294 0.08613947033882141 0.398948609828949 0.13991394639015198
office/seq-02/frame-000834.color.png 0.4672217071056366 -1.2838417291641235 1.4403903484344482 0.8952292799949646 0.08389703184366226 0.4112721085548401 0.14960281550884247
office/seq-02/frame-000835.color.png 0.5068963766098022 -1.2796214818954468 1.4546927213668823 0.9015437960624695 0.08044065535068512 0.3967340588569641 0.15280769765377045
office/seq-02/frame-000836.color.png 0.5076792240142822 -1.2960776090621948 1.4502630233764648 0.9037666916847229 0.08197414875030518 0.3933364152908325 0.14755436778068542
office/seq-02/frame-000837.color.png 0.48921090364456177 -1.2883074283599854 1.4592102766036987 0.9039925932884216 0.08573201298713684 0.3885319232940674 0.15649321675300598
office/seq-02/frame-000838.color.png 0.49749109148979187 -1.2656365633010864 1.413238286972046 0.9072702527046204 0.07953885197639465 0.379293292760849 0.16331228613853455
office/seq-02/frame-000839.color.png 0.49462366104125977 -1.2732995748519897 1.4272668361663818 0.9069328904151917 0.07850072532892227 0.3820614218711853 0.15918387472629547
office/seq-02/frame-000840.color.png 0.47579890489578247 -1.2727257013320923 1.4254155158996582 0.905921995639801 0.08349577337503433 0.3879445493221283 0.14775961637496948
office/seq-02/frame-000841.color.png 0.47543850541114807 -1.2641749382019043 1.4249435663223267 0.907450795173645 0.07321146875619888 0.38806092739105225 0.14346414804458618
office/seq-02/frame-000842.color.png 0.4629785716533661 -1.2674469947814941 1.4255313873291016 0.9045044779777527 0.07769191265106201 0.3938521146774292 0.14393094182014465
office/seq-02/frame-000843.color.png 0.4629785716533661 -1.2674469947814941 1.4255313873291016 0.9045044779777527 0.07769191265106201 0.3938521146774292 0.14393094182014465
office/seq-02/frame-000844.color.png 0.44596627354621887 -1.2509738206863403 1.4257988929748535 0.9091605544090271 0.08155559003353119 0.3798685669898987 0.14991891384124756
office/seq-02/frame-000845.color.png 0.456120103597641 -1.2238235473632812 1.3967055082321167 0.9095056653022766 0.07508442550897598 0.3797488808631897 0.15150059759616852
office/seq-02/frame-000846.color.png 0.42040684819221497 -1.2335340976715088 1.387352466583252 0.9137973189353943 0.07613878697156906 0.36659952998161316 0.15742293000221252
office/seq-02/frame-000847.color.png 0.4428790807723999 -1.2243694067001343 1.386832594871521 0.9165586829185486 0.0680152177810669 0.36472082138061523 0.14924131333827972
office/seq-02/frame-000848.color.png 0.4644955098628998 -1.2129873037338257 1.4042277336120605 0.9194781184196472 0.07189194858074188 0.3592558801174164 0.14257173240184784
office/seq-02/frame-000849.color.png 0.4773026704788208 -1.2088650465011597 1.395491600036621 0.9265185594558716 0.06663170456886292 0.34539780020713806 0.13350680470466614
office/seq-02/frame-000850.color.png 0.4612601697444916 -1.198880910873413 1.3641546964645386 0.9188177585601807 0.07073570042848587 0.366409569978714 0.12850850820541382
office/seq-02/frame-000851.color.png 0.44655176997184753 -1.211926817893982 1.3375189304351807 0.9235454797744751 0.06106298416852951 0.35532981157302856 0.13067404925823212
office/seq-02/frame-000852.color.png 0.44444024562835693 -1.2089626789093018 1.3162814378738403 0.9252451658248901 0.05958623066544533 0.34880098700523376 0.13677945733070374
office/seq-02/frame-000853.color.png 0.46651601791381836 -1.187309741973877 1.3120636940002441 0.9289090037345886 0.05040701478719711 0.3415642976760864 0.13386917114257812
office/seq-02/frame-000854.color.png 0.4433530271053314 -1.1989401578903198 1.2898083925247192 0.9277535676956177 0.05124306678771973 0.3418112099170685 0.14075657725334167
office/seq-02/frame-000855.color.png 0.4652562737464905 -1.2106962203979492 1.2932504415512085 0.9338164329528809 0.04063507914543152 0.3292262852191925 0.13396170735359192
office/seq-02/frame-000856.color.png 0.48072269558906555 -1.195801854133606 1.2560606002807617 0.9313674569129944 0.029522033408284187 0.3323327898979187 0.14573292434215546
office/seq-02/frame-000857.color.png 0.4709743559360504 -1.2066045999526978 1.2245174646377563 0.9361703395843506 0.03805253654718399 0.32164084911346436 0.13669057190418243
office/seq-02/frame-000858.color.png 0.44592511653900146 -1.1967812776565552 1.2114217281341553 0.9338221549987793 0.024881625548005104 0.32763510942459106 0.1414649784564972
office/seq-02/frame-000859.color.png 0.4445570409297943 -1.199110984802246 1.1959710121154785 0.9384370446205139 0.022506840527057648 0.3163398504257202 0.13696134090423584
office/seq-02/frame-000860.color.png 0.4610432982444763 -1.2127934694290161 1.1650980710983276 0.9340616464614868 0.01101336907595396 0.3273084759712219 0.14239586889743805
office/seq-02/frame-000861.color.png 0.445347398519516 -1.2054728269577026 1.1684727668762207 0.9355736374855042 0.010976073332130909 0.321445494890213 0.1457885056734085
office/seq-02/frame-000862.color.png 0.47354668378829956 -1.1988593339920044 1.1661685705184937 0.9377785921096802 0.013073415495455265 0.31872645020484924 0.13716325163841248
office/seq-02/frame-000863.color.png 0.46044448018074036 -1.1898431777954102 1.1080808639526367 0.9373756647109985 0.0006509271916002035 0.31775665283203125 0.1426786631345749
office/seq-02/frame-000864.color.png 0.4752979278564453 -1.2054253816604614 1.0779051780700684 0.9394652843475342 -0.006061989814043045 0.3126457631587982 0.14007435739040375
office/seq-02/frame-000865.color.png 0.4878040850162506 -1.20791757106781 1.0631301403045654 0.9414627552032471 -0.019870664924383163 0.30750590562820435 0.1367228776216507
office/seq-02/frame-000866.color.png 0.48832494020462036 -1.1951589584350586 1.061119556427002 0.9381843209266663 -0.020305365324020386 0.3146587312221527 0.14278586208820343
office/seq-02/frame-000867.color.png 0.5150802731513977 -1.200084924697876 1.0767139196395874 0.9409651160240173 -0.012787966057658195 0.3077947497367859 0.1402977854013443
office/seq-02/frame-000868.color.png 0.48683708906173706 -1.1737475395202637 1.0676320791244507 0.9384170770645142 -0.019220981746912003 0.3117537200450897 0.14769384264945984
office/seq-02/frame-000869.color.png 0.47997021675109863 -1.1594051122665405 1.039061188697815 0.9380663633346558 -0.025598039850592613 0.31263893842697144 0.14708194136619568
office/seq-02/frame-000870.color.png 0.4920925199985504 -1.1712956428527832 1.0422613620758057 0.9445791244506836 -0.028172850608825684 0.29457786679267883 0.1421278566122055
office/seq-02/frame-000871.color.png 0.49910032749176025 -1.184295415878296 1.0072237253189087 0.939587414264679 -0.028671998530626297 0.31044402718544006 0.14134253561496735
office/seq-02/frame-000872.color.png 0.5061488747596741 -1.1961091756820679 1.00711989402771 0.9434288740158081 -0.03471633419394493 0.2968425452709198 0.14360077679157257
office/seq-02/frame-000873.color.png 0.5390456318855286 -1.1909856796264648 1.0212165117263794 0.9400471448898315 -0.036858584731817245 0.3068375587463379 0.14423447847366333
office/seq-02/frame-000874.color.png 0.5496506690979004 -1.1957385540008545 1.0173461437225342 0.9412218332290649 -0.04289603233337402 0.30453869700431824 0.13970555365085602
office/seq-02/frame-000875.color.png 0.5496506690979004 -1.1957385540008545 1.0173461437225342 0.9412218332290649 -0.04289603233337402 0.30453869700431824 0.13970555365085602
office/seq-02/frame-000876.color.png 0.5515669584274292 -1.1816157102584839 1.0163830518722534 0.939565122127533 -0.04492022469639778 0.30925193428993225 0.13986621797084808
office/seq-02/frame-000877.color.png 0.5480018854141235 -1.19716477394104 0.9839656949043274 0.9417332410812378 -0.054505255073308945 0.30048054456710815 0.14099329710006714
office/seq-02/frame-000878.color.png 0.5465575456619263 -1.1878607273101807 0.9757662415504456 0.9441279172897339 -0.05428506061434746 0.29242828488349915 0.1419910192489624
office/seq-02/frame-000879.color.png 0.5473573207855225 -1.1674705743789673 1.0262588262557983 0.9409536123275757 -0.053655218333005905 0.30324968695640564 0.14059534668922424
office/seq-02/frame-000880.color.png 0.5400328040122986 -1.1626307964324951 1.0118122100830078 0.9414154291152954 -0.05875800549983978 0.30236372351646423 0.13733436167240143
office/seq-02/frame-000881.color.png 0.5278935432434082 -1.1597559452056885 1.0288337469100952 0.9443506598472595 -0.0647146999835968 0.29239362478256226 0.13608822226524353
office/seq-02/frame-000882.color.png 0.5246103405952454 -1.1062347888946533 1.0605697631835938 0.9459648132324219 -0.06977611035108566 0.28409287333488464 0.13990432024002075
office/seq-02/frame-000883.color.png 0.5189961791038513 -1.1099741458892822 1.0856703519821167 0.9496612548828125 -0.06716977804899216 0.2739793360233307 0.13626126945018768
office/seq-02/frame-000884.color.png 0.4889496862888336 -1.0865752696990967 1.038588285446167 0.9571499228477478 -0.07270055264234543 0.24183420836925507 0.14175696671009064
office/seq-02/frame-000885.color.png 0.510900616645813 -1.089975357055664 1.0210570096969604 0.956135094165802 -0.08198077976703644 0.2398865818977356 0.14676335453987122
office/seq-02/frame-000886.color.png 0.5199946165084839 -1.0763932466506958 0.9759529232978821 0.9551080465316772 -0.09056352078914642 0.24185633659362793 0.14516276121139526
office/seq-02/frame-000887.color.png 0.49988606572151184 -1.0668511390686035 0.9899243712425232 0.9581003785133362 -0.09934892505407333 0.22632378339767456 0.1447441726922989
office/seq-02/frame-000888.color.png 0.5003501176834106 -1.102443814277649 0.978929340839386 0.9567427039146423 -0.10876468569040298 0.23134548962116241 0.1388995498418808
office/seq-02/frame-000889.color.png 0.5100998282432556 -1.1184123754501343 0.9690800309181213 0.9593062400817871 -0.11640086024999619 0.22103068232536316 0.13163545727729797
office/seq-02/frame-000890.color.png 0.5004157423973083 -1.0943142175674438 0.9280149340629578 0.9566394090652466 -0.12259867787361145 0.22925060987472534 0.13135728240013123
office/seq-02/frame-000891.color.png 0.49354761838912964 -1.1528607606887817 0.8828595280647278 0.9606133103370667 -0.1272365301847458 0.21816587448120117 0.11591587960720062
office/seq-02/frame-000892.color.png 0.5294768214225769 -1.1910109519958496 0.8978553414344788 0.9670763611793518 -0.1387019157409668 0.18433785438537598 0.10744648426771164
office/seq-02/frame-000893.color.png 0.5294768214225769 -1.1910109519958496 0.8978553414344788 0.9670763611793518 -0.1387019157409668 0.18433785438537598 0.10744648426771164
office/seq-02/frame-000894.color.png 0.4915824234485626 -1.1811431646347046 0.8843631148338318 0.9651343822479248 -0.15101155638694763 0.18486128747463226 0.10741270333528519
office/seq-02/frame-000895.color.png 0.4862203299999237 -1.1619627475738525 0.9032208323478699 0.9719550609588623 -0.1634112447500229 0.1383371502161026 0.0972772091627121
office/seq-02/frame-000896.color.png 0.48771902918815613 -1.1527910232543945 0.8483846783638 0.9767193794250488 -0.15621024370193481 0.10745824128389359 0.10035102814435959
office/seq-02/frame-000897.color.png 0.5196443200111389 -1.1296424865722656 0.8252124786376953 0.9789357781410217 -0.1620994657278061 0.08189485967159271 0.0932825580239296
office/seq-02/frame-000898.color.png 0.5115471482276917 -1.1437126398086548 0.790342390537262 0.9793455004692078 -0.16973543167114258 0.06521689146757126 0.08842480182647705
office/seq-02/frame-000899.color.png 0.5373842120170593 -1.1129330396652222 0.772617518901825 0.9828846454620361 -0.15855474770069122 0.05123988911509514 0.07856662571430206
office/seq-02/frame-000900.color.png 0.5373842120170593 -1.1129330396652222 0.772617518901825 0.9828846454620361 -0.15855474770069122 0.05123988911509514 0.07856662571430206
office/seq-02/frame-000901.color.png 0.5193159580230713 -1.134350299835205 0.7080513834953308 0.9830591678619385 -0.16274364292621613 0.04114991053938866 0.07359350472688675
office/seq-02/frame-000902.color.png 0.505984365940094 -1.1064374446868896 0.682659924030304 0.9841251969337463 -0.16077984869480133 0.032283615320920944 0.06786125153303146
office/seq-02/frame-000903.color.png 0.47808319330215454 -1.0909512042999268 0.7211649417877197 0.9842859506607056 -0.1624046117067337 0.03363969177007675 0.06061547249555588
office/seq-02/frame-000904.color.png 0.47808319330215454 -1.0909512042999268 0.7211649417877197 0.9842859506607056 -0.1624046117067337 0.03363969177007675 0.06061547249555588
office/seq-02/frame-000905.color.png 0.5076949000358582 -1.0889217853546143 0.7251427173614502 0.9860782027244568 -0.15635667741298676 0.02828030288219452 0.04901597276329994
office/seq-02/frame-000906.color.png 0.5618440508842468 -1.1102514266967773 0.6823294758796692 0.9871877431869507 -0.15249796211719513 0.011482848785817623 0.04552975296974182
office/seq-02/frame-000907.color.png 0.5295615792274475 -1.0755021572113037 0.6812397241592407 0.9875293374061584 -0.15307064354419708 0.00606504175812006 0.03630882874131203
office/seq-02/frame-000908.color.png 0.5295615792274475 -1.0755021572113037 0.6812397241592407 0.9875293374061584 -0.15307064354419708 0.00606504175812006 0.03630882874131203
office/seq-02/frame-000909.color.png 0.5293912887573242 -1.0643110275268555 0.7371546030044556 0.9868667125701904 -0.15833748877048492 0.0026470604352653027 0.03188267722725868
office/seq-02/frame-000910.color.png 0.5128804445266724 -1.082370400428772 0.7814040780067444 0.9872186779975891 -0.15623429417610168 -0.006857277825474739 0.030709145590662956
office/seq-02/frame-000911.color.png 0.5128804445266724 -1.082370400428772 0.7814040780067444 0.9872186779975891 -0.15623429417610168 -0.006857277825474739 0.030709145590662956
office/seq-02/frame-000912.color.png 0.5512329339981079 -1.0760738849639893 0.7890163064002991 0.9879946708679199 -0.14966581761837006 -0.027675721794366837 0.026469513773918152
office/seq-02/frame-000913.color.png 0.49788573384284973 -1.0715084075927734 0.8315862417221069 0.9872121810913086 -0.14988747239112854 -0.04651481658220291 0.027968868613243103
office/seq-02/frame-000914.color.png 0.49788573384284973 -1.0715084075927734 0.8315862417221069 0.9872121810913086 -0.14988747239112854 -0.04651481658220291 0.027968868613243103
office/seq-02/frame-000915.color.png 0.5179430842399597 -1.0631012916564941 0.8948346972465515 0.9858345985412598 -0.15863889455795288 -0.04781627282500267 0.026027804240584373
office/seq-02/frame-000916.color.png 0.512695848941803 -1.0648478269577026 0.9457922577857971 0.9864200353622437 -0.15850841999053955 -0.03837747871875763 0.019436484202742577
office/seq-02/frame-000917.color.png 0.512695848941803 -1.0648478269577026 0.9457922577857971 0.9864200353622437 -0.15850841999053955 -0.03837747871875763 0.019436484202742577
office/seq-02/frame-000918.color.png 0.4979728162288666 -1.0839916467666626 0.9023101329803467 0.9857972860336304 -0.15327958762645721 -0.06720206141471863 0.01390128955245018
office/seq-02/frame-000919.color.png 0.5077692270278931 -1.0677367448806763 0.9188525676727295 0.9858339428901672 -0.14968878030776978 -0.07517948746681213 0.008534322492778301
office/seq-02/frame-000920.color.png 0.5047895312309265 -1.0767288208007812 0.9502727389335632 0.9823223352432251 -0.1650838851928711 -0.08819349855184555 0.0034867001231759787
office/seq-02/frame-000921.color.png 0.5047895312309265 -1.0767288208007812 0.9502727389335632 0.9823223352432251 -0.1650838851928711 -0.08819349855184555 0.0034867001231759787
office/seq-02/frame-000922.color.png 0.5531944632530212 -1.0806233882904053 0.9313315749168396 0.9821471571922302 -0.16436806321144104 -0.09130053967237473 -0.0058604092337191105
office/seq-02/frame-000923.color.png 0.5466217994689941 -1.0807795524597168 1.0032355785369873 0.9765359163284302 -0.16817259788513184 -0.13424819707870483 -0.008542819879949093
office/seq-02/frame-000924.color.png 0.5769369602203369 -1.1063666343688965 1.0687304735183716 0.9731715321540833 -0.18466892838478088 -0.13612471520900726 -0.017456887289881706
office/seq-02/frame-000925.color.png 0.5769369602203369 -1.1063666343688965 1.0687304735183716 0.9731715321540833 -0.18466892838478088 -0.13612471520900726 -0.017456887289881706
office/seq-02/frame-000926.color.png 0.622124195098877 -1.100929617881775 1.0989606380462646 0.9700596928596497 -0.1861773282289505 -0.15390188992023468 -0.025227908045053482
office/seq-02/frame-000927.color.png 0.6229063272476196 -1.1123766899108887 1.0857396125793457 0.9663454294204712 -0.19500204920768738 -0.16523051261901855 -0.029149949550628662
office/seq-02/frame-000928.color.png 0.6299149394035339 -1.0991575717926025 1.085848331451416 0.9649499654769897 -0.19603624939918518 -0.17118887603282928 -0.03369962051510811
office/seq-02/frame-000929.color.png 0.6299149394035339 -1.0991575717926025 1.085848331451416 0.9649499654769897 -0.19603624939918518 -0.17118887603282928 -0.03369962051510811
office/seq-02/frame-000930.color.png 0.6653791069984436 -1.107047200202942 1.1500359773635864 0.9645065665245056 -0.19369783997535706 -0.17415155470371246 -0.04335403814911842
office/seq-02/frame-000931.color.png 0.6665570735931396 -1.1109760999679565 1.1750086545944214 0.9601737260818481 -0.20357613265514374 -0.18421487510204315 -0.05184648931026459
office/seq-02/frame-000932.color.png 0.6504086852073669 -1.109232783317566 1.192492127418518 0.9584901332855225 -0.20248377323150635 -0.19381697475910187 -0.05226697027683258
office/seq-02/frame-000933.color.png 0.6504086852073669 -1.109232783317566 1.192492127418518 0.9584901332855225 -0.20248377323150635 -0.19381697475910187 -0.05226697027683258
office/seq-02/frame-000934.color.png 0.6525960564613342 -1.1279566287994385 1.2106773853302002 0.9578787684440613 -0.19662752747535706 -0.19942063093185425 -0.06354022771120071
office/seq-02/frame-000935.color.png 0.6836503744125366 -1.1333415508270264 1.2200522422790527 0.951621413230896 -0.20107966661453247 -0.22140541672706604 -0.07044955343008041
office/seq-02/frame-000936.color.png 0.6832848191261292 -1.1300729513168335 1.219118595123291 0.948922872543335 -0.203861266374588 -0.22910112142562866 -0.07415230572223663
office/seq-02/frame-000937.color.png 0.6853063106536865 -1.1289780139923096 1.2228306531906128 0.9447253942489624 -0.2112019658088684 -0.239740252494812 -0.0735672190785408
office/seq-02/frame-000938.color.png 0.6853063106536865 -1.1289780139923096 1.2228306531906128 0.9447253942489624 -0.2112019658088684 -0.239740252494812 -0.0735672190785408
office/seq-02/frame-000939.color.png 0.7159807682037354 -1.1226967573165894 1.270728588104248 0.9417791962623596 -0.20770546793937683 -0.2531740069389343 -0.07624505460262299
office/seq-02/frame-000940.color.png 0.7354166507720947 -1.121704339981079 1.2875829935073853 0.9397052526473999 -0.21123741567134857 -0.25682559609413147 -0.07983376085758209
office/seq-02/frame-000941.color.png 0.7406561374664307 -1.1293538808822632 1.2977865934371948 0.9353819489479065 -0.20773188769817352 -0.2739405035972595 -0.08285421878099442
office/seq-02/frame-000942.color.png 0.7383117079734802 -1.1382254362106323 1.2836939096450806 0.9370599389076233 -0.20950359106063843 -0.26603075861930847 -0.08517417311668396
office/seq-02/frame-000943.color.png 0.7383117079734802 -1.1382254362106323 1.2836939096450806 0.9370599389076233 -0.20950359106063843 -0.26603075861930847 -0.08517417311668396
office/seq-02/frame-000944.color.png 0.7545076012611389 -1.1302909851074219 1.3024626970291138 0.9364139437675476 -0.21457567811012268 -0.2634226083755493 -0.0877213329076767
office/seq-02/frame-000945.color.png 0.7612527012825012 -1.1067135334014893 1.3403586149215698 0.9361541867256165 -0.21193145215511322 -0.2668117880821228 -0.08667127043008804
office/seq-02/frame-000946.color.png 0.7480325698852539 -1.1139960289001465 1.340256690979004 0.9330766797065735 -0.21654340624809265 -0.27299198508262634 -0.08917640149593353
office/seq-02/frame-000947.color.png 0.7568751573562622 -1.1044610738754272 1.3423141241073608 0.9308032989501953 -0.2172929048538208 -0.28031933307647705 -0.08837331086397171
office/seq-02/frame-000948.color.png 0.7566959857940674 -1.1126519441604614 1.3608894348144531 0.930970311164856 -0.2202526330947876 -0.2775764763355255 -0.08794397115707397
office/seq-02/frame-000949.color.png 0.7585002183914185 -1.1158225536346436 1.379349708557129 0.9295568466186523 -0.21958567202091217 -0.2819918990135193 -0.09048103541135788
office/seq-02/frame-000950.color.png 0.7585002183914185 -1.1158225536346436 1.379349708557129 0.9295568466186523 -0.21958567202091217 -0.2819918990135193 -0.09048103541135788
office/seq-02/frame-000951.color.png 0.748012363910675 -1.1365283727645874 1.3628212213516235 0.9293624758720398 -0.21901549398899078 -0.2814159691333771 -0.09551230818033218
office/seq-02/frame-000952.color.png 0.7634734511375427 -1.1199411153793335 1.3735649585723877 0.9300850629806519 -0.2262507528066635 -0.2719518840312958 -0.09896693378686905
office/seq-02/frame-000953.color.png 0.7567989230155945 -1.1165502071380615 1.4066396951675415 0.9245657324790955 -0.22333547472953796 -0.29083696007728577 -0.10350475460290909
office/seq-02/frame-000954.color.png 0.7567989230155945 -1.1165502071380615 1.4066396951675415 0.9245657324790955 -0.22333547472953796 -0.29083696007728577 -0.10350475460290909
office/seq-02/frame-000955.color.png 0.7463325262069702 -1.1193417310714722 1.4165358543395996 0.9196826815605164 -0.22978949546813965 -0.29869797825813293 -0.11027245968580246
office/seq-02/frame-000956.color.png 0.7285718321800232 -1.1210336685180664 1.4358062744140625 0.9199422001838684 -0.23325537145137787 -0.29717716574668884 -0.10480479896068573
office/seq-02/frame-000957.color.png 0.732171356678009 -1.1181268692016602 1.453349232673645 0.9183173179626465 -0.2341417819261551 -0.2992537021636963 -0.11098703742027283
office/seq-02/frame-000958.color.png 0.7311920523643494 -1.1201196908950806 1.4513999223709106 0.917707622051239 -0.23422563076019287 -0.2991412580013275 -0.11604081094264984
office/seq-02/frame-000959.color.png 0.7254670858383179 -1.1255806684494019 1.4652705192565918 0.9139292240142822 -0.23700906336307526 -0.3059748709201813 -0.12222696840763092
office/seq-02/frame-000960.color.png 0.7072469592094421 -1.1221915483474731 1.459306240081787 0.9092464447021484 -0.2396802306175232 -0.3172232508659363 -0.12326262891292572
office/seq-02/frame-000961.color.png 0.7072469592094421 -1.1221915483474731 1.459306240081787 0.9092464447021484 -0.2396802306175232 -0.3172232508659363 -0.12326262891292572
office/seq-02/frame-000962.color.png 0.7063924074172974 -1.1281510591506958 1.4618524312973022 0.9092637896537781 -0.24047626554965973 -0.3150804936885834 -0.12702278792858124
office/seq-02/frame-000963.color.png 0.7052186727523804 -1.1406748294830322 1.4792758226394653 0.9027132987976074 -0.23961855471134186 -0.3317848742008209 -0.13270477950572968
office/seq-02/frame-000964.color.png 0.707547664642334 -1.1484003067016602 1.4766912460327148 0.9024162888526917 -0.2436056137084961 -0.3279092609882355 -0.13702794909477234
office/seq-02/frame-000965.color.png 0.6968582272529602 -1.1474578380584717 1.486599326133728 0.9002299904823303 -0.2406792789697647 -0.3339100480079651 -0.1419980823993683
office/seq-02/frame-000966.color.png 0.695162832736969 -1.1630022525787354 1.5083650350570679 0.9000673294067383 -0.24074909090995789 -0.33430200815200806 -0.14198949933052063
office/seq-02/frame-000967.color.png 0.6931490898132324 -1.1756519079208374 1.5149563550949097 0.8922412991523743 -0.23779787123203278 -0.3533477485179901 -0.1500103622674942
office/seq-02/frame-000968.color.png 0.6931490898132324 -1.1756519079208374 1.5149563550949097 0.8922412991523743 -0.23779787123203278 -0.3533477485179901 -0.1500103622674942
office/seq-02/frame-000969.color.png 0.6749501824378967 -1.1850533485412598 1.5215392112731934 0.8871262073516846 -0.241896390914917 -0.36054396629333496 -0.15652906894683838
office/seq-02/frame-000970.color.png 0.658167839050293 -1.172415018081665 1.5319122076034546 0.884844183921814 -0.2403627187013626 -0.3669278025627136 -0.15697252750396729
office/seq-02/frame-000971.color.png 0.6652534008026123 -1.151796579360962 1.5528252124786377 0.8800325393676758 -0.2427220195531845 -0.37850624322891235 -0.1528456062078476
office/seq-02/frame-000972.color.png 0.6511496901512146 -1.1558810472488403 1.5481020212173462 0.8767176270484924 -0.23958423733711243 -0.38586729764938354 -0.1583414226770401
office/seq-02/frame-000973.color.png 0.6540394425392151 -1.1635792255401611 1.5661190748214722 0.8696337342262268 -0.24204684793949127 -0.3991154134273529 -0.1608022004365921
office/seq-02/frame-000974.color.png 0.6553213000297546 -1.1664891242980957 1.576728105545044 0.8692386746406555 -0.24167169630527496 -0.39795058965682983 -0.16629597544670105
office/seq-02/frame-000975.color.png 0.6440880298614502 -1.1527550220489502 1.5991860628128052 0.8662384152412415 -0.24261583387851715 -0.4041500985622406 -0.16562393307685852
office/seq-02/frame-000976.color.png 0.6317764520645142 -1.1720107793807983 1.6108301877975464 0.8622832894325256 -0.24754656851291656 -0.4081655442714691 -0.1690824031829834
office/seq-02/frame-000977.color.png 0.6367764472961426 -1.1592426300048828 1.6228572130203247 0.8598889112472534 -0.22989806532859802 -0.4225577414035797 -0.1708308309316635
office/seq-02/frame-000978.color.png 0.6353852152824402 -1.1390384435653687 1.6478756666183472 0.8510962724685669 -0.22695621848106384 -0.4385444223880768 -0.17833930253982544
office/seq-02/frame-000979.color.png 0.6353852152824402 -1.1390384435653687 1.6478756666183472 0.8510962724685669 -0.22695621848106384 -0.4385444223880768 -0.17833930253982544
office/seq-02/frame-000980.color.png 0.6078904271125793 -1.14798903465271 1.6475403308868408 0.8476678133010864 -0.22605212032794952 -0.4434507489204407 -0.18360568583011627
office/seq-02/frame-000981.color.png 0.6191354393959045 -1.153669834136963 1.65977144241333 0.8476393818855286 -0.22094498574733734 -0.447603702545166 -0.17983822524547577
office/seq-02/frame-000982.color.png 0.615991473197937 -1.1396965980529785 1.6734788417816162 0.8437683582305908 -0.21715445816516876 -0.4566730260848999 -0.17985714972019196
office/seq-02/frame-000983.color.png 0.5702831149101257 -1.1611151695251465 1.6728514432907104 0.8389876484870911 -0.21760232746601105 -0.463329553604126 -0.184593066573143
office/seq-02/frame-000984.color.png 0.5693004131317139 -1.1548970937728882 1.6880148649215698 0.8365896940231323 -0.212973490357399 -0.4679001569747925 -0.18928633630275726
office/seq-02/frame-000985.color.png 0.5681992173194885 -1.1719367504119873 1.6892120838165283 0.8355726003646851 -0.20097200572490692 -0.47217273712158203 -0.1961672157049179
office/seq-02/frame-000986.color.png 0.5883246064186096 -1.1791342496871948 1.687293529510498 0.8339978456497192 -0.20030184090137482 -0.4775693416595459 -0.19040559232234955
office/seq-02/frame-000987.color.png 0.5722047090530396 -1.1859385967254639 1.6825155019760132 0.8240739703178406 -0.20106106996536255 -0.492586612701416 -0.19451184570789337
office/seq-02/frame-000988.color.png 0.5721276998519897 -1.1955088376998901 1.696013331413269 0.8260036110877991 -0.19526809453964233 -0.49186646938323975 -0.1940513402223587
office/seq-02/frame-000989.color.png 0.534982442855835 -1.2023512125015259 1.6963063478469849 0.8219252824783325 -0.20489396154880524 -0.4946253299713135 -0.1944301277399063
office/seq-02/frame-000990.color.png 0.5250377655029297 -1.2047635316848755 1.6936324834823608 0.8238669037818909 -0.18936078250408173 -0.49831733107566833 -0.19252458214759827
office/seq-02/frame-000991.color.png 0.5502409934997559 -1.1820414066314697 1.7270785570144653 0.8192020654678345 -0.18869391083717346 -0.5071848630905151 -0.18991078436374664
office/seq-02/frame-000992.color.png 0.5765377879142761 -1.1674777269363403 1.7263600826263428 0.8160481452941895 -0.190765842795372 -0.5117496252059937 -0.18917198479175568
office/seq-02/frame-000993.color.png 0.5162038803100586 -1.1733540296554565 1.7127588987350464 0.814682126045227 -0.18126317858695984 -0.5159553289413452 -0.19294199347496033
office/seq-02/frame-000994.color.png 0.4649069011211395 -1.1850169897079468 1.6994870901107788 0.8142202496528625 -0.17409199476242065 -0.5195508003234863 -0.19184423983097076
office/seq-02/frame-000995.color.png 0.4389694035053253 -1.1970034837722778 1.7023413181304932 0.8098766207695007 -0.17634597420692444 -0.5243609547615051 -0.19505730271339417
office/seq-02/frame-000996.color.png 0.41725388169288635 -1.214044213294983 1.697559118270874 0.805546760559082 -0.17842669785022736 -0.5329481959342957 -0.18768182396888733
office/seq-02/frame-000997.color.png 0.41633090376853943 -1.1988691091537476 1.7046499252319336 0.8107534050941467 -0.18000352382659912 -0.525664746761322 -0.18426692485809326
office/seq-02/frame-000998.color.png 0.44197723269462585 -1.2024410963058472 1.6893683671951294 0.8042263984680176 -0.177668496966362 -0.5347028374671936 -0.18906791508197784
office/seq-02/frame-000999.color.png 0.41531598567962646 -1.2016963958740234 1.6711070537567139 0.7978619933128357 -0.18448902666568756 -0.5406395792961121 -0.1925845891237259
office/seq-06/frame-000000.color.png -1.0480709075927734 -1.091591477394104 0.8201126456260681 0.8342826962471008 -0.2501410245895386 -0.4672737121582031 -0.15184623003005981
office/seq-06/frame-000001.color.png -1.052476406097412 -1.089645504951477 0.8167045712471008 0.8326361179351807 -0.252560019493103 -0.4687364101409912 -0.1523706465959549
office/seq-06/frame-000002.color.png -1.0579020977020264 -1.0894792079925537 0.8225966691970825 0.836061418056488 -0.25423872470855713 -0.4629737138748169 -0.14838890731334686
office/seq-06/frame-000003.color.png -1.0533487796783447 -1.087542176246643 0.8230668902397156 0.8361101746559143 -0.2524629235267639 -0.4635961055755615 -0.14920048415660858
office/seq-06/frame-000004.color.png -1.0547641515731812 -1.0921820402145386 0.8281534910202026 0.8391163945198059 -0.254729688167572 -0.4586791396141052 -0.1435617059469223
office/seq-06/frame-000005.color.png -1.0513057708740234 -1.0901262760162354 0.8373411297798157 0.8501251935958862 -0.2575320899486542 -0.4393993616104126 -0.13376273214817047
office/seq-06/frame-000006.color.png -1.0553659200668335 -1.084620475769043 0.8356478810310364 0.841979444026947 -0.25178995728492737 -0.45469731092453003 -0.14464743435382843
office/seq-06/frame-000007.color.png -1.058645486831665 -1.0923842191696167 0.8395623564720154 0.8390998244285583 -0.24781057238578796 -0.46038585901260376 -0.1501544862985611
office/seq-06/frame-000008.color.png -1.0574145317077637 -1.086624264717102 0.8294646143913269 0.8478372097015381 -0.25530317425727844 -0.4414082169532776 -0.14543400704860687
office/seq-06/frame-000009.color.png -1.0531903505325317 -1.1001032590866089 0.825512170791626 0.8455723524093628 -0.25486063957214355 -0.4466973543167114 -0.14323043823242188
office/seq-06/frame-000010.color.png -1.0597316026687622 -1.1039249897003174 0.8389627933502197 0.8406982421875 -0.2537326514720917 -0.45612725615501404 -0.14420153200626373
office/seq-06/frame-000011.color.png -1.0561987161636353 -1.1001574993133545 0.8193316459655762 0.8422724604606628 -0.2560669183731079 -0.4506272077560425 -0.14812825620174408
office/seq-06/frame-000012.color.png -1.064409852027893 -1.1099213361740112 0.8316682577133179 0.8392500877380371 -0.246058851480484 -0.45820608735084534 -0.15862393379211426
office/seq-06/frame-000013.color.png -1.0530660152435303 -1.103315830230713 0.83066725730896 0.8393154740333557 -0.24786576628684998 -0.4598240852355957 -0.15057851374149323
office/seq-06/frame-000014.color.png -1.0484576225280762 -1.10843825340271 0.8312391042709351 0.8385640978813171 -0.2519496977329254 -0.4595407247543335 -0.1488424688577652
office/seq-06/frame-000015.color.png -1.0609604120254517 -1.1103745698928833 0.8175057172775269 0.8408048748970032 -0.2506910264492035 -0.45516306161880493 -0.1517488956451416
office/seq-06/frame-000016.color.png -1.0654478073120117 -1.1052316427230835 0.801159679889679 0.8337449431419373 -0.2506495416164398 -0.4667837917804718 -0.15542612969875336
office/seq-06/frame-000017.color.png -1.0711454153060913 -1.1057610511779785 0.7933154702186584 0.8346970677375793 -0.2602986693382263 -0.4605586528778076 -0.15300676226615906
office/seq-06/frame-000018.color.png -1.0873620510101318 -1.109997034072876 0.805123507976532 0.8306174874305725 -0.2518490254878998 -0.4698118269443512 -0.1610080599784851
office/seq-06/frame-000019.color.png -1.1024162769317627 -1.0849047899246216 0.8235676288604736 0.8428975343704224 -0.2572542726993561 -0.4452611207962036 -0.15838706493377686
office/seq-06/frame-000020.color.png -1.101200819015503 -1.1019819974899292 0.839393138885498 0.8430535197257996 -0.2567603290081024 -0.44769322872161865 -0.15134598314762115
office/seq-06/frame-000021.color.png -1.088634967803955 -1.1030924320220947 0.8513832688331604 0.8497067093849182 -0.2578715682029724 -0.4367974102497101 -0.14390546083450317
office/seq-06/frame-000022.color.png -1.094130039215088 -1.082619547843933 0.8595525622367859 0.8530396223068237 -0.254305362701416 -0.43492358922958374 -0.13599129021167755
office/seq-06/frame-000023.color.png -1.0942535400390625 -1.0819023847579956 0.8360065221786499 0.8494071960449219 -0.24861280620098114 -0.44395381212234497 -0.14001451432704926
office/seq-06/frame-000024.color.png -1.0894267559051514 -1.0839309692382812 0.8165434002876282 0.8474904298782349 -0.24621354043483734 -0.44680535793304443 -0.14664188027381897
office/seq-06/frame-000025.color.png -1.0987359285354614 -1.0974961519241333 0.8147462010383606 0.8499979972839355 -0.2504846453666687 -0.44121310114860535 -0.14174529910087585
office/seq-06/frame-000026.color.png -1.1252793073654175 -1.090076208114624 0.7819499969482422 0.8486875891685486 -0.24565881490707397 -0.4456547498703003 -0.14412839710712433
office/seq-06/frame-000027.color.png -1.1315720081329346 -1.0832573175430298 0.787239134311676 0.8471583127975464 -0.24540628492832184 -0.4492124617099762 -0.14250150322914124
office/seq-06/frame-000028.color.png -1.1060453653335571 -1.0855120420455933 0.790574848651886 0.8409008383750916 -0.24751301109790802 -0.4589909315109253 -0.1447421759366989
office/seq-06/frame-000029.color.png -1.1103156805038452 -1.0711482763290405 0.7988438010215759 0.8573744893074036 -0.2564164102077484 -0.4257400631904602 -0.13380931317806244
office/seq-06/frame-000030.color.png -1.1297348737716675 -1.0650105476379395 0.7899391651153564 0.8450901508331299 -0.24840988218784332 -0.4534952640533447 -0.1358572244644165
office/seq-06/frame-000031.color.png -1.1297348737716675 -1.0650105476379395 0.7899391651153564 0.8450901508331299 -0.24840988218784332 -0.4534952640533447 -0.1358572244644165
office/seq-06/frame-000032.color.png -1.1524854898452759 -1.0575095415115356 0.8016835451126099 0.8467286825180054 -0.24634435772895813 -0.45172664523124695 -0.1353074461221695
office/seq-06/frame-000033.color.png -1.1503499746322632 -1.0554417371749878 0.7982673645019531 0.8475515842437744 -0.24431057274341583 -0.4497951865196228 -0.14018908143043518
office/seq-06/frame-000034.color.png -1.168221354484558 -1.041753888130188 0.7952734231948853 0.8398981094360352 -0.2492273598909378 -0.4611307382583618 -0.14076672494411469
office/seq-06/frame-000035.color.png -1.1566566228866577 -1.03267240524292 0.8138988018035889 0.8408534526824951 -0.24688060581684113 -0.4630456268787384 -0.1326807737350464
office/seq-06/frame-000036.color.png -1.137098789215088 -1.0527122020721436 0.8213016986846924 0.8385723829269409 -0.244175523519516 -0.46818023920059204 -0.13409696519374847
office/seq-06/frame-000037.color.png -1.1538665294647217 -1.0501841306686401 0.80112224817276 0.839077889919281 -0.2468537837266922 -0.4645407497882843 -0.1386117935180664
office/seq-06/frame-000038.color.png -1.1482890844345093 -1.0352997779846191 0.7975830435752869 0.8391002416610718 -0.24686722457408905 -0.4673776924610138 -0.12855130434036255
office/seq-06/frame-000039.color.png -1.1482890844345093 -1.0352997779846191 0.7975830435752869 0.8391002416610718 -0.24686722457408905 -0.4673776924610138 -0.12855130434036255
office/seq-06/frame-000040.color.png -1.1328613758087158 -1.0546202659606934 0.840501606464386 0.8503255844116211 -0.24984900653362274 -0.4447203576564789 -0.12940523028373718
office/seq-06/frame-000041.color.png -1.1538538932800293 -1.0298898220062256 0.8321359753608704 0.8501535058021545 -0.23666106164455414 -0.44894567131996155 -0.14027927815914154
office/seq-06/frame-000042.color.png -1.1461752653121948 -1.0481312274932861 0.8214676380157471 0.8398427963256836 -0.23579461872577667 -0.4662431478500366 -0.1472497582435608
office/seq-06/frame-000043.color.png -1.133933424949646 -1.0179476737976074 0.8208032846450806 0.8363465666770935 -0.2345430552959442 -0.4726293981075287 -0.14878053963184357
office/seq-06/frame-000044.color.png -1.133933424949646 -1.0179476737976074 0.8208032846450806 0.8363465666770935 -0.2345430552959442 -0.4726293981075287 -0.14878053963184357
office/seq-06/frame-000045.color.png -1.126204252243042 -1.0160865783691406 0.8229150176048279 0.8287227153778076 -0.24193711578845978 -0.4780839681625366 -0.16161881387233734
office/seq-06/frame-000046.color.png -1.127053141593933 -1.02141535282135 0.8115247488021851 0.8232216238975525 -0.24673083424568176 -0.48335856199264526 -0.16671712696552277
office/seq-06/frame-000047.color.png -1.1096776723861694 -1.0364874601364136 0.8049523234367371 0.8200621008872986 -0.2475595623254776 -0.48653608560562134 -0.17174062132835388
office/seq-06/frame-000048.color.png -1.1096776723861694 -1.0364874601364136 0.8049523234367371 0.8200621008872986 -0.2475595623254776 -0.48653608560562134 -0.17174062132835388
office/seq-06/frame-000049.color.png -1.1110767126083374 -1.031523585319519 0.829192578792572 0.8103497624397278 -0.24779146909713745 -0.5011345148086548 -0.17549040913581848
office/seq-06/frame-000050.color.png -1.131880760192871 -1.0319931507110596 0.8361510038375854 0.8108863830566406 -0.25082534551620483 -0.4966834783554077 -0.18126070499420166
office/seq-06/frame-000051.color.png -1.1387330293655396 -1.032326102256775 0.8420196175575256 0.8012062907218933 -0.2500593960285187 -0.5099639892578125 -0.18834902346134186
office/seq-06/frame-000052.color.png -1.1387330293655396 -1.032326102256775 0.8420196175575256 0.8012062907218933 -0.2500593960285187 -0.5099639892578125 -0.18834902346134186
office/seq-06/frame-000053.color.png -1.1188600063323975 -1.0498138666152954 0.842994213104248 0.8062661290168762 -0.24466495215892792 -0.5049389004707336 -0.1873781979084015
office/seq-06/frame-000054.color.png -1.120969533920288 -1.057539463043213 0.8373484015464783 0.8006572723388672 -0.24347935616970062 -0.5135340690612793 -0.18960009515285492
office/seq-06/frame-000055.color.png -1.120969533920288 -1.057539463043213 0.8373484015464783 0.8006572723388672 -0.24347935616970062 -0.5135340690612793 -0.18960009515285492
office/seq-06/frame-000056.color.png -1.114417552947998 -1.0478758811950684 0.835782527923584 0.794569194316864 -0.24114495515823364 -0.5218701958656311 -0.19534726440906525
office/seq-06/frame-000057.color.png -1.0932177305221558 -1.0661591291427612 0.8515059351921082 0.7969112396240234 -0.24019011855125427 -0.5169017314910889 -0.20013444125652313
office/seq-06/frame-000058.color.png -1.0959268808364868 -1.0728704929351807 0.867220401763916 0.7996793985366821 -0.22936256229877472 -0.5215887427330017 -0.18934321403503418
office/seq-06/frame-000059.color.png -1.0959268808364868 -1.0728704929351807 0.867220401763916 0.7996793985366821 -0.22936256229877472 -0.5215887427330017 -0.18934321403503418
office/seq-06/frame-000060.color.png -1.0886369943618774 -1.0678400993347168 0.8515340685844421 0.7957487106323242 -0.23876912891864777 -0.5195690989494324 -0.1995525360107422
office/seq-06/frame-000061.color.png -1.069223403930664 -1.0738348960876465 0.8393338918685913 0.7955769300460815 -0.23687569797039032 -0.5225869417190552 -0.1945507824420929
office/seq-06/frame-000062.color.png -1.0597519874572754 -1.0693299770355225 0.8613777756690979 0.796311616897583 -0.23740872740745544 -0.5227227210998535 -0.19048865139484406
office/seq-06/frame-000063.color.png -1.0597519874572754 -1.0693299770355225 0.8613777756690979 0.796311616897583 -0.23740872740745544 -0.5227227210998535 -0.19048865139484406
office/seq-06/frame-000064.color.png -1.066016674041748 -1.0647034645080566 0.8718581795692444 0.8032801747322083 -0.23774422705173492 -0.5127394199371338 -0.18792809545993805
office/seq-06/frame-000065.color.png -1.0776894092559814 -1.0659617185592651 0.8671910762786865 0.8007476925849915 -0.236321359872818 -0.5161425471305847 -0.1911868453025818
office/seq-06/frame-000066.color.png -1.0776894092559814 -1.0659617185592651 0.8671910762786865 0.8007476925849915 -0.236321359872818 -0.5161425471305847 -0.1911868453025818
office/seq-06/frame-000067.color.png -1.0700820684432983 -1.0608150959014893 0.8565906286239624 0.8041722774505615 -0.23705235123634338 -0.5109419822692871 -0.1898719221353531
office/seq-06/frame-000068.color.png -1.0734814405441284 -1.0796695947647095 0.8538389801979065 0.8021804094314575 -0.23662637174129486 -0.5147455334663391 -0.1885511726140976
office/seq-06/frame-000069.color.png -1.0734509229660034 -1.0961860418319702 0.859711229801178 0.8068090081214905 -0.23426353931427002 -0.5100941061973572 -0.18434672057628632
office/seq-06/frame-000070.color.png -1.0734509229660034 -1.0961860418319702 0.859711229801178 0.8068090081214905 -0.23426353931427002 -0.5100941061973572 -0.18434672057628632
office/seq-06/frame-000071.color.png -1.0983115434646606 -1.0800756216049194 0.8687371015548706 0.8072078227996826 -0.2340768277645111 -0.5097694993019104 -0.18373502790927887
office/seq-06/frame-000072.color.png -1.1018424034118652 -1.0723989009857178 0.858279824256897 0.8089007139205933 -0.23218847811222076 -0.5100808143615723 -0.17772318422794342
office/seq-06/frame-000073.color.png -1.1062811613082886 -1.0795928239822388 0.8545008897781372 0.8134421110153198 -0.234819233417511 -0.501488447189331 -0.17799252271652222
office/seq-06/frame-000074.color.png -1.108080506324768 -1.0807173252105713 0.8486493825912476 0.8108261227607727 -0.23312677443027496 -0.5078310966491699 -0.1741272509098053
office/seq-06/frame-000075.color.png -1.108080506324768 -1.0807173252105713 0.8486493825912476 0.8108261227607727 -0.23312677443027496 -0.5078310966491699 -0.1741272509098053
office/seq-06/frame-000076.color.png -1.1089063882827759 -1.0711716413497925 0.8615415096282959 0.8065358996391296 -0.23729188740253448 -0.5108386874198914 -0.17954427003860474
office/seq-06/frame-000077.color.png -1.0948643684387207 -1.0798248052597046 0.8818880915641785 0.8091158270835876 -0.2374301254749298 -0.5093563795089722 -0.1717979609966278
office/seq-06/frame-000078.color.png -1.070186972618103 -1.083540439605713 0.881961464881897 0.8024638295173645 -0.23678888380527496 -0.5172708630561829 -0.1800379902124405
office/seq-06/frame-000079.color.png -1.070186972618103 -1.083540439605713 0.881961464881897 0.8024638295173645 -0.23678888380527496 -0.5172708630561829 -0.1800379902124405
office/seq-06/frame-000080.color.png -1.075836181640625 -1.0877037048339844 0.8669752478599548 0.8048327565193176 -0.2397007793188095 -0.5130056142807007 -0.1778002828359604
office/seq-06/frame-000081.color.png -1.0668694972991943 -1.0916602611541748 0.8599462509155273 0.8066309094429016 -0.23591113090515137 -0.5112088322639465 -0.17988304793834686
office/seq-06/frame-000082.color.png -1.0716599225997925 -1.0934432744979858 0.8631439208984375 0.802691638469696 -0.23731669783592224 -0.5160030722618103 -0.1819555163383484
office/seq-06/frame-000083.color.png -1.0716599225997925 -1.0934432744979858 0.8631439208984375 0.802691638469696 -0.23731669783592224 -0.5160030722618103 -0.1819555163383484
office/seq-06/frame-000084.color.png -1.0806564092636108 -1.1001731157302856 0.8654570579528809 0.8049723505973816 -0.23884712159633636 -0.5134018063545227 -0.17717185616493225
office/seq-06/frame-000085.color.png -1.08479642868042 -1.1008859872817993 0.8609517216682434 0.8091816902160645 -0.23477661609649658 -0.5102118849754333 -0.17259405553340912
office/seq-06/frame-000086.color.png -1.0954656600952148 -1.0768816471099854 0.8556989431381226 0.8147225975990295 -0.23580597341060638 -0.5001670718193054 -0.17451512813568115
office/seq-06/frame-000087.color.png -1.0954656600952148 -1.0768816471099854 0.8556989431381226 0.8147225975990295 -0.23580597341060638 -0.5001670718193054 -0.17451512813568115
office/seq-06/frame-000088.color.png -1.0915663242340088 -1.0717339515686035 0.8541542291641235 0.8166302442550659 -0.23721624910831451 -0.4991653263568878 -0.1663653701543808
office/seq-06/frame-000089.color.png -1.0865325927734375 -1.0745742321014404 0.8512742519378662 0.822307825088501 -0.24025584757328033 -0.49161550402641296 -0.15620827674865723
office/seq-06/frame-000090.color.png -1.064117670059204 -1.105897307395935 0.8280439376831055 0.819529116153717 -0.24193035066127777 -0.4943282902240753 -0.15962913632392883
office/seq-06/frame-000091.color.png -1.0634557008743286 -1.1187148094177246 0.8218334317207336 0.8269301652908325 -0.23784683644771576 -0.48478639125823975 -0.15683670341968536
office/seq-06/frame-000092.color.png -1.0634557008743286 -1.1187148094177246 0.8218334317207336 0.8269301652908325 -0.23784683644771576 -0.48478639125823975 -0.15683670341968536
office/seq-06/frame-000093.color.png -1.0763344764709473 -1.117214560508728 0.8406769037246704 0.8186132907867432 -0.2400193214416504 -0.4983729422092438 -0.15455539524555206
office/seq-06/frame-000094.color.png -1.071807622909546 -1.1053050756454468 0.8476264476776123 0.8298236131668091 -0.23956231772899628 -0.480873703956604 -0.15087449550628662
office/seq-06/frame-000095.color.png -1.0361802577972412 -1.1223294734954834 0.8313702940940857 0.8318606615066528 -0.23856399953365326 -0.47600334882736206 -0.15657544136047363
office/seq-06/frame-000096.color.png -1.0233319997787476 -1.124858021736145 0.8444362282752991 0.8287023901939392 -0.2387056052684784 -0.4839599132537842 -0.1485091596841812
office/seq-06/frame-000097.color.png -1.032704472541809 -1.1326892375946045 0.8527231216430664 0.8323628306388855 -0.24337561428546906 -0.4753926992416382 -0.14812909066677094
office/seq-06/frame-000098.color.png -1.032704472541809 -1.1326892375946045 0.8527231216430664 0.8323628306388855 -0.24337561428546906 -0.4753926992416382 -0.14812909066677094
office/seq-06/frame-000099.color.png -1.0258482694625854 -1.1289526224136353 0.8737017512321472 0.8395637273788452 -0.24345049262046814 -0.4625927209854126 -0.14789360761642456
office/seq-06/frame-000100.color.png -1.0041357278823853 -1.149114966392517 0.8962724208831787 0.8369268774986267 -0.23433329164981842 -0.47258150577545166 -0.14597252011299133
office/seq-06/frame-000101.color.png -1.0218738317489624 -1.1532562971115112 0.9091686606407166 0.8340331315994263 -0.23271781206130981 -0.47831401228904724 -0.14644744992256165
office/seq-06/frame-000102.color.png -1.02322518825531 -1.1571252346038818 0.9132373332977295 0.8429749608039856 -0.22762452065944672 -0.4668075442314148 -0.14025382697582245
office/seq-06/frame-000103.color.png -1.0150665044784546 -1.1711713075637817 0.9456747770309448 0.8359731435775757 -0.23326657712459564 -0.4778261184692383 -0.13571156561374664
office/seq-06/frame-000104.color.png -1.0231211185455322 -1.161249041557312 0.9523343443870544 0.8459274768829346 -0.2276565432548523 -0.45986807346343994 -0.1452600210905075
office/seq-06/frame-000105.color.png -1.0225855112075806 -1.1731876134872437 0.9504903554916382 0.841234028339386 -0.23190189898014069 -0.46763405203819275 -0.14094439148902893
office/seq-06/frame-000106.color.png -1.003616213798523 -1.1611837148666382 0.9748311638832092 0.8468663096427917 -0.23104311525821686 -0.4561782777309418 -0.14607484638690948
office/seq-06/frame-000107.color.png -1.003616213798523 -1.1611837148666382 0.9748311638832092 0.8468663096427917 -0.23104311525821686 -0.4561782777309418 -0.14607484638690948
office/seq-06/frame-000108.color.png -1.0175992250442505 -1.1664906740188599 0.9934098124504089 0.8435099720954895 -0.23508529365062714 -0.4614523947238922 -0.14243438839912415
office/seq-06/frame-000109.color.png -1.0100961923599243 -1.1700243949890137 1.0002601146697998 0.8465999364852905 -0.23291674256324768 -0.45663532614707947 -0.14318712055683136
office/seq-06/frame-000110.color.png -1.0124404430389404 -1.1600830554962158 1.0218350887298584 0.8494315147399902 -0.23550915718078613 -0.45038044452667236 -0.1419820487499237
office/seq-06/frame-000111.color.png -0.9927061200141907 -1.1729384660720825 1.0222578048706055 0.8448486328125 -0.2353762686252594 -0.45857420563697815 -0.1433124542236328
office/seq-06/frame-000112.color.png -0.9971559643745422 -1.1729274988174438 1.0162044763565063 0.8473360538482666 -0.2373332679271698 -0.45477330684661865 -0.1373886913061142
office/seq-06/frame-000113.color.png -0.9824352860450745 -1.1711375713348389 1.0165499448776245 0.8511157035827637 -0.23455902934074402 -0.4474402368068695 -0.1427634209394455
office/seq-06/frame-000114.color.png -0.990663468837738 -1.1616966724395752 1.000059962272644 0.853787899017334 -0.23238158226013184 -0.4443758726119995 -0.1399112492799759
office/seq-06/frame-000115.color.png -1.0016839504241943 -1.1554661989212036 1.0174164772033691 0.856641948223114 -0.23351719975471497 -0.43855082988739014 -0.13895097374916077
office/seq-06/frame-000116.color.png -1.0003081560134888 -1.1528924703598022 1.0226528644561768 0.8561391830444336 -0.23507782816886902 -0.43858402967453003 -0.13931351900100708
office/seq-06/frame-000117.color.png -1.0003081560134888 -1.1528924703598022 1.0226528644561768 0.8561391830444336 -0.23507782816886902 -0.43858402967453003 -0.13931351900100708
office/seq-06/frame-000118.color.png -1.003876805305481 -1.1394412517547607 1.0570203065872192 0.8600208759307861 -0.2326652705669403 -0.43367648124694824 -0.13474225997924805
office/seq-06/frame-000119.color.png -0.982350766658783 -1.1503229141235352 1.05241060256958 0.857551097869873 -0.23131407797336578 -0.43899720907211304 -0.13557784259319305
office/seq-06/frame-000120.color.png -0.9982661604881287 -1.156545639038086 1.0468887090682983 0.8620499968528748 -0.2329736351966858 -0.42988207936286926 -0.13339483737945557
office/seq-06/frame-000121.color.png -1.0081617832183838 -1.1500968933105469 1.0612183809280396 0.8593000173568726 -0.23720665276050568 -0.4337180554866791 -0.13124461472034454
office/seq-06/frame-000122.color.png -0.9935455918312073 -1.131915807723999 1.0935754776000977 0.8625698685646057 -0.23110578954219818 -0.430428683757782 -0.13150833547115326
office/seq-06/frame-000123.color.png -0.9742515683174133 -1.1243014335632324 1.1074082851409912 0.8661455512046814 -0.22992049157619476 -0.4236820638179779 -0.13199178874492645
office/seq-06/frame-000124.color.png -1.0030052661895752 -1.11968994140625 1.1675089597702026 0.8654543161392212 -0.23541989922523499 -0.4225730895996094 -0.13037818670272827
office/seq-06/frame-000125.color.png -1.0202897787094116 -1.142954707145691 1.1688774824142456 0.8648852109909058 -0.23161885142326355 -0.4276762306690216 -0.12417472898960114
office/seq-06/frame-000126.color.png -0.9758957028388977 -1.1574095487594604 1.1833961009979248 0.8735830783843994 -0.23855476081371307 -0.40485817193984985 -0.12662526965141296
office/seq-06/frame-000127.color.png -0.9758957028388977 -1.1574095487594604 1.1833961009979248 0.8735830783843994 -0.23855476081371307 -0.40485817193984985 -0.12662526965141296
office/seq-06/frame-000128.color.png -1.0366765260696411 -1.1334049701690674 1.2498079538345337 0.88031405210495 -0.22489777207374573 -0.4014680087566376 -0.11528940498828888
office/seq-06/frame-000129.color.png -1.0643411874771118 -1.136090874671936 1.295215129852295 0.8847174048423767 -0.21883706748485565 -0.39552953839302063 -0.11376246064901352
office/seq-06/frame-000130.color.png -1.0484514236450195 -1.1441714763641357 1.3142163753509521 0.8784151673316956 -0.21949423849582672 -0.408282607793808 -0.11625141650438309
office/seq-06/frame-000131.color.png -1.025986671447754 -1.1403172016143799 1.3343682289123535 0.8837971687316895 -0.2178473323583603 -0.39838114380836487 -0.11286089569330215
office/seq-06/frame-000132.color.png -1.0343272686004639 -1.1304240226745605 1.38504958152771 0.8860023617744446 -0.20821650326251984 -0.3995245397090912 -0.10966257005929947
office/seq-06/frame-000133.color.png -1.0383557081222534 -1.1284650564193726 1.4383491277694702 0.8875312209129333 -0.20533138513565063 -0.4000396430492401 -0.10047663003206253
office/seq-06/frame-000134.color.png -1.0549730062484741 -1.1301229000091553 1.4536973237991333 0.8792683482170105 -0.2103210687637329 -0.41396477818489075 -0.10623309016227722
office/seq-06/frame-000135.color.png -1.0586882829666138 -1.1193573474884033 1.4865766763687134 0.8902010917663574 -0.20218320190906525 -0.39649972319602966 -0.09722130745649338
office/seq-06/frame-000136.color.png -1.0586882829666138 -1.1193573474884033 1.4865766763687134 0.8902010917663574 -0.20218320190906525 -0.39649972319602966 -0.09722130745649338
office/seq-06/frame-000137.color.png -1.0379201173782349 -1.1074572801589966 1.5039961338043213 0.889371395111084 -0.19982780516147614 -0.39920833706855774 -0.09859036654233932
office/seq-06/frame-000138.color.png -1.0286604166030884 -1.0960793495178223 1.5507864952087402 0.8904075026512146 -0.20188164710998535 -0.39601752161979675 -0.09792065620422363
office/seq-06/frame-000139.color.png -1.053097128868103 -1.098238468170166 1.5540382862091064 0.895524799823761 -0.19682615995407104 -0.3885771632194519 -0.09111781418323517
office/seq-06/frame-000140.color.png -1.0537277460098267 -1.1109768152236938 1.5694304704666138 0.8962439298629761 -0.20164352655410767 -0.38374894857406616 -0.09393385797739029
office/seq-06/frame-000141.color.png -1.04914128780365 -1.1246620416641235 1.5598008632659912 0.905288815498352 -0.1993684619665146 -0.3646054267883301 -0.08813289552927017
office/seq-06/frame-000142.color.png -1.0727880001068115 -1.1283975839614868 1.5660486221313477 0.9093708395957947 -0.1808246225118637 -0.36581262946128845 -0.08079768717288971
office/seq-06/frame-000143.color.png -1.0895037651062012 -1.1239802837371826 1.5743972063064575 0.9036538004875183 -0.18547217547893524 -0.3778080344200134 -0.07919027656316757
office/seq-06/frame-000144.color.png -1.0899943113327026 -1.1178290843963623 1.5915038585662842 0.9109018445014954 -0.18421417474746704 -0.3614135682582855 -0.07551924139261246
office/seq-06/frame-000145.color.png -1.0899943113327026 -1.1178290843963623 1.5915038585662842 0.9109018445014954 -0.18421417474746704 -0.3614135682582855 -0.07551924139261246
office/seq-06/frame-000146.color.png -1.087299108505249 -1.1140788793563843 1.613661289215088 0.9135447144508362 -0.17847305536270142 -0.35772600769996643 -0.07493580877780914
office/seq-06/frame-000147.color.png -1.074782133102417 -1.1070975065231323 1.6266907453536987 0.9164449572563171 -0.17476287484169006 -0.35205885767936707 -0.07510760426521301
office/seq-06/frame-000148.color.png -1.0937702655792236 -1.1111059188842773 1.6243606805801392 0.9186987280845642 -0.17175675928592682 -0.3482002019882202 -0.07244785875082016
office/seq-06/frame-000149.color.png -1.1006999015808105 -1.1074706315994263 1.6233264207839966 0.9164645075798035 -0.17634931206703186 -0.3512319326400757 -0.07503213733434677
office/seq-06/frame-000150.color.png -1.112951397895813 -1.100153923034668 1.6319941282272339 0.91841059923172 -0.17056311666965485 -0.35037288069725037 -0.06833069026470184
office/seq-06/frame-000151.color.png -1.112951397895813 -1.100153923034668 1.6319941282272339 0.91841059923172 -0.17056311666965485 -0.35037288069725037 -0.06833069026470184
office/seq-06/frame-000152.color.png -1.1312294006347656 -1.1019251346588135 1.639195203781128 0.9202515482902527 -0.16771911084651947 -0.3469248414039612 -0.06819364428520203
office/seq-06/frame-000153.color.png -1.131341814994812 -1.1007016897201538 1.6408237218856812 0.9188527464866638 -0.16498291492462158 -0.35179299116134644 -0.06878958642482758
office/seq-06/frame-000154.color.png -1.1377763748168945 -1.0982104539871216 1.6510521173477173 0.9276082515716553 -0.1648506373167038 -0.330060750246048 -0.05854123830795288
office/seq-06/frame-000155.color.png -1.1383159160614014 -1.0914795398712158 1.6565645933151245 0.9304490685462952 -0.16282236576080322 -0.3224896192550659 -0.0612671934068203
office/seq-06/frame-000156.color.png -1.1518630981445312 -1.0948492288589478 1.6575003862380981 0.9315495491027832 -0.1575208306312561 -0.3221638798713684 -0.060108695179224014
office/seq-06/frame-000157.color.png -1.1518630981445312 -1.0948492288589478 1.6575003862380981 0.9315495491027832 -0.1575208306312561 -0.3221638798713684 -0.060108695179224014
office/seq-06/frame-000158.color.png -1.1513248682022095 -1.0967905521392822 1.655870795249939 0.9371851682662964 -0.158045694231987 -0.3057813346385956 -0.05659740790724754
office/seq-06/frame-000159.color.png -1.1448912620544434 -1.0923384428024292 1.6640973091125488 0.938589870929718 -0.15159185230731964 -0.3051464557647705 -0.05435751751065254
office/seq-06/frame-000160.color.png -1.1460288763046265 -1.092068076133728 1.6705507040023804 0.9409430027008057 -0.15326641499996185 -0.29775914549827576 -0.04975053668022156
office/seq-06/frame-000161.color.png -1.1674996614456177 -1.0919395685195923 1.6784955263137817 0.9365015625953674 -0.15062226355075836 -0.3122085630893707 -0.05294870585203171
office/seq-06/frame-000162.color.png -1.1674996614456177 -1.0919395685195923 1.6784955263137817 0.9365015625953674 -0.15062226355075836 -0.3122085630893707 -0.05294870585203171
office/seq-06/frame-000163.color.png -1.1630499362945557 -1.0965406894683838 1.682869553565979 0.9383808374404907 -0.15301072597503662 -0.30551677942276 -0.05185069888830185
office/seq-06/frame-000164.color.png -1.173156976699829 -1.0912138223648071 1.7042784690856934 0.9431540369987488 -0.15086553990840912 -0.292284220457077 -0.04764379560947418
office/seq-06/frame-000165.color.png -1.1845344305038452 -1.0939897298812866 1.7070204019546509 0.946205198764801 -0.1390811949968338 -0.28970298171043396 -0.03773923218250275
office/seq-06/frame-000166.color.png -1.185857892036438 -1.09654700756073 1.710237741470337 0.9466899037361145 -0.13538885116577148 -0.2900487184524536 -0.036329638212919235
office/seq-06/frame-000167.color.png -1.198674201965332 -1.1035149097442627 1.713470220565796 0.9478460550308228 -0.1377754956483841 -0.2848500609397888 -0.038290902972221375
office/seq-06/frame-000168.color.png -1.198674201965332 -1.1035149097442627 1.713470220565796 0.9478460550308228 -0.1377754956483841 -0.2848500609397888 -0.038290902972221375
office/seq-06/frame-000169.color.png -1.2119932174682617 -1.109973430633545 1.7231758832931519 0.948591947555542 -0.13990437984466553 -0.2810506522655487 -0.04013213515281677
office/seq-06/frame-000170.color.png -1.2307227849960327 -1.1056649684906006 1.7334296703338623 0.9505594968795776 -0.1296776682138443 -0.28029465675354004 -0.032487623393535614
office/seq-06/frame-000171.color.png -1.2474302053451538 -1.1026374101638794 1.7360554933547974 0.9509577751159668 -0.12679235637187958 -0.28071698546409607 -0.028303010389208794
office/seq-06/frame-000172.color.png -1.2496191263198853 -1.1001930236816406 1.7350369691848755 0.9506484866142273 -0.12805621325969696 -0.2813880443572998 -0.026267223060131073
office/seq-06/frame-000173.color.png -1.2496191263198853 -1.1001930236816406 1.7350369691848755 0.9506484866142273 -0.12805621325969696 -0.2813880443572998 -0.026267223060131073
office/seq-06/frame-000174.color.png -1.2517036199569702 -1.1039998531341553 1.7401618957519531 0.9550384283065796 -0.12157463282346725 -0.26941969990730286 -0.02311217039823532
office/seq-06/frame-000175.color.png -1.2733192443847656 -1.1099534034729004 1.7554810047149658 0.9540431499481201 -0.11816848814487457 -0.27483370900154114 -0.017441654577851295
office/seq-06/frame-000176.color.png -1.2926890850067139 -1.10398268699646 1.7644137144088745 0.955017626285553 -0.117637999355793 -0.2714783549308777 -0.020051617175340652
office/seq-06/frame-000177.color.png -1.2926890850067139 -1.10398268699646 1.7644137144088745 0.955017626285553 -0.117637999355793 -0.2714783549308777 -0.020051617175340652
office/seq-06/frame-000178.color.png -1.2937759160995483 -1.0982528924942017 1.767029047012329 0.9575214385986328 -0.11532092839479446 -0.2639840245246887 -0.012888224795460701
office/seq-06/frame-000179.color.png -1.2954961061477661 -1.0989679098129272 1.7696266174316406 0.9573902487754822 -0.11022459715604782 -0.266631156206131 -0.012738853693008423
office/seq-06/frame-000180.color.png -1.305723786354065 -1.1051201820373535 1.7697831392288208 0.9558157324790955 -0.11547581851482391 -0.2700112760066986 -0.013251199387013912
office/seq-06/frame-000181.color.png -1.315802812576294 -1.1119835376739502 1.7674270868301392 0.9555460810661316 -0.10887380689382553 -0.2737063467502594 -0.012772535905241966
office/seq-06/frame-000182.color.png -1.3218755722045898 -1.1170462369918823 1.7737655639648438 0.9559680223464966 -0.1104794293642044 -0.2715863287448883 -0.012668393552303314
office/seq-06/frame-000183.color.png -1.3218755722045898 -1.1170462369918823 1.7737655639648438 0.9559680223464966 -0.1104794293642044 -0.2715863287448883 -0.012668393552303314
office/seq-06/frame-000184.color.png -1.3271493911743164 -1.1179836988449097 1.7789896726608276 0.9553687572479248 -0.11243254691362381 -0.2730160355567932 -0.009579300880432129
office/seq-06/frame-000185.color.png -1.3297916650772095 -1.1182535886764526 1.783100962638855 0.9545879364013672 -0.11184778064489365 -0.2760103642940521 -0.008371444419026375
office/seq-06/frame-000186.color.png -1.3375779390335083 -1.1197112798690796 1.7891324758529663 0.9566173553466797 -0.11244715750217438 -0.2686915695667267 -0.006609240546822548
office/seq-06/frame-000187.color.png -1.3375779390335083 -1.1197112798690796 1.7891324758529663 0.9566173553466797 -0.11244715750217438 -0.2686915695667267 -0.006609240546822548
office/seq-06/frame-000188.color.png -1.3444021940231323 -1.1248575448989868 1.795913577079773 0.9572592377662659 -0.11356203258037567 -0.2658349871635437 -0.009499013423919678
office/seq-06/frame-000189.color.png -1.353257179260254 -1.1273183822631836 1.7970534563064575 0.9564123153686523 -0.12003938853740692 -0.2662014067173004 -0.0016919667832553387
office/seq-06/frame-000190.color.png -1.356986165046692 -1.1316357851028442 1.811873197555542 0.9585549235343933 -0.11223221570253372 -0.26182255148887634 -0.005039042793214321
office/seq-06/frame-000191.color.png -1.356986165046692 -1.1316357851028442 1.811873197555542 0.9585549235343933 -0.11223221570253372 -0.26182255148887634 -0.005039042793214321
office/seq-06/frame-000192.color.png -1.3580522537231445 -1.133967638015747 1.8120594024658203 0.9598098397254944 -0.11439553648233414 -0.2562418580055237 -0.00433956878259778
office/seq-06/frame-000193.color.png -1.3729450702667236 -1.1353331804275513 1.8208144903182983 0.9580523371696472 -0.11629613488912582 -0.26193690299987793 -0.00026888097636401653
office/seq-06/frame-000194.color.png -1.3729450702667236 -1.1353331804275513 1.8208144903182983 0.9580523371696472 -0.11629613488912582 -0.26193690299987793 -0.00026888097636401653
office/seq-06/frame-000195.color.png -1.3745144605636597 -1.1338212490081787 1.8246119022369385 0.9571170806884766 -0.11698751896619797 -0.26501503586769104 0.002806918928399682
office/seq-06/frame-000196.color.png -1.3797615766525269 -1.1375082731246948 1.826271891593933 0.9593219757080078 -0.11895861476659775 -0.2559696137905121 0.005450762342661619
office/seq-06/frame-000197.color.png -1.3851568698883057 -1.1406923532485962 1.826809287071228 0.9606086611747742 -0.11893804371356964 -0.251079797744751 0.006605270318686962
office/seq-06/frame-000198.color.png -1.3851568698883057 -1.1406923532485962 1.826809287071228 0.9606086611747742 -0.11893804371356964 -0.251079797744751 0.006605270318686962
office/seq-06/frame-000199.color.png -1.380665898323059 -1.1457934379577637 1.8303649425506592 0.959364652633667 -0.12030968815088272 -0.2551687955856323 0.005835602525621653
office/seq-06/frame-000200.color.png -1.3907334804534912 -1.1409389972686768 1.8287361860275269 0.9623718857765198 -0.11683996021747589 -0.24527765810489655 0.005265302024781704
office/seq-06/frame-000201.color.png -1.3849239349365234 -1.1445037126541138 1.8269528150558472 0.9625385999679565 -0.1048300713300705 -0.2500007450580597 0.005458886735141277
office/seq-06/frame-000202.color.png -1.3849239349365234 -1.1445037126541138 1.8269528150558472 0.9625385999679565 -0.1048300713300705 -0.2500007450580597 0.005458886735141277
office/seq-06/frame-000203.color.png -1.3915801048278809 -1.150787353515625 1.8351246118545532 0.9604547023773193 -0.10570654273033142 -0.25747016072273254 0.007874804548919201
office/seq-06/frame-000204.color.png -1.4061702489852905 -1.1549274921417236 1.841609001159668 0.9648543000221252 -0.1039222776889801 -0.24124260246753693 0.007637952920049429
office/seq-06/frame-000205.color.png -1.4033498764038086 -1.1569995880126953 1.84542715549469 0.9655965566635132 -0.10298631340265274 -0.23846536874771118 0.012298960238695145
office/seq-06/frame-000206.color.png -1.4033498764038086 -1.1569995880126953 1.84542715549469 0.9655965566635132 -0.10298631340265274 -0.23846536874771118 0.012298960238695145
office/seq-06/frame-000207.color.png -1.3977495431900024 -1.1535123586654663 1.8425486087799072 0.9640232920646667 -0.10012107342481613 -0.24593302607536316 0.01232204306870699
office/seq-06/frame-000208.color.png -1.40487539768219 -1.1571415662765503 1.8448573350906372 0.9646509885787964 -0.10274283587932587 -0.24211814999580383 0.0164689552038908
office/seq-06/frame-000209.color.png -1.4096125364303589 -1.1667039394378662 1.8474057912826538 0.9657630324363708 -0.10448077321052551 -0.2367515116930008 0.018286021426320076
office/seq-06/frame-000210.color.png -1.4096125364303589 -1.1667039394378662 1.8474057912826538 0.9657630324363708 -0.10448077321052551 -0.2367515116930008 0.018286021426320076
office/seq-06/frame-000211.color.png -1.4161970615386963 -1.17586088180542 1.8578487634658813 0.966228187084198 -0.10045012831687927 -0.236404150724411 0.020639579743146896
office/seq-06/frame-000212.color.png -1.4190019369125366 -1.1802089214324951 1.855281114578247 0.9651269316673279 -0.09916877746582031 -0.24133756756782532 0.02125357836484909
office/seq-06/frame-000213.color.png -1.4148950576782227 -1.1772286891937256 1.8545418977737427 0.9629689455032349 -0.10322992503643036 -0.24819257855415344 0.02085200510919094
office/seq-06/frame-000214.color.png -1.4148950576782227 -1.1772286891937256 1.8545418977737427 0.9629689455032349 -0.10322992503643036 -0.24819257855415344 0.02085200510919094
office/seq-06/frame-000215.color.png -1.408360481262207 -1.1716033220291138 1.854474425315857 0.9643760323524475 -0.10270705819129944 -0.2430880218744278 0.01839146390557289
office/seq-06/frame-000216.color.png -1.4075950384140015 -1.1653156280517578 1.8479875326156616 0.9673572778701782 -0.09466683864593506 -0.23428477346897125 0.019199678674340248
office/seq-06/frame-000217.color.png -1.4075950384140015 -1.1653156280517578 1.8479875326156616 0.9673572778701782 -0.09466683864593506 -0.23428477346897125 0.019199678674340248
office/seq-06/frame-000218.color.png -1.4123202562332153 -1.1688787937164307 1.8499538898468018 0.9698113799095154 -0.09539616107940674 -0.22354930639266968 0.01977563463151455
office/seq-06/frame-000219.color.png -1.4150701761245728 -1.173230767250061 1.8496907949447632 0.96961909532547 -0.09800627827644348 -0.22382886707782745 0.011581627652049065
office/seq-06/frame-000220.color.png -1.4088948965072632 -1.1720654964447021 1.849156379699707 0.9694008231163025 -0.09302624315023422 -0.22700776159763336 0.008703581057488918
office/seq-06/frame-000221.color.png -1.4088948965072632 -1.1720654964447021 1.849156379699707 0.9694008231163025 -0.09302624315023422 -0.22700776159763336 0.008703581057488918
office/seq-06/frame-000222.color.png -1.4124656915664673 -1.1733639240264893 1.8512974977493286 0.9710628986358643 -0.09146785736083984 -0.22050689160823822 0.00687376270070672
office/seq-06/frame-000223.color.png -1.4124656915664673 -1.1733639240264893 1.8512974977493286 0.9710628986358643 -0.09146785736083984 -0.22050689160823822 0.00687376270070672
office/seq-06/frame-000224.color.png -1.4057809114456177 -1.1698310375213623 1.8511791229248047 0.9730907082557678 -0.09203013777732849 -0.21119002997875214 0.004873698111623526
office/seq-06/frame-000225.color.png -1.4029574394226074 -1.1697272062301636 1.8498812913894653 0.973321795463562 -0.08894407749176025 -0.2114143669605255 0.006125389598309994
office/seq-06/frame-000226.color.png -1.391334891319275 -1.170499563217163 1.8486931324005127 0.9737398028373718 -0.08741482347249985 -0.21011339128017426 0.006464463658630848
office/seq-06/frame-000227.color.png -1.391334891319275 -1.170499563217163 1.8486931324005127 0.9737398028373718 -0.08741482347249985 -0.21011339128017426 0.006464463658630848
office/seq-06/frame-000228.color.png -1.380881905555725 -1.171148419380188 1.8516842126846313 0.9717324376106262 -0.08749460428953171 -0.21926140785217285 0.0022500131744891405
office/seq-06/frame-000229.color.png -1.372672438621521 -1.1627612113952637 1.8527990579605103 0.9720816612243652 -0.08644742518663406 -0.2180355191230774 0.006681685335934162
office/seq-06/frame-000230.color.png -1.372672438621521 -1.1627612113952637 1.8527990579605103 0.9720816612243652 -0.08644742518663406 -0.2180355191230774 0.006681685335934162
office/seq-06/frame-000231.color.png -1.3658320903778076 -1.160271167755127 1.8521500825881958 0.9726149439811707 -0.08380638062953949 -0.2166520655155182 0.0076433829963207245
office/seq-06/frame-000232.color.png -1.3611040115356445 -1.1595516204833984 1.850653052330017 0.9721691012382507 -0.0817301943898201 -0.21909597516059875 0.014293313957750797
office/seq-06/frame-000233.color.png -1.3611040115356445 -1.1595516204833984 1.850653052330017 0.9721691012382507 -0.0817301943898201 -0.21909597516059875 0.014293313957750797
office/seq-06/frame-000234.color.png -1.367598533630371 -1.1621110439300537 1.851741075515747 0.9737075567245483 -0.07735864818096161 -0.2134973257780075 0.01811409927904606
office/seq-06/frame-000235.color.png -1.3689876794815063 -1.1603541374206543 1.8459490537643433 0.974645733833313 -0.0700155720114708 -0.21197359263896942 0.015187845565378666
office/seq-06/frame-000236.color.png -1.3689876794815063 -1.1603541374206543 1.8459490537643433 0.974645733833313 -0.0700155720114708 -0.21197359263896942 0.015187845565378666
office/seq-06/frame-000237.color.png -1.357059359550476 -1.171335220336914 1.839044451713562 0.9740654230117798 -0.07031036913394928 -0.21440787613391876 0.016805263236165047
office/seq-06/frame-000238.color.png -1.3344402313232422 -1.16325843334198 1.8358913660049438 0.9733536839485168 -0.0666283518075943 -0.21839097142219543 0.02118106186389923
office/seq-06/frame-000239.color.png -1.3344402313232422 -1.16325843334198 1.8358913660049438 0.9733536839485168 -0.0666283518075943 -0.21839097142219543 0.02118106186389923
office/seq-06/frame-000240.color.png -1.3229306936264038 -1.161671757698059 1.8345526456832886 0.9755027890205383 -0.06566085666418076 -0.2092054933309555 0.017781220376491547
office/seq-06/frame-000241.color.png -1.327369213104248 -1.1650866270065308 1.832682490348816 0.9745326638221741 -0.0506577342748642 -0.21749059855937958 0.0204448401927948
office/seq-06/frame-000242.color.png -1.327369213104248 -1.1650866270065308 1.832682490348816 0.9745326638221741 -0.0506577342748642 -0.21749059855937958 0.0204448401927948
office/seq-06/frame-000243.color.png -1.326314926147461 -1.1692168712615967 1.837823510169983 0.9750981330871582 -0.05641104280948639 -0.21352125704288483 0.020251262933015823
office/seq-06/frame-000244.color.png -1.324830174446106 -1.161344051361084 1.8313883543014526 0.9757905006408691 -0.04847978428006172 -0.21252992749214172 0.017711976543068886
office/seq-06/frame-000245.color.png -1.324830174446106 -1.161344051361084 1.8313883543014526 0.9757905006408691 -0.04847978428006172 -0.21252992749214172 0.017711976543068886
office/seq-06/frame-000246.color.png -1.3096365928649902 -1.1499009132385254 1.8229912519454956 0.9732213616371155 -0.03806773200631142 -0.2255144864320755 0.023109816014766693
office/seq-06/frame-000247.color.png -1.3096365928649902 -1.1499009132385254 1.8229912519454956 0.9732213616371155 -0.03806773200631142 -0.2255144864320755 0.023109816014766693
office/seq-06/frame-000248.color.png -1.3026751279830933 -1.1549386978149414 1.8204468488693237 0.9754604697227478 -0.03614431992173195 -0.21609221398830414 0.021787825971841812
office/seq-06/frame-000249.color.png -1.279049038887024 -1.1552690267562866 1.8159191608428955 0.9751716256141663 -0.04616187885403633 -0.21548673510551453 0.02179487608373165
office/seq-06/frame-000250.color.png -1.2751414775848389 -1.1561915874481201 1.8086228370666504 0.9764905571937561 -0.03954901918768883 -0.2104668915271759 0.02461552619934082
office/seq-06/frame-000251.color.png -1.2751414775848389 -1.1561915874481201 1.8086228370666504 0.9764905571937561 -0.03954901918768883 -0.2104668915271759 0.02461552619934082
office/seq-06/frame-000252.color.png -1.265557885169983 -1.1595436334609985 1.8073208332061768 0.9789354205131531 -0.029010968282818794 -0.20079313218593597 0.022937985137104988
office/seq-06/frame-000253.color.png -1.2518619298934937 -1.1557540893554688 1.799235463142395 0.9767919778823853 -0.022936174646019936 -0.21136130392551422 0.02603187784552574
office/seq-06/frame-000254.color.png -1.2518619298934937 -1.1557540893554688 1.799235463142395 0.9767919778823853 -0.022936174646019936 -0.21136130392551422 0.02603187784552574
office/seq-06/frame-000255.color.png -1.2364331483840942 -1.1565349102020264 1.7819491624832153 0.9790605306625366 -0.021458113566040993 -0.20064787566661835 0.026841672137379646
office/seq-06/frame-000256.color.png -1.2070661783218384 -1.1551513671875 1.7661027908325195 0.9794179797172546 -0.02905092015862465 -0.19820085167884827 0.024755612015724182
office/seq-06/frame-000257.color.png -1.2070661783218384 -1.1551513671875 1.7661027908325195 0.9794179797172546 -0.02905092015862465 -0.19820085167884827 0.024755612015724182
office/seq-06/frame-000258.color.png -1.1807376146316528 -1.1563408374786377 1.7453926801681519 0.9787821769714355 -0.029645424336194992 -0.2008502334356308 0.027673659846186638
office/seq-06/frame-000259.color.png -1.165810465812683 -1.1350291967391968 1.759531855583191 0.9760788083076477 -0.037786342203617096 -0.21245034039020538 0.026592422276735306
office/seq-06/frame-000260.color.png -1.1703656911849976 -1.1319000720977783 1.7540210485458374 0.9785253405570984 -0.046112142503261566 -0.19959436357021332 0.022890325635671616
office/seq-06/frame-000261.color.png -1.1703656911849976 -1.1319000720977783 1.7540210485458374 0.9785253405570984 -0.046112142503261566 -0.19959436357021332 0.022890325635671616
office/seq-06/frame-000262.color.png -1.1807268857955933 -1.1298267841339111 1.7712187767028809 0.9776498079299927 -0.047380611300468445 -0.20299780368804932 0.02734893560409546
office/seq-06/frame-000263.color.png -1.1774295568466187 -1.1313265562057495 1.7576690912246704 0.9770147800445557 -0.0466255322098732 -0.2062235027551651 0.027204623445868492
office/seq-06/frame-000264.color.png -1.1774295568466187 -1.1313265562057495 1.7576690912246704 0.9770147800445557 -0.0466255322098732 -0.2062235027551651 0.027204623445868492
office/seq-06/frame-000265.color.png -1.1880179643630981 -1.147422194480896 1.7691830396652222 0.9787757396697998 -0.04297522082924843 -0.19893452525138855 0.024002892896533012
office/seq-06/frame-000266.color.png -1.185966968536377 -1.1385430097579956 1.7439693212509155 0.9786292314529419 -0.03600485622882843 -0.20126496255397797 0.021929660812020302
office/seq-06/frame-000267.color.png -1.185966968536377 -1.1385430097579956 1.7439693212509155 0.9786292314529419 -0.03600485622882843 -0.20126496255397797 0.021929660812020302
office/seq-06/frame-000268.color.png -1.1544793844223022 -1.1272687911987305 1.7327313423156738 0.9783051013946533 -0.051188044250011444 -0.19959518313407898 0.021461786702275276
office/seq-06/frame-000269.color.png -1.133225679397583 -1.1261653900146484 1.7335923910140991 0.9800495505332947 -0.043913211673498154 -0.19294263422489166 0.01864657551050186
office/seq-06/frame-000270.color.png -1.1121190786361694 -1.1203628778457642 1.7205697298049927 0.9795465469360352 -0.03707229346036911 -0.19607359170913696 0.02587108314037323
office/seq-06/frame-000271.color.png -1.1121190786361694 -1.1203628778457642 1.7205697298049927 0.9795465469360352 -0.03707229346036911 -0.19607359170913696 0.02587108314037323
office/seq-06/frame-000272.color.png -1.087695837020874 -1.0988925695419312 1.7185229063034058 0.9809436202049255 -0.025951314717531204 -0.19129696488380432 0.021946877241134644
office/seq-06/frame-000273.color.png -1.054085373878479 -1.093478798866272 1.7303911447525024 0.9826449751853943 -0.017061742022633553 -0.183590829372406 0.02030315063893795
office/seq-06/frame-000274.color.png -1.054085373878479 -1.093478798866272 1.7303911447525024 0.9826449751853943 -0.017061742022633553 -0.183590829372406 0.02030315063893795
office/seq-06/frame-000275.color.png -1.0576449632644653 -1.0918785333633423 1.7402596473693848 0.9836576581001282 -0.013101099990308285 -0.17836053669452667 0.020818449556827545
office/seq-06/frame-000276.color.png -1.06008780002594 -1.065948247909546 1.7333098649978638 0.9829229712486267 -0.014076491817831993 -0.18151380121707916 0.02677670493721962
office/seq-06/frame-000277.color.png -1.06008780002594 -1.065948247909546 1.7333098649978638 0.9829229712486267 -0.014076491817831993 -0.18151380121707916 0.02677670493721962
office/seq-06/frame-000278.color.png -1.056232213973999 -1.050754427909851 1.7318884134292603 0.9827759265899658 -0.012368828989565372 -0.18244387209415436 0.026696087792515755
office/seq-06/frame-000279.color.png -1.0219520330429077 -1.054680347442627 1.7177839279174805 0.983173131942749 -0.02747146412730217 -0.1795244961977005 0.01966651901602745
office/seq-06/frame-000280.color.png -1.014532446861267 -1.0529230833053589 1.6951673030853271 0.9794992208480835 -0.032101310789585114 -0.19803683459758759 0.018224824219942093
office/seq-06/frame-000281.color.png -1.014532446861267 -1.0529230833053589 1.6951673030853271 0.9794992208480835 -0.032101310789585114 -0.19803683459758759 0.018224824219942093
office/seq-06/frame-000282.color.png -1.0047756433486938 -1.0390584468841553 1.6674094200134277 0.9811595678329468 -0.02633006125688553 -0.19067351520061493 0.016629911959171295
office/seq-06/frame-000283.color.png -0.9970564246177673 -1.0443179607391357 1.69631028175354 0.9794568419456482 -0.02740950882434845 -0.19904272258281708 0.017177054658532143
office/seq-06/frame-000284.color.png -0.9970564246177673 -1.0443179607391357 1.69631028175354 0.9794568419456482 -0.02740950882434845 -0.19904272258281708 0.017177054658532143
office/seq-06/frame-000285.color.png -0.9738461375236511 -1.031359314918518 1.7105730772018433 0.9788769483566284 -0.04012425243854523 -0.19995547831058502 0.014423738233745098
office/seq-06/frame-000286.color.png -0.9478699564933777 -1.0121822357177734 1.680221438407898 0.9747936725616455 -0.038215942680835724 -0.21946869790554047 0.012262070551514626
office/seq-06/frame-000287.color.png -0.9478699564933777 -1.0121822357177734 1.680221438407898 0.9747936725616455 -0.038215942680835724 -0.21946869790554047 0.012262070551514626
office/seq-06/frame-000288.color.png -0.9533804059028625 -1.016397476196289 1.668418526649475 0.9750209450721741 -0.04113081842660904 -0.2176966667175293 0.015829818323254585
office/seq-06/frame-000289.color.png -0.9411309957504272 -1.0250943899154663 1.6780307292938232 0.974643886089325 -0.04367237538099289 -0.21925687789916992 0.009400026872754097
office/seq-06/frame-000290.color.png -0.8786877393722534 -1.028908371925354 1.6615736484527588 0.9705252647399902 -0.05606074631214142 -0.23427334427833557 0.00733841210603714
office/seq-06/frame-000291.color.png -0.8786877393722534 -1.028908371925354 1.6615736484527588 0.9705252647399902 -0.05606074631214142 -0.23427334427833557 0.00733841210603714
office/seq-06/frame-000292.color.png -0.8576722145080566 -1.0284229516983032 1.65692937374115 0.9718776941299438 -0.06529637426137924 -0.22622708976268768 0.0033703558146953583
office/seq-06/frame-000293.color.png -0.868697464466095 -1.0297703742980957 1.6346806287765503 0.9709150195121765 -0.07059511542320251 -0.22877857089042664 0.0008126340107992291
office/seq-06/frame-000294.color.png -0.8544362187385559 -1.0181626081466675 1.5499982833862305 0.9714815020561218 -0.08075819164514542 -0.22292153537273407 -0.00281364843249321
office/seq-06/frame-000295.color.png -0.8544362187385559 -1.0181626081466675 1.5499982833862305 0.9714815020561218 -0.08075819164514542 -0.22292153537273407 -0.00281364843249321
office/seq-06/frame-000296.color.png -0.8253066539764404 -1.0322149991989136 1.552241325378418 0.9685693383216858 -0.07528442144393921 -0.2369675189256668 -0.007218343671411276
office/seq-06/frame-000297.color.png -0.7977179884910583 -1.0405067205429077 1.5194637775421143 0.9692102074623108 -0.08197684586048126 -0.23198027908802032 -0.009828392416238785
office/seq-06/frame-000298.color.png -0.7764491438865662 -1.042759895324707 1.4577313661575317 0.9625718593597412 -0.0981520265340805 -0.25213342905044556 -0.015820661559700966
office/seq-06/frame-000299.color.png -0.7764491438865662 -1.042759895324707 1.4577313661575317 0.9625718593597412 -0.0981520265340805 -0.25213342905044556 -0.015820661559700966
office/seq-06/frame-000300.color.png -0.7705362439155579 -1.0358549356460571 1.4629405736923218 0.9599380493164062 -0.09686954319477081 -0.26155877113342285 -0.026875531300902367
office/seq-06/frame-000301.color.png -0.7529284954071045 -1.042533040046692 1.4525383710861206 0.9568213820457458 -0.09924869239330292 -0.270817369222641 -0.03606315329670906
office/seq-06/frame-000302.color.png -0.7358266711235046 -1.0423734188079834 1.4505842924118042 0.9559999108314514 -0.1017208844423294 -0.273499459028244 -0.030252521857619286
office/seq-06/frame-000303.color.png -0.6868557333946228 -1.0371133089065552 1.4303299188613892 0.956355631351471 -0.10565289109945297 -0.27026593685150146 -0.03431680426001549
office/seq-06/frame-000304.color.png -0.695091724395752 -1.0324891805648804 1.4273349046707153 0.9570348858833313 -0.11741162836551666 -0.26263031363487244 -0.03638792410492897
office/seq-06/frame-000305.color.png -0.695091724395752 -1.0324891805648804 1.4273349046707153 0.9570348858833313 -0.11741162836551666 -0.26263031363487244 -0.03638792410492897
office/seq-06/frame-000306.color.png -0.7007517218589783 -1.050441026687622 1.4506672620773315 0.9567745923995972 -0.1140633150935173 -0.2643865942955017 -0.04088843986392021
office/seq-06/frame-000307.color.png -0.6898090243339539 -1.0370827913284302 1.4546711444854736 0.9551190733909607 -0.11383761465549469 -0.2697383463382721 -0.04505321756005287
office/seq-06/frame-000308.color.png -0.6747485995292664 -1.0504120588302612 1.4899003505706787 0.9550018310546875 -0.1334240585565567 -0.26052460074424744 -0.047920096665620804
office/seq-06/frame-000309.color.png -0.6542817950248718 -1.064162015914917 1.5028380155563354 0.9533909559249878 -0.12475543469190598 -0.2698114514350891 -0.05180385708808899
office/seq-06/frame-000310.color.png -0.643599808216095 -1.0759907960891724 1.480371356010437 0.9555767178535461 -0.13358041644096375 -0.25730881094932556 -0.05311927944421768
office/seq-06/frame-000311.color.png -0.643599808216095 -1.0759907960891724 1.480371356010437 0.9555767178535461 -0.13358041644096375 -0.25730881094932556 -0.05311927944421768
office/seq-06/frame-000312.color.png -0.6236886978149414 -1.0853667259216309 1.4672377109527588 0.9624878764152527 -0.13248303532600403 -0.23204916715621948 -0.04710095003247261
office/seq-06/frame-000313.color.png -0.5945175886154175 -1.1020065546035767 1.444627285003662 0.9607246518135071 -0.13908101618289948 -0.2346874624490738 -0.05085904896259308
office/seq-06/frame-000314.color.png -0.5928837656974792 -1.0712358951568604 1.4102345705032349 0.960849940776825 -0.139647975564003 -0.233540341258049 -0.0521983802318573
office/seq-06/frame-000315.color.png -0.5585469603538513 -1.0747134685516357 1.365576982498169 0.9650556445121765 -0.13711030781269073 -0.21918155252933502 -0.04275218024849892
office/seq-06/frame-000316.color.png -0.5585469603538513 -1.0747134685516357 1.365576982498169 0.9650556445121765 -0.13711030781269073 -0.21918155252933502 -0.04275218024849892
office/seq-06/frame-000317.color.png -0.5136286020278931 -1.0920523405075073 1.3611191511154175 0.9671659469604492 -0.14521926641464233 -0.2032034993171692 -0.04700767248868942
office/seq-06/frame-000318.color.png -0.4937949478626251 -1.099493384361267 1.356173038482666 0.966139018535614 -0.15194500982761383 -0.20395882427692413 -0.043463755398988724
office/seq-06/frame-000319.color.png -0.5036255121231079 -1.1065542697906494 1.3248664140701294 0.9715301990509033 -0.1495143324136734 -0.18130992352962494 -0.030024010688066483
office/seq-06/frame-000320.color.png -0.4812218248844147 -1.1461024284362793 1.2550914287567139 0.9688365459442139 -0.15286560356616974 -0.19129197299480438 -0.037353187799453735
office/seq-06/frame-000321.color.png -0.4812218248844147 -1.1461024284362793 1.2550914287567139 0.9688365459442139 -0.15286560356616974 -0.19129197299480438 -0.037353187799453735
office/seq-06/frame-000322.color.png -0.4271250367164612 -1.109870433807373 1.2571938037872314 0.9703150391578674 -0.16353683173656464 -0.17495884001255035 -0.03367338329553604
office/seq-06/frame-000323.color.png -0.42501041293144226 -1.113808035850525 1.268026351928711 0.9707214832305908 -0.17525777220726013 -0.16180109977722168 -0.028370540589094162
office/seq-06/frame-000324.color.png -0.4351477324962616 -1.1081031560897827 1.2261619567871094 0.9714539647102356 -0.16729165613651276 -0.1662295013666153 -0.025658538565039635
office/seq-06/frame-000325.color.png -0.4351477324962616 -1.1081031560897827 1.2261619567871094 0.9714539647102356 -0.16729165613651276 -0.1662295013666153 -0.025658538565039635
office/seq-06/frame-000326.color.png -0.430711954832077 -1.091511845588684 1.2440398931503296 0.9718901515007019 -0.181745707988739 -0.14820705354213715 -0.020799670368433
office/seq-06/frame-000327.color.png -0.3943142592906952 -1.0994967222213745 1.2572177648544312 0.9717206358909607 -0.18086616694927216 -0.1511957198381424 -0.01364112738519907
office/seq-06/frame-000328.color.png -0.35301217436790466 -1.0605645179748535 1.2338545322418213 0.9722064137458801 -0.1851188838481903 -0.14262685179710388 -0.01426042802631855
office/seq-06/frame-000329.color.png -0.35301217436790466 -1.0605645179748535 1.2338545322418213 0.9722064137458801 -0.1851188838481903 -0.14262685179710388 -0.01426042802631855
office/seq-06/frame-000330.color.png -0.3595697283744812 -1.0671708583831787 1.227800965309143 0.9693458676338196 -0.19694724678993225 -0.1454085111618042 -0.020901119336485863
office/seq-06/frame-000331.color.png -0.35413411259651184 -1.0762639045715332 1.2388638257980347 0.9685343503952026 -0.20087917149066925 -0.1466333121061325 -0.009350936859846115
office/seq-06/frame-000332.color.png -0.3407827913761139 -1.0660760402679443 1.2526029348373413 0.9683207869529724 -0.2078586369752884 -0.13786070048809052 -0.012002854607999325
office/seq-06/frame-000333.color.png -0.3407827913761139 -1.0660760402679443 1.2526029348373413 0.9683207869529724 -0.2078586369752884 -0.13786070048809052 -0.012002854607999325
office/seq-06/frame-000334.color.png -0.3694095313549042 -1.0543391704559326 1.2652604579925537 0.9688725471496582 -0.21155402064323425 -0.12779265642166138 -0.014138859696686268
office/seq-06/frame-000335.color.png -0.3222832679748535 -1.065316081047058 1.2480639219284058 0.967720091342926 -0.2207561582326889 -0.12079117447137833 -0.013928676955401897
office/seq-06/frame-000336.color.png -0.3222832679748535 -1.065316081047058 1.2480639219284058 0.967720091342926 -0.2207561582326889 -0.12079117447137833 -0.013928676955401897
office/seq-06/frame-000337.color.png -0.32876524329185486 -1.0516549348831177 1.2316958904266357 0.9686293005943298 -0.22016170620918274 -0.11451807618141174 -0.013097523711621761
office/seq-06/frame-000338.color.png -0.28805574774742126 -1.0463861227035522 1.2479314804077148 0.9677641987800598 -0.21932147443294525 -0.1234176978468895 -0.009930822998285294
office/seq-06/frame-000339.color.png -0.28805574774742126 -1.0463861227035522 1.2479314804077148 0.9677641987800598 -0.21932147443294525 -0.1234176978468895 -0.009930822998285294
office/seq-06/frame-000340.color.png -0.28595271706581116 -1.0389074087142944 1.265463948249817 0.9699075818061829 -0.2174374908208847 -0.10913024097681046 -0.0095348060131073
office/seq-06/frame-000341.color.png -0.23335620760917664 -1.0188452005386353 1.278233528137207 0.9690161347389221 -0.22821128368377686 -0.09420373290777206 -0.007268539164215326
office/seq-06/frame-000342.color.png -0.23335620760917664 -1.0188452005386353 1.278233528137207 0.9690161347389221 -0.22821128368377686 -0.09420373290777206 -0.007268539164215326
office/seq-06/frame-000343.color.png -0.23677757382392883 -1.020560622215271 1.2820223569869995 0.9707636833190918 -0.22085143625736237 -0.09392807632684708 -0.004475565627217293
office/seq-06/frame-000344.color.png -0.2458559274673462 -1.0379763841629028 1.2712007761001587 0.967873752117157 -0.23121149837970734 -0.09795121848583221 -0.012929442338645458
office/seq-06/frame-000345.color.png -0.2458559274673462 -1.0379763841629028 1.2712007761001587 0.967873752117157 -0.23121149837970734 -0.09795121848583221 -0.012929442338645458
office/seq-06/frame-000346.color.png -0.2532682716846466 -1.0226187705993652 1.2940207719802856 0.9675065875053406 -0.2294897586107254 -0.10567539930343628 -0.00990535318851471
office/seq-06/frame-000347.color.png -0.21900266408920288 -1.0213251113891602 1.3218268156051636 0.9674608707427979 -0.23407050967216492 -0.09485634416341782 -0.015253673307597637
office/seq-06/frame-000348.color.png -0.21900266408920288 -1.0213251113891602 1.3218268156051636 0.9674608707427979 -0.23407050967216492 -0.09485634416341782 -0.015253673307597637
office/seq-06/frame-000349.color.png -0.15191374719142914 -1.0178709030151367 1.3333072662353516 0.9649322032928467 -0.2445422261953354 -0.09397675842046738 -0.016529783606529236
office/seq-06/frame-000350.color.png -0.1882992535829544 -1.037676215171814 1.327321171760559 0.966473400592804 -0.23860396444797516 -0.09383367747068405 -0.013872777111828327
office/seq-06/frame-000351.color.png -0.13502445816993713 -1.0569555759429932 1.3365293741226196 0.9653353691101074 -0.24753305315971375 -0.08114171773195267 -0.016466785222291946
office/seq-06/frame-000352.color.png -0.13502445816993713 -1.0569555759429932 1.3365293741226196 0.9653353691101074 -0.24753305315971375 -0.08114171773195267 -0.016466785222291946
office/seq-06/frame-000353.color.png -0.08503103256225586 -1.0540173053741455 1.3483268022537231 0.9668269157409668 -0.23921248316764832 -0.08769508451223373 -0.018239770084619522
office/seq-06/frame-000354.color.png -0.037776242941617966 -1.0642074346542358 1.378661870956421 0.9663610458374023 -0.24083200097084045 -0.08769538253545761 -0.021343249827623367
office/seq-06/frame-000355.color.png -0.037776242941617966 -1.0642074346542358 1.378661870956421 0.9663610458374023 -0.24083200097084045 -0.08769538253545761 -0.021343249827623367
office/seq-06/frame-000356.color.png -0.022821281105279922 -1.07764732837677 1.3802369832992554 0.9632431268692017 -0.24884164333343506 -0.09839112311601639 -0.023654881864786148
office/seq-06/frame-000357.color.png -0.01483769342303276 -1.0946011543273926 1.3879956007003784 0.9627923369407654 -0.24749808013439178 -0.10580477118492126 -0.024105286225676537
office/seq-06/frame-000358.color.png -0.01483769342303276 -1.0946011543273926 1.3879956007003784 0.9627923369407654 -0.24749808013439178 -0.10580477118492126 -0.024105286225676537
office/seq-06/frame-000359.color.png 0.01306154951453209 -1.0902814865112305 1.3617589473724365 0.9633586406707764 -0.2440994381904602 -0.10575320571660995 -0.034236662089824677
office/seq-06/frame-000360.color.png 0.06178891286253929 -1.1168899536132812 1.3804377317428589 0.9621878266334534 -0.2455691695213318 -0.11201884597539902 -0.036635641008615494
office/seq-06/frame-000361.color.png 0.06178891286253929 -1.1168899536132812 1.3804377317428589 0.9621878266334534 -0.2455691695213318 -0.11201884597539902 -0.036635641008615494
office/seq-06/frame-000362.color.png 0.10222101211547852 -1.1223692893981934 1.3814109563827515 0.9611297249794006 -0.2459239661693573 -0.11991681158542633 -0.03702588006854057
office/seq-06/frame-000363.color.png 0.1363494098186493 -1.1402465105056763 1.4118348360061646 0.960989773273468 -0.24484488368034363 -0.1231364980340004 -0.03724249452352524
office/seq-06/frame-000364.color.png 0.15554165840148926 -1.1034945249557495 1.441330075263977 0.9621304869651794 -0.23977090418338776 -0.12364312261343002 -0.03908010572195053
office/seq-06/frame-000365.color.png 0.15554165840148926 -1.1034945249557495 1.441330075263977 0.9621304869651794 -0.23977090418338776 -0.12364312261343002 -0.03908010572195053
office/seq-06/frame-000366.color.png 0.23559622466564178 -1.1364049911499023 1.438827633857727 0.9591376185417175 -0.24783365428447723 -0.13012877106666565 -0.041231948882341385
office/seq-06/frame-000367.color.png 0.2742801010608673 -1.1283156871795654 1.4323234558105469 0.9593150615692139 -0.248310849070549 -0.12737879157066345 -0.04279053211212158
office/seq-06/frame-000368.color.png 0.2742801010608673 -1.1283156871795654 1.4323234558105469 0.9593150615692139 -0.248310849070549 -0.12737879157066345 -0.04279053211212158
office/seq-06/frame-000369.color.png 0.28084811568260193 -1.1267715692520142 1.4440361261367798 0.9568624496459961 -0.2525535225868225 -0.13632045686244965 -0.04524868354201317
office/seq-06/frame-000370.color.png 0.2924725413322449 -1.1554492712020874 1.47291100025177 0.9568074941635132 -0.24743789434432983 -0.14549461007118225 -0.04610082134604454
office/seq-06/frame-000371.color.png 0.2924725413322449 -1.1554492712020874 1.47291100025177 0.9568074941635132 -0.24743789434432983 -0.14549461007118225 -0.04610082134604454
office/seq-06/frame-000372.color.png 0.3280904293060303 -1.1729968786239624 1.4832299947738647 0.9547363519668579 -0.24115148186683655 -0.16704294085502625 -0.04920586198568344
office/seq-06/frame-000373.color.png 0.37260809540748596 -1.1694386005401611 1.5090843439102173 0.9553127884864807 -0.23246730864048004 -0.1721230149269104 -0.06090978905558586
office/seq-06/frame-000374.color.png 0.37260809540748596 -1.1694386005401611 1.5090843439102173 0.9553127884864807 -0.23246730864048004 -0.1721230149269104 -0.06090978905558586
office/seq-06/frame-000375.color.png 0.3752025067806244 -1.1921051740646362 1.4848198890686035 0.9501712918281555 -0.24049217998981476 -0.18568888306617737 -0.06969554722309113
office/seq-06/frame-000376.color.png 0.3719589114189148 -1.1872731447219849 1.4579206705093384 0.9456704258918762 -0.24190407991409302 -0.20140494406223297 -0.08139902353286743
office/seq-06/frame-000377.color.png 0.39988693594932556 -1.1713635921478271 1.4816313982009888 0.9444091320037842 -0.23602674901485443 -0.21434588730335236 -0.08024079352617264
office/seq-06/frame-000378.color.png 0.39988693594932556 -1.1713635921478271 1.4816313982009888 0.9444091320037842 -0.23602674901485443 -0.21434588730335236 -0.08024079352617264
office/seq-06/frame-000379.color.png 0.4132170081138611 -1.1609207391738892 1.5140711069107056 0.9427968859672546 -0.2309395968914032 -0.22426950931549072 -0.08662621676921844
office/seq-06/frame-000380.color.png 0.4132170081138611 -1.1609207391738892 1.5140711069107056 0.9427968859672546 -0.2309395968914032 -0.22426950931549072 -0.08662621676921844
office/seq-06/frame-000381.color.png 0.4080738127231598 -1.156799554824829 1.5074636936187744 0.9364182949066162 -0.22958850860595703 -0.24883416295051575 -0.09214869886636734
office/seq-06/frame-000382.color.png 0.39195355772972107 -1.1616350412368774 1.497438907623291 0.9302632212638855 -0.234650120139122 -0.2637779116630554 -0.09985385835170746
office/seq-06/frame-000383.color.png 0.45581507682800293 -1.2013850212097168 1.4742931127548218 0.9266619086265564 -0.2373337596654892 -0.27115947008132935 -0.10697109997272491
office/seq-06/frame-000384.color.png 0.45581507682800293 -1.2013850212097168 1.4742931127548218 0.9266619086265564 -0.2373337596654892 -0.27115947008132935 -0.10697109997272491
office/seq-06/frame-000385.color.png 0.4250650107860565 -1.2083244323730469 1.4543390274047852 0.9272778034210205 -0.23542700707912445 -0.271669864654541 -0.10452518612146378
office/seq-06/frame-000386.color.png 0.42898425459861755 -1.2132624387741089 1.4567426443099976 0.9241419434547424 -0.23795996606349945 -0.2773734927177429 -0.11135802417993546
office/seq-06/frame-000387.color.png 0.42898425459861755 -1.2132624387741089 1.4567426443099976 0.9241419434547424 -0.23795996606349945 -0.2773734927177429 -0.11135802417993546
office/seq-06/frame-000388.color.png 0.4272442162036896 -1.2079274654388428 1.4757555723190308 0.9215674996376038 -0.23941993713378906 -0.2835051119327545 -0.11408820748329163
office/seq-06/frame-000389.color.png 0.4161389172077179 -1.1859793663024902 1.4781748056411743 0.9226855039596558 -0.23724697530269623 -0.2851845622062683 -0.10504795610904694
office/seq-06/frame-000390.color.png 0.4161389172077179 -1.1859793663024902 1.4781748056411743 0.9226855039596558 -0.23724697530269623 -0.2851845622062683 -0.10504795610904694
office/seq-06/frame-000391.color.png 0.43208909034729004 -1.1989151239395142 1.4680492877960205 0.9210489988327026 -0.24257488548755646 -0.2811729609966278 -0.11733639240264893
office/seq-06/frame-000392.color.png 0.426926851272583 -1.1999150514602661 1.489684820175171 0.9251450300216675 -0.24198780953884125 -0.27059194445610046 -0.11103399097919464
office/seq-06/frame-000393.color.png 0.426926851272583 -1.1999150514602661 1.489684820175171 0.9251450300216675 -0.24198780953884125 -0.27059194445610046 -0.11103399097919464
office/seq-06/frame-000394.color.png 0.4151065945625305 -1.1876753568649292 1.4820307493209839 0.9252585172653198 -0.2492276430130005 -0.2639926075935364 -0.10995488613843918
office/seq-06/frame-000395.color.png 0.4227478504180908 -1.1860072612762451 1.4839518070220947 0.9284764528274536 -0.24582943320274353 -0.2573148012161255 -0.10624731332063675
office/seq-06/frame-000396.color.png 0.4227478504180908 -1.1860072612762451 1.4839518070220947 0.9284764528274536 -0.24582943320274353 -0.2573148012161255 -0.10624731332063675
office/seq-06/frame-000397.color.png 0.4158784747123718 -1.1795189380645752 1.491237998008728 0.9296339154243469 -0.24490170180797577 -0.2558862864971161 -0.10161831229925156
office/seq-06/frame-000398.color.png 0.4231073558330536 -1.19398033618927 1.491682767868042 0.9344040751457214 -0.2400425225496292 -0.2459537386894226 -0.09367614984512329
office/seq-06/frame-000399.color.png 0.4231073558330536 -1.19398033618927 1.491682767868042 0.9344040751457214 -0.2400425225496292 -0.2459537386894226 -0.09367614984512329
office/seq-06/frame-000400.color.png 0.4551489055156708 -1.1871224641799927 1.5065720081329346 0.9388546347618103 -0.23692646622657776 -0.23376384377479553 -0.08816026896238327
office/seq-06/frame-000401.color.png 0.45441964268684387 -1.1976178884506226 1.4894366264343262 0.9359552264213562 -0.23428583145141602 -0.24828752875328064 -0.08632028102874756
office/seq-06/frame-000402.color.png 0.45441964268684387 -1.1976178884506226 1.4894366264343262 0.9359552264213562 -0.23428583145141602 -0.24828752875328064 -0.08632028102874756
office/seq-06/frame-000403.color.png 0.4545014500617981 -1.2021725177764893 1.498064637184143 0.9402153491973877 -0.23098400235176086 -0.23656108975410461 -0.08173374086618423
office/seq-06/frame-000404.color.png 0.446940153837204 -1.1945191621780396 1.494383692741394 0.9431161284446716 -0.23885278403759003 -0.2189786285161972 -0.07436118274927139
office/seq-06/frame-000405.color.png 0.446940153837204 -1.1945191621780396 1.494383692741394 0.9431161284446716 -0.23885278403759003 -0.2189786285161972 -0.07436118274927139
office/seq-06/frame-000406.color.png 0.45050835609436035 -1.1978572607040405 1.4861221313476562 0.9455810785293579 -0.24224425852298737 -0.20639924705028534 -0.06777478009462357
office/seq-06/frame-000407.color.png 0.4428252577781677 -1.2107524871826172 1.4929572343826294 0.9487197399139404 -0.238190159201622 -0.19759449362754822 -0.06444081664085388
office/seq-06/frame-000408.color.png 0.3775484263896942 -1.2027215957641602 1.4802082777023315 0.950657844543457 -0.23491570353507996 -0.19287416338920593 -0.06215892359614372
office/seq-06/frame-000409.color.png 0.3775484263896942 -1.2027215957641602 1.4802082777023315 0.950657844543457 -0.23491570353507996 -0.19287416338920593 -0.06215892359614372
office/seq-06/frame-000410.color.png 0.37928926944732666 -1.1666443347930908 1.4834372997283936 0.9515321850776672 -0.23200257122516632 -0.19430981576442719 -0.05481662228703499
office/seq-06/frame-000411.color.png 0.37928926944732666 -1.1666443347930908 1.4834372997283936 0.9515321850776672 -0.23200257122516632 -0.19430981576442719 -0.05481662228703499
office/seq-06/frame-000412.color.png 0.4163312613964081 -1.1818101406097412 1.4901740550994873 0.9511736035346985 -0.2389407455921173 -0.18805347383022308 -0.05302802473306656
office/seq-06/frame-000413.color.png 0.40792959928512573 -1.185992956161499 1.4786961078643799 0.9524262547492981 -0.24273565411567688 -0.17770986258983612 -0.04881357401609421
office/seq-06/frame-000414.color.png 0.40792959928512573 -1.185992956161499 1.4786961078643799 0.9524262547492981 -0.24273565411567688 -0.17770986258983612 -0.04881357401609421
office/seq-06/frame-000415.color.png 0.3866724669933319 -1.186200737953186 1.4851449728012085 0.9545256495475769 -0.24224895238876343 -0.16858771443367004 -0.042123232036828995
office/seq-06/frame-000416.color.png 0.3866724669933319 -1.186200737953186 1.4851449728012085 0.9545256495475769 -0.24224895238876343 -0.16858771443367004 -0.042123232036828995
office/seq-06/frame-000417.color.png 0.33869537711143494 -1.1788526773452759 1.4835259914398193 0.9555817246437073 -0.24505989253520966 -0.15952260792255402 -0.03690028563141823
office/seq-06/frame-000418.color.png 0.3171289563179016 -1.1548925638198853 1.4704549312591553 0.958035409450531 -0.24432644248008728 -0.14663036167621613 -0.03118283487856388
office/seq-06/frame-000419.color.png 0.3171289563179016 -1.1548925638198853 1.4704549312591553 0.958035409450531 -0.24432644248008728 -0.14663036167621613 -0.03118283487856388
office/seq-06/frame-000420.color.png 0.28578904271125793 -1.1504945755004883 1.4756025075912476 0.9571055173873901 -0.24407784640789032 -0.15442438423633575 -0.022980401292443275
office/seq-06/frame-000421.color.png 0.2979046404361725 -1.1491457223892212 1.4838507175445557 0.9594292044639587 -0.24115297198295593 -0.14393706619739532 -0.024958264082670212
office/seq-06/frame-000422.color.png 0.2979046404361725 -1.1491457223892212 1.4838507175445557 0.9594292044639587 -0.24115297198295593 -0.14393706619739532 -0.024958264082670212
office/seq-06/frame-000423.color.png 0.23661623895168304 -1.1129934787750244 1.4892237186431885 0.9601096510887146 -0.24782730638980865 -0.1276986449956894 -0.021550092846155167
office/seq-06/frame-000424.color.png 0.23661623895168304 -1.1129934787750244 1.4892237186431885 0.9601096510887146 -0.24782730638980865 -0.1276986449956894 -0.021550092846155167
office/seq-06/frame-000425.color.png 0.1224684864282608 -1.1004682779312134 1.4794880151748657 0.9608182311058044 -0.24940787255764008 -0.11994878947734833 -0.015366851352155209
office/seq-06/frame-000426.color.png 0.11122702062129974 -1.0969196557998657 1.4815876483917236 0.9580042362213135 -0.2627449035644531 -0.11418696492910385 -0.0124302227050066
office/seq-06/frame-000427.color.png 0.11122702062129974 -1.0969196557998657 1.4815876483917236 0.9580042362213135 -0.2627449035644531 -0.11418696492910385 -0.0124302227050066
office/seq-06/frame-000428.color.png -0.03357498347759247 -1.0793218612670898 1.4704748392105103 0.9579893350601196 -0.2693741023540497 -0.09815663844347 -0.00769997900351882
office/seq-06/frame-000429.color.png -0.03357498347759247 -1.0793218612670898 1.4704748392105103 0.9579893350601196 -0.2693741023540497 -0.09815663844347 -0.00769997900351882
office/seq-06/frame-000430.color.png -0.08977040648460388 -1.0980740785598755 1.4892765283584595 0.9608782529830933 -0.26032018661499023 -0.09456504881381989 -0.001983393682166934
office/seq-06/frame-000431.color.png -0.18255802989006042 -1.1041916608810425 1.4878307580947876 0.9629594087600708 -0.25827130675315857 -0.0773787871003151 0.004216457717120647
office/seq-06/frame-000432.color.png -0.18255802989006042 -1.1041916608810425 1.4878307580947876 0.9629594087600708 -0.25827130675315857 -0.0773787871003151 0.004216457717120647
office/seq-06/frame-000433.color.png -0.27491307258605957 -1.0839227437973022 1.520032525062561 0.9627847671508789 -0.26132485270500183 -0.06842152029275894 0.008565127849578857
office/seq-06/frame-000434.color.png -0.27491307258605957 -1.0839227437973022 1.520032525062561 0.9627847671508789 -0.26132485270500183 -0.06842152029275894 0.008565127849578857
office/seq-06/frame-000435.color.png -0.2697724997997284 -1.0869855880737305 1.5380878448486328 0.9634613990783691 -0.25851568579673767 -0.0675661638379097 0.01861504837870598
office/seq-06/frame-000436.color.png -0.2697724997997284 -1.0869855880737305 1.5380878448486328 0.9634613990783691 -0.25851568579673767 -0.0675661638379097 0.01861504837870598
office/seq-06/frame-000437.color.png -0.29508325457572937 -1.0664258003234863 1.5365209579467773 0.965386688709259 -0.25560951232910156 -0.04783327877521515 0.020104212686419487
office/seq-06/frame-000438.color.png -0.29123958945274353 -1.0705249309539795 1.509236216545105 0.9665141105651855 -0.25239530205726624 -0.04280171915888786 0.01775413379073143
office/seq-06/frame-000439.color.png -0.29123958945274353 -1.0705249309539795 1.509236216545105 0.9665141105651855 -0.25239530205726624 -0.04280171915888786 0.01775413379073143
office/seq-06/frame-000440.color.png -0.31225812435150146 -1.0694606304168701 1.5245583057403564 0.9647847414016724 -0.25801894068717957 -0.04721442982554436 0.019682368263602257
office/seq-06/frame-000441.color.png -0.31225812435150146 -1.0694606304168701 1.5245583057403564 0.9647847414016724 -0.25801894068717957 -0.04721442982554436 0.019682368263602257
office/seq-06/frame-000442.color.png -0.3043227791786194 -1.0673046112060547 1.5199443101882935 0.9654876589775085 -0.253716379404068 -0.05088009312748909 0.02954142913222313
office/seq-06/frame-000443.color.png -0.314107745885849 -1.0631669759750366 1.5219190120697021 0.9641550183296204 -0.25971293449401855 -0.04669138789176941 0.027821451425552368
office/seq-06/frame-000444.color.png -0.314107745885849 -1.0631669759750366 1.5219190120697021 0.9641550183296204 -0.25971293449401855 -0.04669138789176941 0.027821451425552368
office/seq-06/frame-000445.color.png -0.2986431121826172 -1.0573352575302124 1.5150209665298462 0.9637742638587952 -0.2608390152454376 -0.04719221219420433 0.029583871364593506
office/seq-06/frame-000446.color.png -0.29542598128318787 -1.0441081523895264 1.5468899011611938 0.962913453578949 -0.260545015335083 -0.05782788246870041 0.03962479531764984
office/seq-06/frame-000447.color.png -0.29542598128318787 -1.0441081523895264 1.5468899011611938 0.962913453578949 -0.260545015335083 -0.05782788246870041 0.03962479531764984
office/seq-06/frame-000448.color.png -0.28878653049468994 -1.0560863018035889 1.5355929136276245 0.9620798826217651 -0.265550434589386 -0.042590122669935226 0.045510925352573395
office/seq-06/frame-000449.color.png -0.26760897040367126 -1.0670742988586426 1.529960036277771 0.9636387228965759 -0.26270946860313416 -0.02424498461186886 0.04238239303231239
office/seq-06/frame-000450.color.png -0.26760897040367126 -1.0670742988586426 1.529960036277771 0.9636387228965759 -0.26270946860313416 -0.02424498461186886 0.04238239303231239
office/seq-06/frame-000451.color.png -0.3134060502052307 -1.0728964805603027 1.5435268878936768 0.9641364216804504 -0.26027897000312805 -0.028016265481710434 0.043715037405490875
office/seq-06/frame-000452.color.png -0.32507577538490295 -1.0696301460266113 1.5471534729003906 0.9652986526489258 -0.25484228134155273 -0.03687157854437828 0.04352423548698425
office/seq-06/frame-000453.color.png -0.32507577538490295 -1.0696301460266113 1.5471534729003906 0.9652986526489258 -0.25484228134155273 -0.03687157854437828 0.04352423548698425
office/seq-06/frame-000454.color.png -0.34422966837882996 -1.066132664680481 1.5418211221694946 0.9637219905853271 -0.2609637975692749 -0.02958204224705696 0.04756912961602211
office/seq-06/frame-000455.color.png -0.34422966837882996 -1.066132664680481 1.5418211221694946 0.9637219905853271 -0.2609637975692749 -0.02958204224705696 0.04756912961602211
office/seq-06/frame-000456.color.png -0.3541159927845001 -1.0645899772644043 1.5235494375228882 0.9646857976913452 -0.25802284479141235 -0.027448328211903572 0.04530303552746773
office/seq-06/frame-000457.color.png -0.36973750591278076 -1.0614535808563232 1.5342721939086914 0.9649971723556519 -0.25585854053497314 -0.027650628238916397 0.05052056908607483
office/seq-06/frame-000458.color.png -0.36973750591278076 -1.0614535808563232 1.5342721939086914 0.9649971723556519 -0.25585854053497314 -0.027650628238916397 0.05052056908607483
office/seq-06/frame-000459.color.png -0.3645494282245636 -1.0629668235778809 1.5479503870010376 0.965904176235199 -0.25165456533432007 -0.027682742103934288 0.05415474623441696
office/seq-06/frame-000460.color.png -0.36263546347618103 -1.069011926651001 1.5358459949493408 0.9651103615760803 -0.25436463952064514 -0.011867509223520756 0.06099063530564308
office/seq-06/frame-000461.color.png -0.36263546347618103 -1.069011926651001 1.5358459949493408 0.9651103615760803 -0.25436463952064514 -0.011867509223520756 0.06099063530564308
office/seq-06/frame-000462.color.png -0.3823353946208954 -1.0668283700942993 1.5531799793243408 0.9639343023300171 -0.25706616044044495 -0.009281197562813759 0.06827491521835327
office/seq-06/frame-000463.color.png -0.3823353946208954 -1.0668283700942993 1.5531799793243408 0.9639343023300171 -0.25706616044044495 -0.009281197562813759 0.06827491521835327
office/seq-06/frame-000464.color.png -0.39521047472953796 -1.0694395303726196 1.5786598920822144 0.9668827056884766 -0.2448410987854004 0.00047608878230676055 0.07204499840736389
office/seq-06/frame-000465.color.png -0.4126065671443939 -1.056523084640503 1.5677587985992432 0.9670364260673523 -0.24282868206501007 0.0032035107724368572 0.07658027112483978
office/seq-06/frame-000466.color.png -0.4126065671443939 -1.056523084640503 1.5677587985992432 0.9670364260673523 -0.24282868206501007 0.0032035107724368572 0.07658027112483978
office/seq-06/frame-000467.color.png -0.4459826946258545 -1.0632593631744385 1.574180006980896 0.9659948945045471 -0.24595187604427338 0.010080965235829353 0.07911905646324158
office/seq-06/frame-000468.color.png -0.4459826946258545 -1.0632593631744385 1.574180006980896 0.9659948945045471 -0.24595187604427338 0.010080965235829353 0.07911905646324158
office/seq-06/frame-000469.color.png -0.4569106996059418 -1.062379240989685 1.5742615461349487 0.9643715023994446 -0.25082698464393616 0.008927509188652039 0.08363007009029388
office/seq-06/frame-000470.color.png -0.45207759737968445 -1.0698883533477783 1.558087706565857 0.9650648236274719 -0.2454127073287964 0.01822180487215519 0.08994708210229874
office/seq-06/frame-000471.color.png -0.45207759737968445 -1.0698883533477783 1.558087706565857 0.9650648236274719 -0.2454127073287964 0.01822180487215519 0.08994708210229874
office/seq-06/frame-000472.color.png -0.49573835730552673 -1.0629363059997559 1.5603824853897095 0.9660291075706482 -0.23625043034553528 0.03252968192100525 0.09957650303840637
office/seq-06/frame-000473.color.png -0.5155358910560608 -1.0570403337478638 1.5698001384735107 0.9655883312225342 -0.2369348555803299 0.03704154118895531 0.1006426215171814
office/seq-06/frame-000474.color.png -0.5155358910560608 -1.0570403337478638 1.5698001384735107 0.9655883312225342 -0.2369348555803299 0.03704154118895531 0.1006426215171814
office/seq-06/frame-000475.color.png -0.5248356461524963 -1.0493565797805786 1.5714198350906372 0.9657984375953674 -0.23170682787895203 0.0416313037276268 0.10868186503648758
office/seq-06/frame-000476.color.png -0.5248356461524963 -1.0493565797805786 1.5714198350906372 0.9657984375953674 -0.23170682787895203 0.0416313037276268 0.10868186503648758
office/seq-06/frame-000477.color.png -0.5279861092567444 -1.0543991327285767 1.5781497955322266 0.9658528566360474 -0.2277453988790512 0.040251199156045914 0.1167914867401123
office/seq-06/frame-000478.color.png -0.5101131200790405 -1.0550247430801392 1.575941562652588 0.9631661772727966 -0.2182498276233673 0.07836613059043884 0.13614912331104279
office/seq-06/frame-000479.color.png -0.5101131200790405 -1.0550247430801392 1.575941562652588 0.9631661772727966 -0.2182498276233673 0.07836613059043884 0.13614912331104279
office/seq-06/frame-000480.color.png -0.5197208523750305 -1.059108853340149 1.576702356338501 0.9576296806335449 -0.2103986293077469 0.131596639752388 0.14615070819854736
office/seq-06/frame-000481.color.png -0.5007109642028809 -1.0713462829589844 1.5717154741287231 0.9599682688713074 -0.2018917351961136 0.11982513964176178 0.15278296172618866
office/seq-06/frame-000482.color.png -0.5007109642028809 -1.0713462829589844 1.5717154741287231 0.9599682688713074 -0.2018917351961136 0.11982513964176178 0.15278296172618866
office/seq-06/frame-000483.color.png -0.5028091073036194 -1.0865455865859985 1.54885995388031 0.9591584205627441 -0.20354677736759186 0.1272096335887909 0.14967115223407745
office/seq-06/frame-000484.color.png -0.5280897617340088 -1.0808110237121582 1.5661344528198242 0.9600921869277954 -0.20500284433364868 0.1198316216468811 0.14777421951293945
office/seq-06/frame-000485.color.png -0.5280897617340088 -1.0808110237121582 1.5661344528198242 0.9600921869277954 -0.20500284433364868 0.1198316216468811 0.14777421951293945
office/seq-06/frame-000486.color.png -0.5382141470909119 -1.0857645273208618 1.5688227415084839 0.957301139831543 -0.20471099019050598 0.13406258821487427 0.15393245220184326
office/seq-06/frame-000487.color.png -0.5382141470909119 -1.0857645273208618 1.5688227415084839 0.957301139831543 -0.20471099019050598 0.13406258821487427 0.15393245220184326
office/seq-06/frame-000488.color.png -0.5695320963859558 -1.087861180305481 1.5692598819732666 0.9525726437568665 -0.20666097104549408 0.16207833588123322 0.1537109911441803
office/seq-06/frame-000489.color.png -0.5729808211326599 -1.0913037061691284 1.5823317766189575 0.9523942470550537 -0.19907768070697784 0.16810348629951477 0.1582857370376587
office/seq-06/frame-000490.color.png -0.5729808211326599 -1.0913037061691284 1.5823317766189575 0.9523942470550537 -0.19907768070697784 0.16810348629951477 0.1582857370376587
office/seq-06/frame-000491.color.png -0.5804804563522339 -1.1068823337554932 1.5866928100585938 0.9482439160346985 -0.2055775374174118 0.17495626211166382 0.16721737384796143
office/seq-06/frame-000492.color.png -0.5804804563522339 -1.1068823337554932 1.5866928100585938 0.9482439160346985 -0.2055775374174118 0.17495626211166382 0.16721737384796143
office/seq-06/frame-000493.color.png -0.597596287727356 -1.1091283559799194 1.585684061050415 0.9444746971130371 -0.20868486166000366 0.19315224885940552 0.16465216875076294
office/seq-06/frame-000494.color.png -0.593927264213562 -1.123207926750183 1.5859147310256958 0.9516711831092834 -0.20082004368305206 0.15815261006355286 0.17023764550685883
office/seq-06/frame-000495.color.png -0.593927264213562 -1.123207926750183 1.5859147310256958 0.9516711831092834 -0.20082004368305206 0.15815261006355286 0.17023764550685883
office/seq-06/frame-000496.color.png -0.6076401472091675 -1.1293764114379883 1.5951553583145142 0.9479950666427612 -0.19802388548851013 0.17571698129177094 0.17667904496192932
office/seq-06/frame-000497.color.png -0.6076401472091675 -1.1293764114379883 1.5951553583145142 0.9479950666427612 -0.19802388548851013 0.17571698129177094 0.17667904496192932
office/seq-06/frame-000498.color.png -0.6287364959716797 -1.1261759996414185 1.589323878288269 0.9387044310569763 -0.19805964827537537 0.21681897342205048 0.18054331839084625
office/seq-06/frame-000499.color.png -0.6147504448890686 -1.1243903636932373 1.5995393991470337 0.9364165663719177 -0.1986127495765686 0.22287298738956451 0.1844029575586319
office/seq-06/frame-000500.color.png -0.6147504448890686 -1.1243903636932373 1.5995393991470337 0.9364165663719177 -0.1986127495765686 0.22287298738956451 0.1844029575586319
office/seq-06/frame-000501.color.png -0.6232908964157104 -1.131460189819336 1.6015814542770386 0.9302598834037781 -0.20545470714569092 0.24417568743228912 0.1810610592365265
office/seq-06/frame-000502.color.png -0.6232908964157104 -1.131460189819336 1.6015814542770386 0.9302598834037781 -0.20545470714569092 0.24417568743228912 0.1810610592365265
office/seq-06/frame-000503.color.png -0.6046188473701477 -1.1389251947402954 1.6157182455062866 0.9257495403289795 -0.196007639169693 0.2610827684402466 0.19080008566379547
office/seq-06/frame-000504.color.png -0.6145535707473755 -1.151630163192749 1.6244109869003296 0.9203534126281738 -0.2052716463804245 0.2670027017593384 0.19880303740501404
office/seq-06/frame-000505.color.png -0.6145535707473755 -1.151630163192749 1.6244109869003296 0.9203534126281738 -0.2052716463804245 0.2670027017593384 0.19880303740501404
office/seq-06/frame-000506.color.png -0.5866763591766357 -1.1371506452560425 1.6188701391220093 0.9194266200065613 -0.2018744796514511 0.2761842906475067 0.1939682960510254
office/seq-06/frame-000507.color.png -0.6006850600242615 -1.1592886447906494 1.6072748899459839 0.9064215421676636 -0.2015482634305954 0.31803667545318604 0.19139240682125092
office/seq-06/frame-000508.color.png -0.6006850600242615 -1.1592886447906494 1.6072748899459839 0.9064215421676636 -0.2015482634305954 0.31803667545318604 0.19139240682125092
office/seq-06/frame-000509.color.png -0.6248429417610168 -1.1713476181030273 1.6047489643096924 0.8975878953933716 -0.20030686259269714 0.3418042063713074 0.19334672391414642
office/seq-06/frame-000510.color.png -0.6250327825546265 -1.180485725402832 1.5955692529678345 0.8914814591407776 -0.19619877636432648 0.35613059997558594 0.1998443901538849
office/seq-06/frame-000511.color.png -0.6250327825546265 -1.180485725402832 1.5955692529678345 0.8914814591407776 -0.19619877636432648 0.35613059997558594 0.1998443901538849
office/seq-06/frame-000512.color.png -0.6459693908691406 -1.198494553565979 1.594183087348938 0.8908586502075195 -0.19317930936813354 0.3532438278198242 0.2104078233242035
office/seq-06/frame-000513.color.png -0.6654067635536194 -1.207196831703186 1.5778942108154297 0.8859745860099792 -0.19511760771274567 0.36126232147216797 0.2155638188123703
office/seq-06/frame-000514.color.png -0.6654067635536194 -1.207196831703186 1.5778942108154297 0.8859745860099792 -0.19511760771274567 0.36126232147216797 0.2155638188123703
office/seq-06/frame-000515.color.png -0.709147036075592 -1.2223145961761475 1.574007511138916 0.8847240209579468 -0.20034781098365784 0.35861971974372864 0.22026371955871582
office/seq-06/frame-000516.color.png -0.7161104679107666 -1.2194287776947021 1.5767017602920532 0.8796636462211609 -0.20073527097702026 0.3688010573387146 0.22334501147270203
office/seq-06/frame-000517.color.png -0.7425755858421326 -1.2069169282913208 1.5908963680267334 0.8786641955375671 -0.19365236163139343 0.36733362078666687 0.2356138676404953
office/seq-06/frame-000518.color.png -0.7425755858421326 -1.2069169282913208 1.5908963680267334 0.8786641955375671 -0.19365236163139343 0.36733362078666687 0.2356138676404953
office/seq-06/frame-000519.color.png -0.7338849902153015 -1.1953787803649902 1.5876492261886597 0.8721713423728943 -0.20031043887138367 0.38271912932395935 0.22960561513900757
office/seq-06/frame-000520.color.png -0.7393959164619446 -1.209414005279541 1.60396409034729 0.862830400466919 -0.1833985149860382 0.3989779055118561 0.2504104673862457
office/seq-06/frame-000521.color.png -0.7393959164619446 -1.209414005279541 1.60396409034729 0.862830400466919 -0.1833985149860382 0.3989779055118561 0.2504104673862457
office/seq-06/frame-000522.color.png -0.7185982465744019 -1.2253483533859253 1.604981780052185 0.8681973218917847 -0.1761527806520462 0.38618984818458557 0.25702354311943054
office/seq-06/frame-000523.color.png -0.7786977291107178 -1.2148114442825317 1.6237703561782837 0.8744994401931763 -0.1784498691558838 0.3741714358329773 0.25179770588874817
office/seq-06/frame-000524.color.png -0.7786977291107178 -1.2148114442825317 1.6237703561782837 0.8744994401931763 -0.1784498691558838 0.3741714358329773 0.25179770588874817
office/seq-06/frame-000525.color.png -0.7711008191108704 -1.2324354648590088 1.6263278722763062 0.8554454445838928 -0.17194382846355438 0.41393476724624634 0.2594347894191742
office/seq-06/frame-000526.color.png -0.7696176171302795 -1.2321407794952393 1.6171377897262573 0.8529262542724609 -0.17218387126922607 0.41685932874679565 0.26286476850509644
office/seq-06/frame-000527.color.png -0.7696176171302795 -1.2321407794952393 1.6171377897262573 0.8529262542724609 -0.17218387126922607 0.41685932874679565 0.26286476850509644
office/seq-06/frame-000528.color.png -0.7896641492843628 -1.2386399507522583 1.619273066520691 0.8565613627433777 -0.17087024450302124 0.40711286664009094 0.26714229583740234
office/seq-06/frame-000529.color.png -0.808451771736145 -1.2306863069534302 1.62641179561615 0.8598617911338806 -0.16134531795978546 0.40074509382247925 0.27204570174217224
office/seq-06/frame-000530.color.png -0.8050945401191711 -1.2475794553756714 1.6144137382507324 0.8624831438064575 -0.1728014349937439 0.3954871594905853 0.2642963230609894
office/seq-06/frame-000531.color.png -0.8249205946922302 -1.268776297569275 1.6196601390838623 0.8871157765388489 -0.19049662351608276 0.3408460319042206 0.24609093368053436
office/seq-06/frame-000532.color.png -0.8249205946922302 -1.268776297569275 1.6196601390838623 0.8871157765388489 -0.19049662351608276 0.3408460319042206 0.24609093368053436
office/seq-06/frame-000533.color.png -0.8318926692008972 -1.2904704809188843 1.6373953819274902 0.9330649971961975 -0.19417472183704376 0.21959781646728516 0.20847724378108978
office/seq-06/frame-000534.color.png -0.8527171015739441 -1.3080085515975952 1.6217617988586426 0.898414134979248 -0.1764615774154663 0.3171083331108093 0.2472967505455017
office/seq-06/frame-000535.color.png -0.8516512513160706 -1.2977834939956665 1.606577754020691 0.890690267086029 -0.1835036426782608 0.3298461437225342 0.25337478518486023
office/seq-06/frame-000536.color.png -0.8590408563613892 -1.290788173675537 1.6162554025650024 0.8616586327552795 -0.1684776097536087 0.3941901624202728 0.27161335945129395
office/seq-06/frame-000537.color.png -0.8724585175514221 -1.2945199012756348 1.6236717700958252 0.9033575057983398 -0.18031544983386993 0.30255284905433655 0.24473100900650024
office/seq-06/frame-000538.color.png -0.8724585175514221 -1.2945199012756348 1.6236717700958252 0.9033575057983398 -0.18031544983386993 0.30255284905433655 0.24473100900650024
office/seq-06/frame-000539.color.png -0.8614606261253357 -1.297247052192688 1.6523146629333496 0.8820939660072327 -0.16129256784915924 0.35610926151275635 0.2628328502178192
office/seq-06/frame-000540.color.png -0.8535459637641907 -1.2648111581802368 1.6609933376312256 0.9111920595169067 -0.17931948602199554 0.2857236862182617 0.23650644719600677
office/seq-06/frame-000541.color.png -0.8837410807609558 -1.259785771369934 1.6623024940490723 0.8682299256324768 -0.1611967384815216 0.4006425738334656 0.2442907989025116
office/seq-06/frame-000542.color.png -0.9201938509941101 -1.2365177869796753 1.6826695203781128 0.8627331852912903 -0.16095612943172455 0.4128395915031433 0.2436147779226303
office/seq-06/frame-000543.color.png -0.9268733859062195 -1.2422685623168945 1.6855723857879639 0.869075357913971 -0.17391370236873627 0.3946089446544647 0.24237535893917084
office/seq-06/frame-000544.color.png -0.909400224685669 -1.260683298110962 1.6814640760421753 0.8685169816017151 -0.16415421664714813 0.4078480899333954 0.22889165580272675
office/seq-06/frame-000545.color.png -0.909400224685669 -1.260683298110962 1.6814640760421753 0.8685169816017151 -0.16415421664714813 0.4078480899333954 0.22889165580272675
office/seq-06/frame-000546.color.png -0.9044035077095032 -1.2675188779830933 1.6638975143432617 0.8656704425811768 -0.14567352831363678 0.42034080624580383 0.2295808345079422
office/seq-06/frame-000547.color.png -0.9514848589897156 -1.2479796409606934 1.701151728630066 0.8798664212226868 -0.1503361016511917 0.39023858308792114 0.2257167547941208
office/seq-06/frame-000548.color.png -0.9235284924507141 -1.2555441856384277 1.6906901597976685 0.9285821914672852 -0.1801290512084961 0.2757197916507721 0.17107675969600677
office/seq-06/frame-000549.color.png -0.9201776385307312 -1.2665129899978638 1.6502504348754883 0.9712003469467163 -0.21675612032413483 -0.003502175211906433 0.09886569529771805
office/seq-06/frame-000550.color.png -0.9285808801651001 -1.2673861980438232 1.6530545949935913 0.9319545030593872 -0.19197817146778107 0.24439582228660583 0.18675090372562408
office/seq-06/frame-000551.color.png -0.9242038726806641 -1.258457899093628 1.6398749351501465 0.9653444290161133 -0.2060418277978897 0.10413489490747452 0.12170832604169846
office/seq-06/frame-000552.color.png -0.9299106597900391 -1.249145746231079 1.6399544477462769 0.9094482064247131 -0.17617185413837433 0.32435569167137146 0.19147038459777832
office/seq-06/frame-000553.color.png -0.8922694325447083 -1.271331548690796 1.6236004829406738 0.9240486025810242 -0.1885472685098648 0.2847423255443573 0.1717735230922699
office/seq-06/frame-000554.color.png -0.9324422478675842 -1.2586240768432617 1.64647376537323 0.9234225153923035 -0.17165449261665344 0.28730469942092896 0.18783420324325562
office/seq-06/frame-000555.color.png -0.9594911932945251 -1.244258165359497 1.645561933517456 0.9216746091842651 -0.1731860637664795 0.2865790128707886 0.1959465593099594
office/seq-06/frame-000556.color.png -0.9413774609565735 -1.249259114265442 1.6153205633163452 0.934878945350647 -0.1812778115272522 0.2399323284626007 0.1886061280965805
office/seq-06/frame-000557.color.png -0.9322649240493774 -1.2358331680297852 1.6298253536224365 0.9307078123092651 -0.1802404373884201 0.26039937138557434 0.18299856781959534
office/seq-06/frame-000558.color.png -0.9685916900634766 -1.2199238538742065 1.6479605436325073 0.9348937273025513 -0.18099714815616608 0.2513248324394226 0.17334823310375214
office/seq-06/frame-000559.color.png -0.9429370164871216 -1.2119961977005005 1.6445866823196411 0.9339033961296082 -0.18133963644504547 0.25976333022117615 0.1657213270664215
office/seq-06/frame-000560.color.png -0.9587571024894714 -1.1908369064331055 1.6736900806427002 0.924555242061615 -0.17255286872386932 0.2921234369277954 0.17345663905143738
office/seq-06/frame-000561.color.png -0.9526678323745728 -1.1981619596481323 1.664568543434143 0.9285529851913452 -0.17752371728420258 0.28521811962127686 0.15787746012210846
office/seq-06/frame-000562.color.png -0.9571515321731567 -1.1965683698654175 1.6712520122528076 0.9251206517219543 -0.18255026638507843 0.29186469316482544 0.16013203561306
office/seq-06/frame-000563.color.png -0.9539734125137329 -1.1954805850982666 1.6652650833129883 0.9345802664756775 -0.1757574826478958 0.26829132437705994 0.15391181409358978
office/seq-06/frame-000564.color.png -0.963436484336853 -1.1949503421783447 1.6750478744506836 0.9580371379852295 -0.18800319731235504 0.1779511570930481 0.12309782952070236
office/seq-06/frame-000565.color.png -0.9780949950218201 -1.1841905117034912 1.6882634162902832 0.9308076500892639 -0.17130814492702484 0.2892828583717346 0.14340807497501373
office/seq-06/frame-000566.color.png -0.992732584476471 -1.1777132749557495 1.6958369016647339 0.9221280813217163 -0.16851806640625 0.31055089831352234 0.15760566294193268
office/seq-06/frame-000567.color.png -0.9839422106742859 -1.1674333810806274 1.705823540687561 0.9340306520462036 -0.17243671417236328 0.2788897752761841 0.1416783630847931
office/seq-06/frame-000568.color.png -0.9695450067520142 -1.1685503721237183 1.70969820022583 0.9553507566452026 -0.1790788769721985 0.20303505659103394 0.11837419122457504
office/seq-06/frame-000569.color.png -1.0024683475494385 -1.1522718667984009 1.7069320678710938 0.9511396288871765 -0.18376882374286652 0.22122657299041748 0.11234431713819504
office/seq-06/frame-000570.color.png -1.001006841659546 -1.1516051292419434 1.7055599689483643 0.9294471144676208 -0.17871059477329254 0.28881531953811646 0.14413954317569733
office/seq-06/frame-000571.color.png -0.9924049973487854 -1.1606850624084473 1.7068983316421509 0.936757504940033 -0.1756383329629898 0.2615865170955658 0.152345210313797
office/seq-06/frame-000572.color.png -0.9938977360725403 -1.1472197771072388 1.7019307613372803 0.9774999022483826 -0.20140422880649567 -0.02596927434206009 0.05706037953495979
office/seq-06/frame-000573.color.png -0.991032063961029 -1.1569256782531738 1.7144132852554321 0.96849125623703 -0.18951071798801422 0.12075193971395493 0.10737498104572296
office/seq-06/frame-000574.color.png -1.0144281387329102 -1.1278305053710938 1.709221601486206 0.9767338633537292 -0.1934930384159088 0.04651946574449539 0.07992122322320938
office/seq-06/frame-000575.color.png -0.9976360201835632 -1.1301544904708862 1.7234869003295898 0.9792870879173279 -0.19228635728359222 0.008417489938437939 0.06286446005105972
office/seq-06/frame-000576.color.png -1.0090217590332031 -1.1145938634872437 1.7194621562957764 0.9351559281349182 -0.1673603355884552 0.2734864354133606 0.1505959928035736
office/seq-06/frame-000577.color.png -1.0231351852416992 -1.0954281091690063 1.7430288791656494 0.9398433566093445 -0.154404878616333 0.26557010412216187 0.1494193971157074
office/seq-06/frame-000578.color.png -1.0100593566894531 -1.1030488014221191 1.7307921648025513 0.9742176532745361 -0.19112876057624817 -0.11382883787155151 0.037585653364658356
office/seq-06/frame-000579.color.png -1.0129152536392212 -1.1070022583007812 1.7166368961334229 0.9795005917549133 -0.18293067812919617 -0.03278140723705292 0.07771830260753632
office/seq-06/frame-000580.color.png -1.0305798053741455 -1.0951164960861206 1.7441998720169067 0.9647439122200012 -0.17205266654491425 0.158277228474617 0.12089424580335617
office/seq-06/frame-000581.color.png -1.0264723300933838 -1.1127290725708008 1.742311954498291 0.9783652424812317 -0.18565677106380463 0.021243471652269363 0.08877889066934586
office/seq-06/frame-000582.color.png -1.033577799797058 -1.0936273336410522 1.7413294315338135 0.9804246425628662 -0.17885254323482513 0.03596891835331917 0.07406558096408844
office/seq-06/frame-000583.color.png -1.0364583730697632 -1.0824134349822998 1.7496131658554077 0.967291533946991 -0.18665283918380737 -0.17170676589012146 0.004939489532262087
office/seq-06/frame-000584.color.png -1.0201771259307861 -1.0907396078109741 1.7331047058105469 0.9650187492370605 -0.19169507920742035 -0.17843309044837952 0.012377374805510044
office/seq-06/frame-000585.color.png -1.0227391719818115 -1.081129789352417 1.7597373723983765 0.979057788848877 -0.18837153911590576 -0.04897133260965347 0.05969836562871933
office/seq-06/frame-000586.color.png -1.0144150257110596 -1.0725913047790527 1.7517470121383667 0.9765246510505676 -0.18704023957252502 -0.10345437377691269 0.026698101311922073
office/seq-06/frame-000587.color.png -1.0109708309173584 -1.0715447664260864 1.7446973323822021 0.9812186360359192 -0.17952673137187958 -0.06828176230192184 0.017823820933699608
office/seq-06/frame-000588.color.png -0.9874007105827332 -1.0782470703125 1.7428456544876099 0.9798990488052368 -0.18354405462741852 -0.07549139857292175 0.020261632278561592
office/seq-06/frame-000589.color.png -0.9630674719810486 -1.078972339630127 1.734960675239563 0.9794920682907104 -0.1737392395734787 -0.10033247619867325 0.01853109709918499
office/seq-06/frame-000590.color.png -0.9466620087623596 -1.0757538080215454 1.7312957048416138 0.9815254211425781 -0.17218679189682007 -0.08267441391944885 0.011166580952703953
office/seq-06/frame-000591.color.png -0.9499561190605164 -1.0685853958129883 1.7424570322036743 0.9726808071136475 -0.17621822655200958 -0.15014752745628357 -0.01717563346028328
office/seq-06/frame-000592.color.png -0.9492766261100769 -1.0718938112258911 1.7477672100067139 0.9809815287590027 -0.1628647893667221 0.0956680029630661 0.04469819366931915
office/seq-06/frame-000593.color.png -0.9561304450035095 -1.0768848657608032 1.7246713638305664 0.9825611710548401 -0.16502127051353455 -0.08564872294664383 -0.0023957439698278904
office/seq-06/frame-000594.color.png -0.9508504271507263 -1.0719150304794312 1.7304378747940063 0.980333149433136 -0.16006852686405182 -0.11481017619371414 -0.01198527030646801
office/seq-06/frame-000595.color.png -0.9761512875556946 -1.0649735927581787 1.7445892095565796 0.9842459559440613 -0.14814181625843048 0.09261315315961838 0.02714308351278305
office/seq-06/frame-000596.color.png -0.9901755452156067 -1.042007565498352 1.7488969564437866 0.9871642589569092 -0.1586187779903412 -0.017377423122525215 -0.006704600993543863
office/seq-06/frame-000597.color.png -0.9835142493247986 -1.0382556915283203 1.7317484617233276 0.9843060374259949 -0.15790866315364838 0.07702621072530746 0.016535036265850067
office/seq-06/frame-000598.color.png -0.9378014802932739 -1.0559937953948975 1.7172949314117432 0.9785386323928833 -0.14668303728103638 0.14089709520339966 0.0330800861120224
office/seq-06/frame-000599.color.png -0.9586608409881592 -1.0544884204864502 1.7288709878921509 0.9552065134048462 -0.1200791597366333 0.2660989463329315 0.04850608855485916
office/seq-06/frame-000600.color.png -0.9553518891334534 -1.0095164775848389 1.721937656402588 0.9673829078674316 -0.12774817645549774 0.21650195121765137 0.03126499801874161
office/seq-06/frame-000601.color.png -0.9591265916824341 -1.0108001232147217 1.735419750213623 0.8850082755088806 -0.11708305776119232 0.43985581398010254 0.09787134826183319
office/seq-06/frame-000602.color.png -0.939761757850647 -1.0004717111587524 1.7253519296646118 0.8592038154602051 -0.10481440275907516 0.49120354652404785 0.09747733920812607
office/seq-06/frame-000603.color.png -0.9305174946784973 -1.007671594619751 1.7222522497177124 0.8832519054412842 -0.1074938103556633 0.44834038615226746 0.08545249700546265
office/seq-06/frame-000604.color.png -0.9203368425369263 -0.9750121235847473 1.7282710075378418 0.819523274898529 -0.10904575139284134 0.5487047433853149 0.12415178120136261
office/seq-06/frame-000605.color.png -0.9204743504524231 -0.9696158766746521 1.7137950658798218 0.856848418712616 -0.119884192943573 0.4913811683654785 0.09991532564163208
office/seq-06/frame-000606.color.png -0.9200335741043091 -0.9666501879692078 1.7328506708145142 0.7958785891532898 -0.10218438506126404 0.5842249989509583 0.12172487378120422
office/seq-06/frame-000607.color.png -0.9570390582084656 -0.9628099799156189 1.7302656173706055 0.7878082394599915 -0.09576171636581421 0.5955119729042053 0.1247129738330841
office/seq-06/frame-000608.color.png -0.9074167609214783 -0.9670122265815735 1.7221029996871948 0.8273624777793884 -0.10950129479169846 0.5395059585571289 0.11141914129257202
office/seq-06/frame-000609.color.png -0.8968839049339294 -0.9562168717384338 1.737375259399414 0.7893943786621094 -0.09689440578222275 0.5926894545555115 0.12722913920879364
office/seq-06/frame-000610.color.png -0.922111988067627 -0.924872100353241 1.7413851022720337 0.7667614221572876 -0.09483938664197922 0.6204217076301575 0.13475720584392548
office/seq-06/frame-000611.color.png -0.9357282519340515 -0.90999436378479 1.727798342704773 0.7689521312713623 -0.0898684710264206 0.6179996728897095 0.13679464161396027
office/seq-06/frame-000612.color.png -0.9467294216156006 -0.9239753484725952 1.7088390588760376 0.7992973327636719 -0.0833439975976944 0.5837851166725159 0.11563899368047714
office/seq-06/frame-000613.color.png -0.9751192927360535 -0.9012894630432129 1.7027226686477661 0.7892017960548401 -0.0797923132777214 0.597095787525177 0.11945817619562149
office/seq-06/frame-000614.color.png -0.9231484532356262 -0.8789417147636414 1.6865622997283936 0.7753332853317261 -0.08240775018930435 0.614055335521698 0.12248779088258743
office/seq-06/frame-000615.color.png -0.903711199760437 -0.9335049986839294 1.6113572120666504 0.8096928000450134 -0.0892905741930008 0.5689353346824646 0.11285969614982605
office/seq-06/frame-000616.color.png -0.9438089728355408 -0.9383074641227722 1.591722846031189 0.7771044373512268 -0.08712161332368851 0.611351728439331 0.12152157723903656
office/seq-06/frame-000617.color.png -0.9260540008544922 -0.9210304021835327 1.5692614316940308 0.7761587500572205 -0.08957473933696747 0.611793577671051 0.12354226410388947
office/seq-06/frame-000618.color.png -0.93391352891922 -0.9030724167823792 1.5235788822174072 0.7723374962806702 -0.0925341248512268 0.6157799363136292 0.12548835575580597
office/seq-06/frame-000619.color.png -0.9028317928314209 -0.9221200346946716 1.526976466178894 0.7397289276123047 -0.08662868291139603 0.6531527042388916 0.13670441508293152
office/seq-06/frame-000620.color.png -0.8830138444900513 -0.8751877546310425 1.4967771768569946 0.736515462398529 -0.08824345469474792 0.6567878127098083 0.13560208678245544
office/seq-06/frame-000621.color.png -0.9426571726799011 -0.8563253283500671 1.3663809299468994 0.7546032667160034 -0.09135125577449799 0.6364640593528748 0.13092899322509766
office/seq-06/frame-000622.color.png -0.9665932059288025 -0.8161070346832275 1.3799877166748047 0.7510852217674255 -0.07906186580657959 0.6428874135017395 0.12773361802101135
office/seq-06/frame-000623.color.png -0.9891068339347839 -0.855606734752655 1.425790548324585 0.7450132369995117 -0.07005630433559418 0.6516560912132263 0.12406300753355026
office/seq-06/frame-000624.color.png -1.0035789012908936 -0.8380358815193176 1.4151453971862793 0.7363522052764893 -0.07061880081892014 0.661512017250061 0.12328995764255524
office/seq-06/frame-000625.color.png -1.0239988565444946 -0.837751030921936 1.4305490255355835 0.7298962473869324 -0.06636330485343933 0.66855788230896 0.12600663304328918
office/seq-06/frame-000626.color.png -0.9760200381278992 -0.8450378775596619 1.3791260719299316 0.7308639883995056 -0.0670873299241066 0.6680530309677124 0.12264741957187653
office/seq-06/frame-000627.color.png -0.925131618976593 -0.7925857305526733 1.3780035972595215 0.741746723651886 -0.07046240568161011 0.6553882956504822 0.12374585121870041
office/seq-06/frame-000628.color.png -0.9711162447929382 -0.79164719581604 1.3858187198638916 0.7206996083259583 -0.058957427740097046 0.6793009638786316 0.12516525387763977
office/seq-06/frame-000629.color.png -0.9823949933052063 -0.7827865481376648 1.3599541187286377 0.7270479202270508 -0.05340593680739403 0.6735408306121826 0.12203294038772583
office/seq-06/frame-000630.color.png -1.0253223180770874 -0.7791770696640015 1.3407269716262817 0.715144157409668 -0.0524345301091671 0.6862399578094482 0.12204155325889587
office/seq-06/frame-000631.color.png -1.052167534828186 -0.764464795589447 1.3653721809387207 0.7418860793113708 -0.055491503328084946 0.6575642824172974 0.11889104545116425
office/seq-06/frame-000632.color.png -1.081215739250183 -0.7815802693367004 1.4037774801254272 0.7319867014884949 -0.046955935657024384 0.6694095730781555 0.11782015860080719
office/seq-06/frame-000633.color.png -1.1003690958023071 -0.7734411358833313 1.38593590259552 0.7218698859214783 -0.040045592933893204 0.6810413599014282 0.1161157488822937
office/seq-06/frame-000634.color.png -1.0793235301971436 -0.771146833896637 1.3860411643981934 0.7077085971832275 -0.03610394895076752 0.6951203346252441 0.12104882299900055
office/seq-06/frame-000635.color.png -1.0997929573059082 -0.7576712965965271 1.3833004236221313 0.7046988606452942 -0.03929705172777176 0.6979384422302246 0.12139672040939331
office/seq-06/frame-000636.color.png -1.0655866861343384 -0.7103976607322693 1.2987735271453857 0.6919447183609009 -0.037335436791181564 0.7112491726875305 0.11808178573846817
office/seq-06/frame-000637.color.png -1.0584379434585571 -0.7137813568115234 1.3233211040496826 0.7000672221183777 -0.046745605766773224 0.7019560933113098 0.122385673224926
office/seq-06/frame-000638.color.png -1.0680758953094482 -0.71357661485672 1.3365204334259033 0.70999675989151 -0.04106779024004936 0.6932116746902466 0.11694259196519852
office/seq-06/frame-000639.color.png -1.0663915872573853 -0.6921802759170532 1.26145601272583 0.7062506675720215 -0.04534909501671791 0.696136474609375 0.12061291933059692
office/seq-06/frame-000640.color.png -1.0774675607681274 -0.7032598853111267 1.2647992372512817 0.7109414935112 -0.040910638868808746 0.6915099620819092 0.12125366926193237
office/seq-06/frame-000641.color.png -1.0808954238891602 -0.6754581928253174 1.2576438188552856 0.709391176700592 -0.04353365674614906 0.6927791237831116 0.12217218428850174
office/seq-06/frame-000642.color.png -1.0948938131332397 -0.7349820137023926 1.250248908996582 0.7003195881843567 -0.03504868596792221 0.702804446220398 0.11995827406644821
office/seq-06/frame-000643.color.png -1.1108250617980957 -0.6820943355560303 1.2814207077026367 0.6913481950759888 -0.031144114211201668 0.7116889953613281 0.12069127708673477
office/seq-06/frame-000644.color.png -1.1173182725906372 -0.6927527189254761 1.262332558631897 0.6950051188468933 -0.03200199827551842 0.7078552842140198 0.12200286239385605
office/seq-06/frame-000645.color.png -1.1117950677871704 -0.7068663835525513 1.2693895101547241 0.6927226781845093 -0.02178078144788742 0.7118604183197021 0.11364632099866867
office/seq-06/frame-000646.color.png -1.1108710765838623 -0.7001228332519531 1.2734066247940063 0.7033101320266724 -0.02645082212984562 0.7009474635124207 0.115446075797081
office/seq-06/frame-000647.color.png -1.1342442035675049 -0.7056914567947388 1.294110894203186 0.706897497177124 -0.0267446618527174 0.6972841620445251 0.11565259099006653
office/seq-06/frame-000648.color.png -1.1277228593826294 -0.7196709513664246 1.3327456712722778 0.6880916357040405 -0.03062727116048336 0.7152352333068848 0.11844921112060547
office/seq-06/frame-000649.color.png -1.1259866952896118 -0.7162202596664429 1.3183000087738037 0.680592954158783 -0.03254851698875427 0.7215506434440613 0.12287629395723343
office/seq-06/frame-000650.color.png -1.1345655918121338 -0.7445048689842224 1.3230946063995361 0.6871280670166016 -0.03460757061839104 0.7148129343986511 0.12529905140399933
office/seq-06/frame-000651.color.png -1.140866994857788 -0.760571300983429 1.3269020318984985 0.6977915167808533 -0.03449086844921112 0.704449474811554 0.12509295344352722
office/seq-06/frame-000652.color.png -1.1279044151306152 -0.77252197265625 1.3324370384216309 0.7011106610298157 -0.034578293561935425 0.7018172144889832 0.12124615907669067
office/seq-06/frame-000653.color.png -1.1049305200576782 -0.7608641982078552 1.3440437316894531 0.6936341524124146 -0.028814414516091347 0.7089044451713562 0.12448259443044662
office/seq-06/frame-000654.color.png -1.124123454093933 -0.7917252779006958 1.3372608423233032 0.6986781358718872 -0.02681000716984272 0.704417884349823 0.12217067927122116
office/seq-06/frame-000655.color.png -1.1046627759933472 -0.807012677192688 1.3074162006378174 0.6992138028144836 -0.02673225849866867 0.704391360282898 0.11923985928297043
office/seq-06/frame-000656.color.png -1.1212353706359863 -0.8396381735801697 1.3551335334777832 0.6992980241775513 -0.02627667598426342 0.7039267420768738 0.12156900018453598
office/seq-06/frame-000657.color.png -1.0994322299957275 -0.8659198880195618 1.2984988689422607 0.6854144930839539 -0.026742007583379745 0.7176638245582581 0.12020998448133469
office/seq-06/frame-000658.color.png -1.1086739301681519 -0.8541991710662842 1.3173891305923462 0.6812849640846252 -0.0213159192353487 0.7222616076469421 0.11719457805156708
office/seq-06/frame-000659.color.png -1.0943509340286255 -0.9096637964248657 1.3604750633239746 0.6767998933792114 -0.030772747471928596 0.7245830297470093 0.12638969719409943
office/seq-06/frame-000660.color.png -1.080195665359497 -0.9020005464553833 1.3541003465652466 0.6795694828033447 -0.031645268201828 0.7219953536987305 0.1261206418275833
office/seq-06/frame-000661.color.png -1.1179441213607788 -0.9182623624801636 1.3457088470458984 0.6813868284225464 -0.02418673038482666 0.7216055989265442 0.12005128711462021
office/seq-06/frame-000662.color.png -1.1292014122009277 -0.8935957551002502 1.3004426956176758 0.6758486032485962 -0.019385142251849174 0.7263308167457581 0.12367921322584152
office/seq-06/frame-000663.color.png -1.1177693605422974 -0.9227510094642639 1.3114765882492065 0.6758145689964294 -0.015170751139521599 0.7267442941665649 0.12201282382011414
office/seq-06/frame-000664.color.png -1.120470404624939 -0.9337036609649658 1.3777931928634644 0.6790845990180969 -0.0283957626670599 0.7221010327339172 0.128871887922287
office/seq-06/frame-000665.color.png -1.1294620037078857 -0.9058834910392761 1.360667109489441 0.6786093711853027 -0.03927529975771904 0.721742570400238 0.13051556050777435
office/seq-06/frame-000666.color.png -1.1304750442504883 -0.9389620423316956 1.3238345384597778 0.6837297677993774 -0.03464537486433983 0.7169168591499329 0.1316950023174286
office/seq-06/frame-000667.color.png -1.1411770582199097 -0.9402614235877991 1.356859564781189 0.6800636053085327 -0.02804769203066826 0.7211998701095581 0.12883149087429047
office/seq-06/frame-000668.color.png -1.1527650356292725 -0.9292672276496887 1.3000116348266602 0.6863956451416016 -0.03711675852537155 0.7155406475067139 0.12443815171718597
office/seq-06/frame-000669.color.png -1.1234475374221802 -0.9475410580635071 1.3179373741149902 0.6837894916534424 -0.038340501487255096 0.7170764207839966 0.1294732391834259
office/seq-06/frame-000670.color.png -1.1303472518920898 -0.9595838785171509 1.2844390869140625 0.6828116774559021 -0.0384117029607296 0.7177072167396545 0.13110634684562683
office/seq-06/frame-000671.color.png -1.13506281375885 -0.9780450463294983 1.3402807712554932 0.6878646612167358 -0.041911326348781586 0.7124530673027039 0.13227295875549316
office/seq-06/frame-000672.color.png -1.1445831060409546 -0.9880311489105225 1.320755958557129 0.682521402835846 -0.04127559810876846 0.7184011936187744 0.12790867686271667
office/seq-06/frame-000673.color.png -1.1640065908432007 -0.9795181155204773 1.3176124095916748 0.6848369240760803 -0.037489622831344604 0.7162221670150757 0.12891313433647156
office/seq-06/frame-000674.color.png -1.174298882484436 -0.9361146688461304 1.3209073543548584 0.6861749291419983 -0.03382275998592377 0.7143962979316711 0.1328832507133484
office/seq-06/frame-000675.color.png -1.123488426208496 -0.945405900478363 1.261155128479004 0.690056562423706 -0.052876587957143784 0.7071444988250732 0.14481890201568604
office/seq-06/frame-000676.color.png -1.0915842056274414 -0.9786689877510071 1.275659441947937 0.6921302676200867 -0.0452127680182457 0.7060010433197021 0.143087700009346
office/seq-06/frame-000677.color.png -1.082425594329834 -0.9947264194488525 1.2775683403015137 0.6901804804801941 -0.036183420568704605 0.7097053527832031 0.13660185039043427
office/seq-06/frame-000678.color.png -1.0668987035751343 -1.0047298669815063 1.2140854597091675 0.6861636638641357 -0.05328095331788063 0.7091470956802368 0.15313668549060822
office/seq-06/frame-000679.color.png -1.044556975364685 -1.0029373168945312 1.2127786874771118 0.687398374080658 -0.05625664442777634 0.707309901714325 0.15502099692821503
office/seq-06/frame-000680.color.png -1.0281381607055664 -0.992824912071228 1.1668599843978882 0.6863225102424622 -0.05462257191538811 0.7087923884391785 0.15359413623809814
office/seq-06/frame-000681.color.png -1.0277390480041504 -0.9691044688224792 1.1342501640319824 0.6835176348686218 -0.05232739821076393 0.7121274471282959 0.15145918726921082
office/seq-06/frame-000682.color.png -1.0194491147994995 -0.963552713394165 1.1155682802200317 0.6895856857299805 -0.06057645007967949 0.7053365111351013 0.15265126526355743
office/seq-06/frame-000683.color.png -0.9975281357765198 -0.991647481918335 1.1196449995040894 0.6986783742904663 -0.06867338716983795 0.6950803995132446 0.1549052745103836
office/seq-06/frame-000684.color.png -0.9725303053855896 -0.984294056892395 1.070980191230774 0.6915299892425537 -0.061962392181158066 0.7025540471076965 0.156092569231987
office/seq-06/frame-000685.color.png -0.9448031783103943 -0.9824772477149963 1.0508241653442383 0.6949858665466309 -0.06493929773569107 0.6985418200492859 0.15753425657749176
office/seq-06/frame-000686.color.png -0.9452525973320007 -0.9582164883613586 1.0353038311004639 0.6914092898368835 -0.055443525314331055 0.7038357853889465 0.1532786339521408
office/seq-06/frame-000687.color.png -0.9647361636161804 -0.9369621872901917 1.0139989852905273 0.6843602061271667 -0.05774318799376488 0.7104687094688416 0.15346375107765198
office/seq-06/frame-000688.color.png -0.9559305906295776 -0.9366052150726318 1.0237311124801636 0.684235692024231 -0.05716083198785782 0.7101234793663025 0.1558164805173874
office/seq-06/frame-000689.color.png -0.9657874703407288 -0.9375985860824585 1.0111228227615356 0.6865414381027222 -0.0543573759496212 0.7080203890800476 0.1562478244304657
office/seq-06/frame-000690.color.png -0.9496758580207825 -0.9750853776931763 1.0359021425247192 0.6889060735702515 -0.07503409683704376 0.7042401432991028 0.15435118973255157
office/seq-06/frame-000691.color.png -0.9682235717773438 -0.9561269879341125 1.0086077451705933 0.6864455938339233 -0.06595941632986069 0.7073313593864441 0.15531998872756958
office/seq-06/frame-000692.color.png -0.9477142095565796 -0.961293637752533 0.9890612959861755 0.684986412525177 -0.0683571845293045 0.7079898715019226 0.1577061116695404
office/seq-06/frame-000693.color.png -0.8691447377204895 -0.9656994342803955 0.9814707636833191 0.6774308681488037 -0.06424707919359207 0.7156791090965271 0.15736286342144012
office/seq-06/frame-000694.color.png -0.8665233254432678 -0.9703508019447327 0.961048424243927 0.6904107928276062 -0.06660709530115128 0.7038229703903198 0.1533937007188797
office/seq-06/frame-000695.color.png -0.8691719174385071 -0.9627860188484192 0.9493260383605957 0.6916202902793884 -0.07441125065088272 0.7003747224807739 0.15999871492385864
office/seq-06/frame-000696.color.png -0.8506357073783875 -0.9407408833503723 0.9495328068733215 0.6850164532661438 -0.06559110432863235 0.7079576253890991 0.1588907390832901
office/seq-06/frame-000697.color.png -0.8410439491271973 -0.9347895979881287 0.9322075247764587 0.6841305494308472 -0.06816929578781128 0.707641065120697 0.16297969222068787
office/seq-06/frame-000698.color.png -0.8272741436958313 -0.9493072628974915 0.9063776135444641 0.6829202771186829 -0.06915777176618576 0.7086812257766724 0.16311956942081451
office/seq-06/frame-000699.color.png -0.763134241104126 -0.9506363272666931 0.8893120288848877 0.6775539517402649 -0.07353047281503677 0.7113394737243652 0.17178477346897125
office/seq-06/frame-000700.color.png -0.6987932324409485 -0.9733754396438599 0.8723351359367371 0.6786237359046936 -0.07225491106510162 0.7094870805740356 0.17571921646595
office/seq-06/frame-000701.color.png -0.6470869183540344 -0.9731351733207703 0.8631877899169922 0.6694308519363403 -0.070408396422863 0.716978132724762 0.1812388151884079
office/seq-06/frame-000702.color.png -0.6589393615722656 -0.9674538373947144 0.8671554327011108 0.6604825854301453 -0.0726764127612114 0.7245035767555237 0.18323542177677155
office/seq-06/frame-000703.color.png -0.6050143837928772 -0.9593914747238159 0.8506152629852295 0.660491406917572 -0.0674208253622055 0.724921703338623 0.18355949223041534
office/seq-06/frame-000704.color.png -0.6147280335426331 -0.9916290044784546 0.8476250171661377 0.6729606986045837 -0.07009714096784592 0.710955798625946 0.19170838594436646
office/seq-06/frame-000705.color.png -0.5872251391410828 -0.9656923413276672 0.8318241238594055 0.666020929813385 -0.07096359878778458 0.7178454399108887 0.1899426430463791
office/seq-06/frame-000706.color.png -0.5692563056945801 -0.9698768854141235 0.8265905380249023 0.6582995057106018 -0.07788896560668945 0.7237125635147095 0.19187311828136444
office/seq-06/frame-000707.color.png -0.5185014605522156 -0.9680386185646057 0.825178325176239 0.6653305888175964 -0.07781491428613663 0.7169797420501709 0.19292540848255157
office/seq-06/frame-000708.color.png -0.5433043241500854 -0.9390527009963989 0.8129094839096069 0.652263879776001 -0.06588447093963623 0.7318706512451172 0.18594688177108765
office/seq-06/frame-000709.color.png -0.5302481055259705 -0.9145714044570923 0.8328835964202881 0.6470657587051392 -0.06782878935337067 0.7352502942085266 0.19003251194953918
office/seq-06/frame-000710.color.png -0.5056599974632263 -0.9295081496238708 0.7950477600097656 0.6621659398078918 -0.07621295005083084 0.7194204330444336 0.1953512281179428
office/seq-06/frame-000711.color.png -0.4821087419986725 -0.9266591668128967 0.7710475921630859 0.6735926270484924 -0.08075643330812454 0.7092915773391724 0.19145987927913666
office/seq-06/frame-000712.color.png -0.48480984568595886 -0.9324873685836792 0.7806315422058105 0.6813628673553467 -0.08343671262264252 0.7011584043502808 0.19276922941207886
office/seq-06/frame-000713.color.png -0.5100330114364624 -0.9223385453224182 0.7896593809127808 0.6708462238311768 -0.0774332731962204 0.7132163643836975 0.1878613382577896
office/seq-06/frame-000714.color.png -0.5144245624542236 -0.9271706938743591 0.8020666241645813 0.6727613210678101 -0.07696695625782013 0.7122605443000793 0.18480588495731354
office/seq-06/frame-000715.color.png -0.483755499124527 -0.9334556460380554 0.7800994515419006 0.6873680949211121 -0.07801968604326248 0.6984018087387085 0.18350228667259216
office/seq-06/frame-000716.color.png -0.5027673840522766 -0.9352608919143677 0.7905703186988831 0.6917850375175476 -0.08320362120866776 0.6931208372116089 0.1846456229686737
office/seq-06/frame-000717.color.png -0.5517423152923584 -0.9468286037445068 0.7793691158294678 0.6895211338996887 -0.0874149352312088 0.695908784866333 0.18063780665397644
office/seq-06/frame-000718.color.png -0.49465611577033997 -0.9343394041061401 0.784373939037323 0.6963436603546143 -0.09206008166074753 0.6875267028808594 0.1842210441827774
office/seq-06/frame-000719.color.png -0.4423244297504425 -0.928229033946991 0.7556142807006836 0.7046054005622864 -0.0949128121137619 0.6782100200653076 0.1858866810798645
office/seq-06/frame-000720.color.png -0.4856216609477997 -0.9509640336036682 0.7765164375305176 0.706153392791748 -0.10644710063934326 0.6758517026901245 0.1823207587003708
office/seq-06/frame-000721.color.png -0.4678462743759155 -0.985277533531189 0.7845597863197327 0.7015296220779419 -0.10055313259363174 0.6816353797912598 0.18198493123054504
office/seq-06/frame-000722.color.png -0.4420897662639618 -0.9584834575653076 0.7813369035720825 0.7000592350959778 -0.09977536648511887 0.6823157072067261 0.18549196422100067
office/seq-06/frame-000723.color.png -0.4541018307209015 -0.958341658115387 0.7828636765480042 0.6975889801979065 -0.1008438989520073 0.6854098439216614 0.1827937662601471
office/seq-06/frame-000724.color.png -0.43852999806404114 -0.9745493531227112 0.7695874571800232 0.7073150277137756 -0.10229254513978958 0.6753777861595154 0.18195247650146484
office/seq-06/frame-000725.color.png -0.4744318425655365 -0.9581845998764038 0.7809461355209351 0.7089841961860657 -0.11202389746904373 0.6705099940299988 0.1876387894153595
office/seq-06/frame-000726.color.png -0.4638949930667877 -0.9549712538719177 0.7962920069694519 0.7011617422103882 -0.10962284356355667 0.6763588190078735 0.19721508026123047
office/seq-06/frame-000727.color.png -0.4509690999984741 -0.9613663554191589 0.7879300713539124 0.7034361958503723 -0.10814327746629715 0.6737159490585327 0.19897091388702393
office/seq-06/frame-000728.color.png -0.4325186610221863 -0.9625579714775085 0.7961835265159607 0.7020671367645264 -0.09974280744791031 0.6781647801399231 0.1929914504289627
office/seq-06/frame-000729.color.png -0.43425503373146057 -0.9377083778381348 0.8000536561012268 0.704685628414154 -0.1019095927476883 0.6750249862670898 0.19332292675971985
office/seq-06/frame-000730.color.png -0.4301508069038391 -0.9434519410133362 0.7764285206794739 0.7041822671890259 -0.10193789005279541 0.6772653460502625 0.1872100830078125
office/seq-06/frame-000731.color.png -0.40685752034187317 -0.9231083989143372 0.7806305289268494 0.7032613754272461 -0.10185946524143219 0.677983820438385 0.1881115734577179
office/seq-06/frame-000732.color.png -0.3866720497608185 -0.9185308814048767 0.7702919840812683 0.7021846175193787 -0.09556247293949127 0.6793117523193359 0.1906307488679886
office/seq-06/frame-000733.color.png -0.37660595774650574 -0.9171022176742554 0.7526675462722778 0.7016956210136414 -0.0981873869895935 0.6807073354721069 0.18606457114219666
office/seq-06/frame-000734.color.png -0.4033198356628418 -0.9128665328025818 0.7614488005638123 0.6998439431190491 -0.09419570118188858 0.6837037801742554 0.1841055005788803
office/seq-06/frame-000735.color.png -0.4128970801830292 -0.898692786693573 0.7552782297134399 0.7023509740829468 -0.09172539412975311 0.6802027225494385 0.1887166053056717
office/seq-06/frame-000736.color.png -0.4265669286251068 -0.8958371877670288 0.7554721832275391 0.7022247910499573 -0.09277485311031342 0.6803712248802185 0.18806426227092743
office/seq-06/frame-000737.color.png -0.4236598014831543 -0.8937492370605469 0.7467569708824158 0.689852774143219 -0.10067605972290039 0.6904784440994263 0.19289147853851318
office/seq-06/frame-000738.color.png -0.40955230593681335 -0.8818442821502686 0.7256255745887756 0.6907399296760559 -0.10749669373035431 0.6873098015785217 0.1973017305135727
office/seq-06/frame-000739.color.png -0.39440128207206726 -0.886832594871521 0.7351815700531006 0.6952207088470459 -0.10701923072338104 0.6839966773986816 0.1932966113090515
office/seq-06/frame-000740.color.png -0.39414939284324646 -0.8849023580551147 0.7144357562065125 0.6956996917724609 -0.10891873389482498 0.6827710270881653 0.1948389858007431
office/seq-06/frame-000741.color.png -0.35933196544647217 -0.8976893424987793 0.705157458782196 0.6880358457565308 -0.11285881698131561 0.6899653673171997 0.1944669932126999
office/seq-06/frame-000742.color.png -0.3240865468978882 -0.9068359136581421 0.6938841938972473 0.697792112827301 -0.11754828691482544 0.67897629737854 0.195600688457489
office/seq-06/frame-000743.color.png -0.35644081234931946 -0.9117612242698669 0.6887120604515076 0.713132381439209 -0.12384980916976929 0.66189044713974 0.19494718313217163
office/seq-06/frame-000744.color.png -0.338934987783432 -0.9172341227531433 0.6672111749649048 0.7155921459197998 -0.12650884687900543 0.6573658585548401 0.1994830220937729
office/seq-06/frame-000745.color.png -0.30856484174728394 -0.9266597628593445 0.6563234329223633 0.7131017446517944 -0.13445550203323364 0.6585347056388855 0.19934801757335663
office/seq-06/frame-000746.color.png -0.32144173979759216 -0.9166053533554077 0.6741299033164978 0.7187060713768005 -0.12970729172229767 0.6538686752319336 0.19771987199783325
office/seq-06/frame-000747.color.png -0.279449462890625 -0.9038254022598267 0.670409083366394 0.7244449257850647 -0.1302899271249771 0.6485676765441895 0.1938144862651825
office/seq-06/frame-000748.color.png -0.2811294496059418 -0.9167797565460205 0.7145093083381653 0.7101196050643921 -0.13598257303237915 0.6615296602249146 0.19904117286205292
office/seq-06/frame-000749.color.png -0.2872695028781891 -0.9208164811134338 0.7005337476730347 0.709940493106842 -0.14337047934532166 0.6597048044204712 0.20054642856121063
office/seq-06/frame-000750.color.png -0.2843875586986542 -0.9238374829292297 0.681659996509552 0.7222678661346436 -0.14332892000675201 0.6474884748458862 0.1963278353214264
office/seq-06/frame-000751.color.png -0.22950232028961182 -0.9098016023635864 0.6429485082626343 0.7255504131317139 -0.13609659671783447 0.6471421718597412 0.19042398035526276
office/seq-06/frame-000752.color.png -0.267923504114151 -0.9127151370048523 0.6468129754066467 0.7365938425064087 -0.14103154838085175 0.6317058205604553 0.19618220627307892
office/seq-06/frame-000753.color.png -0.23153367638587952 -0.8979853391647339 0.6542791724205017 0.7255895733833313 -0.14622798562049866 0.6442554593086243 0.19254125654697418
office/seq-06/frame-000754.color.png -0.19813285768032074 -0.8953137993812561 0.677211582660675 0.7207675576210022 -0.14364896714687347 0.6509954333305359 0.1899055689573288
office/seq-06/frame-000755.color.png -0.18135377764701843 -0.8981382250785828 0.6616167426109314 0.7237352728843689 -0.14082278311252594 0.6475443243980408 0.1925162672996521
office/seq-06/frame-000756.color.png -0.14716921746730804 -0.8944708704948425 0.6529831886291504 0.7217260599136353 -0.14343787729740143 0.6495020389556885 0.1915314942598343
office/seq-06/frame-000757.color.png -0.1483341008424759 -0.9094244241714478 0.6682292222976685 0.7198185324668884 -0.14543379843235016 0.6498035192489624 0.19612669944763184
office/seq-06/frame-000758.color.png -0.14398273825645447 -0.9091353416442871 0.6671074032783508 0.7195640802383423 -0.15100383758544922 0.64854496717453 0.1970146745443344
office/seq-06/frame-000759.color.png -0.11730080842971802 -0.9255225658416748 0.6558897495269775 0.7193260788917542 -0.14821098744869232 0.6509770750999451 0.19191786646842957
office/seq-06/frame-000760.color.png -0.12137174606323242 -0.9116874933242798 0.6277528405189514 0.7197281718254089 -0.1486072838306427 0.6486533880233765 0.1978791207075119
office/seq-06/frame-000761.color.png -0.10048830509185791 -0.9257560968399048 0.6285813450813293 0.7143957614898682 -0.15211333334445953 0.654549241065979 0.19510383903980255
office/seq-06/frame-000762.color.png -0.0704735666513443 -0.9268293976783752 0.6050665974617004 0.7180580496788025 -0.153041273355484 0.6502119898796082 0.195436030626297
office/seq-06/frame-000763.color.png -0.06467348337173462 -0.9186807870864868 0.5842381119728088 0.7218270897865295 -0.1510905623435974 0.6481550335884094 0.18982182443141937
office/seq-06/frame-000764.color.png -0.07472985982894897 -0.926850438117981 0.5906803607940674 0.7274883985519409 -0.1581687480211258 0.6381746530532837 0.19615383446216583
office/seq-06/frame-000765.color.png -0.06655523180961609 -0.9203913807868958 0.5974096059799194 0.7302204966545105 -0.15759430825710297 0.6344805955886841 0.19843487441539764
office/seq-06/frame-000766.color.png -0.023729544132947922 -0.917777419090271 0.6041909456253052 0.7283013463020325 -0.16445297002792358 0.6377613544464111 0.1891898661851883
office/seq-06/frame-000767.color.png 0.005103752017021179 -0.9154692888259888 0.6133440136909485 0.7343772053718567 -0.15840581059455872 0.6336382627487183 0.18466313183307648
office/seq-06/frame-000768.color.png -0.0021301917731761932 -0.9253197312355042 0.6384813785552979 0.7318240404129028 -0.16457177698612213 0.6357207298278809 0.18223319947719574
office/seq-06/frame-000769.color.png 0.020657312124967575 -0.9267494082450867 0.6306934356689453 0.7356722950935364 -0.16806653141975403 0.6278777122497559 0.19055061042308807
office/seq-06/frame-000770.color.png 0.03932277858257294 -0.9256914258003235 0.6273226737976074 0.7368869781494141 -0.1652403622865677 0.6300497055053711 0.1809159368276596
office/seq-06/frame-000771.color.png 0.043157950043678284 -0.9362666606903076 0.653428316116333 0.7326377034187317 -0.16919167339801788 0.6319892406463623 0.18763168156147003
office/seq-06/frame-000772.color.png 0.04065064713358879 -0.9463137984275818 0.6628259420394897 0.7402884364128113 -0.16966581344604492 0.6247181296348572 0.18142125010490417
office/seq-06/frame-000773.color.png 0.05809534341096878 -0.9523488283157349 0.6761484742164612 0.7486183643341064 -0.17146848142147064 0.6147610545158386 0.17954887449741364
office/seq-06/frame-000774.color.png 0.07891175150871277 -0.958703339099884 0.6616734862327576 0.7522135972976685 -0.16769210994243622 0.6135234236717224 0.17217141389846802
office/seq-06/frame-000775.color.png 0.08638565242290497 -0.9537108540534973 0.6588693857192993 0.7700151801109314 -0.17697443068027496 0.5906790494918823 0.1638752967119217
office/seq-06/frame-000776.color.png 0.11865551769733429 -0.9587762951850891 0.6679968237876892 0.7724134922027588 -0.16639463603496552 0.590470016002655 0.16442406177520752
office/seq-06/frame-000777.color.png 0.14935758709907532 -0.964828610420227 0.6784592270851135 0.777131199836731 -0.16781248152256012 0.5853709578514099 0.15889234840869904
office/seq-06/frame-000778.color.png 0.14906615018844604 -0.9692347645759583 0.6623936295509338 0.7791022062301636 -0.16373194754123688 0.5871461629867554 0.1464613974094391
office/seq-06/frame-000779.color.png 0.1727716326713562 -0.974495530128479 0.6660760641098022 0.7922719120979309 -0.16113610565662384 0.5689774751663208 0.15034931898117065
office/seq-06/frame-000780.color.png 0.20387066900730133 -0.9776515364646912 0.6716440916061401 0.7938616871833801 -0.16576746106147766 0.5681641101837158 0.13962259888648987
office/seq-06/frame-000781.color.png 0.22975978255271912 -0.9947447776794434 0.6888129115104675 0.7953498363494873 -0.1672801822423935 0.5645314455032349 0.14401479065418243
office/seq-06/frame-000782.color.png 0.258604496717453 -0.9804378747940063 0.6684095859527588 0.8082128167152405 -0.15622688829898834 0.5523396134376526 0.13155262172222137
office/seq-06/frame-000783.color.png 0.28908082842826843 -0.9885694980621338 0.6641524434089661 0.8132926821708679 -0.15445877611637115 0.5484972596168518 0.11767882853746414
office/seq-06/frame-000784.color.png 0.2975519895553589 -0.9877277612686157 0.6695612072944641 0.8217136859893799 -0.15512706339359283 0.5356096625328064 0.11766321212053299
office/seq-06/frame-000785.color.png 0.3240852355957031 -0.9845935702323914 0.6611377596855164 0.8291119337081909 -0.153216153383255 0.5248046517372131 0.11695485562086105
office/seq-06/frame-000786.color.png 0.33546069264411926 -0.9864017963409424 0.6504737734794617 0.8293133974075317 -0.15487666428089142 0.5251232981681824 0.11179482936859131
office/seq-06/frame-000787.color.png 0.35594213008880615 -1.0057786703109741 0.6353989243507385 0.8425549864768982 -0.15453800559043884 0.504826545715332 0.10662614554166794
office/seq-06/frame-000788.color.png 0.3824869394302368 -0.9908539056777954 0.6765170693397522 0.848953902721405 -0.1520392894744873 0.49260473251342773 0.11619727313518524
office/seq-06/frame-000789.color.png 0.40596726536750793 -0.9905170202255249 0.6926813125610352 0.8590281009674072 -0.15429487824440002 0.4755571484565735 0.11004135012626648
office/seq-06/frame-000790.color.png 0.41459283232688904 -0.983042299747467 0.694794774055481 0.8537783622741699 -0.1591116338968277 0.48478347063064575 0.10359043627977371
office/seq-06/frame-000791.color.png 0.4302617907524109 -1.001959204673767 0.698272168636322 0.8620275259017944 -0.1592300534248352 0.4695517122745514 0.1052398532629013
office/seq-06/frame-000792.color.png 0.4458959400653839 -0.9939340353012085 0.7168437838554382 0.8799506425857544 -0.15068429708480835 0.43733537197113037 0.10825376212596893
office/seq-06/frame-000793.color.png 0.43970581889152527 -0.9946666955947876 0.7157453298568726 0.8774216175079346 -0.15818281471729279 0.4409688413143158 0.10322749614715576
office/seq-06/frame-000794.color.png 0.4636746942996979 -1.0002528429031372 0.7011183500289917 0.8718698620796204 -0.1613929569721222 0.44911906123161316 0.10994217544794083
office/seq-06/frame-000795.color.png 0.47646573185920715 -0.9892710447311401 0.7282683253288269 0.8737029433250427 -0.15940381586551666 0.44784849882125854 0.10327397286891937
office/seq-06/frame-000796.color.png 0.49567678570747375 -0.9912978410720825 0.7706990242004395 0.8863782286643982 -0.16198886930942535 0.4214276075363159 0.10242962837219238
office/seq-06/frame-000797.color.png 0.5063724517822266 -0.9987500905990601 0.779985785484314 0.8899100422859192 -0.1648302972316742 0.41203925013542175 0.10542640835046768
office/seq-06/frame-000798.color.png 0.5161755681037903 -1.0148833990097046 0.7786170840263367 0.8868299126625061 -0.1698686182498932 0.41740062832832336 0.10224508494138718
office/seq-06/frame-000799.color.png 0.5179644823074341 -1.025815486907959 0.7751103639602661 0.8928509950637817 -0.1662561446428299 0.4061906635761261 0.10092140734195709
office/seq-06/frame-000800.color.png 0.49516743421554565 -1.0347648859024048 0.7588777542114258 0.9028815031051636 -0.16563859581947327 0.383827269077301 0.10022714734077454
office/seq-06/frame-000801.color.png 0.5037664175033569 -1.0457170009613037 0.756510317325592 0.9094786047935486 -0.15996702015399933 0.36823219060897827 0.10800064355134964
office/seq-06/frame-000802.color.png 0.5028347969055176 -1.060502290725708 0.767669141292572 0.9176982641220093 -0.16393595933914185 0.34700077772140503 0.10269089043140411
office/seq-06/frame-000803.color.png 0.5260170102119446 -1.064817190170288 0.7646833658218384 0.9238139390945435 -0.164195254445076 0.3319963216781616 0.09688127040863037
office/seq-06/frame-000804.color.png 0.5215205550193787 -1.096893310546875 0.7811354994773865 0.9302765130996704 -0.1645437628030777 0.3142903745174408 0.09344751387834549
office/seq-06/frame-000805.color.png 0.5414077043533325 -1.1064270734786987 0.815718948841095 0.930966854095459 -0.164478600025177 0.31335458159446716 0.08975819498300552
office/seq-06/frame-000806.color.png 0.5393701791763306 -1.1055504083633423 0.8298608660697937 0.9385402798652649 -0.1688636988401413 0.2865983545780182 0.09213393181562424
office/seq-06/frame-000807.color.png 0.5429739952087402 -1.1175768375396729 0.837795078754425 0.942109227180481 -0.17465223371982574 0.274416446685791 0.08137808740139008
office/seq-06/frame-000808.color.png 0.5714179873466492 -1.0789766311645508 0.8596850037574768 0.9482895731925964 -0.17769856750965118 0.25061073899269104 0.07977581769227982
office/seq-06/frame-000809.color.png 0.5771777629852295 -1.125432014465332 0.8378838300704956 0.9486167430877686 -0.17349831759929657 0.25196895003318787 0.08084651082754135
office/seq-06/frame-000810.color.png 0.5677752494812012 -1.129496455192566 0.8681824803352356 0.9541941285133362 -0.1764829009771347 0.2322947084903717 0.06638120859861374
office/seq-06/frame-000811.color.png 0.604907751083374 -1.1479092836380005 0.8528662919998169 0.9513211250305176 -0.1882515698671341 0.23530279099941254 0.0646691769361496
office/seq-06/frame-000812.color.png 0.6137480139732361 -1.148474931716919 0.8942196369171143 0.9522473216056824 -0.19047953188419342 0.23249666392803192 0.05373883619904518
office/seq-06/frame-000813.color.png 0.5989338755607605 -1.168373703956604 0.8727053999900818 0.9568315744400024 -0.18929658830165863 0.21323421597480774 0.05631369724869728
office/seq-06/frame-000814.color.png 0.6157103180885315 -1.1958564519882202 0.9547367691993713 0.9598562121391296 -0.18230542540550232 0.20685338973999023 0.05150218307971954
office/seq-06/frame-000815.color.png 0.6030707359313965 -1.1980972290039062 0.9314789175987244 0.9607331156730652 -0.18550565838813782 0.20067326724529266 0.04805948957800865
office/seq-06/frame-000816.color.png 0.6025421619415283 -1.1883257627487183 0.9472227692604065 0.9621756672859192 -0.18613898754119873 0.19512449204921722 0.038688141852617264
office/seq-06/frame-000817.color.png 0.622760534286499 -1.1723655462265015 0.946045994758606 0.9673282504081726 -0.17645640671253204 0.17625436186790466 0.0455368310213089
office/seq-06/frame-000818.color.png 0.5995785593986511 -1.176307201385498 0.9683876633644104 0.9694587588310242 -0.1811429113149643 0.16018341481685638 0.04096798226237297
office/seq-06/frame-000819.color.png 0.6426664590835571 -1.1763964891433716 0.9443525075912476 0.9689667820930481 -0.17707495391368866 0.16877247393131256 0.03554767370223999
office/seq-06/frame-000820.color.png 0.6166539788246155 -1.1854482889175415 0.9912498593330383 0.9692176580429077 -0.18253876268863678 0.1617193967103958 0.03381481394171715
office/seq-06/frame-000821.color.png 0.6319825649261475 -1.2195450067520142 1.0106216669082642 0.9705400466918945 -0.1768452674150467 0.16108912229537964 0.02877586893737316
office/seq-06/frame-000822.color.png 0.6513439416885376 -1.1926639080047607 1.101424217224121 0.9706893563270569 -0.17256425321102142 0.1654522716999054 0.024683121591806412
office/seq-06/frame-000823.color.png 0.7002244591712952 -1.1793878078460693 1.109982967376709 0.9729512333869934 -0.17414987087249756 0.14978037774562836 0.024568753316998482
office/seq-06/frame-000824.color.png 0.7055902481079102 -1.2037831544876099 1.0786148309707642 0.9780478477478027 -0.16528192162513733 0.12447550147771835 0.024695878848433495
office/seq-06/frame-000825.color.png 0.7819007039070129 -1.1885805130004883 1.1757824420928955 0.981966495513916 -0.15440548956394196 0.10705627501010895 0.020968664437532425
office/seq-06/frame-000826.color.png 0.8003390431404114 -1.161658525466919 1.1717839241027832 0.9830499887466431 -0.15713860094547272 0.09167204052209854 0.02272387035191059
office/seq-06/frame-000827.color.png 0.8074756264686584 -1.10901939868927 1.1380754709243774 0.985257625579834 -0.15379022061824799 0.07107988744974136 0.023742763325572014
office/seq-06/frame-000828.color.png 0.8449232578277588 -1.1162108182907104 1.1356884241104126 0.9864290952682495 -0.1518465280532837 0.05982038751244545 0.017940348014235497
office/seq-06/frame-000829.color.png 0.867560863494873 -1.0815037488937378 1.1704018115997314 0.9886061549186707 -0.13777217268943787 0.06012732535600662 0.007835553027689457
office/seq-06/frame-000830.color.png 0.9096952676773071 -1.0839147567749023 1.2225590944290161 0.9881501793861389 -0.14231397211551666 0.05727750062942505 0.005030620377510786
office/seq-06/frame-000831.color.png 0.9522826075553894 -1.0761232376098633 1.305641770362854 0.9911603927612305 -0.12499231100082397 0.044335801154375076 0.0035083494149148464
office/seq-06/frame-000832.color.png 0.927931547164917 -1.0612030029296875 1.2935762405395508 0.9907440543174744 -0.13234980404376984 0.030039075762033463 -0.0027306603733450174
office/seq-06/frame-000833.color.png 0.9675580859184265 -1.0431098937988281 1.375109314918518 0.9904948472976685 -0.13619443774223328 0.016833342611789703 -0.009358944371342659
office/seq-06/frame-000834.color.png 0.9874753952026367 -1.051378607749939 1.4110969305038452 0.9894832968711853 -0.1434582769870758 0.008321867324411869 -0.01653320901095867
office/seq-06/frame-000835.color.png 0.9827156662940979 -1.0514893531799316 1.371507167816162 0.9887362122535706 -0.1464134007692337 0.009972779080271721 -0.02940012514591217
office/seq-06/frame-000836.color.png 0.9803320169448853 -1.073222279548645 1.3942300081253052 0.9883961081504822 -0.14753928780555725 -0.0012751738540828228 -0.03610566630959511
office/seq-06/frame-000837.color.png 0.9970607757568359 -1.0988646745681763 1.4419552087783813 0.9861694574356079 -0.15844206511974335 -0.018640654161572456 -0.04492854326963425
office/seq-06/frame-000838.color.png 1.0028172731399536 -1.0773372650146484 1.40169095993042 0.9835023880004883 -0.17015355825424194 -0.031965263187885284 -0.05243200808763504
office/seq-06/frame-000839.color.png 1.0028172731399536 -1.0773372650146484 1.40169095993042 0.9835023880004883 -0.17015355825424194 -0.031965263187885284 -0.05243200808763504
office/seq-06/frame-000840.color.png 0.9709256291389465 -1.085435390472412 1.420976161956787 0.9834821224212646 -0.16746237874031067 -0.03159895911812782 -0.06099829822778702
office/seq-06/frame-000841.color.png 0.9515324234962463 -1.0872762203216553 1.3898212909698486 0.9818561673164368 -0.1765359342098236 -0.037460003048181534 -0.05822710320353508
office/seq-06/frame-000842.color.png 0.9515324234962463 -1.0872762203216553 1.3898212909698486 0.9818561673164368 -0.1765359342098236 -0.037460003048181534 -0.05822710320353508
office/seq-06/frame-000843.color.png 0.9437145590782166 -1.0925288200378418 1.404510736465454 0.9783571362495422 -0.18634235858917236 -0.06223098561167717 -0.06497055292129517
office/seq-06/frame-000844.color.png 0.935053288936615 -1.0818943977355957 1.4123220443725586 0.978448212146759 -0.1814129501581192 -0.06783823668956757 -0.07159840315580368
office/seq-06/frame-000845.color.png 0.935053288936615 -1.0818943977355957 1.4123220443725586 0.978448212146759 -0.1814129501581192 -0.06783823668956757 -0.07159840315580368
office/seq-06/frame-000846.color.png 0.927393913269043 -1.1048065423965454 1.4145989418029785 0.9759424328804016 -0.18663980066776276 -0.08437395840883255 -0.07471876591444016
office/seq-06/frame-000847.color.png 0.9314207434654236 -1.1109178066253662 1.4005324840545654 0.9748086929321289 -0.19213691353797913 -0.09027048945426941 -0.06842952221632004
office/seq-06/frame-000848.color.png 0.9257559776306152 -1.115032434463501 1.4240188598632812 0.9705748558044434 -0.20811699330806732 -0.0934220552444458 -0.07709735631942749
office/seq-06/frame-000849.color.png 0.9257559776306152 -1.115032434463501 1.4240188598632812 0.9705748558044434 -0.20811699330806732 -0.0934220552444458 -0.07709735631942749
office/seq-06/frame-000850.color.png 0.9166845679283142 -1.1165624856948853 1.4259006977081299 0.968246579170227 -0.20777040719985962 -0.1101270467042923 -0.08486521989107132
office/seq-06/frame-000851.color.png 0.9166845679283142 -1.1165624856948853 1.4259006977081299 0.968246579170227 -0.20777040719985962 -0.1101270467042923 -0.08486521989107132
office/seq-06/frame-000852.color.png 0.9180758595466614 -1.115574836730957 1.4127278327941895 0.9681416153907776 -0.20224139094352722 -0.11994578689336777 -0.08610167354345322
office/seq-06/frame-000853.color.png 0.9165182113647461 -1.1174733638763428 1.4090319871902466 0.9648033976554871 -0.20916782319545746 -0.13056983053684235 -0.09140440821647644
office/seq-06/frame-000854.color.png 0.9180900454521179 -1.1399320363998413 1.428136944770813 0.9651964902877808 -0.20735512673854828 -0.12818360328674316 -0.09470234811306
office/seq-06/frame-000855.color.png 0.9180900454521179 -1.1399320363998413 1.428136944770813 0.9651964902877808 -0.20735512673854828 -0.12818360328674316 -0.09470234811306
office/seq-06/frame-000856.color.png 0.8944311738014221 -1.1372714042663574 1.4207308292388916 0.959815263748169 -0.21238723397254944 -0.15558688342571259 -0.09715528786182404
office/seq-06/frame-000857.color.png 0.8947264552116394 -1.1337010860443115 1.4294648170471191 0.9583198428153992 -0.212666854262352 -0.16385644674301147 -0.09770917147397995
office/seq-06/frame-000858.color.png 0.9189995527267456 -1.1152366399765015 1.4563120603561401 0.9554752111434937 -0.20959560573101044 -0.18199770152568817 -0.10006850212812424
office/seq-06/frame-000859.color.png 0.9189995527267456 -1.1152366399765015 1.4563120603561401 0.9554752111434937 -0.20959560573101044 -0.18199770152568817 -0.10006850212812424
office/seq-06/frame-000860.color.png 0.9076762795448303 -1.1151028871536255 1.4526423215866089 0.9550150036811829 -0.20582003891468048 -0.18719901144504547 -0.10266924649477005
office/seq-06/frame-000861.color.png 0.9145528078079224 -1.112115740776062 1.4784282445907593 0.9510225057601929 -0.20767641067504883 -0.2032400220632553 -0.10545234382152557
office/seq-06/frame-000862.color.png 0.9145528078079224 -1.112115740776062 1.4784282445907593 0.9510225057601929 -0.20767641067504883 -0.2032400220632553 -0.10545234382152557
office/seq-06/frame-000863.color.png 0.9264254570007324 -1.1014248132705688 1.458626627922058 0.9471569657325745 -0.21116147935390472 -0.2150147706270218 -0.10987819731235504
office/seq-06/frame-000864.color.png 0.9125580191612244 -1.1136630773544312 1.4582018852233887 0.943608283996582 -0.21297085285186768 -0.22745974361896515 -0.11184268444776535
office/seq-06/frame-000865.color.png 0.919102132320404 -1.1152065992355347 1.4640939235687256 0.9384474754333496 -0.21948744356632233 -0.24064111709594727 -0.11503652483224869
office/seq-06/frame-000866.color.png 0.919102132320404 -1.1152065992355347 1.4640939235687256 0.9384474754333496 -0.21948744356632233 -0.24064111709594727 -0.11503652483224869
office/seq-06/frame-000867.color.png 0.9105994701385498 -1.12871253490448 1.4548338651657104 0.937222957611084 -0.21411862969398499 -0.24876219034194946 -0.11782938241958618
office/seq-06/frame-000868.color.png 0.8770169019699097 -1.1346192359924316 1.436094880104065 0.9350732564926147 -0.21222898364067078 -0.25757044553756714 -0.11939231306314468
office/seq-06/frame-000869.color.png 0.8692887425422668 -1.1359277963638306 1.4273794889450073 0.9345013499259949 -0.2050454467535019 -0.2654660642147064 -0.11912696808576584
office/seq-06/frame-000870.color.png 0.8692887425422668 -1.1359277963638306 1.4273794889450073 0.9345013499259949 -0.2050454467535019 -0.2654660642147064 -0.11912696808576584
office/seq-06/frame-000871.color.png 0.9006862640380859 -1.1132700443267822 1.4586447477340698 0.9297744631767273 -0.21173988282680511 -0.27758750319480896 -0.11675074696540833
office/seq-06/frame-000872.color.png 0.8709930181503296 -1.1399422883987427 1.4441717863082886 0.9248894453048706 -0.21581996977329254 -0.28849005699157715 -0.12155072391033173
office/seq-06/frame-000873.color.png 0.8611305952072144 -1.1502898931503296 1.4459561109542847 0.9269170761108398 -0.21856993436813354 -0.2811082899570465 -0.1184484139084816
office/seq-06/frame-000874.color.png 0.8955483436584473 -1.1686460971832275 1.4667390584945679 0.9278936386108398 -0.20695988833904266 -0.2868690490722656 -0.11784464865922928
office/seq-06/frame-000875.color.png 0.8955483436584473 -1.1686460971832275 1.4667390584945679 0.9278936386108398 -0.20695988833904266 -0.2868690490722656 -0.11784464865922928
office/seq-06/frame-000876.color.png 0.885848343372345 -1.164271354675293 1.4710851907730103 0.9233702421188354 -0.20726057887077332 -0.2998463213443756 -0.12050934880971909
office/seq-06/frame-000877.color.png 0.850792407989502 -1.1767864227294922 1.4616777896881104 0.9218810796737671 -0.2112502008676529 -0.3016020953655243 -0.1206020638346672
office/seq-06/frame-000878.color.png 0.8378743529319763 -1.176213026046753 1.4438492059707642 0.9224119186401367 -0.20433767139911652 -0.30328479409217834 -0.12417958676815033
office/seq-06/frame-000879.color.png 0.8388833999633789 -1.1859523057937622 1.459433674812317 0.9208877682685852 -0.2034674882888794 -0.3090206980705261 -0.1227722242474556
office/seq-06/frame-000880.color.png 0.8388833999633789 -1.1859523057937622 1.459433674812317 0.9208877682685852 -0.2034674882888794 -0.3090206980705261 -0.1227722242474556
office/seq-06/frame-000881.color.png 0.8481791615486145 -1.1730608940124512 1.4859578609466553 0.9175158143043518 -0.20213645696640015 -0.32039180397987366 -0.12105580419301987
office/seq-06/frame-000882.color.png 0.8201960921287537 -1.1963090896606445 1.4707554578781128 0.9164589643478394 -0.20208075642585754 -0.321205198764801 -0.12686093151569366
office/seq-06/frame-000883.color.png 0.8064879179000854 -1.198143482208252 1.469302773475647 0.9146141409873962 -0.19974325597286224 -0.32715052366256714 -0.12867116928100586
office/seq-06/frame-000884.color.png 0.7966237664222717 -1.196038842201233 1.4636270999908447 0.9127479791641235 -0.1995309740304947 -0.33074986934661865 -0.13297757506370544
office/seq-06/frame-000885.color.png 0.7966237664222717 -1.196038842201233 1.4636270999908447 0.9127479791641235 -0.1995309740304947 -0.33074986934661865 -0.13297757506370544
office/seq-06/frame-000886.color.png 0.777081310749054 -1.1998517513275146 1.4413150548934937 0.9112004637718201 -0.1985967755317688 -0.3356824219226837 -0.1326284557580948
office/seq-06/frame-000887.color.png 0.7768115997314453 -1.2118388414382935 1.423078179359436 0.910438060760498 -0.19799429178237915 -0.3384692966938019 -0.13167929649353027
office/seq-06/frame-000888.color.png 0.7682351469993591 -1.2084616422653198 1.4381762742996216 0.9084108471870422 -0.2029372900724411 -0.3384321630001068 -0.13809430599212646
office/seq-06/frame-000889.color.png 0.7911211252212524 -1.1844074726104736 1.4433926343917847 0.9152095317840576 -0.19370205700397491 -0.32842835783958435 -0.1304067224264145
office/seq-06/frame-000890.color.png 0.7911211252212524 -1.1844074726104736 1.4433926343917847 0.9152095317840576 -0.19370205700397491 -0.32842835783958435 -0.1304067224264145
office/seq-06/frame-000891.color.png 0.7706740498542786 -1.200541615486145 1.4342046976089478 0.9188001155853271 -0.19059479236602783 -0.3216223418712616 -0.12664538621902466
office/seq-06/frame-000892.color.png 0.7666263580322266 -1.2147941589355469 1.4404808282852173 0.9041511416435242 -0.19829969108104706 -0.352214515209198 -0.13832058012485504
office/seq-06/frame-000893.color.png 0.7635757923126221 -1.2051116228103638 1.4345431327819824 0.9071417450904846 -0.1978801041841507 -0.34688472747802734 -0.13269609212875366
office/seq-06/frame-000894.color.png 0.7441708445549011 -1.2198368310928345 1.4508100748062134 0.9093320965766907 -0.19808387756347656 -0.33925747871398926 -0.13704882562160492
office/seq-06/frame-000895.color.png 0.7245012521743774 -1.2543272972106934 1.420833945274353 0.9095604419708252 -0.19097138941287994 -0.34323522448539734 -0.13571695983409882
office/seq-06/frame-000896.color.png 0.7245012521743774 -1.2543272972106934 1.420833945274353 0.9095604419708252 -0.19097138941287994 -0.34323522448539734 -0.13571695983409882
office/seq-06/frame-000897.color.png 0.7223429083824158 -1.2325713634490967 1.4230945110321045 0.9054515957832336 -0.19650298357009888 -0.3508274257183075 -0.1358812153339386
office/seq-06/frame-000898.color.png 0.7314801812171936 -1.2127474546432495 1.4614675045013428 0.906783938407898 -0.20064374804496765 -0.34718018770217896 -0.1301952451467514
office/seq-06/frame-000899.color.png 0.7265974283218384 -1.227378010749817 1.4446609020233154 0.9015300869941711 -0.20086121559143066 -0.35696396231651306 -0.13955268263816833
office/seq-06/frame-000900.color.png 0.7321409583091736 -1.2425357103347778 1.4350731372833252 0.9049126505851746 -0.19403156638145447 -0.35305023193359375 -0.13726037740707397
office/seq-06/frame-000901.color.png 0.7308098673820496 -1.2361892461776733 1.4566959142684937 0.905333936214447 -0.1799853891134262 -0.36112284660339355 -0.13253740966320038
office/seq-06/frame-000902.color.png 0.7076561450958252 -1.2277543544769287 1.4476479291915894 0.9036284685134888 -0.1925792247056961 -0.35865601897239685 -0.1331717073917389
office/seq-06/frame-000903.color.png 0.7076561450958252 -1.2277543544769287 1.4476479291915894 0.9036284685134888 -0.1925792247056961 -0.35865601897239685 -0.1331717073917389
office/seq-06/frame-000904.color.png 0.6938624382019043 -1.2570381164550781 1.4488749504089355 0.9022161960601807 -0.1931227296590805 -0.3610430359840393 -0.13549058139324188
office/seq-06/frame-000905.color.png 0.6738128662109375 -1.2657926082611084 1.4791899919509888 0.9082667231559753 -0.19168582558631897 -0.3468818962574005 -0.13409297168254852
office/seq-06/frame-000906.color.png 0.66831374168396 -1.259809970855713 1.4816862344741821 0.9061983227729797 -0.18453197181224823 -0.35663947463035583 -0.13251754641532898
office/seq-06/frame-000907.color.png 0.6413925886154175 -1.2546476125717163 1.4859564304351807 0.9052340984344482 -0.18857666850090027 -0.3573209345340729 -0.13157403469085693
office/seq-06/frame-000908.color.png 0.6368663311004639 -1.2730588912963867 1.4651597738265991 0.9100262522697449 -0.19179941713809967 -0.34588000178337097 -0.1242261677980423
office/seq-06/frame-000909.color.png 0.6175191402435303 -1.2732038497924805 1.4518629312515259 0.9148737788200378 -0.19137440621852875 -0.33419591188430786 -0.12122200429439545
office/seq-06/frame-000910.color.png 0.6075164079666138 -1.2741235494613647 1.4323220252990723 0.9137979745864868 -0.18836483359336853 -0.3388545513153076 -0.12111775577068329
office/seq-06/frame-000911.color.png 0.5974383354187012 -1.272348165512085 1.4462409019470215 0.915497899055481 -0.18899580836296082 -0.33452314138412476 -0.11932533979415894
office/seq-06/frame-000912.color.png 0.5978435277938843 -1.2627979516983032 1.4516682624816895 0.9218704700469971 -0.18604764342308044 -0.31894761323928833 -0.11753194779157639
office/seq-06/frame-000913.color.png 0.5987452864646912 -1.2383273839950562 1.452600121498108 0.9178627729415894 -0.18993565440177917 -0.3282995820045471 -0.11692692339420319
office/seq-06/frame-000914.color.png 0.5835158824920654 -1.2361390590667725 1.4184410572052002 0.9184732437133789 -0.18165373802185059 -0.3322474956512451 -0.11410795897245407
office/seq-06/frame-000915.color.png 0.5969153046607971 -1.2207962274551392 1.4043039083480835 0.9225436449050903 -0.17840412259101868 -0.32403403520584106 -0.10994105041027069
office/seq-06/frame-000916.color.png 0.5522066950798035 -1.2286745309829712 1.3877278566360474 0.9202780723571777 -0.18928208947181702 -0.32305908203125 -0.1135496273636818
office/seq-06/frame-000917.color.png 0.5461968779563904 -1.2530336380004883 1.3685612678527832 0.917018473148346 -0.19223211705684662 -0.33060330152511597 -0.11324900388717651
office/seq-06/frame-000918.color.png 0.5511505007743835 -1.2506779432296753 1.3884661197662354 0.9206846356391907 -0.18403226137161255 -0.32441312074661255 -0.11501402407884598
office/seq-06/frame-000919.color.png 0.5511505007743835 -1.2506779432296753 1.3884661197662354 0.9206846356391907 -0.18403226137161255 -0.32441312074661255 -0.11501402407884598
office/seq-06/frame-000920.color.png 0.5682280659675598 -1.2319821119308472 1.422922968864441 0.9238146543502808 -0.18390171229839325 -0.3152598738670349 -0.11557535827159882
office/seq-06/frame-000921.color.png 0.5470311045646667 -1.2348707914352417 1.4062895774841309 0.9219171404838562 -0.19495889544487 -0.31474077701568604 -0.1140090599656105
office/seq-06/frame-000922.color.png 0.5366500020027161 -1.2333019971847534 1.3942710161209106 0.9177083373069763 -0.190782830119133 -0.32769137620925903 -0.11845440417528152
office/seq-06/frame-000923.color.png 0.4939389228820801 -1.2420190572738647 1.3715251684188843 0.9171623587608337 -0.19192397594451904 -0.3276665210723877 -0.12088462710380554
office/seq-06/frame-000924.color.png 0.4492841958999634 -1.2427036762237549 1.3661092519760132 0.9172532558441162 -0.19764824211597443 -0.3252977132797241 -0.11731657385826111
office/seq-06/frame-000925.color.png 0.5118263363838196 -1.232609510421753 1.419445514678955 0.9165031909942627 -0.1973821520805359 -0.3262993395328522 -0.12079265713691711
office/seq-06/frame-000926.color.png 0.49023914337158203 -1.2277668714523315 1.4248347282409668 0.9163678288459778 -0.2040005773305893 -0.32275593280792236 -0.1203434020280838
office/seq-06/frame-000927.color.png 0.46336424350738525 -1.2379915714263916 1.4121735095977783 0.9163766503334045 -0.20269161462783813 -0.32418933510780334 -0.1186222955584526
office/seq-06/frame-000928.color.png 0.3919813930988312 -1.2259008884429932 1.3716384172439575 0.9176703691482544 -0.19774222373962402 -0.3253563344478607 -0.11367600411176682
office/seq-06/frame-000929.color.png 0.36839744448661804 -1.2207285165786743 1.3635382652282715 0.919187068939209 -0.19116394221782684 -0.32678738236427307 -0.10844987630844116
office/seq-06/frame-000930.color.png 0.34000611305236816 -1.2009862661361694 1.3589138984680176 0.923815131187439 -0.18961326777935028 -0.3162321150302887 -0.10300268977880478
office/seq-06/frame-000931.color.png 0.3274402618408203 -1.207370400428772 1.366563081741333 0.9240182638168335 -0.19235344231128693 -0.3145855665206909 -0.10112461447715759
office/seq-06/frame-000932.color.png 0.24126553535461426 -1.200433373451233 1.347021222114563 0.9236960411071777 -0.19527234137058258 -0.3141079246997833 -0.0999523177742958
office/seq-06/frame-000933.color.png 0.23944935202598572 -1.1970868110656738 1.3366845846176147 0.9240038990974426 -0.19667886197566986 -0.31122463941574097 -0.10331210494041443
office/seq-06/frame-000934.color.png 0.23944935202598572 -1.1970868110656738 1.3366845846176147 0.9240038990974426 -0.19667886197566986 -0.31122463941574097 -0.10331210494041443
office/seq-06/frame-000935.color.png 0.23560264706611633 -1.197763204574585 1.340863823890686 0.9248487949371338 -0.20410287380218506 -0.3048902750015259 -0.10019388049840927
office/seq-06/frame-000936.color.png 0.18360187113285065 -1.1954758167266846 1.3430570363998413 0.92536461353302 -0.19962988793849945 -0.3083372414112091 -0.09368190169334412
office/seq-06/frame-000937.color.png 0.13193722069263458 -1.180467963218689 1.3396345376968384 0.9273366332054138 -0.20216871798038483 -0.29947713017463684 -0.09740716964006424
office/seq-06/frame-000938.color.png 0.10866528749465942 -1.1749534606933594 1.3345277309417725 0.927935779094696 -0.18935710191726685 -0.30822688341140747 -0.0898638516664505
office/seq-06/frame-000939.color.png 0.08513487875461578 -1.1841717958450317 1.3262667655944824 0.9294780492782593 -0.2011566013097763 -0.2965022027492523 -0.08771014213562012
office/seq-06/frame-000940.color.png 0.005072541534900665 -1.1808222532272339 1.3460246324539185 0.9274343848228455 -0.20547498762607574 -0.29978716373443604 -0.08816604316234589
office/seq-06/frame-000941.color.png -0.0010939687490463257 -1.191099762916565 1.319532871246338 0.9325530529022217 -0.1947949081659317 -0.29154911637306213 -0.08601604402065277
office/seq-06/frame-000942.color.png 0.03705376386642456 -1.174401044845581 1.3088220357894897 0.9370888471603394 -0.1885938048362732 -0.2840364873409271 -0.07496722787618637
office/seq-06/frame-000943.color.png -0.019428495317697525 -1.1854101419448853 1.3120808601379395 0.9404114484786987 -0.20272377133369446 -0.26291534304618835 -0.07351779192686081
office/seq-06/frame-000944.color.png -0.019428495317697525 -1.1854101419448853 1.3120808601379395 0.9404114484786987 -0.20272377133369446 -0.26291534304618835 -0.07351779192686081
office/seq-06/frame-000945.color.png -0.05109306797385216 -1.1665095090866089 1.2960050106048584 0.9384066462516785 -0.193683922290802 -0.27747416496276855 -0.06991162896156311
office/seq-06/frame-000946.color.png -0.08331930637359619 -1.1957203149795532 1.3157718181610107 0.9375256896018982 -0.19665773212909698 -0.27730149030685425 -0.0739954486489296
office/seq-06/frame-000947.color.png -0.0756484866142273 -1.19782555103302 1.3048263788223267 0.9378662109375 -0.20145973563194275 -0.272516131401062 -0.07453931868076324
office/seq-06/frame-000948.color.png -0.08056740462779999 -1.1754590272903442 1.3071224689483643 0.9439403414726257 -0.1923939734697342 -0.2607537806034088 -0.06299605965614319
office/seq-06/frame-000949.color.png -0.08255495131015778 -1.1818268299102783 1.3186547756195068 0.9442078471183777 -0.18556024134159088 -0.2648145258426666 -0.06254861503839493
office/seq-06/frame-000950.color.png -0.11098125576972961 -1.1800087690353394 1.3454116582870483 0.9451626539230347 -0.18594515323638916 -0.26100796461105347 -0.0629839301109314
office/seq-06/frame-000951.color.png -0.1311783492565155 -1.1839944124221802 1.3238208293914795 0.9439478516578674 -0.1927180141210556 -0.26095959544181824 -0.06100887060165405
office/seq-06/frame-000952.color.png -0.15860185027122498 -1.1768497228622437 1.3418152332305908 0.9452226161956787 -0.1947876363992691 -0.253589004278183 -0.06560936570167542
office/seq-06/frame-000953.color.png -0.15860185027122498 -1.1768497228622437 1.3418152332305908 0.9452226161956787 -0.1947876363992691 -0.253589004278183 -0.06560936570167542
office/seq-06/frame-000954.color.png -0.18183940649032593 -1.183135986328125 1.3489471673965454 0.9463661909103394 -0.18689732253551483 -0.2541162669658661 -0.06989476084709167
office/seq-06/frame-000955.color.png -0.17406417429447174 -1.1867846250534058 1.3468784093856812 0.9497544169425964 -0.18413424491882324 -0.24417026340961456 -0.06664735078811646
office/seq-06/frame-000956.color.png -0.16997602581977844 -1.185340166091919 1.3085875511169434 0.9508906602859497 -0.17773057520389557 -0.24472028017044067 -0.06580854952335358
office/seq-06/frame-000957.color.png -0.15937687456607819 -1.1746628284454346 1.3032631874084473 0.9495236873626709 -0.18200312554836273 -0.2457476407289505 -0.06991204619407654
office/seq-06/frame-000958.color.png -0.20365139842033386 -1.1583811044692993 1.3061115741729736 0.94976806640625 -0.1830807328224182 -0.2440444976091385 -0.06974373012781143
office/seq-06/frame-000959.color.png -0.20365139842033386 -1.1583811044692993 1.3061115741729736 0.94976806640625 -0.1830807328224182 -0.2440444976091385 -0.06974373012781143
office/seq-06/frame-000960.color.png -0.17578157782554626 -1.1794325113296509 1.301389217376709 0.9504631161689758 -0.1836770921945572 -0.2405838817358017 -0.0707249566912651
office/seq-06/frame-000961.color.png -0.19012978672981262 -1.1586194038391113 1.2952215671539307 0.9512405395507812 -0.18192967772483826 -0.23827719688415527 -0.0725744292140007
office/seq-06/frame-000962.color.png -0.1975046694278717 -1.1454964876174927 1.3213025331497192 0.9541057348251343 -0.1753438115119934 -0.23285475373268127 -0.06867048889398575
office/seq-06/frame-000963.color.png -0.20843452215194702 -1.168278694152832 1.3157373666763306 0.953031063079834 -0.17336556315422058 -0.23787391185760498 -0.07135982066392899
office/seq-06/frame-000964.color.png -0.15469571948051453 -1.2207446098327637 1.2755872011184692 0.9540406465530396 -0.17133574187755585 -0.23486949503421783 -0.07270942628383636
office/seq-06/frame-000965.color.png -0.15469571948051453 -1.2207446098327637 1.2755872011184692 0.9540406465530396 -0.17133574187755585 -0.23486949503421783 -0.07270942628383636
office/seq-06/frame-000966.color.png -0.1926950365304947 -1.2030805349349976 1.2971103191375732 0.9538065791130066 -0.17710833251476288 -0.23237760365009308 -0.06990235298871994
office/seq-06/frame-000967.color.png -0.2141164243221283 -1.1870445013046265 1.2732099294662476 0.9560497403144836 -0.17267438769340515 -0.22815504670143127 -0.06401310116052628
office/seq-06/frame-000968.color.png -0.20105290412902832 -1.1711981296539307 1.2517961263656616 0.9590471982955933 -0.17088282108306885 -0.21725581586360931 -0.06186628341674805
office/seq-06/frame-000969.color.png -0.21344973146915436 -1.1671465635299683 1.2223412990570068 0.9587637782096863 -0.16599425673484802 -0.22277234494686127 -0.059921979904174805
office/seq-06/frame-000970.color.png -0.20925459265708923 -1.1812148094177246 1.1759730577468872 0.9606515169143677 -0.17501360177993774 -0.20694027841091156 -0.0607830248773098
office/seq-06/frame-000971.color.png -0.20925459265708923 -1.1812148094177246 1.1759730577468872 0.9606515169143677 -0.17501360177993774 -0.20694027841091156 -0.0607830248773098
office/seq-06/frame-000972.color.png -0.21166646480560303 -1.202027678489685 1.1421061754226685 0.9603446125984192 -0.17341504991054535 -0.2105487436056137 -0.05774750933051109
office/seq-06/frame-000973.color.png -0.21577037870883942 -1.1804676055908203 1.1716837882995605 0.9619631171226501 -0.1765638142824173 -0.2019808441400528 -0.051535408943891525
office/seq-06/frame-000974.color.png -0.2135237455368042 -1.167915940284729 1.1363753080368042 0.9626473188400269 -0.179998517036438 -0.19573457539081573 -0.050977565348148346
office/seq-06/frame-000975.color.png -0.15936978161334991 -1.165561556816101 1.0852651596069336 0.9641826152801514 -0.1751164346933365 -0.19452032446861267 -0.042988620698451996
office/seq-06/frame-000976.color.png -0.15936978161334991 -1.165561556816101 1.0852651596069336 0.9641826152801514 -0.1751164346933365 -0.19452032446861267 -0.042988620698451996
office/seq-06/frame-000977.color.png -0.14099593460559845 -1.168152093887329 1.067149043083191 0.963647723197937 -0.17971326410770416 -0.19155944883823395 -0.048901066184043884
office/seq-06/frame-000978.color.png -0.12794016301631927 -1.1611058712005615 1.0528806447982788 0.9658344388008118 -0.16939260065555573 -0.19126182794570923 -0.04346294328570366
office/seq-06/frame-000979.color.png -0.15658323466777802 -1.1399762630462646 1.0406773090362549 0.9651663899421692 -0.1755603700876236 -0.18866880238056183 -0.04512862116098404
office/seq-06/frame-000980.color.png -0.15658323466777802 -1.1399762630462646 1.0406773090362549 0.9651663899421692 -0.1755603700876236 -0.18866880238056183 -0.04512862116098404
office/seq-06/frame-000981.color.png -0.1641526073217392 -1.1099035739898682 1.025174856185913 0.96639484167099 -0.18221841752529144 -0.17516902089118958 -0.04683159664273262
office/seq-06/frame-000982.color.png -0.17819292843341827 -1.084640622138977 1.016042947769165 0.9680620431900024 -0.173063263297081 -0.17497406899929047 -0.047841232270002365
office/seq-06/frame-000983.color.png -0.1562589704990387 -1.102310061454773 1.0098837614059448 0.9679739475250244 -0.17566710710525513 -0.1726248562335968 -0.04866469278931618
office/seq-06/frame-000984.color.png -0.1562589704990387 -1.102310061454773 1.0098837614059448 0.9679739475250244 -0.17566710710525513 -0.1726248562335968 -0.04866469278931618
office/seq-06/frame-000985.color.png -0.12956784665584564 -1.1050851345062256 0.9817006587982178 0.9693824052810669 -0.1700534224510193 -0.17020288109779358 -0.04909840598702431
office/seq-06/frame-000986.color.png -0.08674505352973938 -1.122968316078186 0.9720166325569153 0.9695178866386414 -0.17261594533920288 -0.16767747700214386 -0.046079229563474655
office/seq-06/frame-000987.color.png -0.11578777432441711 -1.131269931793213 0.9813872575759888 0.9689626097679138 -0.1755678653717041 -0.16701523959636688 -0.04892108589410782
office/seq-06/frame-000988.color.png -0.11578777432441711 -1.131269931793213 0.9813872575759888 0.9689626097679138 -0.1755678653717041 -0.16701523959636688 -0.04892108589410782
office/seq-06/frame-000989.color.png -0.10764926671981812 -1.1367249488830566 0.9718742370605469 0.9720925092697144 -0.1618971824645996 -0.1622438281774521 -0.05002356320619583
office/seq-06/frame-000990.color.png -0.08574551343917847 -1.1436998844146729 0.9525916576385498 0.9719192385673523 -0.1586512178182602 -0.1666647344827652 -0.049252815544605255
office/seq-06/frame-000991.color.png -0.07879580557346344 -1.14162015914917 0.9457135796546936 0.971972644329071 -0.16179326176643372 -0.16388647258281708 -0.04725918918848038
office/seq-06/frame-000992.color.png -0.07879580557346344 -1.14162015914917 0.9457135796546936 0.971972644329071 -0.16179326176643372 -0.16388647258281708 -0.04725918918848038
office/seq-06/frame-000993.color.png -0.047338034957647324 -1.130974292755127 0.9656475782394409 0.970653235912323 -0.1563677042722702 -0.1751241236925125 -0.052088502794504166
office/seq-06/frame-000994.color.png 0.03219540789723396 -1.1107386350631714 0.9571189880371094 0.9712868928909302 -0.16536688804626465 -0.1631985306739807 -0.0512036457657814
office/seq-06/frame-000995.color.png 0.0803878903388977 -1.1240912675857544 0.9595240950584412 0.9736810922622681 -0.15934936702251434 -0.15466268360614777 -0.05130656436085701
office/seq-06/frame-000996.color.png 0.0803878903388977 -1.1240912675857544 0.9595240950584412 0.9736810922622681 -0.15934936702251434 -0.15466268360614777 -0.05130656436085701
office/seq-06/frame-000997.color.png 0.07568058371543884 -1.101529598236084 0.9571966528892517 0.9731501340866089 -0.16541516780853271 -0.1525542140007019 -0.04841297119855881
office/seq-06/frame-000998.color.png 0.07754822820425034 -1.1137357950210571 0.9505016207695007 0.9732201099395752 -0.15953803062438965 -0.15884597599506378 -0.046458300203084946
office/seq-06/frame-000999.color.png 0.06091770902276039 -1.1261556148529053 0.9113677144050598 0.9740642309188843 -0.1574021875858307 -0.15634937584400177 -0.044479850679636
office/seq-07/frame-000000.color.png -1.024706482887268 -0.8441982269287109 0.6835750937461853 0.8970006704330444 -0.057267963886260986 0.4324035942554474 0.07167606800794601
office/seq-07/frame-000001.color.png -1.021630883216858 -0.849914014339447 0.6812540292739868 0.8997337818145752 -0.061993181705474854 0.42538338899612427 0.07539908587932587
office/seq-07/frame-000002.color.png -1.010886788368225 -0.8540229201316833 0.6895674467086792 0.8983368873596191 -0.06579527258872986 0.4277934730052948 0.07519533485174179
office/seq-07/frame-000003.color.png -1.0161110162734985 -0.8527168035507202 0.6916638612747192 0.9008216261863708 -0.05790768563747406 0.42403271794319153 0.07323537021875381
office/seq-07/frame-000004.color.png -1.016238808631897 -0.8508960008621216 0.6749851703643799 0.905945360660553 -0.06432640552520752 0.4115898907184601 0.0756237804889679
office/seq-07/frame-000005.color.png -1.0005511045455933 -0.8566007018089294 0.6781389713287354 0.8850386738777161 -0.06247030571103096 0.4548606276512146 0.07684817910194397
office/seq-07/frame-000006.color.png -0.9918864369392395 -0.8618754744529724 0.6764754056930542 0.8880490064620972 -0.06013321876525879 0.44858410954475403 0.08077974617481232
office/seq-07/frame-000007.color.png -0.9960234761238098 -0.8663164973258972 0.6763197779655457 0.8912686109542847 -0.05741428583860397 0.44251129031181335 0.08079348504543304
office/seq-07/frame-000008.color.png -0.9942856431007385 -0.8646287322044373 0.6823681592941284 0.8946409225463867 -0.06030193343758583 0.4353458881378174 0.08034532517194748
office/seq-07/frame-000009.color.png -0.9843583703041077 -0.8651502132415771 0.6904334425926208 0.8956639766693115 -0.0659865215420723 0.4321696162223816 0.08161645382642746
office/seq-07/frame-000010.color.png -0.9707067608833313 -0.8759349584579468 0.703701913356781 0.9017680883407593 -0.05286548286676407 0.4225047826766968 0.07422531396150589
office/seq-07/frame-000011.color.png -0.9906343817710876 -0.8749645352363586 0.6980356574058533 0.9074286818504333 -0.048497579991817474 0.41096338629722595 0.07300771027803421
office/seq-07/frame-000012.color.png -0.950112521648407 -0.8559008240699768 0.7038170695304871 0.9007905721664429 -0.061146460473537445 0.42257896065711975 0.0791488066315651
office/seq-07/frame-000013.color.png -0.968342661857605 -0.8938536047935486 0.7175067067146301 0.9015405178070068 -0.06889964640140533 0.42097628116607666 0.07250192761421204
office/seq-07/frame-000014.color.png -0.9446061253547668 -0.8949918150901794 0.7433781027793884 0.8831793665885925 -0.07194005697965622 0.45603975653648376 0.08274423331022263
office/seq-07/frame-000015.color.png -0.9520052671432495 -0.9060982465744019 0.7433074116706848 0.8822054266929626 -0.06858430802822113 0.45844149589538574 0.08271246403455734
office/seq-07/frame-000016.color.png -0.9288826584815979 -0.8905225992202759 0.7182769775390625 0.881984531879425 -0.07035402953624725 0.459341824054718 0.07847750931978226
office/seq-07/frame-000017.color.png -0.8864282369613647 -0.9028454422950745 0.7572079300880432 0.863991379737854 -0.0760406032204628 0.4900832772254944 0.08691942691802979
office/seq-07/frame-000018.color.png -0.9264430999755859 -0.90767502784729 0.7851422429084778 0.8673652410507202 -0.07494039088487625 0.4826407730579376 0.09549447894096375
office/seq-07/frame-000019.color.png -0.9130196571350098 -0.928352952003479 0.8067055344581604 0.8516321182250977 -0.07592786103487015 0.5099234580993652 0.09452901780605316
office/seq-07/frame-000020.color.png -0.8995860815048218 -0.8904008269309998 0.805611252784729 0.8419167995452881 -0.07502911984920502 0.5259472131729126 0.09447934478521347
office/seq-07/frame-000021.color.png -0.8663409352302551 -0.9025326371192932 0.8046244382858276 0.8403310179710388 -0.07392670959234238 0.5281262397766113 0.09727025032043457
office/seq-07/frame-000022.color.png -0.8794281482696533 -0.8992128968238831 0.7971643805503845 0.8401217460632324 -0.07242342084646225 0.5291062593460083 0.09485240280628204
office/seq-07/frame-000023.color.png -0.8349388837814331 -0.9156496524810791 0.8198994994163513 0.8381621241569519 -0.07930959761142731 0.5310103893280029 0.09603364765644073
office/seq-07/frame-000024.color.png -0.8155769109725952 -0.923122763633728 0.8137686252593994 0.8393421173095703 -0.08148650079965591 0.528627872467041 0.09704363346099854
office/seq-07/frame-000025.color.png -0.8126525282859802 -0.9303401708602905 0.8392493724822998 0.8402007818222046 -0.08516859263181686 0.5260112881660461 0.10060401260852814
office/seq-07/frame-000026.color.png -0.7949845194816589 -0.9464326500892639 0.8535645008087158 0.8352640867233276 -0.08342243731021881 0.534044086933136 0.10085427016019821
office/seq-07/frame-000027.color.png -0.772045373916626 -0.9387013912200928 0.8662275075912476 0.8386085033416748 -0.08334457129240036 0.5289642810821533 0.09993090480566025
office/seq-07/frame-000028.color.png -0.7489234805107117 -0.9463332891464233 0.8679611682891846 0.8370038866996765 -0.08120759576559067 0.5307279825210571 0.10563062131404877
office/seq-07/frame-000029.color.png -0.7176186442375183 -0.9768471121788025 0.8963998556137085 0.8349677920341492 -0.08193506300449371 0.5343053936958313 0.10311737656593323
office/seq-07/frame-000030.color.png -0.7017086148262024 -0.9726161956787109 0.9028714299201965 0.8367960453033447 -0.08589505404233932 0.5308372974395752 0.1029856726527214
office/seq-07/frame-000031.color.png -0.702309787273407 -0.9769439101219177 0.9179242253303528 0.8331721425056458 -0.090121328830719 0.536109983921051 0.10143204778432846
office/seq-07/frame-000032.color.png -0.6867365837097168 -0.980370819568634 0.9236032366752625 0.8391621112823486 -0.08867203444242477 0.5274564623832703 0.09866093099117279
office/seq-07/frame-000033.color.png -0.6247672438621521 -0.9536156058311462 0.9186221957206726 0.8427774310112 -0.09004579484462738 0.5218148231506348 0.09657715260982513
office/seq-07/frame-000034.color.png -0.640867292881012 -0.9458597302436829 0.9277412295341492 0.8513753414154053 -0.08767680823802948 0.5084549188613892 0.09458642452955246
office/seq-07/frame-000035.color.png -0.6300423741340637 -0.9560892581939697 0.9517166018486023 0.8507035970687866 -0.09366894513368607 0.5083222389221191 0.09559296816587448
office/seq-07/frame-000036.color.png -0.6114140152931213 -0.963866651058197 0.9595717787742615 0.8611394762992859 -0.09665965288877487 0.4901925027370453 0.09384534507989883
office/seq-07/frame-000037.color.png -0.5393890142440796 -0.9491052031517029 0.96851646900177 0.8634235262870789 -0.08857063204050064 0.4884280562400818 0.08996152132749557
office/seq-07/frame-000038.color.png -0.5318847894668579 -0.9319432377815247 0.9685078263282776 0.8554266095161438 -0.09168215841054916 0.5021517276763916 0.08765459805727005
office/seq-07/frame-000039.color.png -0.5257956981658936 -0.9479047656059265 0.9947440028190613 0.8604139685630798 -0.09270972013473511 0.4939406216144562 0.08435242623090744
office/seq-07/frame-000040.color.png -0.4450402557849884 -0.9592061042785645 0.9883163571357727 0.8693524599075317 -0.08427942544221878 0.4800156354904175 0.08190508186817169
office/seq-07/frame-000041.color.png -0.41931575536727905 -0.9740801453590393 0.9986112713813782 0.8702463507652283 -0.08372529596090317 0.4784640669822693 0.08205780386924744
office/seq-07/frame-000042.color.png -0.44918325543403625 -0.9984530210494995 0.9904201626777649 0.8653504252433777 -0.081930011510849 0.4878062307834625 0.08062907308340073
office/seq-07/frame-000043.color.png -0.4493494927883148 -0.9800174236297607 0.9698020219802856 0.8584887981414795 -0.08186545968055725 0.500307023525238 0.07738053053617477
office/seq-07/frame-000044.color.png -0.4172840714454651 -0.9854557514190674 0.9789184927940369 0.8628207445144653 -0.08673091977834702 0.4915027618408203 0.08026798069477081
office/seq-07/frame-000045.color.png -0.4047016501426697 -0.9854339361190796 0.9778259992599487 0.860397458076477 -0.08241871744394302 0.49516841769218445 0.08792980760335922
office/seq-07/frame-000046.color.png -0.38145899772644043 -0.9822186827659607 0.9645465612411499 0.8563137650489807 -0.08024802058935165 0.5028817057609558 0.08600477874279022
office/seq-07/frame-000047.color.png -0.37677231431007385 -0.973595917224884 0.9741677641868591 0.8525100946426392 -0.07804777473211288 0.509297251701355 0.08804027736186981
office/seq-07/frame-000048.color.png -0.313777893781662 -0.9620494842529297 0.9903739094734192 0.8548698425292969 -0.0665491372346878 0.5072698593139648 0.086290143430233
office/seq-07/frame-000049.color.png -0.3047429621219635 -0.951992392539978 0.9631187319755554 0.8462729454040527 -0.06732138991355896 0.5223678946495056 0.08013531565666199
office/seq-07/frame-000050.color.png -0.31678658723831177 -0.9634562730789185 0.9637526869773865 0.8547441363334656 -0.08056817203760147 0.503660261631012 0.09616542607545853
office/seq-07/frame-000051.color.png -0.24809935688972473 -0.9617060422897339 0.9825978875160217 0.8465309143066406 -0.07741072028875351 0.5180245041847229 0.0950985848903656
office/seq-07/frame-000052.color.png -0.2585837244987488 -0.9701743125915527 0.9884689450263977 0.8593487739562988 -0.07318265736103058 0.49789342284202576 0.09091781824827194
office/seq-07/frame-000053.color.png -0.1856359839439392 -0.9700738787651062 1.0011966228485107 0.8570231795310974 -0.08023639768362045 0.5010991096496582 0.08929158002138138
office/seq-07/frame-000054.color.png -0.14766842126846313 -0.9751303791999817 1.0158090591430664 0.8569279909133911 -0.0773390680551529 0.5011414289474487 0.09246716648340225
office/seq-07/frame-000055.color.png -0.17321203649044037 -0.9927281141281128 1.0351420640945435 0.8555265069007874 -0.07526335120201111 0.5040838718414307 0.09115476906299591
office/seq-07/frame-000056.color.png -0.17227402329444885 -0.9813108444213867 1.0272456407546997 0.8539028763771057 -0.07865920662879944 0.5074784755706787 0.08442829549312592
office/seq-07/frame-000057.color.png -0.0850447565317154 -0.9817093014717102 1.0826071500778198 0.8532561659812927 -0.07696790248155594 0.5078151226043701 0.0902962014079094
office/seq-07/frame-000058.color.png -0.06748272478580475 -0.994625449180603 1.0812618732452393 0.8547458052635193 -0.08012934774160385 0.5051395297050476 0.08844718337059021
office/seq-07/frame-000059.color.png -0.041155826300382614 -0.996758222579956 1.1025824546813965 0.8581461310386658 -0.07866962254047394 0.4998231828212738 0.08702375739812851
office/seq-07/frame-000060.color.png -0.03243785724043846 -1.0019460916519165 1.1027230024337769 0.8561825752258301 -0.07468997687101364 0.503687858581543 0.0875864326953888
office/seq-07/frame-000061.color.png -0.01631057634949684 -1.0223497152328491 1.096498727798462 0.8525339961051941 -0.07285372912883759 0.5095618963241577 0.09069046378135681
office/seq-07/frame-000062.color.png 0.0027914904057979584 -1.0248949527740479 1.0864696502685547 0.8503763675689697 -0.07363807410001755 0.5127828121185303 0.09214740246534348
office/seq-07/frame-000063.color.png 0.04059498757123947 -1.0250861644744873 1.108328104019165 0.8513562083244324 -0.07249666750431061 0.5107588768005371 0.09519653767347336
office/seq-07/frame-000064.color.png 0.06474343687295914 -1.0246429443359375 1.099668025970459 0.8547701835632324 -0.07447855919599533 0.5041620135307312 0.09819069504737854
office/seq-07/frame-000065.color.png 0.06637904047966003 -1.0285789966583252 1.1097438335418701 0.8544743657112122 -0.07896044105291367 0.5036028027534485 0.10011443495750427
office/seq-07/frame-000066.color.png 0.10215529799461365 -1.021167278289795 1.1171795129776 0.8555524945259094 -0.07451338320970535 0.5028124451637268 0.09827123582363129
office/seq-07/frame-000067.color.png 0.11970564723014832 -1.0094932317733765 1.1062231063842773 0.8578592538833618 -0.08146244287490845 0.4975110590457916 0.09961928427219391
office/seq-07/frame-000068.color.png 0.14466285705566406 -1.01140558719635 1.1463549137115479 0.8557067513465881 -0.0779174268245697 0.5017960667610168 0.09947711229324341
office/seq-07/frame-000069.color.png 0.13311953842639923 -1.0196330547332764 1.1467071771621704 0.8583999276161194 -0.07706853747367859 0.49804165959358215 0.0957314744591713
office/seq-07/frame-000070.color.png 0.1546785533428192 -1.0320247411727905 1.1435279846191406 0.8578326106071472 -0.08330919593572617 0.4976463317871094 0.09762609004974365
office/seq-07/frame-000071.color.png 0.1450270414352417 -1.0488804578781128 1.1398950815200806 0.8600636124610901 -0.08633867651224136 0.4938996434211731 0.09433683007955551
office/seq-07/frame-000072.color.png 0.1675088256597519 -1.0461002588272095 1.1657897233963013 0.8535415530204773 -0.09089699387550354 0.5037328004837036 0.0972510501742363
office/seq-07/frame-000073.color.png 0.1797286868095398 -1.0533709526062012 1.2019257545471191 0.8556504845619202 -0.08667434006929398 0.5016936659812927 0.09302239120006561
office/seq-07/frame-000074.color.png 0.1963748037815094 -1.0844032764434814 1.2022796869277954 0.8633815050125122 -0.08985068649053574 0.4880923330783844 0.09091249853372574
office/seq-07/frame-000075.color.png 0.18972943723201752 -1.0891731977462769 1.1844382286071777 0.8646976351737976 -0.08922883868217468 0.48621055483818054 0.08908075094223022
office/seq-07/frame-000076.color.png 0.20885199308395386 -1.0994336605072021 1.1832255125045776 0.8694488406181335 -0.0928226038813591 0.4769718647003174 0.08910888433456421
office/seq-07/frame-000077.color.png 0.21234628558158875 -1.142898440361023 1.2486249208450317 0.877886176109314 -0.08227099478244781 0.4647785723209381 0.0807972326874733
office/seq-07/frame-000078.color.png 0.20864924788475037 -1.1655679941177368 1.2192438840866089 0.8791240453720093 -0.08597152680158615 0.4613666534423828 0.08301032334566116
office/seq-07/frame-000079.color.png 0.21073123812675476 -1.1742901802062988 1.2089824676513672 0.877043604850769 -0.08748418092727661 0.4655192196369171 0.08020556718111038
office/seq-07/frame-000080.color.png 0.23743367195129395 -1.16642165184021 1.1871342658996582 0.8832270503044128 -0.08384457975625992 0.45482510328292847 0.07755047082901001
office/seq-07/frame-000081.color.png 0.24609187245368958 -1.176861047744751 1.1646337509155273 0.8820551633834839 -0.09465977549552917 0.4546961188316345 0.07918152213096619
office/seq-07/frame-000082.color.png 0.2497517466545105 -1.1805708408355713 1.184997797012329 0.8857822418212891 -0.08999485522508621 0.4486266076564789 0.0776204913854599
office/seq-07/frame-000083.color.png 0.23867544531822205 -1.1698247194290161 1.16950261592865 0.8885026574134827 -0.0876825675368309 0.4436399042606354 0.07783538103103638
office/seq-07/frame-000084.color.png 0.2526046633720398 -1.1807055473327637 1.156504511833191 0.8867515325546265 -0.08969344943761826 0.44701069593429565 0.07621142268180847
office/seq-07/frame-000085.color.png 0.2408151924610138 -1.1883087158203125 1.1387035846710205 0.8897204399108887 -0.09192098677158356 0.4407138228416443 0.07562653720378876
office/seq-07/frame-000086.color.png 0.2405146211385727 -1.1949750185012817 1.115416407585144 0.8903814554214478 -0.08954126387834549 0.4402020573616028 0.07365721464157104
office/seq-07/frame-000087.color.png 0.26205745339393616 -1.2063676118850708 1.092830777168274 0.9048850536346436 -0.0976799875497818 0.4084717333316803 0.06922777742147446
office/seq-07/frame-000088.color.png 0.2752760648727417 -1.2175798416137695 1.088093638420105 0.9077931046485901 -0.09793754667043686 0.4022288918495178 0.06731890141963959
office/seq-07/frame-000089.color.png 0.29290661215782166 -1.202272891998291 1.077913761138916 0.91007399559021 -0.10428699851036072 0.39552372694015503 0.06671341508626938
office/seq-07/frame-000090.color.png 0.2806883752346039 -1.2008849382400513 1.0637882947921753 0.9089035987854004 -0.10314502567052841 0.39741942286491394 0.0728914812207222
office/seq-07/frame-000091.color.png 0.303040474653244 -1.2127268314361572 1.0140212774276733 0.9075503349304199 -0.09468312561511993 0.4025684893131256 0.07298146188259125
office/seq-07/frame-000092.color.png 0.3106885850429535 -1.2108384370803833 1.003689169883728 0.9087035655975342 -0.09629127383232117 0.3995290994644165 0.07322769612073898
office/seq-07/frame-000093.color.png 0.3220760226249695 -1.236038088798523 1.0084675550460815 0.913979172706604 -0.09706459939479828 0.3872619867324829 0.07244826853275299
office/seq-07/frame-000094.color.png 0.33627206087112427 -1.2224299907684326 0.9656972885131836 0.917017936706543 -0.09571803361177444 0.38138237595558167 0.06680998206138611
office/seq-07/frame-000095.color.png 0.35305482149124146 -1.192753791809082 0.965408444404602 0.915563702583313 -0.10357975959777832 0.3815557062625885 0.07368531078100204
office/seq-07/frame-000096.color.png 0.3313349187374115 -1.1881723403930664 0.9442059993743896 0.9129300117492676 -0.09754730015993118 0.3892230689525604 0.07449187338352203
office/seq-07/frame-000097.color.png 0.34992069005966187 -1.1913094520568848 0.9296807050704956 0.9128345251083374 -0.09702406823635101 0.3892287015914917 0.07629143446683884
office/seq-07/frame-000098.color.png 0.35372182726860046 -1.177693486213684 0.9445323348045349 0.9126514196395874 -0.091481514275074 0.389808714389801 0.08214525133371353
office/seq-07/frame-000099.color.png 0.33733293414115906 -1.1898468732833862 0.9279201626777649 0.9115008115768433 -0.08647510409355164 0.3940672278404236 0.0799972265958786
office/seq-07/frame-000100.color.png 0.35734236240386963 -1.1886000633239746 0.8996749520301819 0.9100390076637268 -0.08099546283483505 0.39907148480415344 0.07752920687198639
office/seq-07/frame-000101.color.png 0.3730195164680481 -1.1835405826568604 0.9060441255569458 0.9070332050323486 -0.08116428554058075 0.40500888228416443 0.08167536556720734
office/seq-07/frame-000102.color.png 0.39503738284111023 -1.1804802417755127 0.8940054774284363 0.9069225788116455 -0.07908038794994354 0.404513418674469 0.08721484988927841
office/seq-07/frame-000103.color.png 0.3709942400455475 -1.1955243349075317 0.8881343603134155 0.9078670144081116 -0.07657330483198166 0.40384483337402344 0.08260375261306763
office/seq-07/frame-000104.color.png 0.375549852848053 -1.1991177797317505 0.8762406706809998 0.9058524370193481 -0.06599331647157669 0.41045019030570984 0.08128263056278229
office/seq-07/frame-000105.color.png 0.4051877558231354 -1.2053091526031494 0.8776471614837646 0.9082687497138977 -0.0659789890050888 0.4062075614929199 0.07543374598026276
office/seq-07/frame-000106.color.png 0.40608736872673035 -1.220977544784546 0.8620462417602539 0.9107428193092346 -0.07667066156864166 0.3987947702407837 0.07504600286483765
office/seq-07/frame-000107.color.png 0.4205184876918793 -1.2183682918548584 0.8600735068321228 0.9112884998321533 -0.07780147343873978 0.39718878269195557 0.0757707878947258
office/seq-07/frame-000108.color.png 0.4647735059261322 -1.2217000722885132 0.8636285066604614 0.9121226668357849 -0.07416002452373505 0.3964982032775879 0.07295148819684982
office/seq-07/frame-000109.color.png 0.4511969983577728 -1.2327672243118286 0.837690532207489 0.9221896529197693 -0.08161389082670212 0.369656503200531 0.07911722362041473
office/seq-07/frame-000110.color.png 0.4652140438556671 -1.238769769668579 0.8482813239097595 0.92271888256073 -0.07811788469552994 0.3704661428928375 0.0724029690027237
office/seq-07/frame-000111.color.png 0.4613596200942993 -1.2428293228149414 0.849528431892395 0.9216742515563965 -0.08097793161869049 0.37248873710632324 0.07218924909830093
office/seq-07/frame-000112.color.png 0.47116219997406006 -1.24513578414917 0.8206462264060974 0.9205660820007324 -0.08396551758050919 0.3741772472858429 0.07415597140789032
office/seq-07/frame-000113.color.png 0.4393070936203003 -1.2587931156158447 0.8439481258392334 0.9291196465492249 -0.07963000982999802 0.35417377948760986 0.07040241360664368
office/seq-07/frame-000114.color.png 0.45943760871887207 -1.248010277748108 0.8200716376304626 0.9318836331367493 -0.07867726683616638 0.3475312888622284 0.06800581514835358
office/seq-07/frame-000115.color.png 0.4910317659378052 -1.260945200920105 0.8074880242347717 0.9328212738037109 -0.07738975435495377 0.3447970151901245 0.07050184905529022
office/seq-07/frame-000116.color.png 0.49292871356010437 -1.2739094495773315 0.8301113247871399 0.9307258129119873 -0.07621733099222183 0.3505386710166931 0.07115573436021805
office/seq-07/frame-000117.color.png 0.4641937017440796 -1.2978721857070923 0.8686233162879944 0.9321280717849731 -0.06276638805866241 0.3505379855632782 0.06573190540075302
office/seq-07/frame-000118.color.png 0.4417283236980438 -1.3251872062683105 0.865596354007721 0.9313310384750366 -0.060633786022663116 0.3543802499771118 0.05797246843576431
office/seq-07/frame-000119.color.png 0.47137999534606934 -1.3311071395874023 0.8236929178237915 0.9403760433197021 -0.05305834859609604 0.3316114544868469 0.053957968950271606
office/seq-07/frame-000120.color.png 0.48447170853614807 -1.3129700422286987 0.7876247763633728 0.9379938244819641 -0.04908166080713272 0.3388286530971527 0.05434846132993698
office/seq-07/frame-000121.color.png 0.5092501044273376 -1.3073397874832153 0.7828865647315979 0.9433994889259338 -0.05000292509794235 0.32320454716682434 0.05509749799966812
office/seq-07/frame-000122.color.png 0.49624010920524597 -1.3067327737808228 0.7718495726585388 0.9432063698768616 -0.05563050135970116 0.32249772548675537 0.0571163184940815
office/seq-07/frame-000123.color.png 0.5097619891166687 -1.3099992275238037 0.7690725326538086 0.9455333948135376 -0.05816473439335823 0.31519684195518494 0.05687258392572403
office/seq-07/frame-000124.color.png 0.5318536758422852 -1.3334450721740723 0.7666869759559631 0.9489541053771973 -0.053687334060668945 0.3052952289581299 0.05829529091715813
office/seq-07/frame-000125.color.png 0.5468728542327881 -1.3064260482788086 0.7566072940826416 0.9525385499000549 -0.04468929022550583 0.297012597322464 0.049565792083740234
office/seq-07/frame-000126.color.png 0.5207837820053101 -1.3041352033615112 0.6970402598381042 0.9529423713684082 -0.04732775315642357 0.29468458890914917 0.05312187597155571
office/seq-07/frame-000127.color.png 0.5484461188316345 -1.2815731763839722 0.6738374829292297 0.9527055025100708 -0.03759336099028587 0.29694613814353943 0.0525522418320179
office/seq-07/frame-000128.color.png 0.5638729333877563 -1.2541955709457397 0.6533678770065308 0.9576801657676697 -0.04406169429421425 0.2787697911262512 0.056521859019994736
office/seq-07/frame-000129.color.png 0.5673469305038452 -1.2856258153915405 0.6294580698013306 0.9599636197090149 -0.03878876566886902 0.2716919779777527 0.056112486869096756
office/seq-07/frame-000130.color.png 0.5808783769607544 -1.2834726572036743 0.5960210561752319 0.9605785012245178 -0.037452664226293564 0.2698846757411957 0.05521455034613609
office/seq-07/frame-000131.color.png 0.5797739624977112 -1.2679319381713867 0.5940664410591125 0.9645716547966003 -0.04546879604458809 0.2547707259654999 0.05124542862176895
office/seq-07/frame-000132.color.png 0.6062862873077393 -1.2761896848678589 0.6237848401069641 0.9702246189117432 -0.057974860072135925 0.22873222827911377 0.054632965475320816
office/seq-07/frame-000133.color.png 0.6190101504325867 -1.2674230337142944 0.6066989302635193 0.9698119759559631 -0.05940455570816994 0.23107963800430298 0.05037878826260567
office/seq-07/frame-000134.color.png 0.6538293361663818 -1.268870234489441 0.5589627027511597 0.9745518565177917 -0.059388287365436554 0.21020711958408356 0.05034603178501129
office/seq-07/frame-000135.color.png 0.6908726692199707 -1.2269721031188965 0.5249013900756836 0.9776017665863037 -0.05461105331778526 0.19578109681606293 0.054608117789030075
office/seq-07/frame-000136.color.png 0.6691251397132874 -1.2537518739700317 0.5611363053321838 0.976905882358551 -0.04906096309423447 0.19962947070598602 0.058274999260902405
office/seq-07/frame-000137.color.png 0.6731601357460022 -1.2261338233947754 0.537345826625824 0.970690906047821 -0.02244248054921627 0.2349724918603897 0.04520387202501297
office/seq-07/frame-000138.color.png 0.7556543946266174 -1.215100646018982 0.4703792631626129 0.9773193597793579 -0.023308327421545982 0.20341932773590088 0.054076824337244034
office/seq-07/frame-000139.color.png 0.7626190781593323 -1.258782982826233 0.4692660868167877 0.9796240329742432 -0.05615583434700966 0.1801876723766327 0.06867137551307678
office/seq-07/frame-000140.color.png 0.7532716393470764 -1.2785753011703491 0.4864720106124878 0.980431079864502 -0.0547562800347805 0.1782376617193222 0.06315208226442337
office/seq-07/frame-000141.color.png 0.7675685286521912 -1.256778597831726 0.4629497528076172 0.981697142124176 -0.046963613480329514 0.17579689621925354 0.056220170110464096
office/seq-07/frame-000142.color.png 0.7596390843391418 -1.267271637916565 0.4475208520889282 0.9822404980659485 -0.05047468841075897 0.17211709916591644 0.055058714002370834
office/seq-07/frame-000143.color.png 0.7390861511230469 -1.2846474647521973 0.4752446413040161 0.9823676943778992 -0.05185116082429886 0.1713530272245407 0.05388250946998596
office/seq-07/frame-000144.color.png 0.7359058260917664 -1.276611089706421 0.4581979513168335 0.9810523986816406 -0.04929641634225845 0.178449347615242 0.05711224675178528
office/seq-07/frame-000145.color.png 0.7556555271148682 -1.2822672128677368 0.46731939911842346 0.9822520017623901 -0.04127607122063637 0.17448300123214722 0.055073052644729614
office/seq-07/frame-000146.color.png 0.7450056076049805 -1.286697506904602 0.49219024181365967 0.9837011694908142 -0.04065409302711487 0.1678636372089386 0.05001244693994522
office/seq-07/frame-000147.color.png 0.7405208349227905 -1.2848014831542969 0.47373315691947937 0.9828856587409973 -0.042663659900426865 0.17259640991687775 0.04822883754968643
office/seq-07/frame-000148.color.png 0.7697934508323669 -1.2648108005523682 0.44377583265304565 0.9856945872306824 -0.049675751477479935 0.15393903851509094 0.0473414845764637
office/seq-07/frame-000149.color.png 0.767887532711029 -1.2694780826568604 0.43395379185676575 0.9873443245887756 -0.05956224352121353 0.13961312174797058 0.04595132917165756
office/seq-07/frame-000150.color.png 0.7870807647705078 -1.2672734260559082 0.4114425778388977 0.986494779586792 -0.060513537377119064 0.14600016176700592 0.043014198541641235
office/seq-07/frame-000151.color.png 0.8163290619850159 -1.2611167430877686 0.40032556653022766 0.9875853061676025 -0.05385826528072357 0.13987648487091064 0.047004710882902145
office/seq-07/frame-000152.color.png 0.8231598734855652 -1.2469935417175293 0.38960665464401245 0.9884045720100403 -0.062211278825998306 0.12814004719257355 0.05259557440876961
office/seq-07/frame-000153.color.png 0.7768961787223816 -1.2838656902313232 0.4004950523376465 0.9883899092674255 -0.05259047821164131 0.134364515542984 0.04760255292057991
office/seq-07/frame-000154.color.png 0.8093298077583313 -1.2722681760787964 0.3924478590488434 0.988732635974884 -0.06176583841443062 0.12788258492946625 0.047318343073129654
office/seq-07/frame-000155.color.png 0.7860620021820068 -1.2890335321426392 0.413053423166275 0.9882912039756775 -0.0637262761592865 0.13211065530776978 0.04202619567513466
office/seq-07/frame-000156.color.png 0.8043017387390137 -1.2977207899093628 0.4099414050579071 0.9908040165901184 -0.06532701104879379 0.11120497435331345 0.040905728936195374
office/seq-07/frame-000157.color.png 0.804682195186615 -1.3038949966430664 0.46163472533226013 0.9894546866416931 -0.04816979914903641 0.12891168892383575 0.04517742618918419
office/seq-07/frame-000158.color.png 0.7436019778251648 -1.324541449546814 0.5177580714225769 0.9860416650772095 -0.03589411824941635 0.15821877121925354 0.03741765022277832
office/seq-07/frame-000159.color.png 0.7555544972419739 -1.296600341796875 0.4674689471721649 0.9902225136756897 -0.03938759118318558 0.12844033539295197 0.03756532445549965
office/seq-07/frame-000160.color.png 0.7606793642044067 -1.2833986282348633 0.4560997486114502 0.9904579520225525 -0.04147142544388771 0.12764662504196167 0.03130130469799042
office/seq-07/frame-000161.color.png 0.7643187642097473 -1.3059052228927612 0.4892907738685608 0.9869796633720398 -0.041491005569696426 0.15040013194084167 0.03910859301686287
office/seq-07/frame-000162.color.png 0.7181789875030518 -1.3383787870407104 0.5338143706321716 0.9913121461868286 -0.047135915607213974 0.11721448600292206 0.036596063524484634
office/seq-07/frame-000163.color.png 0.6666566133499146 -1.3835316896438599 0.6596310138702393 0.9921959042549133 -0.026071825996041298 0.11633171141147614 0.036533601582050323
office/seq-07/frame-000164.color.png 0.6564372777938843 -1.4002010822296143 0.7172041535377502 0.9924797415733337 -0.03534197434782982 0.11115338653326035 0.03714759275317192
office/seq-07/frame-000165.color.png 0.6200079321861267 -1.4487576484680176 0.868292510509491 0.9905351400375366 -0.023586725816130638 0.13038773834705353 0.03581526130437851
office/seq-07/frame-000166.color.png 0.5968122482299805 -1.4450064897537231 0.840846061706543 0.9880789518356323 -0.028810840100049973 0.1451365053653717 0.04248972237110138
office/seq-07/frame-000167.color.png 0.6094588041305542 -1.4224684238433838 0.7649469375610352 0.9919766187667847 -0.025974607095122337 0.11741649359464645 0.0390009805560112
office/seq-07/frame-000168.color.png 0.6094588041305542 -1.4224684238433838 0.7649469375610352 0.9919766187667847 -0.025974607095122337 0.11741649359464645 0.0390009805560112
office/seq-07/frame-000169.color.png 0.6094828248023987 -1.4128673076629639 0.7290341258049011 0.9883220195770264 -0.026822078973054886 0.1469799131155014 0.029950421303510666
office/seq-07/frame-000170.color.png 0.6074892282485962 -1.3908768892288208 0.7306854724884033 0.9869276285171509 -0.021147973835468292 0.15545397996902466 0.036888156086206436
office/seq-07/frame-000171.color.png 0.6135040521621704 -1.38556969165802 0.7035031914710999 0.9895526170730591 -0.02224489487707615 0.13694961369037628 0.03918491676449776
office/seq-07/frame-000172.color.png 0.630598247051239 -1.382962703704834 0.6645688414573669 0.9920580387115479 -0.02653643488883972 0.11892296373844147 0.031212104484438896
office/seq-07/frame-000173.color.png 0.6560218334197998 -1.3738977909088135 0.618995726108551 0.9946154356002808 -0.020497571676969528 0.09807407855987549 0.026486100628972054
office/seq-07/frame-000174.color.png 0.6560218334197998 -1.3738977909088135 0.618995726108551 0.9946154356002808 -0.020497571676969528 0.09807407855987549 0.026486100628972054
office/seq-07/frame-000175.color.png 0.7090887427330017 -1.3247910737991333 0.6061885952949524 0.9957085251808167 -0.021431652829051018 0.08917257189750671 0.012389694340527058
office/seq-07/frame-000176.color.png 0.702488899230957 -1.3083112239837646 0.569889485836029 0.996917724609375 -0.05017746984958649 0.05838429555296898 0.015116489492356777
office/seq-07/frame-000177.color.png 0.6822869181632996 -1.3247414827346802 0.5979954600334167 0.9984593391418457 -0.03775292634963989 0.04032956808805466 0.0052192253060638905
office/seq-07/frame-000178.color.png 0.6408815383911133 -1.2919719219207764 0.5057111978530884 0.996946394443512 -0.07665309309959412 0.014379468746483326 -0.003944852855056524
office/seq-07/frame-000179.color.png 0.6909415125846863 -1.281301498413086 0.48558229207992554 0.9978387951850891 -0.06510311365127563 0.00827544555068016 -0.0033339550718665123
office/seq-07/frame-000180.color.png 0.6909415125846863 -1.281301498413086 0.48558229207992554 0.9978387951850891 -0.06510311365127563 0.00827544555068016 -0.0033339550718665123
office/seq-07/frame-000181.color.png 0.6870837211608887 -1.250557541847229 0.41965052485466003 0.9981299638748169 -0.059829652309417725 0.010737806558609009 -0.006467134226113558
office/seq-07/frame-000182.color.png 0.6809325814247131 -1.2705953121185303 0.38814839720726013 0.9989253878593445 -0.04497849941253662 0.00823249388486147 -0.007575463503599167
office/seq-07/frame-000183.color.png 0.7117379903793335 -1.232761263847351 0.3569209575653076 0.9984855055809021 -0.05411549285054207 -0.009742108173668385 -0.0018688734853640199
office/seq-07/frame-000184.color.png 0.7117379903793335 -1.232761263847351 0.3569209575653076 0.9984855055809021 -0.05411549285054207 -0.009742108173668385 -0.0018688734853640199
office/seq-07/frame-000185.color.png 0.7276338934898376 -1.199189305305481 0.33012855052948 0.9984027743339539 -0.05587504059076309 -0.008278158493340015 -0.001181705156341195
office/seq-07/frame-000186.color.png 0.725184977054596 -1.2159475088119507 0.31875693798065186 0.9986324310302734 -0.051884982734918594 -0.0061506242491304874 0.0018242514925077558
office/seq-07/frame-000187.color.png 0.6926058530807495 -1.2399659156799316 0.3045266270637512 0.9984270930290222 -0.055369023233652115 -0.007775626610964537 0.004116684198379517
office/seq-07/frame-000188.color.png 0.6854243874549866 -1.241891860961914 0.28720077872276306 0.9983598589897156 -0.056631140410900116 -6.828268669778481e-05 0.008397967554628849
office/seq-07/frame-000189.color.png 0.6854243874549866 -1.241891860961914 0.28720077872276306 0.9983598589897156 -0.056631140410900116 -6.828268669778481e-05 0.008397967554628849
office/seq-07/frame-000190.color.png 0.7012231349945068 -1.2448978424072266 0.25524595379829407 0.9981676340103149 -0.05825851857662201 -0.010310622863471508 0.01268731988966465
office/seq-07/frame-000191.color.png 0.6820835471153259 -1.254370093345642 0.25041183829307556 0.9984315037727356 -0.05505143105983734 -0.0008251230465248227 0.010161247104406357
office/seq-07/frame-000192.color.png 0.6907258629798889 -1.2477259635925293 0.265760600566864 0.9984741806983948 -0.050709206610918045 -0.02055312693119049 0.007438025437295437
office/seq-07/frame-000193.color.png 0.6907258629798889 -1.2477259635925293 0.265760600566864 0.9984741806983948 -0.050709206610918045 -0.02055312693119049 0.007438025437295437
office/seq-07/frame-000194.color.png 0.6994935870170593 -1.2359189987182617 0.26457998156547546 0.998701810836792 -0.04151478409767151 -0.029022151604294777 0.005371030420064926
office/seq-07/frame-000195.color.png 0.7044989466667175 -1.223465085029602 0.26290979981422424 0.9991163611412048 -0.03229831904172897 -0.02621668018400669 0.0059999097138643265
office/seq-07/frame-000196.color.png 0.7360594272613525 -1.2158935070037842 0.2381783425807953 0.9989007115364075 -0.029181892052292824 -0.03665836900472641 0.0014462217222899199
office/seq-07/frame-000197.color.png 0.7360594272613525 -1.2158935070037842 0.2381783425807953 0.9989007115364075 -0.029181892052292824 -0.03665836900472641 0.0014462217222899199
office/seq-07/frame-000198.color.png 0.7012934684753418 -1.208960771560669 0.22361010313034058 0.9987014532089233 -0.023308519273996353 -0.045028503984212875 0.004973615985363722
office/seq-07/frame-000199.color.png 0.7061360478401184 -1.2100886106491089 0.24165600538253784 0.9985855221748352 -0.021753419190645218 -0.04851397126913071 0.00035151763586327434
office/seq-07/frame-000200.color.png 0.6890151500701904 -1.2037596702575684 0.21990343928337097 0.9974794387817383 -0.0398099422454834 -0.05869003385305405 0.0023758444003760815
office/seq-07/frame-000201.color.png 0.681991457939148 -1.2093307971954346 0.20394957065582275 0.9976754188537598 -0.03435283526778221 -0.058842580765485764 -0.001053518382832408
office/seq-07/frame-000202.color.png 0.681991457939148 -1.2093307971954346 0.20394957065582275 0.9976754188537598 -0.03435283526778221 -0.058842580765485764 -0.001053518382832408
office/seq-07/frame-000203.color.png 0.6863897442817688 -1.197256088256836 0.22570088505744934 0.9966805577278137 -0.034855470061302185 -0.07352658361196518 -0.0026140855625271797
office/seq-07/frame-000204.color.png 0.6919307708740234 -1.1640026569366455 0.2177620828151703 0.9955844283103943 -0.04200707748532295 -0.08370909839868546 -0.006303308065980673
office/seq-07/frame-000205.color.png 0.7381467819213867 -1.1602054834365845 0.21096745133399963 0.9964550137519836 -0.025064315646886826 -0.08010638505220413 -0.005672524217516184
office/seq-07/frame-000206.color.png 0.7381467819213867 -1.1602054834365845 0.21096745133399963 0.9964550137519836 -0.025064315646886826 -0.08010638505220413 -0.005672524217516184
office/seq-07/frame-000207.color.png 0.7116394639015198 -1.1816023588180542 0.20233005285263062 0.9946350455284119 -0.03467344865202904 -0.09735222160816193 -0.004632407799363136
office/seq-07/frame-000208.color.png 0.7287436127662659 -1.1815667152404785 0.20280560851097107 0.9945802092552185 -0.028280777856707573 -0.09995732456445694 -0.004368788097053766
office/seq-07/frame-000209.color.png 0.7146427035331726 -1.1739792823791504 0.21571841835975647 0.9935887455940247 -0.027273211628198624 -0.10953657329082489 -0.0062814741395413876
office/seq-07/frame-000210.color.png 0.7241445779800415 -1.1589150428771973 0.21625545620918274 0.9929668307304382 -0.025718437507748604 -0.11551163345575333 -0.003558805678039789
office/seq-07/frame-000211.color.png 0.7241445779800415 -1.1589150428771973 0.21625545620918274 0.9929668307304382 -0.025718437507748604 -0.11551163345575333 -0.003558805678039789
office/seq-07/frame-000212.color.png 0.7673677802085876 -1.138023853302002 0.20506995916366577 0.9938119649887085 -0.016411712393164635 -0.10924376547336578 -0.01158960722386837
office/seq-07/frame-000213.color.png 0.7601000070571899 -1.1190459728240967 0.19311308860778809 0.9935232996940613 -0.029415424913167953 -0.10936287045478821 -0.009266321547329426
office/seq-07/frame-000214.color.png 0.7590219974517822 -1.1097042560577393 0.1866213083267212 0.991291880607605 -0.019333241507411003 -0.12981002032756805 -0.010776190087199211
office/seq-07/frame-000215.color.png 0.7786799073219299 -1.0946834087371826 0.18845519423484802 0.9930880069732666 -0.024468835443258286 -0.11447861790657043 -0.008495036512613297
office/seq-07/frame-000216.color.png 0.7829941511154175 -1.0974273681640625 0.2038787305355072 0.9912258982658386 -0.02315247617661953 -0.1298244595527649 -0.008991310372948647
office/seq-07/frame-000217.color.png 0.7829941511154175 -1.0974273681640625 0.2038787305355072 0.9912258982658386 -0.02315247617661953 -0.1298244595527649 -0.008991310372948647
office/seq-07/frame-000218.color.png 0.758843183517456 -1.0728158950805664 0.1874244213104248 0.9895177483558655 -0.015852168202400208 -0.14332781732082367 -0.007782669272273779
office/seq-07/frame-000219.color.png 0.8004218935966492 -1.0723968744277954 0.19981083273887634 0.9875147938728333 -0.030614351853728294 -0.15411034226417542 -0.011284394189715385
office/seq-07/frame-000220.color.png 0.7910211086273193 -1.067856788635254 0.20557567477226257 0.9882121086120605 -0.020530499517917633 -0.15112169086933136 -0.013321198523044586
office/seq-07/frame-000221.color.png 0.7993489503860474 -1.0520719289779663 0.2132340669631958 0.9879794716835022 -0.024654898792505264 -0.15185020864009857 -0.01516848523169756
office/seq-07/frame-000222.color.png 0.8327596187591553 -1.0234986543655396 0.23459738492965698 0.985369086265564 -0.028689507395029068 -0.1675938218832016 -0.011701027862727642
office/seq-07/frame-000223.color.png 0.838442862033844 -1.0170984268188477 0.21212074160575867 0.9893664717674255 -0.021318908780813217 -0.14344854652881622 -0.011044383980333805
office/seq-07/frame-000224.color.png 0.8490719795227051 -1.016615390777588 0.21032017469406128 0.9876177906990051 -0.03505127131938934 -0.15255101025104523 -0.010515058413147926
office/seq-07/frame-000225.color.png 0.8478264212608337 -1.022397518157959 0.2045200765132904 0.9865865111351013 -0.027358362451195717 -0.15993863344192505 -0.01784084551036358
office/seq-07/frame-000226.color.png 0.861383318901062 -1.0344682931900024 0.20759594440460205 0.9870659112930298 -0.036981627345085144 -0.15504740178585052 -0.017129911109805107
office/seq-07/frame-000227.color.png 0.9161164164543152 -1.0557208061218262 0.21227434277534485 0.9877936840057373 -0.02746395766735077 -0.15281321108341217 -0.012552658095955849
office/seq-07/frame-000228.color.png 0.9351213574409485 -1.0457749366760254 0.2088710069656372 0.9842604398727417 -0.03593391180038452 -0.17218756675720215 -0.01707947626709938
office/seq-07/frame-000229.color.png 0.9351213574409485 -1.0457749366760254 0.2088710069656372 0.9842604398727417 -0.03593391180038452 -0.17218756675720215 -0.01707947626709938
office/seq-07/frame-000230.color.png 0.9407908320426941 -0.9912453889846802 0.20889994502067566 0.9817079901695251 -0.032391972839832306 -0.18694858253002167 -0.01582692749798298
office/seq-07/frame-000231.color.png 0.9481908679008484 -0.9898961782455444 0.21429148316383362 0.9819576740264893 -0.03197000175714493 -0.18622243404388428 -0.007643869612365961
office/seq-07/frame-000232.color.png 0.9835315346717834 -0.971846878528595 0.21746701002120972 0.9832301139831543 -0.038903750479221344 -0.1779942661523819 -0.00794215127825737
office/seq-07/frame-000233.color.png 0.9658825397491455 -0.9821386337280273 0.22701290249824524 0.9781745076179504 -0.03960034251213074 -0.20366758108139038 -0.01123115886002779
office/seq-07/frame-000234.color.png 0.9782726764678955 -0.9858033657073975 0.22124359011650085 0.975580096244812 -0.051897332072257996 -0.21318833529949188 -0.010050473734736443
office/seq-07/frame-000235.color.png 0.9703450798988342 -0.9987131357192993 0.21006885170936584 0.9785699248313904 -0.05470862612128258 -0.198405459523201 -0.006569977384060621
office/seq-07/frame-000236.color.png 0.9846644997596741 -0.9957275390625 0.21860408782958984 0.9784850478172302 -0.055794186890125275 -0.19853602349758148 -0.0061103771440684795
office/seq-07/frame-000237.color.png 0.9880105257034302 -1.00762939453125 0.2134397029876709 0.9767979383468628 -0.05903701111674309 -0.2056472897529602 -0.009462118148803711
office/seq-07/frame-000238.color.png 1.0097968578338623 -0.9925017356872559 0.20008358359336853 0.9716458320617676 -0.06404796242713928 -0.2275814563035965 -0.002959136152639985
office/seq-07/frame-000239.color.png 1.0201739072799683 -0.9774186611175537 0.19616171717643738 0.9690278172492981 -0.07011310011148453 -0.2367568016052246 -0.003928591497242451
office/seq-07/frame-000240.color.png 1.0139588117599487 -1.0030893087387085 0.20895123481750488 0.9623668193817139 -0.07063839584589005 -0.26235437393188477 -0.005532531067728996
office/seq-07/frame-000241.color.png 1.019627332687378 -1.0136173963546753 0.1948193907737732 0.9680131673812866 -0.07359571754932404 -0.2398437261581421 0.0030346063431352377
office/seq-07/frame-000242.color.png 1.0290616750717163 -0.9976911544799805 0.19217818975448608 0.9664318561553955 -0.06925684958696365 -0.24730341136455536 -0.007344162091612816
office/seq-07/frame-000243.color.png 1.047218918800354 -0.9628181457519531 0.16616779565811157 0.9680732488632202 -0.06950812041759491 -0.24037981033325195 -0.01485130563378334
office/seq-07/frame-000244.color.png 1.0474324226379395 -0.9644452333450317 0.18168780207633972 0.9664516448974609 -0.07760240137577057 -0.244300976395607 -0.01631467416882515
office/seq-07/frame-000245.color.png 1.0378797054290771 -0.9824123978614807 0.19085624814033508 0.970574140548706 -0.09077367186546326 -0.22205276787281036 -0.020946800708770752
office/seq-07/frame-000246.color.png 1.0469883680343628 -0.9688674211502075 0.20147833228111267 0.9666380286216736 -0.09642519801855087 -0.23635034263134003 -0.021256156265735626
office/seq-07/frame-000247.color.png 1.0303770303726196 -0.9819803833961487 0.17549827694892883 0.9699302315711975 -0.09021950513124466 -0.22531196475028992 -0.01817726157605648
office/seq-07/frame-000248.color.png 1.0152544975280762 -0.9893296957015991 0.1829163134098053 0.9678511023521423 -0.09397172182798386 -0.23249925673007965 -0.01943528838455677
office/seq-07/frame-000249.color.png 1.0141983032226562 -1.0098748207092285 0.2023928165435791 0.9591618776321411 -0.11109998822212219 -0.25971782207489014 -0.014554408378899097
office/seq-07/frame-000250.color.png 1.0315672159194946 -1.0047117471694946 0.17190423607826233 0.9541149139404297 -0.1096542477607727 -0.2784873843193054 -0.00925216544419527
office/seq-07/frame-000251.color.png 1.0318567752838135 -0.9933474063873291 0.1784559190273285 0.9601256847381592 -0.1059592217206955 -0.2582196295261383 -0.01593821495771408
office/seq-07/frame-000252.color.png 1.0296090841293335 -0.9804685711860657 0.1795872151851654 0.9574192762374878 -0.11457309871912003 -0.2642870545387268 -0.019334958866238594
office/seq-07/frame-000253.color.png 1.0483616590499878 -0.9807998538017273 0.18187987804412842 0.9452677965164185 -0.12345748394727707 -0.30130183696746826 -0.021075157448649406
office/seq-07/frame-000254.color.png 1.0417053699493408 -0.9930979013442993 0.1875331997871399 0.9446779489517212 -0.1173500120639801 -0.3059426248073578 -0.014552295207977295
office/seq-07/frame-000255.color.png 1.0374507904052734 -1.0074409246444702 0.18633297085762024 0.94942706823349 -0.12018951028585434 -0.28943535685539246 -0.01923494227230549
office/seq-07/frame-000256.color.png 1.0385873317718506 -0.9911223649978638 0.1913021206855774 0.9504206776618958 -0.12179096043109894 -0.2854778468608856 -0.019231116399168968
office/seq-07/frame-000257.color.png 1.0349442958831787 -0.9980648756027222 0.1805051565170288 0.9390724897384644 -0.12125024199485779 -0.32091793417930603 -0.021282002329826355
office/seq-07/frame-000258.color.png 1.0478270053863525 -0.988213062286377 0.18449470400810242 0.9427587985992432 -0.11743791401386261 -0.31165850162506104 -0.01682565174996853
office/seq-07/frame-000259.color.png 1.0428850650787354 -0.9852994680404663 0.19750776886940002 0.9394922852516174 -0.1158771961927414 -0.32205358147621155 -0.014431878924369812
office/seq-07/frame-000260.color.png 1.03853178024292 -0.9849034547805786 0.19421660900115967 0.9418302178382874 -0.11127378046512604 -0.3168150782585144 -0.01422049105167389
office/seq-07/frame-000261.color.png 1.0386582612991333 -0.9825538396835327 0.2028355598449707 0.9399793744087219 -0.12020942568778992 -0.31890246272087097 -0.017020555213093758
office/seq-07/frame-000262.color.png 1.0319581031799316 -0.9850081205368042 0.19933763146400452 0.9375994801521301 -0.11923778802156448 -0.32623133063316345 -0.016204476356506348
office/seq-07/frame-000263.color.png 1.0291931629180908 -0.9884510040283203 0.20764806866645813 0.9423828125 -0.11925305426120758 -0.3118059039115906 -0.021692300215363503
office/seq-07/frame-000264.color.png 1.0253541469573975 -0.9882113933563232 0.22130346298217773 0.9396151304244995 -0.11679928749799728 -0.32128843665122986 -0.01597052440047264
office/seq-07/frame-000265.color.png 0.994452953338623 -0.9917919635772705 0.23732346296310425 0.9405766129493713 -0.10645145177841187 -0.3216472268104553 -0.022951284423470497
office/seq-07/frame-000266.color.png 1.0157458782196045 -0.9907510280609131 0.2235276699066162 0.9399891495704651 -0.09846672415733337 -0.32591187953948975 -0.02249586023390293
office/seq-07/frame-000267.color.png 1.015639066696167 -0.9948887825012207 0.21055752038955688 0.9389300346374512 -0.09292519092559814 -0.33078837394714355 -0.018824968487024307
office/seq-07/frame-000268.color.png 1.0073193311691284 -0.9865390062332153 0.21821337938308716 0.9384141564369202 -0.09047438204288483 -0.3326627016067505 -0.022992679849267006
office/seq-07/frame-000269.color.png 0.9899799227714539 -1.0114927291870117 0.2183612883090973 0.9287887215614319 -0.09262910485267639 -0.3583040237426758 -0.019737012684345245
office/seq-07/frame-000270.color.png 0.99068284034729 -1.018498420715332 0.21322491765022278 0.9290003776550293 -0.08724374324083328 -0.3588872253894806 -0.02338324673473835
office/seq-07/frame-000271.color.png 0.9838687777519226 -1.0141264200210571 0.21713751554489136 0.9278540015220642 -0.08070983737707138 -0.3637864887714386 -0.015245030634105206
office/seq-07/frame-000272.color.png 0.9691267609596252 -1.0239230394363403 0.2493058741092682 0.9280920624732971 -0.07812554389238358 -0.36372610926628113 -0.015649477019906044
office/seq-07/frame-000273.color.png 0.9658746719360352 -1.040657639503479 0.23274382948875427 0.9256905317306519 -0.0683235228061676 -0.3715464472770691 -0.019548553973436356
office/seq-07/frame-000274.color.png 0.9744088649749756 -1.0460567474365234 0.2405828833580017 0.9246076941490173 -0.06020432338118553 -0.37562769651412964 -0.01949077844619751
office/seq-07/frame-000275.color.png 0.983845055103302 -1.0424724817276 0.2542242109775543 0.9161540865898132 -0.05683935433626175 -0.3961412310600281 -0.02242734655737877
office/seq-07/frame-000276.color.png 0.967954158782959 -1.0418345928192139 0.2528791129589081 0.9172826409339905 -0.0565481036901474 -0.3933406174182892 -0.026038844138383865
office/seq-07/frame-000277.color.png 0.9584650993347168 -1.0592153072357178 0.25860458612442017 0.9134348034858704 -0.06478273123502731 -0.40071922540664673 -0.029395850375294685
office/seq-07/frame-000278.color.png 0.9545807242393494 -1.0719162225723267 0.2838989198207855 0.9059932827949524 -0.06408479064702988 -0.41751015186309814 -0.027464410290122032
office/seq-07/frame-000279.color.png 0.9379702210426331 -1.0949500799179077 0.2809939682483673 0.8967021703720093 -0.05900753289461136 -0.43754103779792786 -0.03164130076766014
office/seq-07/frame-000280.color.png 0.9230872392654419 -1.0894525051116943 0.31033164262771606 0.8934497833251953 -0.04958052188158035 -0.4456729292869568 -0.02578718215227127
office/seq-07/frame-000281.color.png 0.9316062331199646 -1.0865296125411987 0.33417439460754395 0.8871654868125916 -0.0476834736764431 -0.45843878388404846 -0.022305423393845558
office/seq-07/frame-000282.color.png 0.9377373456954956 -1.0954116582870483 0.34100326895713806 0.8875692486763 -0.0551341250538826 -0.4563225209712982 -0.03083767369389534
office/seq-07/frame-000283.color.png 0.9240100383758545 -1.118246078491211 0.3534833490848541 0.8702791333198547 -0.054774098098278046 -0.48870447278022766 -0.02796180173754692
office/seq-07/frame-000284.color.png 0.9238596558570862 -1.1122307777404785 0.3407084047794342 0.880568265914917 -0.055076759308576584 -0.4694523215293884 -0.034357793629169464
office/seq-07/frame-000285.color.png 0.9268225431442261 -1.1089173555374146 0.3301098942756653 0.8742620944976807 -0.05217316746711731 -0.4811576306819916 -0.03782762959599495
office/seq-07/frame-000286.color.png 0.930137574672699 -1.1010719537734985 0.33913007378578186 0.8786404728889465 -0.06178350746631622 -0.4720710515975952 -0.03636592999100685
office/seq-07/frame-000287.color.png 0.9327239394187927 -1.1014580726623535 0.33962133526802063 0.868075966835022 -0.058931320905685425 -0.491536021232605 -0.036924783140420914
office/seq-07/frame-000288.color.png 0.9203534126281738 -1.122671127319336 0.3501241207122803 0.8558838963508606 -0.06211196631193161 -0.5117356777191162 -0.041608914732933044
office/seq-07/frame-000289.color.png 0.8766832947731018 -1.1388746500015259 0.3738361895084381 0.8516877293586731 -0.06237965449690819 -0.5181208252906799 -0.04783057048916817
office/seq-07/frame-000290.color.png 0.8796834349632263 -1.1382275819778442 0.3803460896015167 0.8552286624908447 -0.055124782025814056 -0.5129247903823853 -0.049531012773513794
office/seq-07/frame-000291.color.png 0.8625265955924988 -1.1518508195877075 0.3938952684402466 0.8462705016136169 -0.055303651839494705 -0.5269321799278259 -0.05576978251338005
office/seq-07/frame-000292.color.png 0.8751096725463867 -1.1277492046356201 0.39409852027893066 0.842164933681488 -0.0491175502538681 -0.5333696007728577 -0.062150079756975174
office/seq-07/frame-000293.color.png 0.871038556098938 -1.1393951177597046 0.4127413332462311 0.8314309120178223 -0.05274534597992897 -0.5497744679450989 -0.06073545292019844
office/seq-07/frame-000294.color.png 0.8469881415367126 -1.144396424293518 0.45389488339424133 0.8214083909988403 -0.04862105846405029 -0.5615037083625793 -0.08739457279443741
office/seq-07/frame-000295.color.png 0.8017019629478455 -1.1378021240234375 0.4659547209739685 0.8127382397651672 -0.031486883759498596 -0.572922945022583 -0.10111545026302338
office/seq-07/frame-000296.color.png 0.774892270565033 -1.1854678392410278 0.4707556962966919 0.801625669002533 -0.02248874306678772 -0.5860209465026855 -0.11605977267026901
office/seq-07/frame-000297.color.png 0.7800148129463196 -1.1651949882507324 0.4295866787433624 0.7988138198852539 -0.007496927864849567 -0.5880236029624939 -0.1267622411251068
office/seq-07/frame-000298.color.png 0.7452877163887024 -1.1575945615768433 0.4807090163230896 0.7897541522979736 -0.009429742582142353 -0.5974444150924683 -0.13877929747104645
office/seq-07/frame-000299.color.png 0.7026982307434082 -1.1473559141159058 0.4860934615135193 0.7795581221580505 -0.013502920977771282 -0.6076916456222534 -0.15105491876602173
office/seq-07/frame-000300.color.png 0.6715846061706543 -1.194977045059204 0.48204103112220764 0.789857029914856 0.0009690128499642015 -0.590883195400238 -0.16426199674606323
office/seq-07/frame-000301.color.png 0.6030972599983215 -1.192659854888916 0.4972204566001892 0.9030341506004333 0.0011037589283660054 -0.4015673100948334 -0.1525510996580124
office/seq-07/frame-000302.color.png 0.5915600657463074 -1.208870530128479 0.4891735911369324 0.8106781244277954 -0.005925887729972601 -0.553298830986023 -0.1913791447877884
office/seq-07/frame-000303.color.png 0.4952923655509949 -1.1740585565567017 0.5364296436309814 0.9921810626983643 -0.03009950742125511 0.11424404382705688 -0.04023894667625427
office/seq-07/frame-000304.color.png 0.5119891166687012 -1.1978294849395752 0.5680725574493408 0.9456383585929871 -0.006245782598853111 -0.27221226692199707 -0.17784707248210907
office/seq-07/frame-000305.color.png 0.5346730947494507 -1.1888096332550049 0.5334138870239258 0.910058856010437 -0.017599644139409065 -0.37496551871299744 -0.1757386475801468
office/seq-07/frame-000306.color.png 0.5487497448921204 -1.1647003889083862 0.463802307844162 0.9861818552017212 -0.019133353605866432 0.15548443794250488 -0.05388837307691574
office/seq-07/frame-000307.color.png 0.4846503436565399 -1.1378891468048096 0.4730902910232544 0.8696169853210449 -0.03471861034631729 0.48806333541870117 0.06599397957324982
office/seq-07/frame-000308.color.png 0.4884168803691864 -1.1181548833847046 0.49985671043395996 0.8757426142692566 -0.04025960713624954 0.4781147539615631 0.05348232015967369
office/seq-07/frame-000309.color.png 0.4583265483379364 -1.136193871498108 0.5015556812286377 0.9709177017211914 -0.020105993375182152 0.2381342351436615 -0.014376464299857616
office/seq-07/frame-000310.color.png 0.4068051874637604 -1.148958444595337 0.5633876323699951 0.9899231791496277 -0.038534894585609436 -0.11252190172672272 -0.07685040682554245
office/seq-07/frame-000311.color.png 0.2857898771762848 -1.0979737043380737 0.6314288377761841 0.9120373725891113 -0.026053067296743393 0.4075668156147003 0.037394147366285324
office/seq-07/frame-000312.color.png 0.27219119668006897 -1.088997483253479 0.6312580704689026 0.866277277469635 -0.03629506006836891 0.49300530552864075 0.07205638289451599
office/seq-07/frame-000313.color.png 0.29295289516448975 -1.1086771488189697 0.567810595035553 0.949191153049469 0.013565674424171448 0.31438785791397095 0.0035273334942758083
office/seq-07/frame-000314.color.png 0.24043534696102142 -1.1020395755767822 0.572150707244873 0.960296094417572 0.026311149820685387 0.27765750885009766 -0.006754039786756039
office/seq-07/frame-000315.color.png 0.328296959400177 -1.0944890975952148 0.6005496978759766 0.9957409501075745 0.05849120765924454 -0.01685952953994274 -0.06924235820770264
office/seq-07/frame-000316.color.png 0.38831162452697754 -1.0534894466400146 0.5512501001358032 0.8741315007209778 0.026000240817666054 -0.4785228371620178 -0.07895546406507492
office/seq-07/frame-000317.color.png 0.385414719581604 -1.094958782196045 0.5379511713981628 0.8379172682762146 0.05424714460968971 -0.537168025970459 -0.08001569658517838
office/seq-07/frame-000318.color.png 0.4214119613170624 -1.0115323066711426 0.522517740726471 0.7987629771232605 -0.009487138129770756 -0.5970675349235535 -0.07347282022237778
office/seq-07/frame-000319.color.png 0.49973785877227783 -1.058663249015808 0.4964093565940857 0.7785997986793518 -0.034969039261341095 -0.6235899925231934 -0.060787383466959
office/seq-07/frame-000320.color.png 0.6491187810897827 -1.0478302240371704 0.5123586058616638 0.788926899433136 -0.02305941842496395 -0.6120110750198364 -0.050051044672727585
office/seq-07/frame-000321.color.png 0.6897588968276978 -1.080262303352356 0.49813395738601685 0.7976425290107727 -0.024860279634594917 -0.6018030047416687 -0.03133010491728783
office/seq-07/frame-000322.color.png 0.7683475613594055 -1.1307156085968018 0.4320904612541199 0.7911280393600464 -0.05538393557071686 -0.6075204610824585 -0.044361043721437454
office/seq-07/frame-000323.color.png 0.7895529270172119 -1.1139445304870605 0.41753557324409485 0.8085423111915588 -0.04928772896528244 -0.585906445980072 -0.023318061605095863
office/seq-07/frame-000324.color.png 0.8207072019577026 -1.131435751914978 0.4385205805301666 0.812131941318512 -0.06109952554106712 -0.5791902542114258 -0.03531645983457565
office/seq-07/frame-000325.color.png 0.8475462794303894 -1.146926760673523 0.40996721386909485 0.8248170614242554 -0.061080317944288254 -0.5615198612213135 -0.025330092757940292
office/seq-07/frame-000326.color.png 0.856953501701355 -1.1686002016067505 0.425381600856781 0.8379418849945068 -0.08116680383682251 -0.5388910174369812 -0.02935747429728508
office/seq-07/frame-000327.color.png 0.8444216251373291 -1.1669013500213623 0.3920707106590271 0.8386550545692444 -0.08182192593812943 -0.5370426774024963 -0.03934291750192642
office/seq-07/frame-000328.color.png 0.8463537096977234 -1.1492267847061157 0.3510769307613373 0.8574830889701843 -0.07868430763483047 -0.5064908862113953 -0.0447053425014019
office/seq-07/frame-000329.color.png 0.8032273054122925 -1.1874295473098755 0.3654012680053711 0.8557044267654419 -0.07166891545057297 -0.5113160014152527 -0.034490104764699936
office/seq-07/frame-000330.color.png 0.7899264693260193 -1.1911776065826416 0.34717878699302673 0.8720220923423767 -0.06724095344543457 -0.48409438133239746 -0.026623902842402458
office/seq-07/frame-000331.color.png 0.8343247771263123 -1.159463882446289 0.31448066234588623 0.8855627775192261 -0.06398165971040726 -0.45951971411705017 -0.022947201505303383
office/seq-07/frame-000332.color.png 0.7865986824035645 -1.1488622426986694 0.3211754262447357 0.8867289423942566 -0.04616978392004967 -0.45933738350868225 -0.02427336387336254
office/seq-07/frame-000333.color.png 0.783950924873352 -1.1376829147338867 0.32325291633605957 0.8897209763526917 -0.03758394345641136 -0.4547322392463684 -0.014232626184821129
office/seq-07/frame-000334.color.png 0.7576586008071899 -1.1230093240737915 0.32234472036361694 0.8921055197715759 -0.04494720697402954 -0.4493766129016876 -0.013711764477193356
office/seq-07/frame-000335.color.png 0.7762713432312012 -1.1478521823883057 0.2967202961444855 0.9008229374885559 -0.03692534193396568 -0.43254098296165466 -0.007927173748612404
office/seq-07/frame-000336.color.png 0.713601291179657 -1.155087947845459 0.28050628304481506 0.9076300263404846 -0.03449540212750435 -0.41830602288246155 -0.006148244719952345
office/seq-07/frame-000337.color.png 0.6970881223678589 -1.1098147630691528 0.28678688406944275 0.9152462482452393 -0.03204244002699852 -0.4015001356601715 -0.009762958623468876
office/seq-07/frame-000338.color.png 0.6861639618873596 -1.091904640197754 0.27683505415916443 0.920360267162323 -0.028295215219259262 -0.3900199830532074 -0.004537446890026331
office/seq-07/frame-000339.color.png 0.6867833137512207 -1.1030231714248657 0.2847851812839508 0.9252252578735352 -0.031993307173252106 -0.37804535031318665 -0.004037005361169577
office/seq-07/frame-000340.color.png 0.7133198976516724 -1.099705457687378 0.2740662097930908 0.932350218296051 -0.022825762629508972 -0.3608350157737732 0.00011922299745492637
office/seq-07/frame-000341.color.png 0.7035742998123169 -1.0956615209579468 0.26891839504241943 0.9351368546485901 -0.028707822784781456 -0.35312145948410034 -0.0004097192722838372
office/seq-07/frame-000342.color.png 0.7247892022132874 -1.1296215057373047 0.27662041783332825 0.934349536895752 -0.03702036291360855 -0.3543839752674103 0.005696286913007498
office/seq-07/frame-000343.color.png 0.6954086422920227 -1.133286476135254 0.26089566946029663 0.9374552965164185 -0.04516882076859474 -0.34516265988349915 4.7468811317230575e-06
office/seq-07/frame-000344.color.png 0.7004461884498596 -1.126365065574646 0.26444172859191895 0.941476583480835 -0.04990827664732933 -0.33325475454330444 0.008507880382239819
office/seq-07/frame-000345.color.png 0.687690019607544 -1.1348671913146973 0.2746608555316925 0.946647584438324 -0.038111500442028046 -0.31984710693359375 0.010171124711632729
office/seq-07/frame-000346.color.png 0.725236177444458 -1.1734405755996704 0.25239601731300354 0.9411811828613281 -0.0492185577750206 -0.3340579867362976 0.012673445977270603
office/seq-07/frame-000347.color.png 0.7358259558677673 -1.1973129510879517 0.2442704737186432 0.94073486328125 -0.05930525064468384 -0.33355712890625 0.015505768358707428
office/seq-07/frame-000348.color.png 0.753745973110199 -1.1990854740142822 0.2523490786552429 0.9443404078483582 -0.05810953676700592 -0.32309842109680176 0.02125498838722706
office/seq-07/frame-000349.color.png 0.7153920531272888 -1.1987378597259521 0.22702232003211975 0.9489891529083252 -0.052119627594947815 -0.3107290267944336 0.012269415892660618
office/seq-07/frame-000350.color.png 0.731731116771698 -1.1923518180847168 0.24744555354118347 0.9551839232444763 -0.047788746654987335 -0.2919485569000244 0.010291696526110172
office/seq-07/frame-000351.color.png 0.7314991354942322 -1.2032780647277832 0.23476403951644897 0.960074782371521 -0.046817000955343246 -0.2756469249725342 0.009122895076870918
office/seq-07/frame-000352.color.png 0.7210938930511475 -1.1990206241607666 0.22262689471244812 0.9619207382202148 -0.05506514757871628 -0.26753923296928406 0.009956936351954937
office/seq-07/frame-000353.color.png 0.7159453630447388 -1.1972355842590332 0.23246103525161743 0.9644416570663452 -0.04427313432097435 -0.2605297565460205 0.0040426976047456264
office/seq-07/frame-000354.color.png 0.7431915402412415 -1.203505039215088 0.2214222550392151 0.9600087404251099 -0.07086455076932907 -0.2704586982727051 0.014612292870879173
office/seq-07/frame-000355.color.png 0.7449705600738525 -1.205816388130188 0.22533011436462402 0.9683491587638855 -0.06136082857847214 -0.24162180721759796 0.012392740696668625
office/seq-07/frame-000356.color.png 0.732014536857605 -1.1904062032699585 0.20878544449806213 0.9711447954177856 -0.07588519901037216 -0.22574351727962494 0.012610974721610546
office/seq-07/frame-000357.color.png 0.751535952091217 -1.2041891813278198 0.2244327962398529 0.9745063185691833 -0.0699295923113823 -0.21298013627529144 0.009306328371167183
office/seq-07/frame-000358.color.png 0.7546568512916565 -1.2111527919769287 0.23816800117492676 0.9744514226913452 -0.0632500946521759 -0.21503768861293793 0.014228934422135353
office/seq-07/frame-000359.color.png 0.7591052651405334 -1.2130104303359985 0.22846582531929016 0.9738175272941589 -0.0640227347612381 -0.21780143678188324 0.01195945218205452
office/seq-07/frame-000360.color.png 0.7635069489479065 -1.2273566722869873 0.255243182182312 0.9780592918395996 -0.08267197012901306 -0.19121380150318146 0.0016263569705188274
office/seq-07/frame-000361.color.png 0.7522435188293457 -1.2254512310028076 0.2370237410068512 0.9793607592582703 -0.08236511051654816 -0.18455243110656738 0.0030027516186237335
office/seq-07/frame-000362.color.png 0.7563709616661072 -1.220272421836853 0.2188396453857422 0.9778463244438171 -0.06921906769275665 -0.19723756611347198 0.01107855886220932
office/seq-07/frame-000363.color.png 0.7528070211410522 -1.2184454202651978 0.206573486328125 0.9804745316505432 -0.059744056314229965 -0.18728144466876984 0.005098797846585512
office/seq-07/frame-000364.color.png 0.7581562995910645 -1.2124242782592773 0.19451522827148438 0.9803743958473206 -0.08225798606872559 -0.17913252115249634 0.0033440550323575735
office/seq-07/frame-000365.color.png 0.7850840091705322 -1.2134038209915161 0.20533767342567444 0.9821447134017944 -0.09098763018846512 -0.16460750997066498 0.0041602845303714275
office/seq-07/frame-000366.color.png 0.7982445955276489 -1.2140402793884277 0.2100997269153595 0.9813783168792725 -0.08971215784549713 -0.16968367993831635 0.007472262252122164
office/seq-07/frame-000367.color.png 0.8138520121574402 -1.2081655263900757 0.21770629286766052 0.9809325933456421 -0.09053097665309906 -0.17159785330295563 0.011380039155483246
office/seq-07/frame-000368.color.png 0.8099300861358643 -1.2119503021240234 0.21097883582115173 0.9810306429862976 -0.08864767849445343 -0.17204640805721283 0.010974622331559658
office/seq-07/frame-000369.color.png 0.8154476284980774 -1.2108498811721802 0.21974724531173706 0.9846108555793762 -0.07950136065483093 -0.15544994175434113 0.007504147477447987
office/seq-07/frame-000370.color.png 0.8310582637786865 -1.208359718322754 0.22067320346832275 0.9844384789466858 -0.08426665514707565 -0.15414609014987946 0.004355984274297953
office/seq-07/frame-000371.color.png 0.8099428415298462 -1.2202714681625366 0.2235601246356964 0.9859273433685303 -0.08648693561553955 -0.14284390211105347 0.007936771027743816
office/seq-07/frame-000372.color.png 0.8322539925575256 -1.2144917249679565 0.2212975025177002 0.9849066138267517 -0.09021541476249695 -0.14715012907981873 0.012917086482048035
office/seq-07/frame-000373.color.png 0.828486979007721 -1.2151950597763062 0.21248677372932434 0.9888209104537964 -0.0703854188323021 -0.1308508664369583 0.012537790462374687
office/seq-07/frame-000374.color.png 0.8262635469436646 -1.2129334211349487 0.22152432799339294 0.9903658032417297 -0.08720335364341736 -0.10674035549163818 0.013335145078599453
office/seq-07/frame-000375.color.png 0.8127967715263367 -1.2194386720657349 0.22324764728546143 0.9910023808479309 -0.08831708133220673 -0.09919993579387665 0.016548268496990204
office/seq-07/frame-000376.color.png 0.8180055618286133 -1.2139976024627686 0.20997339487075806 0.991306483745575 -0.09238338470458984 -0.09166938066482544 0.019321946427226067
office/seq-07/frame-000377.color.png 0.8267446160316467 -1.2210917472839355 0.22434642910957336 0.9930620193481445 -0.09200713038444519 -0.0705265998840332 0.019717412069439888
office/seq-07/frame-000378.color.png 0.8288757801055908 -1.220076560974121 0.22104015946388245 0.9925074577331543 -0.09007266163825989 -0.07909923791885376 0.02364976331591606
office/seq-07/frame-000379.color.png 0.8221810460090637 -1.20029616355896 0.18996936082839966 0.9928444623947144 -0.0918271616101265 -0.07017280906438828 0.030058296397328377
office/seq-07/frame-000380.color.png 0.8066400289535522 -1.2202069759368896 0.20460101962089539 0.9929750561714172 -0.09969471395015717 -0.05783691257238388 0.026765840128064156
office/seq-07/frame-000381.color.png 0.8019174933433533 -1.2169954776763916 0.20073071122169495 0.9918248653411865 -0.1064862608909607 -0.06007540971040726 0.03653973340988159
office/seq-07/frame-000382.color.png 0.8040633201599121 -1.2121134996414185 0.2020748257637024 0.9930209517478943 -0.10621672868728638 -0.03856045752763748 0.0337725430727005
office/seq-07/frame-000383.color.png 0.8158867359161377 -1.2136991024017334 0.21284416317939758 0.9936740398406982 -0.09867209196090698 -0.041578005999326706 0.03386904299259186
office/seq-07/frame-000384.color.png 0.817066490650177 -1.2057926654815674 0.19839292764663696 0.9923226833343506 -0.10923144966363907 -0.04426208883523941 0.03748554363846779
office/seq-07/frame-000385.color.png 0.7911177277565002 -1.205560564994812 0.17950880527496338 0.9928100109100342 -0.1097581759095192 -0.03199025243520737 0.035468846559524536
office/seq-07/frame-000386.color.png 0.7848936319351196 -1.2082630395889282 0.18526217341423035 0.9926244616508484 -0.11299169808626175 -0.01944001205265522 0.039389703422784805
office/seq-07/frame-000387.color.png 0.8033511638641357 -1.2017390727996826 0.20254024863243103 0.9927409291267395 -0.11056704819202423 -0.024069564417004585 0.04075537621974945
office/seq-07/frame-000388.color.png 0.8142536878585815 -1.1970573663711548 0.20499959588050842 0.9929165244102478 -0.11024805158376694 -0.01964689791202545 0.039702873677015305
office/seq-07/frame-000389.color.png 0.7996223568916321 -1.2091180086135864 0.21379077434539795 0.9920018911361694 -0.11584573239088058 -0.01955699361860752 0.04614769667387009
office/seq-07/frame-000390.color.png 0.7886443734169006 -1.2112716436386108 0.19578766822814941 0.9918394088745117 -0.11934240162372589 -0.006328985095024109 0.04440727457404137
office/seq-07/frame-000391.color.png 0.7821396589279175 -1.2191637754440308 0.1905188262462616 0.9923796653747559 -0.11423659324645996 0.0009412885410711169 0.04617280513048172
office/seq-07/frame-000392.color.png 0.8043122291564941 -1.2010141611099243 0.1865452229976654 0.9920920729637146 -0.1158091276884079 0.008625096641480923 0.047616034746170044
office/seq-07/frame-000393.color.png 0.8037891387939453 -1.203523874282837 0.1990422010421753 0.9929505586624146 -0.10811767727136612 0.00836110208183527 0.047853097319602966
office/seq-07/frame-000394.color.png 0.803963303565979 -1.1985024213790894 0.18256625533103943 0.9923335909843445 -0.1123904138803482 0.006503763142973185 0.05099434033036232
office/seq-07/frame-000395.color.png 0.795132040977478 -1.1981306076049805 0.18442168831825256 0.9920201301574707 -0.11407565325498581 0.02075568027794361 0.04952162131667137
office/seq-07/frame-000396.color.png 0.8050152659416199 -1.1829584836959839 0.16772755980491638 0.9918579459190369 -0.11772170662879944 0.01558432076126337 0.04600493609905243
office/seq-07/frame-000397.color.png 0.7975946068763733 -1.1881343126296997 0.16696879267692566 0.9916083216667175 -0.11833355575799942 0.026519978418946266 0.04479885846376419
office/seq-07/frame-000398.color.png 0.7951114177703857 -1.2056504487991333 0.18566495180130005 0.9913009405136108 -0.11379653215408325 0.043672338128089905 0.04965458810329437
office/seq-07/frame-000399.color.png 0.7759991884231567 -1.2000975608825684 0.17657867074012756 0.9916978478431702 -0.10841865837574005 0.04955890029668808 0.048216864466667175
office/seq-07/frame-000400.color.png 0.7598428130149841 -1.2042237520217896 0.19300490617752075 0.9907186031341553 -0.11466342955827713 0.04883573576807976 0.05426134914159775
office/seq-07/frame-000401.color.png 0.7495066523551941 -1.2066885232925415 0.1848418116569519 0.990405261516571 -0.11095434427261353 0.06115054339170456 0.05520278215408325
office/seq-07/frame-000402.color.png 0.7488343715667725 -1.223785400390625 0.2136612832546234 0.989919900894165 -0.10406780242919922 0.07714296132326126 0.05725038796663284
office/seq-07/frame-000403.color.png 0.7528441548347473 -1.2299315929412842 0.2041318416595459 0.9897146821022034 -0.10775931179523468 0.0674184113740921 0.06563204526901245
office/seq-07/frame-000404.color.png 0.7590546607971191 -1.2115888595581055 0.20750707387924194 0.9877938628196716 -0.11480486392974854 0.07988220453262329 0.0685725063085556
office/seq-07/frame-000405.color.png 0.7740104794502258 -1.2179412841796875 0.21916940808296204 0.9879123568534851 -0.11450092494487762 0.08094355463981628 0.06608270853757858
office/seq-07/frame-000406.color.png 0.7558467984199524 -1.2163481712341309 0.21073001623153687 0.9869674444198608 -0.11555738002061844 0.0893481969833374 0.06751899421215057
office/seq-07/frame-000407.color.png 0.7514707446098328 -1.2273277044296265 0.21696606278419495 0.9851074814796448 -0.11859562993049622 0.1043890193104744 0.0678337886929512
office/seq-07/frame-000408.color.png 0.7550718784332275 -1.2342743873596191 0.22903293371200562 0.9851064085960388 -0.11511959880590439 0.10648047924041748 0.07053226232528687
office/seq-07/frame-000409.color.png 0.775538980960846 -1.2372627258300781 0.24517884850502014 0.9858464002609253 -0.10847563296556473 0.10455691069364548 0.07353714853525162
office/seq-07/frame-000410.color.png 0.7747922539710999 -1.2433956861495972 0.2509511113166809 0.9836733937263489 -0.10726595669984818 0.12324514240026474 0.07544153183698654
office/seq-07/frame-000411.color.png 0.753535270690918 -1.2458018064498901 0.2556513845920563 0.9826293587684631 -0.10164906084537506 0.13362927734851837 0.07905697822570801
office/seq-07/frame-000412.color.png 0.7587599158287048 -1.2439134120941162 0.24793794751167297 0.9820638298988342 -0.10691004991531372 0.1324630230665207 0.08108244836330414
office/seq-07/frame-000413.color.png 0.7738975882530212 -1.2405831813812256 0.24934303760528564 0.981491208076477 -0.11011870950460434 0.13437213003635406 0.0805780217051506
office/seq-07/frame-000414.color.png 0.7615799903869629 -1.2392709255218506 0.23643210530281067 0.9810417890548706 -0.11044918745756149 0.1379135251045227 0.07961156219244003
office/seq-07/frame-000415.color.png 0.766150176525116 -1.2306326627731323 0.23804453015327454 0.9801836013793945 -0.11701259762048721 0.13737744092941284 0.08170473575592041
office/seq-07/frame-000416.color.png 0.7707998752593994 -1.22066330909729 0.21540063619613647 0.9799073338508606 -0.11388347297906876 0.14404797554016113 0.07786092162132263
office/seq-07/frame-000417.color.png 0.7615496516227722 -1.2177760601043701 0.21620145440101624 0.9784234762191772 -0.11811801791191101 0.1496722549200058 0.07958551496267319
office/seq-07/frame-000418.color.png 0.7885950207710266 -1.203843355178833 0.2165491282939911 0.9771749377250671 -0.11768960952758789 0.15648429095745087 0.08240800350904465
office/seq-07/frame-000419.color.png 0.7910525798797607 -1.2058601379394531 0.22240087389945984 0.9788237810134888 -0.12183231860399246 0.14560942351818085 0.07654325664043427
office/seq-07/frame-000420.color.png 0.8041712045669556 -1.2044706344604492 0.2225775420665741 0.9785069823265076 -0.11384120583534241 0.15385465323925018 0.07676759362220764
office/seq-07/frame-000421.color.png 0.813813328742981 -1.192831039428711 0.22191518545150757 0.9786427617073059 -0.12438482791185379 0.13965490460395813 0.08534209430217743
office/seq-07/frame-000422.color.png 0.822562575340271 -1.197999119758606 0.21376842260360718 0.978077232837677 -0.1223304495215416 0.14671950042247772 0.0829077810049057
office/seq-07/frame-000423.color.png 0.8146381974220276 -1.1957484483718872 0.2012213170528412 0.9753957986831665 -0.11779554188251495 0.16371415555477142 0.08902204781770706
office/seq-07/frame-000424.color.png 0.8134894967079163 -1.195244550704956 0.1904110610485077 0.9771594405174255 -0.11669424921274185 0.15464264154434204 0.08733625710010529
office/seq-07/frame-000425.color.png 0.8339785933494568 -1.1823822259902954 0.17087098956108093 0.974350094795227 -0.1287979930639267 0.15849032998085022 0.09451921284198761
office/seq-07/frame-000426.color.png 0.8380701541900635 -1.1713021993637085 0.17106691002845764 0.9744394421577454 -0.11874058097600937 0.1654500812292099 0.09484013170003891
office/seq-07/frame-000427.color.png 0.8541882634162903 -1.1631567478179932 0.19020679593086243 0.9748691916465759 -0.13277465105056763 0.15890395641326904 0.08216140419244766
office/seq-07/frame-000428.color.png 0.8645774722099304 -1.154881477355957 0.18385997414588928 0.9747985005378723 -0.12705567479133606 0.16239407658576965 0.08516347408294678
office/seq-07/frame-000429.color.png 0.8503924608230591 -1.1602319478988647 0.1856057345867157 0.9736779928207397 -0.12948034703731537 0.16370907425880432 0.09157150983810425
office/seq-07/frame-000430.color.png 0.8224523067474365 -1.164692997932434 0.21565485000610352 0.9725127220153809 -0.1315033733844757 0.16918006539344788 0.09112578630447388
office/seq-07/frame-000431.color.png 0.8385885953903198 -1.169175624847412 0.20794391632080078 0.9727370738983154 -0.13364765048027039 0.16482052206993103 0.09356845915317535
office/seq-07/frame-000432.color.png 0.8578457832336426 -1.1532565355300903 0.18512827157974243 0.9700884819030762 -0.14587420225143433 0.1703689992427826 0.09286292642354965
office/seq-07/frame-000433.color.png 0.8725310564041138 -1.1545823812484741 0.1808435320854187 0.9701094627380371 -0.15044595301151276 0.16586558520793915 0.09350041300058365
office/seq-07/frame-000434.color.png 0.8577485680580139 -1.1537244319915771 0.1782703995704651 0.9690675735473633 -0.14805877208709717 0.17580685019493103 0.08988035470247269
office/seq-07/frame-000435.color.png 0.8278935551643372 -1.1463923454284668 0.1954154074192047 0.9701719284057617 -0.158603236079216 0.16093161702156067 0.08781981468200684
office/seq-07/frame-000436.color.png 0.8198291659355164 -1.1614716053009033 0.1788497269153595 0.9685954451560974 -0.16640755534172058 0.15845337510108948 0.09499403834342957
office/seq-07/frame-000437.color.png 0.81699538230896 -1.1735938787460327 0.16993358731269836 0.966613233089447 -0.16508206725120544 0.16932503879070282 0.09866891801357269
office/seq-07/frame-000438.color.png 0.8312548995018005 -1.1533312797546387 0.1543433964252472 0.9653306603431702 -0.1644008755683899 0.1739961802959442 0.10408801585435867
office/seq-07/frame-000439.color.png 0.8304606080055237 -1.1496995687484741 0.15435737371444702 0.9638634324073792 -0.16152094304561615 0.18606974184513092 0.1012732982635498
office/seq-07/frame-000440.color.png 0.8336009979248047 -1.1553605794906616 0.1525440812110901 0.9630999565124512 -0.16594593226909637 0.18228644132614136 0.10803741216659546
office/seq-07/frame-000441.color.png 0.8425490260124207 -1.1445236206054688 0.14379629492759705 0.9625930190086365 -0.17121057212352753 0.17950241267681122 0.1089983731508255
office/seq-07/frame-000442.color.png 0.8263166546821594 -1.1451619863510132 0.12166541069746017 0.9601432085037231 -0.16629377007484436 0.19388101994991302 0.11349695175886154
office/seq-07/frame-000443.color.png 0.8174593448638916 -1.139948844909668 0.12376312166452408 0.960172712802887 -0.16683393716812134 0.19165436923503876 0.1162041500210762
office/seq-07/frame-000444.color.png 0.8186289668083191 -1.1441740989685059 0.1344401240348816 0.954372227191925 -0.16476188600063324 0.21760967373847961 0.12113342434167862
office/seq-07/frame-000445.color.png 0.8132995367050171 -1.1657683849334717 0.14236125349998474 0.9491595029830933 -0.1622224748134613 0.23410242795944214 0.13407473266124725
office/seq-07/frame-000446.color.png 0.8191545009613037 -1.1590007543563843 0.13634037971496582 0.9428383708000183 -0.16296915709972382 0.2559906840324402 0.13771556317806244
office/seq-07/frame-000447.color.png 0.8099074959754944 -1.1542762517929077 0.12895214557647705 0.9427899122238159 -0.15715309977531433 0.2557024657726288 0.14514198899269104
office/seq-07/frame-000448.color.png 0.7971453666687012 -1.152897834777832 0.13985219597816467 0.9399929046630859 -0.16731350123882294 0.2598039507865906 0.14464281499385834
office/seq-07/frame-000449.color.png 0.8024576902389526 -1.1610758304595947 0.1411462426185608 0.9329642057418823 -0.16967733204364777 0.2773378789424896 0.15450333058834076
office/seq-07/frame-000450.color.png 0.7959507703781128 -1.172108769416809 0.1486101746559143 0.9338681101799011 -0.16367551684379578 0.27468279004096985 0.1601565182209015
office/seq-07/frame-000451.color.png 0.7866941094398499 -1.160068392753601 0.1351911425590515 0.9304577112197876 -0.16951194405555725 0.2843899428844452 0.1569603830575943
office/seq-07/frame-000452.color.png 0.7853924036026001 -1.1497776508331299 0.12941676378250122 0.9269197583198547 -0.16903449594974518 0.2912020683288574 0.16567566990852356
office/seq-07/frame-000453.color.png 0.7691338062286377 -1.1899553537368774 0.15243378281593323 0.9286110997200012 -0.1730065643787384 0.28555721044540405 0.16188699007034302
office/seq-07/frame-000454.color.png 0.7212809324264526 -1.2184242010116577 0.17024797201156616 0.9272061586380005 -0.1716460883617401 0.2881052494049072 0.16679877042770386
office/seq-07/frame-000455.color.png 0.7361389994621277 -1.207468867301941 0.1695270836353302 0.9224949479103088 -0.17588971555233002 0.29860126972198486 0.17000924050807953
office/seq-07/frame-000456.color.png 0.764393150806427 -1.1781716346740723 0.15657782554626465 0.9161987900733948 -0.17781350016593933 0.31456324458122253 0.17323996126651764
office/seq-07/frame-000457.color.png 0.7421926259994507 -1.1926077604293823 0.16594600677490234 0.9129011034965515 -0.1719341278076172 0.32410579919815063 0.17890077829360962
office/seq-07/frame-000458.color.png 0.7308172583580017 -1.1865700483322144 0.17872315645217896 0.9154595732688904 -0.16480055451393127 0.32091301679611206 0.17829537391662598
office/seq-07/frame-000459.color.png 0.7311105132102966 -1.1965148448944092 0.17317751049995422 0.9080514311790466 -0.17135795950889587 0.3352653980255127 0.1835108995437622
office/seq-07/frame-000460.color.png 0.7267596125602722 -1.1974021196365356 0.16799190640449524 0.9001979231834412 -0.17463992536067963 0.3524448275566101 0.18688848614692688
office/seq-07/frame-000461.color.png 0.7144854664802551 -1.2059385776519775 0.17557072639465332 0.8981481790542603 -0.1756577342748642 0.3552463948726654 0.19045746326446533
office/seq-07/frame-000462.color.png 0.7039430141448975 -1.2176414728164673 0.20132943987846375 0.904369056224823 -0.17369487881660461 0.3424443304538727 0.1862216293811798
office/seq-07/frame-000463.color.png 0.7222832441329956 -1.2002862691879272 0.18942683935165405 0.8938774466514587 -0.18006780743598938 0.3631495535373688 0.1915229707956314
office/seq-07/frame-000464.color.png 0.7133285403251648 -1.2053247690200806 0.18591150641441345 0.8902056813240051 -0.17902551591396332 0.37055957317352295 0.19537009298801422
office/seq-07/frame-000465.color.png 0.679297685623169 -1.2268906831741333 0.20782333612442017 0.8874083757400513 -0.18133334815502167 0.37379908561706543 0.1997472494840622
office/seq-07/frame-000466.color.png 0.6511476039886475 -1.235954761505127 0.22892248630523682 0.898531436920166 -0.17803499102592468 0.35086116194725037 0.19452868402004242
office/seq-07/frame-000467.color.png 0.6601356863975525 -1.232624888420105 0.22725573182106018 0.8948535919189453 -0.18693196773529053 0.35634610056877136 0.19316035509109497
office/seq-07/frame-000468.color.png 0.6604035496711731 -1.2319183349609375 0.22999140620231628 0.8918730020523071 -0.189796581864357 0.3613203465938568 0.19490322470664978
office/seq-07/frame-000469.color.png 0.6440486311912537 -1.2492963075637817 0.24831774830818176 0.8953545689582825 -0.18808235228061676 0.3537867069244385 0.19442284107208252
office/seq-07/frame-000470.color.png 0.6635433435440063 -1.2357608079910278 0.24687618017196655 0.8925385475158691 -0.19236820936203003 0.35837700963020325 0.19476941227912903
office/seq-07/frame-000471.color.png 0.6418473720550537 -1.2356665134429932 0.279543399810791 0.8814312815666199 -0.18242104351520538 0.3847733438014984 0.20433105528354645
office/seq-07/frame-000472.color.png 0.645429253578186 -1.2463433742523193 0.2798846662044525 0.8862947225570679 -0.18030394613742828 0.37484416365623474 0.2036268562078476
office/seq-07/frame-000473.color.png 0.6402069330215454 -1.2660691738128662 0.29025134444236755 0.8791092038154602 -0.17304706573486328 0.3910791277885437 0.2104259431362152
office/seq-07/frame-000474.color.png 0.6407694816589355 -1.2652347087860107 0.29676762223243713 0.8718457221984863 -0.18209083378314972 0.40362587571144104 0.20931848883628845
office/seq-07/frame-000475.color.png 0.6579016447067261 -1.2625939846038818 0.2859449088573456 0.878340482711792 -0.18023890256881714 0.3900839388370514 0.20944303274154663
office/seq-07/frame-000476.color.png 0.6375554203987122 -1.271160364151001 0.2899598479270935 0.8707506656646729 -0.18648749589920044 0.40292978286743164 0.21133694052696228
office/seq-07/frame-000477.color.png 0.6331657767295837 -1.2768357992172241 0.30218109488487244 0.8712465167045593 -0.18905526399612427 0.40234503149986267 0.20810134708881378
office/seq-07/frame-000478.color.png 0.6411439180374146 -1.2776565551757812 0.2950736880302429 0.8658568859100342 -0.18465033173561096 0.4148361086845398 0.21001698076725006
office/seq-07/frame-000479.color.png 0.6462506055831909 -1.266867995262146 0.26763951778411865 0.8632009625434875 -0.1818593591451645 0.4180009067058563 0.2169942408800125
office/seq-07/frame-000480.color.png 0.6555803418159485 -1.2822738885879517 0.27186405658721924 0.8634270429611206 -0.1846124529838562 0.41676002740859985 0.21615557372570038
office/seq-07/frame-000481.color.png 0.6464414596557617 -1.2873632907867432 0.27353304624557495 0.8599552512168884 -0.18394500017166138 0.4222504496574402 0.21987667679786682
office/seq-07/frame-000482.color.png 0.6332444548606873 -1.2938419580459595 0.28542643785476685 0.8599188923835754 -0.17800770699977875 0.4239666759967804 0.22159674763679504
office/seq-07/frame-000483.color.png 0.6583259105682373 -1.2781684398651123 0.24197125434875488 0.8554562330245972 -0.17588064074516296 0.4303151071071625 0.2282310426235199
office/seq-07/frame-000484.color.png 0.6325072050094604 -1.3033982515335083 0.2562192678451538 0.8566123247146606 -0.1785781979560852 0.4280512034893036 0.22604705393314362
office/seq-07/frame-000485.color.png 0.6285732984542847 -1.3050109148025513 0.2540788948535919 0.8529354333877563 -0.1763271987438202 0.43604880571365356 0.2264317125082016
office/seq-07/frame-000486.color.png 0.6189418435096741 -1.3081549406051636 0.2598446011543274 0.8524947762489319 -0.169592022895813 0.4388905465602875 0.22774198651313782
office/seq-07/frame-000487.color.png 0.6080079078674316 -1.3185241222381592 0.26156190037727356 0.8516753911972046 -0.166343554854393 0.4392630159854889 0.23243670165538788
office/seq-07/frame-000488.color.png 0.6042518615722656 -1.3310704231262207 0.26247334480285645 0.848736047744751 -0.17215415835380554 0.4439103901386261 0.23011654615402222
office/seq-07/frame-000489.color.png 0.6298028230667114 -1.3126051425933838 0.2626599669456482 0.8486645817756653 -0.17603154480457306 0.4428304433822632 0.22952675819396973
office/seq-07/frame-000490.color.png 0.6225427389144897 -1.3197842836380005 0.26773419976234436 0.8448996543884277 -0.17413538694381714 0.4503399133682251 0.2302507907152176
office/seq-07/frame-000491.color.png 0.6070173382759094 -1.3389588594436646 0.2656411826610565 0.846905529499054 -0.16862498223781586 0.4492643475532532 0.22908128798007965
office/seq-07/frame-000492.color.png 0.5998737215995789 -1.3441441059112549 0.25893035531044006 0.8405110836029053 -0.16152766346931458 0.4569966197013855 0.24208272993564606
office/seq-07/frame-000493.color.png 0.6102595925331116 -1.343186378479004 0.2601921856403351 0.8308477997779846 -0.16044528782367706 0.4728834331035614 0.24562275409698486
office/seq-07/frame-000494.color.png 0.6036566495895386 -1.348125696182251 0.26296573877334595 0.8305854201316833 -0.16266556084156036 0.47371968626976013 0.24342848360538483
office/seq-07/frame-000495.color.png 0.5956215858459473 -1.3452770709991455 0.2662951946258545 0.8341589570045471 -0.1661670058965683 0.46755388379096985 0.24075056612491608
office/seq-07/frame-000496.color.png 0.5926847457885742 -1.355878472328186 0.27586886286735535 0.8237834572792053 -0.1622680425643921 0.48165011405944824 0.25112393498420715
office/seq-07/frame-000497.color.png 0.5988894701004028 -1.3581243753433228 0.28303292393684387 0.8222697973251343 -0.1636246144771576 0.4814338684082031 0.25557926297187805
office/seq-07/frame-000498.color.png 0.598283052444458 -1.3530247211456299 0.2746866047382355 0.821117639541626 -0.16272081434726715 0.4830390214920044 0.25682875514030457
office/seq-07/frame-000499.color.png 0.5870929956436157 -1.359288215637207 0.2798973619937897 0.8228304386138916 -0.1633216142654419 0.4815683662891388 0.2537085711956024
office/seq-07/frame-000500.color.png 0.6003533601760864 -1.3575026988983154 0.2776051163673401 0.8145287036895752 -0.16706526279449463 0.49231594800949097 0.25740477442741394
office/seq-07/frame-000501.color.png 0.5933936238288879 -1.3595831394195557 0.27341610193252563 0.810575008392334 -0.15974493324756622 0.4984777867794037 0.26262083649635315
office/seq-07/frame-000502.color.png 0.5761077404022217 -1.3658215999603271 0.2852838337421417 0.8068374991416931 -0.15504762530326843 0.49663856625556946 0.2798634171485901
office/seq-07/frame-000503.color.png 0.5850375294685364 -1.3612849712371826 0.2864435911178589 0.8028743863105774 -0.15278351306915283 0.5025023818016052 0.28203052282333374
office/seq-07/frame-000504.color.png 0.578349232673645 -1.3626174926757812 0.27785468101501465 0.7978917360305786 -0.15794534981250763 0.5117676258087158 0.27661505341529846
office/seq-07/frame-000505.color.png 0.5846129059791565 -1.3549704551696777 0.2684912383556366 0.8008110523223877 -0.16052034497261047 0.506912887096405 0.27563396096229553
office/seq-07/frame-000506.color.png 0.5770432353019714 -1.3686652183532715 0.3083704710006714 0.8001779317855835 -0.16000257432460785 0.5031898021697998 0.2844548523426056
office/seq-07/frame-000507.color.png 0.5599033832550049 -1.374579906463623 0.32548603415489197 0.794265866279602 -0.1556793600320816 0.5075963735580444 0.2953836917877197
office/seq-07/frame-000508.color.png 0.5620154142379761 -1.3689955472946167 0.3073366582393646 0.794455885887146 -0.15542881190776825 0.5091806650161743 0.29226154088974
office/seq-07/frame-000509.color.png 0.5562599897384644 -1.3732037544250488 0.3048570454120636 0.7900815010070801 -0.1588515341281891 0.5202951431274414 0.28254252672195435
office/seq-07/frame-000510.color.png 0.5784943699836731 -1.3614758253097534 0.3062158524990082 0.7879480123519897 -0.16939720511436462 0.5171929597854614 0.28801703453063965
office/seq-07/frame-000511.color.png 0.5825867056846619 -1.3744934797286987 0.3282932639122009 0.7986710667610168 -0.15602774918079376 0.5017220973968506 0.29335084557533264
office/seq-07/frame-000512.color.png 0.5674660205841064 -1.3619587421417236 0.3239135146141052 0.7902359962463379 -0.16063489019870758 0.5155410170555115 0.28972601890563965
office/seq-07/frame-000513.color.png 0.5700687170028687 -1.365423560142517 0.3227987289428711 0.7857787013053894 -0.15966814756393433 0.5186182856559753 0.2968047261238098
office/seq-07/frame-000514.color.png 0.5669764876365662 -1.374120831489563 0.32848575711250305 0.7832331657409668 -0.1581266075372696 0.5209004878997803 0.3003406822681427
office/seq-07/frame-000515.color.png 0.5543214678764343 -1.3749982118606567 0.3407353162765503 0.787440836429596 -0.1620360165834427 0.520835816860199 0.28707388043403625
office/seq-07/frame-000516.color.png 0.5541411638259888 -1.373595952987671 0.34407445788383484 0.7880614995956421 -0.15878599882125854 0.518183708190918 0.2919445037841797
office/seq-07/frame-000517.color.png 0.5546438694000244 -1.3754329681396484 0.3383203446865082 0.7877881526947021 -0.1605329066514969 0.5199626684188843 0.2885444760322571
office/seq-07/frame-000518.color.png 0.5826409459114075 -1.354140281677246 0.3259207010269165 0.788564145565033 -0.1599852740764618 0.5194211602210999 0.2877028286457062
office/seq-07/frame-000519.color.png 0.5680503249168396 -1.3724511861801147 0.3394544720649719 0.7898608446121216 -0.15932011604309082 0.5205639004707336 0.28240057826042175
office/seq-07/frame-000520.color.png 0.5701888799667358 -1.382354497909546 0.34366437792778015 0.7955194711685181 -0.15761974453926086 0.5110986232757568 0.28475087881088257
office/seq-07/frame-000521.color.png 0.5770077109336853 -1.3832944631576538 0.34164610505104065 0.7985842823982239 -0.15279607474803925 0.5065585374832153 0.28690579533576965
office/seq-07/frame-000522.color.png 0.5787473917007446 -1.3805325031280518 0.3444608449935913 0.7915025949478149 -0.15696927905082703 0.5203583836555481 0.27948427200317383
office/seq-07/frame-000523.color.png 0.5724241137504578 -1.3760755062103271 0.3293206989765167 0.7896385788917542 -0.15681740641593933 0.5204954743385315 0.2845412790775299
office/seq-07/frame-000524.color.png 0.541020393371582 -1.3836867809295654 0.3524472713470459 0.7915846109390259 -0.15228402614593506 0.517508327960968 0.28703388571739197
office/seq-07/frame-000525.color.png 0.5496295690536499 -1.3691706657409668 0.3506670594215393 0.792415201663971 -0.14901891350746155 0.5170547962188721 0.2872735261917114
office/seq-07/frame-000526.color.png 0.5530353784561157 -1.3672126531600952 0.345674991607666 0.7875868082046509 -0.15013247728347778 0.5243106484413147 0.28681981563568115
office/seq-07/frame-000527.color.png 0.5565858483314514 -1.3752185106277466 0.3610972464084625 0.7847616076469421 -0.14685414731502533 0.5232937335968018 0.2979039251804352
office/seq-07/frame-000528.color.png 0.5459330677986145 -1.3806896209716797 0.3744790554046631 0.7833429574966431 -0.14574278891086578 0.5289002656936646 0.29222795367240906
office/seq-07/frame-000529.color.png 0.5463439226150513 -1.3691641092300415 0.37772926688194275 0.7849332690238953 -0.13437779247760773 0.5268954634666443 0.29699069261550903
office/seq-07/frame-000530.color.png 0.536960244178772 -1.3683441877365112 0.3846571445465088 0.7863285541534424 -0.1329377293586731 0.5265297889709473 0.2945866882801056
office/seq-07/frame-000531.color.png 0.5218394994735718 -1.3750340938568115 0.39301055669784546 0.7868385910987854 -0.13414856791496277 0.5289428234100342 0.2882859408855438
office/seq-07/frame-000532.color.png 0.5236207842826843 -1.374970555305481 0.39773786067962646 0.7860761880874634 -0.13319067656993866 0.5294724702835083 0.2898333668708801
office/seq-07/frame-000533.color.png 0.5107539892196655 -1.3753232955932617 0.4143073260784149 0.7911022305488586 -0.1294550895690918 0.5229053497314453 0.28977376222610474
office/seq-07/frame-000534.color.png 0.5008708238601685 -1.3614206314086914 0.4155033826828003 0.7918990254402161 -0.13081824779510498 0.5247902870178223 0.28350943326950073
office/seq-07/frame-000535.color.png 0.4927210807800293 -1.3392319679260254 0.41754671931266785 0.7814669013023376 -0.13643145561218262 0.5431700944900513 0.27506768703460693
office/seq-07/frame-000536.color.png 0.462149441242218 -1.332639217376709 0.44276249408721924 0.7856417894363403 -0.13652941584587097 0.5387053489685059 0.27188828587532043
office/seq-07/frame-000537.color.png 0.4460342228412628 -1.3194375038146973 0.4404538571834564 0.7866280674934387 -0.13613557815551758 0.5370393395423889 0.27252915501594543
office/seq-07/frame-000538.color.png 0.4400229752063751 -1.30930495262146 0.4373621940612793 0.7833256721496582 -0.1367005854845047 0.5433177947998047 0.2692948579788208
office/seq-07/frame-000539.color.png 0.45810624957084656 -1.301282525062561 0.4448491334915161 0.7827120423316956 -0.1353851705789566 0.5393095016479492 0.27960333228111267
office/seq-07/frame-000540.color.png 0.46614235639572144 -1.2961677312850952 0.48555269837379456 0.7696876525878906 -0.13850943744182587 0.5573660135269165 0.27881747484207153
office/seq-07/frame-000541.color.png 0.47462597489356995 -1.3063163757324219 0.4634629786014557 0.7749214172363281 -0.13738539814949036 0.5487990379333496 0.28185415267944336
office/seq-07/frame-000542.color.png 0.4736833870410919 -1.3074227571487427 0.4739120304584503 0.7736795544624329 -0.13228149712085724 0.5528407096862793 0.2798011302947998
office/seq-07/frame-000543.color.png 0.47651001811027527 -1.3176841735839844 0.45568764209747314 0.7696104049682617 -0.1317214071750641 0.5589148998260498 0.2792194187641144
office/seq-07/frame-000544.color.png 0.47699806094169617 -1.3027750253677368 0.43066030740737915 0.7780687212944031 -0.12761782109737396 0.5502488613128662 0.2748616635799408
office/seq-07/frame-000545.color.png 0.45496079325675964 -1.305516004562378 0.45624518394470215 0.773792028427124 -0.12798446416854858 0.5645159482955933 0.2572695314884186
office/seq-07/frame-000546.color.png 0.46675997972488403 -1.3282047510147095 0.4809528887271881 0.7670686841011047 -0.12835638225078583 0.5730633735656738 0.2583189606666565
office/seq-07/frame-000547.color.png 0.4583089351654053 -1.3127942085266113 0.4662218391895294 0.7748040556907654 -0.12254787981510162 0.5726385116577148 0.23821425437927246
office/seq-07/frame-000548.color.png 0.4488883316516876 -1.3229433298110962 0.4589199721813202 0.7772505879402161 -0.11722633242607117 0.5684738755226135 0.24285170435905457
office/seq-07/frame-000549.color.png 0.44873982667922974 -1.337821364402771 0.45631837844848633 0.7771130800247192 -0.11928316205739975 0.5679826140403748 0.24343876540660858
office/seq-07/frame-000550.color.png 0.43228787183761597 -1.318785309791565 0.43969783186912537 0.7825892567634583 -0.10852415859699249 0.5693353414535522 0.2272312343120575
office/seq-07/frame-000551.color.png 0.39983391761779785 -1.3075412511825562 0.4455814063549042 0.7798993587493896 -0.11149711906909943 0.5707950592041016 0.23134034872055054
office/seq-07/frame-000552.color.png 0.3893120586872101 -1.335334300994873 0.45959872007369995 0.7819126844406128 -0.10516221821308136 0.5685243606567383 0.2330956906080246
office/seq-07/frame-000553.color.png 0.3648563623428345 -1.3349500894546509 0.4623901844024658 0.7806680798530579 -0.10310924053192139 0.5717525482177734 0.23027147352695465
office/seq-07/frame-000554.color.png 0.35773175954818726 -1.3307335376739502 0.46325233578681946 0.7862061262130737 -0.10103674232959747 0.5655225515365601 0.22771838307380676
office/seq-07/frame-000555.color.png 0.34563499689102173 -1.2977190017700195 0.481669545173645 0.7815453410148621 -0.09866642206907272 0.5724151134490967 0.22758032381534576
office/seq-07/frame-000556.color.png 0.3556474447250366 -1.2839735746383667 0.4893607497215271 0.7818114757537842 -0.09983550757169724 0.5720144510269165 0.22716309130191803
office/seq-07/frame-000557.color.png 0.34042391180992126 -1.2688195705413818 0.5016522407531738 0.7891677021980286 -0.10063005983829498 0.5622950792312622 0.22563718259334564
office/seq-07/frame-000558.color.png 0.34892725944519043 -1.257079005241394 0.5015611052513123 0.7940915822982788 -0.09579933434724808 0.5550536513328552 0.2283778041601181
office/seq-07/frame-000559.color.png 0.34139153361320496 -1.2217415571212769 0.5423502326011658 0.783072829246521 -0.09855625033378601 0.572050154209137 0.22325362265110016
office/seq-07/frame-000560.color.png 0.31211408972740173 -1.2162920236587524 0.5547959208488464 0.7857649922370911 -0.09659600257873535 0.5662173628807068 0.22943530976772308
office/seq-07/frame-000561.color.png 0.2971242666244507 -1.2241778373718262 0.5970777869224548 0.7779576778411865 -0.10285890847444534 0.5756759643554688 0.22978070378303528
office/seq-07/frame-000562.color.png 0.28246358036994934 -1.1947648525238037 0.6274889707565308 0.7813097834587097 -0.09642796963453293 0.5758781433105469 0.2205018401145935
office/seq-07/frame-000563.color.png 0.27110591530799866 -1.1974050998687744 0.6325014233589172 0.7849599719047546 -0.0926939994096756 0.5719321370124817 0.21940664947032928
office/seq-07/frame-000564.color.png 0.2694169878959656 -1.1939446926116943 0.6429978013038635 0.7804344892501831 -0.10324777662754059 0.5737043023109436 0.22610890865325928
office/seq-07/frame-000565.color.png 0.23587122559547424 -1.1365233659744263 0.6194912791252136 0.7773246765136719 -0.09253212809562683 0.5837938189506531 0.21538110077381134
office/seq-07/frame-000566.color.png 0.24811717867851257 -1.132971167564392 0.6185317635536194 0.7817972302436829 -0.09169226139783859 0.57769775390625 0.21598832309246063
office/seq-07/frame-000567.color.png 0.24551229178905487 -1.118042230606079 0.6371795535087585 0.7783036231994629 -0.09394987672567368 0.5846930146217346 0.20868881046772003
office/seq-07/frame-000568.color.png 0.2183111160993576 -1.108730673789978 0.6344172954559326 0.7828476428985596 -0.09394881129264832 0.5791942477226257 0.20701977610588074
office/seq-07/frame-000569.color.png 0.2140718549489975 -1.1228257417678833 0.6256042718887329 0.7890623807907104 -0.09239012748003006 0.5709179043769836 0.20711666345596313
office/seq-07/frame-000570.color.png 0.1926078051328659 -1.0994701385498047 0.6550849080085754 0.7925040125846863 -0.09114374965429306 0.5692582726478577 0.19893503189086914
office/seq-07/frame-000571.color.png 0.15365447103977203 -1.0948210954666138 0.6723864078521729 0.7997720241546631 -0.09118058532476425 0.5604590773582458 0.19477277994155884
office/seq-07/frame-000572.color.png 0.15531015396118164 -1.0801588296890259 0.6777918338775635 0.7955200672149658 -0.09043438732624054 0.5698491334915161 0.18504416942596436
office/seq-07/frame-000573.color.png 0.14268732070922852 -1.0940425395965576 0.6770382523536682 0.7990339994430542 -0.08371496945619583 0.566786527633667 0.1824541985988617
office/seq-07/frame-000574.color.png 0.1045423150062561 -1.0873501300811768 0.6827372908592224 0.8028983473777771 -0.08362198621034622 0.5601182579994202 0.1860891431570053
office/seq-07/frame-000575.color.png 0.04610559344291687 -1.0793547630310059 0.6491235494613647 0.8054477572441101 -0.08492354303598404 0.5581744313240051 0.18023158609867096
office/seq-07/frame-000576.color.png 0.04850625991821289 -1.0572444200515747 0.6632930636405945 0.8070507645606995 -0.08345027267932892 0.5556488633155823 0.18154743313789368
office/seq-07/frame-000577.color.png 0.024793606251478195 -1.0483076572418213 0.6664261221885681 0.812667727470398 -0.08272423595190048 0.5480661988258362 0.1798645704984665
office/seq-07/frame-000578.color.png 0.00942118838429451 -1.039544701576233 0.6681542992591858 0.8063757419586182 -0.08586737513542175 0.5592527389526367 0.1721087545156479
office/seq-07/frame-000579.color.png -0.011114068329334259 -1.0615012645721436 0.6671873331069946 0.8089983463287354 -0.08843991160392761 0.5533590912818909 0.17746509611606598
office/seq-07/frame-000580.color.png -0.06128570809960365 -1.0314306020736694 0.6776465177536011 0.811599850654602 -0.08758093416690826 0.5530344843864441 0.16669785976409912
office/seq-07/frame-000581.color.png -0.06233403459191322 -1.0225199460983276 0.6539005041122437 0.8121364116668701 -0.09403527528047562 0.552331268787384 0.16285552084445953
office/seq-07/frame-000582.color.png -0.0983572006225586 -1.0242762565612793 0.6533483266830444 0.8158764839172363 -0.0846763476729393 0.5469675660133362 0.1673380583524704
office/seq-07/frame-000583.color.png -0.10610789060592651 -1.0085159540176392 0.6254780888557434 0.8104152679443359 -0.0903669148683548 0.5556089878082275 0.16235646605491638
office/seq-07/frame-000584.color.png -0.10845309495925903 -1.0055433511734009 0.6152169704437256 0.8179925680160522 -0.08846665173768997 0.5469660758972168 0.15456324815750122
office/seq-07/frame-000585.color.png -0.12958300113677979 -0.9979321956634521 0.6356961727142334 0.8132553100585938 -0.09778226166963577 0.5530824661254883 0.15216493606567383
office/seq-07/frame-000586.color.png -0.12670652568340302 -1.0000687837600708 0.6222910284996033 0.8118661046028137 -0.1050591915845871 0.5529195070266724 0.15529336035251617
office/seq-07/frame-000587.color.png -0.14079749584197998 -0.9927997589111328 0.6273347735404968 0.8084542751312256 -0.10499542206525803 0.5598768591880798 0.14803971350193024
office/seq-07/frame-000588.color.png -0.164950430393219 -0.9832663536071777 0.6260662078857422 0.809971272945404 -0.1018272414803505 0.5581988096237183 0.14829662442207336
office/seq-07/frame-000589.color.png -0.19320915639400482 -0.9683994650840759 0.6139625906944275 0.8102564811706543 -0.10572358965873718 0.5570558905601501 0.14830902218818665
office/seq-07/frame-000590.color.png -0.18201328814029694 -0.941220760345459 0.6203312873840332 0.8174718618392944 -0.11005561053752899 0.5491309762001038 0.13447228074073792
office/seq-07/frame-000591.color.png -0.19136859476566315 -0.9548887014389038 0.6067922711372375 0.8261133432388306 -0.1076165959239006 0.5381653308868408 0.1278027445077896
office/seq-07/frame-000592.color.png -0.1931234896183014 -0.9437284469604492 0.6038410067558289 0.822253406047821 -0.11475646495819092 0.5423344969749451 0.12885499000549316
office/seq-07/frame-000593.color.png -0.2172645628452301 -0.9323691725730896 0.6013815402984619 0.8256193995475769 -0.11702003329992294 0.5381009578704834 0.1229078397154808
office/seq-07/frame-000594.color.png -0.218687504529953 -0.9406724572181702 0.5709269642829895 0.8319647312164307 -0.115941122174263 0.5291517972946167 0.11996101588010788
office/seq-07/frame-000595.color.png -0.2240588366985321 -0.9417813420295715 0.5861498713493347 0.8399300575256348 -0.11223708838224411 0.5171255469322205 0.12042143940925598
office/seq-07/frame-000596.color.png -0.24008163809776306 -0.9380548000335693 0.5708078742027283 0.8442891836166382 -0.111759252846241 0.5107148289680481 0.11771168559789658
office/seq-07/frame-000597.color.png -0.25429949164390564 -0.9329564571380615 0.5825945734977722 0.8544216752052307 -0.10938137769699097 0.49258965253829956 0.12391389161348343
office/seq-07/frame-000598.color.png -0.24475324153900146 -0.9192088842391968 0.5792481899261475 0.8511107563972473 -0.11280350387096405 0.4984600245952606 0.12009743601083755
office/seq-07/frame-000599.color.png -0.24025163054466248 -0.9256542325019836 0.5660899877548218 0.8526750206947327 -0.11166399717330933 0.49748316407203674 0.1139603704214096
office/seq-07/frame-000600.color.png -0.24047383666038513 -0.9121278524398804 0.5502461791038513 0.8586714267730713 -0.10660345107316971 0.48900988698005676 0.11040081083774567
office/seq-07/frame-000601.color.png -0.23352444171905518 -0.909555971622467 0.5461391806602478 0.8668986558914185 -0.10892371833324432 0.47477567195892334 0.10587935149669647
office/seq-07/frame-000602.color.png -0.22549709677696228 -0.9072539806365967 0.537171483039856 0.8686665892601013 -0.10279041528701782 0.4727637767791748 0.10652154684066772
office/seq-07/frame-000603.color.png -0.26206985116004944 -0.9040519595146179 0.5491207242012024 0.8770254254341125 -0.10087228566408157 0.4575886130332947 0.10613185912370682
office/seq-07/frame-000604.color.png -0.2419925332069397 -0.9149419069290161 0.562698245048523 0.8861553072929382 -0.10250146687030792 0.44042059779167175 0.10125128924846649
office/seq-07/frame-000605.color.png -0.24604329466819763 -0.8963227272033691 0.5528751015663147 0.8832945227622986 -0.11001932621002197 0.4443209171295166 0.10131895542144775
office/seq-07/frame-000606.color.png -0.28422829508781433 -0.8477292060852051 0.5488879084587097 0.9112424254417419 -0.09237784892320633 0.3905312418937683 0.09267634898424149
office/seq-07/frame-000607.color.png -0.2991417944431305 -0.8541544675827026 0.5511209964752197 0.91151362657547 -0.10229357331991196 0.3865838646888733 0.09608206897974014
office/seq-07/frame-000608.color.png -0.28218671679496765 -0.8495176434516907 0.5593643188476562 0.9127699732780457 -0.10160308331251144 0.38452059030532837 0.09312181919813156
office/seq-07/frame-000609.color.png -0.26488909125328064 -0.8355490565299988 0.5519209504127502 0.9179075360298157 -0.1041121780872345 0.372858464717865 0.08707879483699799
office/seq-07/frame-000610.color.png -0.26942721009254456 -0.8301120400428772 0.5663210153579712 0.9129710793495178 -0.10834433138370514 0.3828628361225128 0.0903395339846611
office/seq-07/frame-000611.color.png -0.2348308563232422 -0.8149665594100952 0.5797263979911804 0.9265305995941162 -0.10699044913053513 0.34747540950775146 0.09672132134437561
office/seq-07/frame-000612.color.png -0.2814979553222656 -0.7383827567100525 0.6013744473457336 0.9284067153930664 -0.11972775310277939 0.3403782546520233 0.08870658278465271
office/seq-07/frame-000613.color.png -0.2928863763809204 -0.7365443706512451 0.5857440233230591 0.9344258308410645 -0.11011072993278503 0.32755234837532043 0.08621852099895477
office/seq-07/frame-000614.color.png -0.2656048536300659 -0.793504536151886 0.6100457906723022 0.9482361674308777 -0.11682317405939102 0.281873881816864 0.0880211666226387
office/seq-07/frame-000615.color.png -0.27829262614250183 -0.7641389966011047 0.6048232913017273 0.9441775679588318 -0.11853717267513275 0.29523417353630066 0.08552408218383789
office/seq-07/frame-000616.color.png -0.2591229975223541 -0.742276132106781 0.6020557284355164 0.9409714341163635 -0.11691170185804367 0.3053950369358063 0.08739660680294037
office/seq-07/frame-000617.color.png -0.24155518412590027 -0.7259101867675781 0.6122815012931824 0.9476745128631592 -0.12255991250276566 0.2812322974205017 0.08832011371850967
office/seq-07/frame-000618.color.png -0.2539413869380951 -0.7207044363021851 0.5972993969917297 0.9452857375144958 -0.11395052820444107 0.2944088876247406 0.08230260014533997
office/seq-07/frame-000619.color.png -0.2911726236343384 -0.7122282385826111 0.6026955246925354 0.9527290463447571 -0.10805363208055496 0.2731020748615265 0.07776088267564774
office/seq-07/frame-000620.color.png -0.3020780682563782 -0.6811659932136536 0.653818666934967 0.9503822922706604 -0.11165428906679153 0.2829996645450592 0.0649464949965477
office/seq-07/frame-000621.color.png -0.2897244989871979 -0.6938543319702148 0.649898111820221 0.9585770964622498 -0.10513728111982346 0.2568950653076172 0.06388302892446518
office/seq-07/frame-000622.color.png -0.2872130572795868 -0.6944969892501831 0.6786938905715942 0.9638450145721436 -0.10865738242864609 0.23463572561740875 0.06436242163181305
office/seq-07/frame-000623.color.png -0.3067391812801361 -0.6777324676513672 0.6608243584632874 0.9600046873092651 -0.10145319253206253 0.2531629204750061 0.06329917907714844
office/seq-07/frame-000624.color.png -0.28852665424346924 -0.6846845746040344 0.6728044152259827 0.9623935222625732 -0.10844516009092331 0.24155452847480774 0.0607445202767849
office/seq-07/frame-000625.color.png -0.24819007515907288 -0.6772276163101196 0.653106153011322 0.9660682678222656 -0.10224594920873642 0.22744691371917725 0.06727375835180283
office/seq-07/frame-000626.color.png -0.27100875973701477 -0.655271589756012 0.6788703799247742 0.9715385437011719 -0.09759411215782166 0.20651142299175262 0.06278061121702194
office/seq-07/frame-000627.color.png -0.2788574993610382 -0.6442741751670837 0.7187972664833069 0.9711694717407227 -0.1068500354886055 0.20270542800426483 0.06575267016887665
office/seq-07/frame-000628.color.png -0.2656823992729187 -0.649594783782959 0.6973497271537781 0.9709034562110901 -0.10210592299699783 0.21044348180294037 0.05132538452744484
office/seq-07/frame-000629.color.png -0.29222384095191956 -0.6344234943389893 0.7164095044136047 0.97374027967453 -0.10773476958274841 0.19454148411750793 0.04875095933675766
office/seq-07/frame-000630.color.png -0.2733526825904846 -0.6314194202423096 0.7315820455551147 0.9767069220542908 -0.1061352863907814 0.17910665273666382 0.051958102732896805
office/seq-07/frame-000631.color.png -0.25336334109306335 -0.6276536583900452 0.7326561212539673 0.978299617767334 -0.11087997257709503 0.16864503920078278 0.0468459352850914
office/seq-07/frame-000632.color.png -0.28875938057899475 -0.6503901481628418 0.7366641759872437 0.9806930422782898 -0.1145033910870552 0.14989419281482697 0.051594726741313934
office/seq-07/frame-000633.color.png -0.30087077617645264 -0.6681559085845947 0.759106457233429 0.9855232834815979 -0.11178179085254669 0.11814583092927933 0.04785699024796486
office/seq-07/frame-000634.color.png -0.2750307321548462 -0.6733390092849731 0.767223596572876 0.9875614643096924 -0.10308652371168137 0.10761868953704834 0.05013814941048622
office/seq-07/frame-000635.color.png -0.30296120047569275 -0.6928086280822754 0.7599895596504211 0.9857416749000549 -0.11031606793403625 0.11615418642759323 0.051497071981430054
office/seq-07/frame-000636.color.png -0.29147449135780334 -0.6846669316291809 0.7819080352783203 0.9893295168876648 -0.10447675734758377 0.08881320804357529 0.049234677106142044
office/seq-07/frame-000637.color.png -0.27990224957466125 -0.6971777677536011 0.7679781913757324 0.9921371340751648 -0.10266532003879547 0.0584896057844162 0.04126087576150894
office/seq-07/frame-000638.color.png -0.32683369517326355 -0.707142174243927 0.7826277017593384 0.9923497438430786 -0.1047389805316925 0.05750347301363945 0.031061982735991478
office/seq-07/frame-000639.color.png -0.3016357123851776 -0.6832870244979858 0.7893356680870056 0.9913835525512695 -0.11816415935754776 0.04271477833390236 0.0370333306491375
office/seq-07/frame-000640.color.png -0.28706973791122437 -0.6789400577545166 0.792235791683197 0.9910266399383545 -0.1283283233642578 0.024910157546401024 0.027884744107723236
office/seq-07/frame-000641.color.png -0.28105539083480835 -0.680184543132782 0.77329021692276 0.9911649227142334 -0.12614090740680695 0.02677580900490284 0.03104436956346035
office/seq-07/frame-000642.color.png -0.2636065185070038 -0.6861370205879211 0.7985490560531616 0.9906644821166992 -0.13214458525180817 0.01323262695223093 0.03076513484120369
office/seq-07/frame-000643.color.png -0.28251585364341736 -0.7203242778778076 0.8138658404350281 0.9899914860725403 -0.13675762712955475 0.02133898064494133 0.02754930593073368
office/seq-07/frame-000644.color.png -0.3234105110168457 -0.7154461741447449 0.8117201328277588 0.9889630079269409 -0.13782566785812378 0.046683378517627716 0.027872567996382713
office/seq-07/frame-000645.color.png -0.29824164509773254 -0.6939178705215454 0.8310638666152954 0.989376425743103 -0.1431872844696045 0.006633262149989605 0.024242350831627846
office/seq-07/frame-000646.color.png -0.2618968188762665 -0.7003612518310547 0.8279738426208496 0.9895185828208923 -0.14325694739818573 0.0042551117949187756 0.017676757648587227
office/seq-07/frame-000647.color.png -0.2944245934486389 -0.6903684735298157 0.8373546004295349 0.990006148815155 -0.13851021230220795 0.013510698452591896 0.022806204855442047
office/seq-07/frame-000648.color.png -0.2606104910373688 -0.7107760906219482 0.8585550785064697 0.9905478954315186 -0.1345691978931427 -0.015285149216651917 0.021737057715654373
office/seq-07/frame-000649.color.png -0.29424068331718445 -0.7016395926475525 0.8638032674789429 0.9895209670066833 -0.14328189194202423 0.0098490035161376 0.014886277727782726
office/seq-07/frame-000650.color.png -0.30308103561401367 -0.6791545748710632 0.8884372711181641 0.9917746186256409 -0.12783409655094147 0.0016716893296688795 0.0062398044392466545
office/seq-07/frame-000651.color.png -0.29676368832588196 -0.6826716065406799 0.8727368712425232 0.9916688203811646 -0.1254325807094574 -0.029163038358092308 0.0030612561386078596
office/seq-07/frame-000652.color.png -0.29676368832588196 -0.6826716065406799 0.8727368712425232 0.9916688203811646 -0.1254325807094574 -0.029163038358092308 0.0030612561386078596
office/seq-07/frame-000653.color.png -0.3031066060066223 -0.6790735721588135 0.9027942419052124 0.9916493892669678 -0.12570728361606598 -0.02877986989915371 -0.0010949462885037065
office/seq-07/frame-000654.color.png -0.3084404766559601 -0.6701529622077942 0.8914510607719421 0.9903174042701721 -0.13118575513362885 -0.044998783618211746 -0.006090939044952393
office/seq-07/frame-000655.color.png -0.34205934405326843 -0.6802513599395752 0.899352490901947 0.9902471303939819 -0.12507954239845276 -0.061006754636764526 -0.0066333310678601265
office/seq-07/frame-000656.color.png -0.34205934405326843 -0.6802513599395752 0.899352490901947 0.9902471303939819 -0.12507954239845276 -0.061006754636764526 -0.0066333310678601265
office/seq-07/frame-000657.color.png -0.33359089493751526 -0.6813246011734009 0.890867292881012 0.9918189644813538 -0.11618997156620026 -0.0518948920071125 -0.01010835263878107
office/seq-07/frame-000658.color.png -0.3537656366825104 -0.6802886724472046 0.8976825475692749 0.9907968640327454 -0.12314090132713318 -0.05528220906853676 -0.010098889470100403
office/seq-07/frame-000659.color.png -0.3537656366825104 -0.6802886724472046 0.8976825475692749 0.9907968640327454 -0.12314090132713318 -0.05528220906853676 -0.010098889470100403
office/seq-07/frame-000660.color.png -0.34930071234703064 -0.6840546727180481 0.924399197101593 0.9891800880432129 -0.12702886760234833 -0.07226018607616425 -0.012843934819102287
office/seq-07/frame-000661.color.png -0.3494735658168793 -0.6877800226211548 0.9239110350608826 0.990663468837738 -0.11870069801807404 -0.06423719972372055 -0.019230101257562637
office/seq-07/frame-000662.color.png -0.3418419361114502 -0.6887054443359375 0.9442931413650513 0.9895272254943848 -0.12322429567575455 -0.07362628728151321 -0.015195894986391068
office/seq-07/frame-000663.color.png -0.3418419361114502 -0.6887054443359375 0.9442931413650513 0.9895272254943848 -0.12322429567575455 -0.07362628728151321 -0.015195894986391068
office/seq-07/frame-000664.color.png -0.35079720616340637 -0.7165523767471313 0.9618698954582214 0.9870175719261169 -0.13616575300693512 -0.08153103291988373 -0.02465854212641716
office/seq-07/frame-000665.color.png -0.3728555142879486 -0.7123013734817505 0.9566494226455688 0.9870127439498901 -0.13483722507953644 -0.0823470801115036 -0.02904467098414898
office/seq-07/frame-000666.color.png -0.37350717186927795 -0.7074459791183472 0.956142783164978 0.9871924519538879 -0.1358671635389328 -0.07897390425205231 -0.027463072910904884
office/seq-07/frame-000667.color.png -0.37035343050956726 -0.7287794351577759 0.9773818254470825 0.9841402769088745 -0.14000247418880463 -0.10538040101528168 -0.027612600475549698
office/seq-07/frame-000668.color.png -0.37035343050956726 -0.7287794351577759 0.9773818254470825 0.9841402769088745 -0.14000247418880463 -0.10538040101528168 -0.027612600475549698
office/seq-07/frame-000669.color.png -0.37317368388175964 -0.7276875376701355 0.9713551998138428 0.9852129817008972 -0.1390257179737091 -0.09655056148767471 -0.02655908092856407
office/seq-07/frame-000670.color.png -0.39971092343330383 -0.7264662384986877 0.9805733561515808 0.9832574129104614 -0.147224560379982 -0.10352147370576859 -0.028517339378595352
office/seq-07/frame-000671.color.png -0.39971092343330383 -0.7264662384986877 0.9805733561515808 0.9832574129104614 -0.147224560379982 -0.10352147370576859 -0.028517339378595352
office/seq-07/frame-000672.color.png -0.39262655377388 -0.7320199012756348 0.9903684258460999 0.9834269285202026 -0.14162831008434296 -0.10915372520685196 -0.02997104823589325
office/seq-07/frame-000673.color.png -0.3981214165687561 -0.7359419465065002 0.9988180994987488 0.984896719455719 -0.13735415041446686 -0.10055191069841385 -0.03164828196167946
office/seq-07/frame-000674.color.png -0.42384642362594604 -0.749301552772522 0.9918593764305115 0.9833820462226868 -0.13698062300682068 -0.11377813667058945 -0.03536532446742058
office/seq-07/frame-000675.color.png -0.42384642362594604 -0.749301552772522 0.9918593764305115 0.9833820462226868 -0.13698062300682068 -0.11377813667058945 -0.03536532446742058
office/seq-07/frame-000676.color.png -0.40061697363853455 -0.749298632144928 0.9951438307762146 0.9849109053611755 -0.1272970288991928 -0.11173126101493835 -0.03552393615245819
office/seq-07/frame-000677.color.png -0.40712836384773254 -0.7620398998260498 1.012098789215088 0.9829012155532837 -0.13499759137630463 -0.11902055889368057 -0.03891993686556816
office/seq-07/frame-000678.color.png -0.4447740912437439 -0.7634730935096741 1.026152491569519 0.9821783304214478 -0.13098593056201935 -0.1286575198173523 -0.040198590606451035
office/seq-07/frame-000679.color.png -0.4225768744945526 -0.7610951662063599 1.0263855457305908 0.9816306829452515 -0.1449166089296341 -0.11738427728414536 -0.04026664420962334
office/seq-07/frame-000680.color.png -0.4225768744945526 -0.7610951662063599 1.0263855457305908 0.9816306829452515 -0.1449166089296341 -0.11738427728414536 -0.04026664420962334
office/seq-07/frame-000681.color.png -0.44296500086784363 -0.7470836043357849 1.0343605279922485 0.9801710247993469 -0.1469462513923645 -0.12311197817325592 -0.05015074089169502
office/seq-07/frame-000682.color.png -0.4721624553203583 -0.7520957589149475 1.0476670265197754 0.9793002009391785 -0.13815174996852875 -0.13733723759651184 -0.054986968636512756
office/seq-07/frame-000683.color.png -0.45839884877204895 -0.7530171871185303 1.0425752401351929 0.9782042503356934 -0.14119534194469452 -0.14228644967079163 -0.05417478457093239
office/seq-07/frame-000684.color.png -0.4619719088077545 -0.7523558735847473 1.0507620573043823 0.977645754814148 -0.14170196652412415 -0.14143167436122894 -0.06423696130514145
office/seq-07/frame-000685.color.png -0.4619719088077545 -0.7523558735847473 1.0507620573043823 0.977645754814148 -0.14170196652412415 -0.14143167436122894 -0.06423696130514145
office/seq-07/frame-000686.color.png -0.493234246969223 -0.7434936165809631 1.0587668418884277 0.9757665991783142 -0.14729659259319305 -0.14911696314811707 -0.06282787770032883
office/seq-07/frame-000687.color.png -0.47799524664878845 -0.7370454668998718 1.0353336334228516 0.9754821062088013 -0.14463824033737183 -0.15344852209091187 -0.06299097836017609
office/seq-07/frame-000688.color.png -0.49982813000679016 -0.744265079498291 1.0659940242767334 0.9716601967811584 -0.15113499760627747 -0.16933506727218628 -0.06603333353996277
office/seq-07/frame-000689.color.png -0.5096935629844666 -0.763191819190979 1.063530683517456 0.9728280901908875 -0.15278984606266022 -0.15995946526527405 -0.06836438179016113
office/seq-07/frame-000690.color.png -0.5161596536636353 -0.7522377371788025 1.0549591779708862 0.9704490303993225 -0.1376028209924698 -0.18568451702594757 -0.06939338147640228
office/seq-07/frame-000691.color.png -0.5161596536636353 -0.7522377371788025 1.0549591779708862 0.9704490303993225 -0.1376028209924698 -0.18568451702594757 -0.06939338147640228
office/seq-07/frame-000692.color.png -0.5156158208847046 -0.7941774725914001 1.0804872512817383 0.9729926586151123 -0.13359899818897247 -0.17357788980007172 -0.07285108417272568
office/seq-07/frame-000693.color.png -0.5198656320571899 -0.8063057661056519 1.0838849544525146 0.963740885257721 -0.148415207862854 -0.20604409277439117 -0.08199005573987961
office/seq-07/frame-000694.color.png -0.5447609424591064 -0.7888126969337463 1.0820802450180054 0.9625482559204102 -0.14899884164333344 -0.21197687089443207 -0.07978667318820953
office/seq-07/frame-000695.color.png -0.5407168865203857 -0.8007291555404663 1.1049281358718872 0.9576129913330078 -0.14861057698726654 -0.23011872172355652 -0.08909308910369873
office/seq-07/frame-000696.color.png -0.5407482385635376 -0.8435872793197632 1.111918568611145 0.9545328617095947 -0.15179535746574402 -0.23976653814315796 -0.09130832552909851
office/seq-07/frame-000697.color.png -0.5471285581588745 -0.8499974608421326 1.1115727424621582 0.9528795480728149 -0.1607646495103836 -0.24235279858112335 -0.08625863492488861
office/seq-07/frame-000698.color.png -0.5459804534912109 -0.8612887263298035 1.1073917150497437 0.9527397751808167 -0.1677749752998352 -0.23727276921272278 -0.08854452520608902
office/seq-07/frame-000699.color.png -0.5280939936637878 -0.8976757526397705 1.1121406555175781 0.9456564784049988 -0.1614672690629959 -0.2679999768733978 -0.08853460103273392
office/seq-07/frame-000700.color.png -0.5087396502494812 -0.8897466063499451 1.0874834060668945 0.9462581872940063 -0.1653740257024765 -0.26403045654296875 -0.08680318295955658
office/seq-07/frame-000701.color.png -0.4622374176979065 -0.8875192999839783 1.0938633680343628 0.9428576231002808 -0.15461964905261993 -0.28504326939582825 -0.07656820863485336
office/seq-07/frame-000702.color.png -0.497429758310318 -0.9091847538948059 1.088523507118225 0.9387630820274353 -0.15374210476875305 -0.29816532135009766 -0.07864252477884293
office/seq-07/frame-000703.color.png -0.5019449591636658 -0.9107564687728882 1.0834091901779175 0.9318355917930603 -0.15875481069087982 -0.3177020251750946 -0.07446304708719254
office/seq-07/frame-000704.color.png -0.5019449591636658 -0.9107564687728882 1.0834091901779175 0.9318355917930603 -0.15875481069087982 -0.3177020251750946 -0.07446304708719254
office/seq-07/frame-000705.color.png -0.5230751633644104 -0.8892785310745239 1.070999264717102 0.9339374899864197 -0.153349831700325 -0.313391774892807 -0.07765411585569382
office/seq-07/frame-000706.color.png -0.5148690938949585 -0.8963185548782349 1.095494270324707 0.9319621920585632 -0.15296922624111176 -0.3190818428993225 -0.07895343750715256
office/seq-07/frame-000707.color.png -0.47741827368736267 -0.9026486277580261 1.0798534154891968 0.9266476631164551 -0.14677737653255463 -0.3377196490764618 -0.0756714716553688
office/seq-07/frame-000708.color.png -0.49175313115119934 -0.8820816874504089 1.0698738098144531 0.9224544763565063 -0.14160309731960297 -0.3520979881286621 -0.07108769565820694
office/seq-07/frame-000709.color.png -0.5101926922798157 -0.9118121266365051 1.0905437469482422 0.9177348613739014 -0.14408144354820251 -0.3616081476211548 -0.07901240140199661
office/seq-07/frame-000710.color.png -0.5173293352127075 -0.9032254815101624 1.0991886854171753 0.9084426760673523 -0.14735373854637146 -0.38315141201019287 -0.07882660627365112
office/seq-07/frame-000711.color.png -0.5187470316886902 -0.902292788028717 1.0677745342254639 0.9019771814346313 -0.14333127439022064 -0.4008822739124298 -0.07201813906431198
office/seq-07/frame-000712.color.png -0.487062007188797 -0.9089434742927551 1.0853524208068848 0.9042560458183289 -0.14341749250888824 -0.39414191246032715 -0.0800280049443245
office/seq-07/frame-000713.color.png -0.5148434042930603 -0.9025166034698486 1.098067283630371 0.893947958946228 -0.1450217217206955 -0.41744664311408997 -0.07459308952093124
office/seq-07/frame-000714.color.png -0.45813891291618347 -0.9087438583374023 1.0709084272384644 0.8889291286468506 -0.14564436674118042 -0.4282647967338562 -0.07198577374219894
office/seq-07/frame-000715.color.png -0.44074320793151855 -0.9023920893669128 1.063802719116211 0.8870237469673157 -0.14840655028820038 -0.4284355640411377 -0.08722054958343506
office/seq-07/frame-000716.color.png -0.47954681515693665 -0.8983631730079651 1.0758590698242188 0.879673421382904 -0.14398778975009918 -0.44638118147850037 -0.07865292578935623
office/seq-07/frame-000717.color.png -0.46037957072257996 -0.897777795791626 1.0563241243362427 0.8766000866889954 -0.14110033214092255 -0.45389342308044434 -0.07512451708316803
office/seq-07/frame-000718.color.png -0.4213249087333679 -0.9131333231925964 1.040845274925232 0.8735814094543457 -0.14529524743556976 -0.45700520277023315 -0.0830124169588089
office/seq-07/frame-000719.color.png -0.43164071440696716 -0.9218102693557739 1.0458546876907349 0.8710020184516907 -0.14760059118270874 -0.46078920364379883 -0.08510526269674301
office/seq-07/frame-000720.color.png -0.43348684906959534 -0.9211372137069702 1.0341525077819824 0.8666039705276489 -0.14980563521385193 -0.467846155166626 -0.08761124312877655
office/seq-07/frame-000721.color.png -0.42333102226257324 -0.9255266785621643 1.0346328020095825 0.8658136129379272 -0.14989814162254333 -0.46906208992004395 -0.08875918388366699
office/seq-07/frame-000722.color.png -0.42239221930503845 -0.9333510994911194 1.0401936769485474 0.8561175465583801 -0.15376445651054382 -0.484905868768692 -0.09102503955364227
office/seq-07/frame-000723.color.png -0.40198007225990295 -0.9468327760696411 1.0368674993515015 0.8564623594284058 -0.14307041466236115 -0.48920509219169617 -0.08173958957195282
office/seq-07/frame-000724.color.png -0.40747708082199097 -0.9471519589424133 1.038580060005188 0.8532223105430603 -0.1522689163684845 -0.48952943086624146 -0.09584782272577286
office/seq-07/frame-000725.color.png -0.4062788784503937 -0.9478254318237305 1.0346593856811523 0.8510892391204834 -0.14550572633743286 -0.49550607800483704 -0.09459809958934784
office/seq-07/frame-000726.color.png -0.41027820110321045 -0.9522671699523926 1.0394073724746704 0.8483191132545471 -0.14576295018196106 -0.5007039904594421 -0.09166954457759857
office/seq-07/frame-000727.color.png -0.3883673846721649 -0.9761946201324463 1.0332385301589966 0.8405847549438477 -0.14406315982341766 -0.5131741166114807 -0.09651779383420944
office/seq-07/frame-000728.color.png -0.37723296880722046 -0.9815203547477722 1.050623893737793 0.8374008536338806 -0.14174208045005798 -0.5183302760124207 -0.10001341253519058
office/seq-07/frame-000729.color.png -0.3636854290962219 -0.9751334190368652 1.0399765968322754 0.8368855714797974 -0.13875487446784973 -0.5208386182785034 -0.09537798911333084
office/seq-07/frame-000730.color.png -0.3485443890094757 -0.9865959882736206 1.0462700128555298 0.8369444012641907 -0.14418473839759827 -0.5178888440132141 -0.10259661078453064
office/seq-07/frame-000731.color.png -0.32913631200790405 -1.0032482147216797 1.062426209449768 0.835145115852356 -0.13968293368816376 -0.5222694277763367 -0.1012713685631752
office/seq-07/frame-000732.color.png -0.31691500544548035 -0.9956926107406616 1.0310413837432861 0.8332348465919495 -0.14312772452831268 -0.5252900719642639 -0.09645968675613403
office/seq-07/frame-000733.color.png -0.2970547676086426 -1.0033202171325684 1.0233386754989624 0.8286232352256775 -0.14364081621170044 -0.5315143465995789 -0.10120926052331924
office/seq-07/frame-000734.color.png -0.2907508611679077 -1.0201772451400757 1.0272270441055298 0.8286896347999573 -0.1372414082288742 -0.5327247977256775 -0.10316284000873566
office/seq-07/frame-000735.color.png -0.23544764518737793 -1.0475693941116333 1.0222150087356567 0.8296535611152649 -0.14026165008544922 -0.5286654233932495 -0.11186832189559937
office/seq-07/frame-000736.color.png -0.2823673188686371 -1.029900312423706 1.0291756391525269 0.8245571851730347 -0.14213307201862335 -0.5376566052436829 -0.10406332463026047
office/seq-07/frame-000737.color.png -0.25025051832199097 -1.0497207641601562 1.0468617677688599 0.8308101296424866 -0.14313770830631256 -0.5259516835212708 -0.11243276298046112
office/seq-07/frame-000738.color.png -0.14829188585281372 -1.092118501663208 1.045471429824829 0.8225953578948975 -0.1462799310684204 -0.5380502343177795 -0.11153949052095413
office/seq-07/frame-000739.color.png -0.25618481636047363 -1.0819395780563354 1.0406780242919922 0.8184615969657898 -0.14899858832359314 -0.5426278114318848 -0.11608315259218216
office/seq-07/frame-000740.color.png -0.2628420889377594 -1.0764285326004028 1.060434103012085 0.8174297213554382 -0.14695194363594055 -0.5446191430091858 -0.11663474142551422
office/seq-07/frame-000741.color.png -0.20986534655094147 -1.0990546941757202 1.0619944334030151 0.8237557411193848 -0.1478499323129654 -0.5342392325401306 -0.11897625774145126
office/seq-07/frame-000742.color.png -0.2184240221977234 -1.1252061128616333 1.0919173955917358 0.8171949982643127 -0.14922989904880524 -0.5444844365119934 -0.11601433902978897
office/seq-07/frame-000743.color.png -0.18074658513069153 -1.1187149286270142 1.0835269689559937 0.8228611946105957 -0.14266489446163177 -0.537449300289154 -0.11702331155538559
office/seq-07/frame-000744.color.png -0.1510239690542221 -1.1215678453445435 1.0534344911575317 0.8164935111999512 -0.15407045185565948 -0.5425697565078735 -0.12336350232362747
office/seq-07/frame-000745.color.png -0.16663330793380737 -1.0954591035842896 1.0475108623504639 0.818037211894989 -0.14064079523086548 -0.5465119481086731 -0.11117581278085709
office/seq-07/frame-000746.color.png -0.1056814044713974 -1.1227084398269653 1.0533974170684814 0.8274142742156982 -0.14302466809749603 -0.5308898091316223 -0.11439236253499985
office/seq-07/frame-000747.color.png -0.10175994038581848 -1.138293743133545 1.0481014251708984 0.829888641834259 -0.14518094062805176 -0.526639461517334 -0.11339326202869415
office/seq-07/frame-000748.color.png -0.08994969725608826 -1.1575425863265991 1.091715931892395 0.82808518409729 -0.13933487236499786 -0.5310827493667603 -0.11318895220756531
office/seq-07/frame-000749.color.png -0.013854216784238815 -1.211531400680542 1.0920928716659546 0.8288674354553223 -0.1429266333580017 -0.5276642441749573 -0.11883319169282913
office/seq-07/frame-000750.color.png -0.011619932949543 -1.211551547050476 1.099566102027893 0.8294153809547424 -0.13808730244636536 -0.5307561755180359 -0.10630083829164505
office/seq-07/frame-000751.color.png -0.012089606374502182 -1.2020866870880127 1.053814172744751 0.8331252932548523 -0.14031942188739777 -0.5243483185768127 -0.10616765171289444
office/seq-07/frame-000752.color.png 0.009057179093360901 -1.222569227218628 1.0839217901229858 0.8260352611541748 -0.1380944848060608 -0.5371655821800232 -0.10024456679821014
office/seq-07/frame-000753.color.png 0.027002662420272827 -1.2426941394805908 1.1280776262283325 0.8298648595809937 -0.13859517872333527 -0.5296969413757324 -0.10740967094898224
office/seq-07/frame-000754.color.png 0.025964591652154922 -1.2513463497161865 1.1565485000610352 0.8239282369613647 -0.13925470411777496 -0.538091242313385 -0.1104908213019371
office/seq-07/frame-000755.color.png 0.050359345972537994 -1.2603460550308228 1.1402124166488647 0.82753986120224 -0.13334541022777557 -0.5355780124664307 -0.10272697359323502
office/seq-07/frame-000756.color.png 0.03901054337620735 -1.260169267654419 1.1217988729476929 0.8289772272109985 -0.13341501355171204 -0.533419668674469 -0.10227709263563156
office/seq-07/frame-000757.color.png 0.04061661660671234 -1.2467893362045288 1.1181148290634155 0.8371089100837708 -0.13274209201335907 -0.5196086168289185 -0.1078658401966095
office/seq-07/frame-000758.color.png 0.020127516239881516 -1.2825032472610474 1.1709874868392944 0.8367012143135071 -0.1361997276544571 -0.5183975100517273 -0.11244837194681168
office/seq-07/frame-000759.color.png 0.048405200242996216 -1.3052754402160645 1.2190437316894531 0.8413249254226685 -0.128302663564682 -0.5136174559593201 -0.10912352800369263
office/seq-07/frame-000760.color.png 0.06170740723609924 -1.3276029825210571 1.2080451250076294 0.8380815982818604 -0.12743794918060303 -0.5205943584442139 -0.10178616642951965
office/seq-07/frame-000761.color.png 0.07446843385696411 -1.311471700668335 1.1987838745117188 0.8439849615097046 -0.12001713365316391 -0.5143980383872986 -0.09316695481538773
office/seq-07/frame-000762.color.png 0.10507802665233612 -1.3387869596481323 1.1776083707809448 0.847261905670166 -0.1182318925857544 -0.5079098343849182 -0.10097557306289673
office/seq-07/frame-000763.color.png 0.11992886662483215 -1.3248664140701294 1.1915950775146484 0.848809540271759 -0.12652982771396637 -0.5032130479812622 -0.10143624246120453
office/seq-07/frame-000764.color.png 0.10513865947723389 -1.3293976783752441 1.2520719766616821 0.8620877861976624 -0.11117229610681534 -0.48415055871009827 -0.10021809488534927
office/seq-07/frame-000765.color.png 0.10268959403038025 -1.3375270366668701 1.249981164932251 0.8604678511619568 -0.1065693274140358 -0.48927128314971924 -0.0940837413072586
office/seq-07/frame-000766.color.png 0.09912115335464478 -1.369260311126709 1.2345308065414429 0.8634933829307556 -0.10746097564697266 -0.48368901014328003 -0.09421387314796448
office/seq-07/frame-000767.color.png 0.09437428414821625 -1.3612364530563354 1.2118861675262451 0.8693276643753052 -0.09986171126365662 -0.47502338886260986 -0.0930040180683136
office/seq-07/frame-000768.color.png 0.10293738543987274 -1.3615025281906128 1.235432744026184 0.8676452040672302 -0.09327683597803116 -0.4798090159893036 -0.09096439182758331
office/seq-07/frame-000769.color.png 0.10039696097373962 -1.377625584602356 1.2694041728973389 0.8639116883277893 -0.09366116672754288 -0.486905038356781 -0.08836077898740768
office/seq-07/frame-000770.color.png 0.128604918718338 -1.4015440940856934 1.2788760662078857 0.8590957522392273 -0.0978083610534668 -0.49386367201805115 -0.09212281554937363
office/seq-07/frame-000771.color.png 0.10181057453155518 -1.4040478467941284 1.264516830444336 0.8654407858848572 -0.08858222514390945 -0.4850921332836151 -0.08860649168491364
office/seq-07/frame-000772.color.png 0.1198214739561081 -1.399728536605835 1.3136006593704224 0.8604759573936462 -0.09745634347200394 -0.491555780172348 -0.09195812791585922
office/seq-07/frame-000773.color.png 0.10498426854610443 -1.412533164024353 1.3092703819274902 0.860580325126648 -0.0945427417755127 -0.4918082058429718 -0.09267018735408783
office/seq-07/frame-000774.color.png 0.10835711658000946 -1.4208272695541382 1.3303916454315186 0.8632473349571228 -0.09702034294605255 -0.4864144027233124 -0.09376542270183563
office/seq-07/frame-000775.color.png 0.1035868376493454 -1.4166390895843506 1.3028030395507812 0.8658866286277771 -0.09033820033073425 -0.4838932454586029 -0.08903231471776962
office/seq-07/frame-000776.color.png 0.118110790848732 -1.432018518447876 1.3080272674560547 0.8538860082626343 -0.10476169735193253 -0.5004292130470276 -0.0973353311419487
office/seq-07/frame-000777.color.png 0.10184590518474579 -1.4375121593475342 1.3702696561813354 0.8540720343589783 -0.10696303099393845 -0.499077707529068 -0.10020556300878525
office/seq-07/frame-000778.color.png 0.11722354590892792 -1.4484330415725708 1.3596162796020508 0.8541247248649597 -0.1049327477812767 -0.49721240997314453 -0.11063428223133087
office/seq-07/frame-000779.color.png 0.11606661975383759 -1.4555480480194092 1.3348571062088013 0.858015775680542 -0.09907349944114685 -0.49275636672973633 -0.10575732588768005
office/seq-07/frame-000780.color.png 0.11307889223098755 -1.4425773620605469 1.3647738695144653 0.8495687246322632 -0.10597952455282211 -0.5067183971405029 -0.10118192434310913
office/seq-07/frame-000781.color.png 0.1030368059873581 -1.4504501819610596 1.3896063566207886 0.8510937094688416 -0.10793572664260864 -0.5026004314422607 -0.1066875085234642
office/seq-07/frame-000782.color.png 0.09544897079467773 -1.4808008670806885 1.3920609951019287 0.8283821940422058 -0.12396614253520966 -0.5343939065933228 -0.11330737173557281
office/seq-07/frame-000783.color.png 0.0693817287683487 -1.4776475429534912 1.4043583869934082 0.8270964622497559 -0.12634730339050293 -0.5342510342597961 -0.12051506340503693
office/seq-07/frame-000784.color.png 0.057275526225566864 -1.4689399003982544 1.4008411169052124 0.8240290284156799 -0.12743669748306274 -0.5380988121032715 -0.12323026359081268
office/seq-07/frame-000785.color.png 0.061533063650131226 -1.4690113067626953 1.4283095598220825 0.8184369206428528 -0.1292276233434677 -0.5473931431770325 -0.11756706982851028
office/seq-07/frame-000786.color.png 0.041109099984169006 -1.4746021032333374 1.4497263431549072 0.8088607788085938 -0.13641074299812317 -0.5554923415184021 -0.13625186681747437
office/seq-07/frame-000787.color.png 0.041573330760002136 -1.4933675527572632 1.4583179950714111 0.8037362098693848 -0.1345321536064148 -0.5638535022735596 -0.1340838372707367
office/seq-07/frame-000788.color.png 0.028197716921567917 -1.503738284111023 1.461356282234192 0.8041051030158997 -0.13610047101974487 -0.5636098384857178 -0.13128453493118286
office/seq-07/frame-000789.color.png 0.023523662239313126 -1.4972635507583618 1.467748999595642 0.8025149703025818 -0.1360435038805008 -0.5659786462783813 -0.13088145852088928
office/seq-07/frame-000790.color.png 0.028252415359020233 -1.5084925889968872 1.4839807748794556 0.8054983019828796 -0.13094183802604675 -0.5635414719581604 -0.12824973464012146
office/seq-07/frame-000791.color.png 0.004961133003234863 -1.5011329650878906 1.5019296407699585 0.7996599674224854 -0.14385248720645905 -0.5655238032341003 -0.1415393054485321
office/seq-07/frame-000792.color.png -0.02545008435845375 -1.4960676431655884 1.5212563276290894 0.7916158437728882 -0.14235897362232208 -0.5775672793388367 -0.13962231576442719
office/seq-07/frame-000793.color.png -0.0512591116130352 -1.4946274757385254 1.5252583026885986 0.7858564257621765 -0.14300799369812012 -0.5830134749412537 -0.14857283234596252
office/seq-07/frame-000794.color.png -0.06477387249469757 -1.5003793239593506 1.5395268201828003 0.784575879573822 -0.1420610100030899 -0.5834535360336304 -0.15440617501735687
office/seq-07/frame-000795.color.png -0.0723961889743805 -1.4962388277053833 1.547938585281372 0.785173773765564 -0.1381002813577652 -0.5832421183586121 -0.15575304627418518
office/seq-07/frame-000796.color.png -0.07593700289726257 -1.4863183498382568 1.5551278591156006 0.7776113748550415 -0.14307695627212524 -0.5928481221199036 -0.15290789306163788
office/seq-07/frame-000797.color.png -0.08522839844226837 -1.4880033731460571 1.5590379238128662 0.7722591161727905 -0.14880643784999847 -0.5962679386138916 -0.16104987263679504
office/seq-07/frame-000798.color.png -0.10346278548240662 -1.4921512603759766 1.557448148727417 0.770574152469635 -0.1448652148246765 -0.5983783006668091 -0.16484181582927704
office/seq-07/frame-000799.color.png -0.12579549849033356 -1.484023928642273 1.5681053400039673 0.7712864875793457 -0.14622516930103302 -0.5977692604064941 -0.16250315308570862
office/seq-07/frame-000800.color.png -0.14029935002326965 -1.4612044095993042 1.560360312461853 0.7735041975975037 -0.1454957127571106 -0.5946829915046692 -0.16393497586250305
office/seq-07/frame-000801.color.png -0.14993663132190704 -1.447230339050293 1.5659517049789429 0.7686589360237122 -0.14339391887187958 -0.6016228199005127 -0.16325367987155914
office/seq-07/frame-000802.color.png -0.18178972601890564 -1.4472079277038574 1.5568047761917114 0.7663639187812805 -0.14438298344612122 -0.6034864783287048 -0.16626542806625366
office/seq-07/frame-000803.color.png -0.216919407248497 -1.4570655822753906 1.5491164922714233 0.7683249711990356 -0.1467008739709854 -0.5997576117515564 -0.1686604768037796
office/seq-07/frame-000804.color.png -0.23476991057395935 -1.4302868843078613 1.5619192123413086 0.7674670219421387 -0.1426095813512802 -0.602939784526825 -0.16468249261379242
office/seq-07/frame-000805.color.png -0.1964399516582489 -1.4450448751449585 1.5617963075637817 0.7627444267272949 -0.14488354325294495 -0.6083267331123352 -0.16482771933078766
office/seq-07/frame-000806.color.png -0.22978129982948303 -1.4175678491592407 1.5672820806503296 0.7587494850158691 -0.1450851857662201 -0.6115841865539551 -0.17092148959636688
office/seq-07/frame-000807.color.png -0.2891758382320404 -1.4145244359970093 1.56800377368927 0.755840539932251 -0.14362142980098724 -0.6162626147270203 -0.16822049021720886
office/seq-07/frame-000808.color.png -0.2986364960670471 -1.4077115058898926 1.5923293828964233 0.7509432435035706 -0.14310893416404724 -0.6202056407928467 -0.1759231984615326
office/seq-07/frame-000809.color.png -0.3526020646095276 -1.3786256313323975 1.5843298435211182 0.7519798278808594 -0.13894078135490417 -0.6189817190170288 -0.17911860346794128
office/seq-07/frame-000810.color.png -0.3692688047885895 -1.3627375364303589 1.5987292528152466 0.7476187348365784 -0.13527260720729828 -0.6244562268257141 -0.18116873502731323
office/seq-07/frame-000811.color.png -0.40978798270225525 -1.3424627780914307 1.5770567655563354 0.7459505796432495 -0.1362655609846115 -0.6245146989822388 -0.18700474500656128
office/seq-07/frame-000812.color.png -0.4005410075187683 -1.3257700204849243 1.6029200553894043 0.7429904341697693 -0.13575062155723572 -0.627699613571167 -0.18849459290504456
office/seq-07/frame-000813.color.png -0.41239359974861145 -1.32144296169281 1.6035733222961426 0.7463416457176208 -0.13587547838687897 -0.6231319904327393 -0.19031187891960144
office/seq-07/frame-000814.color.png -0.4082746207714081 -1.3138034343719482 1.6076570749282837 0.7454321384429932 -0.1378413885831833 -0.6234403848648071 -0.191449835896492
office/seq-07/frame-000815.color.png -0.4385024905204773 -1.3057599067687988 1.6083619594573975 0.7389349937438965 -0.13861307501792908 -0.6303471922874451 -0.19345241785049438
office/seq-07/frame-000816.color.png -0.41990533471107483 -1.3167829513549805 1.6065826416015625 0.742745041847229 -0.13959233462810516 -0.6243507266044617 -0.19756047427654266
office/seq-07/frame-000817.color.png -0.46371474862098694 -1.3053323030471802 1.5997364521026611 0.7463232278823853 -0.13559739291667938 -0.6205455660820007 -0.19884201884269714
office/seq-07/frame-000818.color.png -0.4829436242580414 -1.2790406942367554 1.5891541242599487 0.7393351793289185 -0.13562950491905212 -0.6295158267021179 -0.1967180371284485
office/seq-07/frame-000819.color.png -0.4768112003803253 -1.2764827013015747 1.5956867933273315 0.7391412854194641 -0.1321660727262497 -0.6306910514831543 -0.19603845477104187
office/seq-07/frame-000820.color.png -0.47464480996131897 -1.2803181409835815 1.592543601989746 0.7350140810012817 -0.13522806763648987 -0.6323244571685791 -0.20404279232025146
office/seq-07/frame-000821.color.png -0.4732101559638977 -1.2777676582336426 1.5951852798461914 0.7318316102027893 -0.1347295641899109 -0.6356351375579834 -0.20551957190036774
office/seq-07/frame-000822.color.png -0.48291853070259094 -1.2777682542800903 1.5950114727020264 0.7315851449966431 -0.13358356058597565 -0.6352059841156006 -0.2084513008594513
office/seq-07/frame-000823.color.png -0.5067006349563599 -1.260899543762207 1.5893274545669556 0.7282485365867615 -0.13167275488376617 -0.6393514275550842 -0.2086770385503769
office/seq-07/frame-000824.color.png -0.50380939245224 -1.2536890506744385 1.5822069644927979 0.7287066578865051 -0.13375361263751984 -0.6381538510322571 -0.20941929519176483
office/seq-07/frame-000825.color.png -0.5296738743782043 -1.2333896160125732 1.5721863508224487 0.7283176183700562 -0.1369989663362503 -0.6364813446998596 -0.21371953189373016
office/seq-07/frame-000826.color.png -0.5144900679588318 -1.2317698001861572 1.5796188116073608 0.7262390851974487 -0.13580112159252167 -0.6399749517440796 -0.21110907196998596
office/seq-07/frame-000827.color.png -0.5189878344535828 -1.229047179222107 1.5748894214630127 0.7209857106208801 -0.1357107311487198 -0.6455405950546265 -0.21222513914108276
office/seq-07/frame-000828.color.png -0.50041663646698 -1.2392736673355103 1.5684325695037842 0.7244845628738403 -0.13048209249973297 -0.6443295478820801 -0.20720966160297394
office/seq-07/frame-000829.color.png -0.4940968453884125 -1.2309008836746216 1.5769083499908447 0.7243064641952515 -0.13185568153858185 -0.6443012356758118 -0.2070513218641281
office/seq-07/frame-000830.color.png -0.48340484499931335 -1.2338124513626099 1.5823695659637451 0.716188371181488 -0.13407555222511292 -0.6522567868232727 -0.20894768834114075
office/seq-07/frame-000831.color.png -0.441518098115921 -1.26267671585083 1.592706561088562 0.7086065411567688 -0.13370545208454132 -0.6607877016067505 -0.2082289755344391
office/seq-07/frame-000832.color.png -0.4207579791545868 -1.2560147047042847 1.5869685411453247 0.7059633135795593 -0.13682204484939575 -0.6620626449584961 -0.21111275255680084
office/seq-07/frame-000833.color.png -0.4138161838054657 -1.2631725072860718 1.5439239740371704 0.7063446044921875 -0.13330377638339996 -0.6605417132377625 -0.21677644550800323
office/seq-07/frame-000834.color.png -0.41876062750816345 -1.2592211961746216 1.5672191381454468 0.7037687301635742 -0.1401648372411728 -0.661165177822113 -0.21891576051712036
office/seq-07/frame-000835.color.png -0.4383821487426758 -1.2575597763061523 1.5666605234146118 0.7073168754577637 -0.14112195372581482 -0.6596605181694031 -0.21127073466777802
office/seq-07/frame-000836.color.png -0.4746411442756653 -1.2405281066894531 1.5762462615966797 0.7046276330947876 -0.1419273316860199 -0.6627295613288879 -0.2101094126701355
office/seq-07/frame-000837.color.png -0.49304017424583435 -1.2305124998092651 1.5757102966308594 0.69501793384552 -0.14211411774158478 -0.6763632893562317 -0.1982080340385437
office/seq-07/frame-000838.color.png -0.4842365086078644 -1.2223669290542603 1.5838534832000732 0.6848830580711365 -0.14447937905788422 -0.6876622438430786 -0.19282492995262146
office/seq-07/frame-000839.color.png -0.4590282738208771 -1.2157305479049683 1.5773566961288452 0.6871002912521362 -0.1418563276529312 -0.6867701411247253 -0.19004406034946442
office/seq-07/frame-000840.color.png -0.45668163895606995 -1.2260123491287231 1.5820645093917847 0.6844666600227356 -0.14435647428035736 -0.6873574256896973 -0.19546464085578918
office/seq-07/frame-000841.color.png -0.46859148144721985 -1.2189888954162598 1.5850173234939575 0.6754760146141052 -0.14179350435733795 -0.6953321695327759 -0.20034988224506378
office/seq-07/frame-000842.color.png -0.45247599482536316 -1.202763557434082 1.5600383281707764 0.6762118339538574 -0.14358417689800262 -0.6926141381263733 -0.20592911541461945
office/seq-07/frame-000843.color.png -0.39908456802368164 -1.214971661567688 1.5469341278076172 0.6788318157196045 -0.14191532135009766 -0.6903085708618164 -0.20620770752429962
office/seq-07/frame-000844.color.png -0.4129957854747772 -1.2074830532073975 1.556536316871643 0.6804901361465454 -0.15048062801361084 -0.6905689239501953 -0.19339919090270996
office/seq-07/frame-000845.color.png -0.38493600487709045 -1.2075594663619995 1.520200252532959 0.6752761602401733 -0.15324129164218903 -0.6981566548347473 -0.18192468583583832
office/seq-07/frame-000846.color.png -0.35581016540527344 -1.215998888015747 1.4879958629608154 0.672650158405304 -0.15068155527114868 -0.7014418244361877 -0.18115219473838806
office/seq-07/frame-000847.color.png -0.35904309153556824 -1.2289605140686035 1.554713249206543 0.6755539178848267 -0.1482672542333603 -0.6970784664154053 -0.18901139497756958
office/seq-07/frame-000848.color.png -0.37605416774749756 -1.2348990440368652 1.55278742313385 0.6843812465667725 -0.15044370293617249 -0.6839609146118164 -0.20294445753097534
office/seq-07/frame-000849.color.png -0.43452703952789307 -1.2091710567474365 1.5799628496170044 0.6852903962135315 -0.13753202557563782 -0.6827695965766907 -0.21280917525291443
office/seq-07/frame-000850.color.png -0.5148987174034119 -1.165960669517517 1.5907409191131592 0.6842215657234192 -0.14369069039821625 -0.682640552520752 -0.2125931829214096
office/seq-07/frame-000851.color.png -0.4788428843021393 -1.1672214269638062 1.597969889640808 0.6890747547149658 -0.14109346270561218 -0.6780477166175842 -0.21335387229919434
office/seq-07/frame-000852.color.png -0.4495493769645691 -1.1767268180847168 1.5858913660049438 0.6855080723762512 -0.1415625959634781 -0.6824192404747009 -0.2105770707130432
office/seq-07/frame-000853.color.png -0.4434526264667511 -1.179298996925354 1.5885204076766968 0.6868833899497986 -0.1482183039188385 -0.681749701499939 -0.20356811583042145
office/seq-07/frame-000854.color.png -0.44996124505996704 -1.1749519109725952 1.5767916440963745 0.6896143555641174 -0.1439676731824875 -0.6791634559631348 -0.2060151994228363
office/seq-07/frame-000855.color.png -0.47757861018180847 -1.1549512147903442 1.5914654731750488 0.689961850643158 -0.14103376865386963 -0.6800242066383362 -0.204032301902771
office/seq-07/frame-000856.color.png -0.45481082797050476 -1.1434592008590698 1.590545892715454 0.6821150779724121 -0.14111170172691345 -0.6870690584182739 -0.20674338936805725
office/seq-07/frame-000857.color.png -0.43835124373435974 -1.1264348030090332 1.610656976699829 0.6747597455978394 -0.13800546526908875 -0.6944937705993652 -0.20816361904144287
office/seq-07/frame-000858.color.png -0.4056277573108673 -1.1261556148529053 1.6175618171691895 0.675410807132721 -0.1405760943889618 -0.6935133337974548 -0.20760022103786469
office/seq-07/frame-000859.color.png -0.4170481562614441 -1.126188039779663 1.6429728269577026 0.6828402280807495 -0.14545367658138275 -0.6835229396820068 -0.21300002932548523
office/seq-07/frame-000860.color.png -0.42043912410736084 -1.1315990686416626 1.6221295595169067 0.6897599697113037 -0.14738498628139496 -0.6765831708908081 -0.21152842044830322
office/seq-07/frame-000861.color.png -0.4670233726501465 -1.1213053464889526 1.64602530002594 0.6912311315536499 -0.144393652677536 -0.6775738000869751 -0.20553293824195862
office/seq-07/frame-000862.color.png -0.44327014684677124 -1.1068650484085083 1.6696816682815552 0.6833589673042297 -0.14147259294986725 -0.6846574544906616 -0.21035733819007874
office/seq-07/frame-000863.color.png -0.4299604892730713 -1.1009796857833862 1.6747428178787231 0.6929934024810791 -0.14312253892421722 -0.6722225546836853 -0.21769952774047852
office/seq-07/frame-000864.color.png -0.4082717001438141 -1.1033961772918701 1.6865739822387695 0.6874459385871887 -0.14441026747226715 -0.6776649355888367 -0.2175636887550354
office/seq-07/frame-000865.color.png -0.2944948971271515 -1.148100733757019 1.6562613248825073 0.6913547515869141 -0.14874809980392456 -0.6705344319343567 -0.22424624860286713
office/seq-07/frame-000866.color.png -0.3327369689941406 -1.1358681917190552 1.6622918844223022 0.6940133571624756 -0.15039058029651642 -0.6685439944267273 -0.22085541486740112
office/seq-07/frame-000867.color.png -0.35376790165901184 -1.1320992708206177 1.6410675048828125 0.707891047000885 -0.1479150354862213 -0.6541188955307007 -0.22167515754699707
office/seq-07/frame-000868.color.png -0.31769537925720215 -1.1386207342147827 1.6561437845230103 0.7144040465354919 -0.15338778495788574 -0.6445820331573486 -0.22497346997261047
office/seq-07/frame-000869.color.png -0.3385256230831146 -1.096362829208374 1.6366676092147827 0.7107043862342834 -0.15306852757930756 -0.6494584083557129 -0.22287431359291077
office/seq-07/frame-000870.color.png -0.3905010521411896 -1.0788242816925049 1.6513339281082153 0.70527184009552 -0.14887450635433197 -0.6595455408096313 -0.21313785016536713
office/seq-07/frame-000871.color.png -0.3989885747432709 -1.083514928817749 1.6481951475143433 0.7036828994750977 -0.14312145113945007 -0.6629748940467834 -0.21168585121631622
office/seq-07/frame-000872.color.png -0.40707966685295105 -1.0832650661468506 1.6497251987457275 0.7054176330566406 -0.14373667538166046 -0.6615532636642456 -0.20993594825267792
office/seq-07/frame-000873.color.png -0.40342235565185547 -1.0795979499816895 1.6632708311080933 0.7084734439849854 -0.14091308414936066 -0.6607189178466797 -0.20410631597042084
office/seq-07/frame-000874.color.png -0.31896528601646423 -1.1048411130905151 1.6744672060012817 0.7101853489875793 -0.15193791687488556 -0.6536247730255127 -0.2128995656967163
office/seq-07/frame-000875.color.png -0.3646242320537567 -1.0920524597167969 1.6406551599502563 0.7148441076278687 -0.1453540027141571 -0.6471186280250549 -0.22160224616527557
office/seq-07/frame-000876.color.png -0.38693323731422424 -1.0907331705093384 1.6560367345809937 0.7145376205444336 -0.13746336102485657 -0.6510658860206604 -0.21599304676055908
office/seq-07/frame-000877.color.png -0.3590656518936157 -1.0925815105438232 1.651913046836853 0.7153280973434448 -0.13995036482810974 -0.647446870803833 -0.22255831956863403
office/seq-07/frame-000878.color.png -0.3424510955810547 -1.0702069997787476 1.6046732664108276 0.7115944623947144 -0.14459894597530365 -0.6510182023048401 -0.2211327999830246
office/seq-07/frame-000879.color.png -0.3582907021045685 -1.0537186861038208 1.65498948097229 0.7061933875083923 -0.1425071507692337 -0.6582168936729431 -0.21847929060459137
office/seq-07/frame-000880.color.png -0.31348517537117004 -1.067740797996521 1.6465535163879395 0.7141550183296204 -0.144307479262352 -0.6461801528930664 -0.2271762639284134
office/seq-07/frame-000881.color.png -0.27147701382637024 -1.0334404706954956 1.623313307762146 0.7138326168060303 -0.1497988998889923 -0.6449690461158752 -0.22807496786117554
office/seq-07/frame-000882.color.png -0.31126871705055237 -0.9792952537536621 1.582658052444458 0.7031276226043701 -0.1468791365623474 -0.6621658205986023 -0.21348151564598083
office/seq-07/frame-000883.color.png -0.34045636653900146 -0.9665000438690186 1.596489429473877 0.7027790546417236 -0.148260235786438 -0.6585160493850708 -0.2246711552143097
office/seq-07/frame-000884.color.png -0.3421315848827362 -0.9576452374458313 1.5587228536605835 0.7177532315254211 -0.15221430361270905 -0.6398173570632935 -0.22868096828460693
office/seq-07/frame-000885.color.png -0.36479100584983826 -0.9603183269500732 1.5893343687057495 0.718718945980072 -0.15850985050201416 -0.6402726173400879 -0.2199288010597229
office/seq-07/frame-000886.color.png -0.34894153475761414 -0.9501731991767883 1.5826741456985474 0.7163384556770325 -0.1622515171766281 -0.6377363204956055 -0.23200468719005585
office/seq-07/frame-000887.color.png -0.29251137375831604 -0.947955310344696 1.6000235080718994 0.7131466865539551 -0.15910184383392334 -0.6413668394088745 -0.23400229215621948
office/seq-07/frame-000888.color.png -0.2592903971672058 -0.947504460811615 1.5840508937835693 0.7160548567771912 -0.16530945897102356 -0.6382566094398499 -0.22927430272102356
office/seq-07/frame-000889.color.png -0.2870802581310272 -0.9238144159317017 1.559966802597046 0.7171076536178589 -0.16709108650684357 -0.6362487077713013 -0.23027122020721436
office/seq-07/frame-000890.color.png -0.29825204610824585 -0.9054310321807861 1.5563976764678955 0.7233723998069763 -0.17254622280597687 -0.625713586807251 -0.23546282947063446
office/seq-07/frame-000891.color.png -0.28514352440834045 -0.8909695148468018 1.5518349409103394 0.725092351436615 -0.16566525399684906 -0.628217875957489 -0.228338360786438
office/seq-07/frame-000892.color.png -0.28908056020736694 -0.8990534543991089 1.5909531116485596 0.7331132888793945 -0.16371679306030273 -0.6165764331817627 -0.2357436716556549
office/seq-07/frame-000893.color.png -0.296614408493042 -0.8899304270744324 1.5698660612106323 0.7305658459663391 -0.16980406641960144 -0.6196966171264648 -0.23111949861049652
office/seq-07/frame-000894.color.png -0.2892109155654907 -0.9014661312103271 1.5613961219787598 0.7309020161628723 -0.16397081315517426 -0.6208769083023071 -0.2311011403799057
office/seq-07/frame-000895.color.png -0.28458988666534424 -0.9081212282180786 1.5781186819076538 0.7398238778114319 -0.16520541906356812 -0.6090931296348572 -0.23318105936050415
office/seq-07/frame-000896.color.png -0.3168872892856598 -0.8723065257072449 1.5448471307754517 0.7338173389434814 -0.17230652272701263 -0.6162468194961548 -0.22817185521125793
office/seq-07/frame-000897.color.png -0.28761720657348633 -0.8719895482063293 1.5448824167251587 0.7281308770179749 -0.17115609347820282 -0.6232464909553528 -0.22824284434318542
office/seq-07/frame-000898.color.png -0.30505719780921936 -0.8511103391647339 1.5402100086212158 0.7339207530021667 -0.17075572907924652 -0.6172275543212891 -0.226346954703331
office/seq-07/frame-000899.color.png -0.28606995940208435 -0.8756647109985352 1.5895975828170776 0.741287112236023 -0.16618584096431732 -0.6098892688751221 -0.225633904337883
office/seq-07/frame-000900.color.png -0.2744242250919342 -0.8627475500106812 1.6078778505325317 0.7401450276374817 -0.17393676936626434 -0.6083386540412903 -0.22771747410297394
office/seq-07/frame-000901.color.png -0.2715817093849182 -0.8625078797340393 1.5922123193740845 0.7439295053482056 -0.16983526945114136 -0.605739951133728 -0.2253967821598053
office/seq-07/frame-000902.color.png -0.29466474056243896 -0.8660805225372314 1.6142821311950684 0.7470574378967285 -0.16566157341003418 -0.6029776930809021 -0.22556395828723907
office/seq-07/frame-000903.color.png -0.3226131498813629 -0.8693320155143738 1.6217724084854126 0.753447949886322 -0.16425295174121857 -0.5981022715568542 -0.21819905936717987
office/seq-07/frame-000904.color.png -0.3313596546649933 -0.8630855679512024 1.6080878973007202 0.752902626991272 -0.16639068722724915 -0.600130558013916 -0.21282586455345154
office/seq-07/frame-000905.color.png -0.3005464971065521 -0.8733564615249634 1.6313971281051636 0.7529458999633789 -0.1671941876411438 -0.5968659520149231 -0.22106458246707916
office/seq-07/frame-000906.color.png -0.3103382885456085 -0.862971305847168 1.609362244606018 0.7419362664222717 -0.16105954349040985 -0.6166126728057861 -0.20827634632587433
office/seq-07/frame-000907.color.png -0.310690313577652 -0.8611425757408142 1.6024785041809082 0.7416766285896301 -0.15928016602993011 -0.6176044940948486 -0.20763066411018372
office/seq-07/frame-000908.color.png -0.28456804156303406 -0.8719416856765747 1.6063469648361206 0.741950273513794 -0.15575984120368958 -0.6192387938499451 -0.20443052053451538
office/seq-07/frame-000909.color.png -0.2663986384868622 -0.8691589832305908 1.5885411500930786 0.7434196472167969 -0.15709562599658966 -0.6130704879760742 -0.21631626784801483
office/seq-07/frame-000910.color.png -0.325190931558609 -0.8434339165687561 1.5344219207763672 0.7379680871963501 -0.15938426554203033 -0.6217756271362305 -0.2083147019147873
office/seq-07/frame-000911.color.png -0.2822185754776001 -0.8593115210533142 1.5515118837356567 0.7363713383674622 -0.1620713323354721 -0.6210907697677612 -0.2138609141111374
office/seq-07/frame-000912.color.png -0.2407926321029663 -0.8584365248680115 1.5427666902542114 0.7372863292694092 -0.15992768108844757 -0.6226656436920166 -0.2076532244682312
office/seq-07/frame-000913.color.png -0.23421582579612732 -0.8809923529624939 1.5422017574310303 0.731636643409729 -0.16141587495803833 -0.6264621019363403 -0.2149370163679123
office/seq-07/frame-000914.color.png -0.1774131804704666 -0.9119608402252197 1.5653823614120483 0.7332184910774231 -0.16755832731723785 -0.6237840056419373 -0.21262313425540924
office/seq-07/frame-000915.color.png -0.1999635547399521 -0.8944256901741028 1.5351548194885254 0.7256220579147339 -0.16295944154262543 -0.6367879509925842 -0.2035137265920639
office/seq-07/frame-000916.color.png -0.20712700486183167 -0.9027667045593262 1.5363894701004028 0.7356398105621338 -0.16019006073474884 -0.6259812116622925 -0.20327429473400116
office/seq-07/frame-000917.color.png -0.19620932638645172 -0.9091525673866272 1.5428831577301025 0.7389647364616394 -0.16386280953884125 -0.6247718334197998 -0.1916777491569519
office/seq-07/frame-000918.color.png -0.20335063338279724 -0.8976035118103027 1.5351821184158325 0.7336270809173584 -0.16435371339321136 -0.628533661365509 -0.19931061565876007
office/seq-07/frame-000919.color.png -0.13210126757621765 -0.9122088551521301 1.551701307296753 0.727155864238739 -0.16993694007396698 -0.6295807957649231 -0.21446126699447632
office/seq-07/frame-000920.color.png -0.10675890743732452 -0.9127659797668457 1.54313063621521 0.7506270408630371 -0.1763114184141159 -0.6012840270996094 -0.20959748327732086
office/seq-07/frame-000921.color.png -0.12525510787963867 -0.8686338067054749 1.493108868598938 0.7576162815093994 -0.16608653962612152 -0.5988317131996155 -0.19958312809467316
office/seq-07/frame-000922.color.png -0.17841750383377075 -0.8579943180084229 1.5086050033569336 0.7535440921783447 -0.1765075922012329 -0.597938597202301 -0.2085322141647339
office/seq-07/frame-000923.color.png -0.14924778044223785 -0.8795599341392517 1.5441808700561523 0.762668788433075 -0.1636822670698166 -0.5917066931724548 -0.20353713631629944
office/seq-07/frame-000924.color.png -0.14814302325248718 -0.8862942457199097 1.5209338665008545 0.7785183191299438 -0.16533496975898743 -0.5702162981033325 -0.20353573560714722
office/seq-07/frame-000925.color.png -0.11367914080619812 -0.8954600095748901 1.5439894199371338 0.7929429411888123 -0.1650383621454239 -0.5526071190834045 -0.1965429186820984
office/seq-07/frame-000926.color.png -0.11040972173213959 -0.9161421060562134 1.579035997390747 0.791472852230072 -0.16470035910606384 -0.5570843815803528 -0.19000403583049774
office/seq-07/frame-000927.color.png -0.12191265821456909 -0.924399733543396 1.5830726623535156 0.80403071641922 -0.15453405678272247 -0.5484869480133057 -0.1697525531053543
office/seq-07/frame-000928.color.png -0.13968224823474884 -0.9109078049659729 1.580251693725586 0.808529794216156 -0.14912329614162445 -0.5436210632324219 -0.1688724011182785
office/seq-07/frame-000929.color.png -0.05639168247580528 -0.9436734318733215 1.6071608066558838 0.819664716720581 -0.15584591031074524 -0.5241703391075134 -0.1706085503101349
office/seq-07/frame-000930.color.png -0.08611585199832916 -0.9255092740058899 1.5693382024765015 0.8147273063659668 -0.16253426671028137 -0.528453528881073 -0.17475315928459167
office/seq-07/frame-000931.color.png -0.0980428010225296 -0.9236605167388916 1.5943559408187866 0.8154273629188538 -0.1584438979625702 -0.5303527116775513 -0.16940975189208984
office/seq-07/frame-000932.color.png -0.042285073548555374 -0.947044849395752 1.6289772987365723 0.815083384513855 -0.1673530787229538 -0.5265073776245117 -0.1744188666343689
office/seq-07/frame-000933.color.png -0.04179498925805092 -0.9434133172035217 1.6190650463104248 0.8268809914588928 -0.1619216501712799 -0.5164725184440613 -0.1526610106229782
office/seq-07/frame-000934.color.png -0.03145955875515938 -0.9551210403442383 1.6208714246749878 0.818907618522644 -0.1631087213754654 -0.5281320214271545 -0.154475137591362
office/seq-07/frame-000935.color.png -0.006884945556521416 -0.9455103278160095 1.6072518825531006 0.8349790573120117 -0.1586916744709015 -0.5053843259811401 -0.14904223382472992
office/seq-07/frame-000936.color.png -0.006288494914770126 -0.9186697006225586 1.575573205947876 0.8296954035758972 -0.15456537902355194 -0.5183030962944031 -0.13811862468719482
office/seq-07/frame-000937.color.png 0.07682135701179504 -0.9428097605705261 1.6338313817977905 0.846167802810669 -0.14575903117656708 -0.49454474449157715 -0.13483349978923798
office/seq-07/frame-000938.color.png 0.11594967544078827 -0.9458322525024414 1.6219485998153687 0.8458033800125122 -0.14392909407615662 -0.49891775846481323 -0.12240222841501236
office/seq-07/frame-000939.color.png 0.12540841102600098 -0.937663197517395 1.6025454998016357 0.8445385694503784 -0.14041540026664734 -0.5031856298446655 -0.11765260994434357
office/seq-07/frame-000940.color.png 0.1597891002893448 -0.954223096370697 1.6178332567214966 0.8489879965782166 -0.1453430950641632 -0.4939488172531128 -0.11878276616334915
office/seq-07/frame-000941.color.png 0.17444562911987305 -0.886655330657959 1.590126633644104 0.8404733538627625 -0.14430563151836395 -0.5104456543922424 -0.11056941002607346
office/seq-07/frame-000942.color.png 0.18533176183700562 -0.9053919315338135 1.6123158931732178 0.8395916819572449 -0.14205646514892578 -0.513197124004364 -0.10739874839782715
office/seq-07/frame-000943.color.png 0.25964614748954773 -0.8889568448066711 1.5345553159713745 0.8467885255813599 -0.1413731575012207 -0.502987802028656 -0.09983014315366745
office/seq-07/frame-000944.color.png 0.3514905869960785 -0.8908286094665527 1.5406025648117065 0.8353484869003296 -0.14491836726665497 -0.5215752720832825 -0.09566037356853485
office/seq-07/frame-000945.color.png 0.37228909134864807 -0.932598888874054 1.5374538898468018 0.8482994437217712 -0.14528751373291016 -0.4991084337234497 -0.1008477509021759
office/seq-07/frame-000946.color.png 0.36918169260025024 -0.9176378846168518 1.5342867374420166 0.8601411581039429 -0.15181955695152283 -0.4742608666419983 -0.11038374900817871
office/seq-07/frame-000947.color.png 0.41029053926467896 -0.9420653581619263 1.5068398714065552 0.8614683151245117 -0.1534651815891266 -0.47235116362571716 -0.10585450381040573
office/seq-07/frame-000948.color.png 0.44816306233406067 -0.9702612161636353 1.5049914121627808 0.8675327897071838 -0.1526641547679901 -0.4621158540248871 -0.1026143878698349
office/seq-07/frame-000949.color.png 0.4846317768096924 -0.9535709619522095 1.5099848508834839 0.8745347857475281 -0.15777431428432465 -0.44764959812164307 -0.0995277538895607
office/seq-07/frame-000950.color.png 0.4894499182701111 -0.921083927154541 1.4899111986160278 0.8587827086448669 -0.1633121371269226 -0.4753418564796448 -0.09935508668422699
office/seq-07/frame-000951.color.png 0.50355464220047 -0.9376935958862305 1.4419159889221191 0.876178503036499 -0.16808445751667023 -0.4412032663822174 -0.09694653749465942
office/seq-07/frame-000952.color.png 0.5035598278045654 -0.9329404830932617 1.424340844154358 0.8824268579483032 -0.1596008688211441 -0.43112462759017944 -0.09990976005792618
office/seq-07/frame-000953.color.png 0.5063726305961609 -0.9226697683334351 1.386490821838379 0.8817569017410278 -0.1586732119321823 -0.43395301699638367 -0.09493421018123627
office/seq-07/frame-000954.color.png 0.5215742588043213 -0.9042768478393555 1.3928558826446533 0.8835098147392273 -0.1542981117963791 -0.43435484170913696 -0.0832970142364502
office/seq-07/frame-000955.color.png 0.5210524797439575 -0.8882911205291748 1.4027661085128784 0.8781306147575378 -0.1537475436925888 -0.4444718658924103 -0.08770973980426788
office/seq-07/frame-000956.color.png 0.4896768033504486 -0.8908708691596985 1.3846591711044312 0.8853803873062134 -0.16671214997768402 -0.4240137040615082 -0.0923098772764206
office/seq-07/frame-000957.color.png 0.5344705581665039 -0.8877085447311401 1.380686640739441 0.8931857347488403 -0.1635797917842865 -0.41139939427375793 -0.07881320267915726
office/seq-07/frame-000958.color.png 0.5369229912757874 -0.8893048167228699 1.3626976013183594 0.9043435454368591 -0.15238049626350403 -0.3935016691684723 -0.06402681767940521
office/seq-07/frame-000959.color.png 0.5492753982543945 -0.8783867359161377 1.3378475904464722 0.9064397215843201 -0.1423092782497406 -0.39173394441604614 -0.06826044619083405
office/seq-07/frame-000960.color.png 0.5322675704956055 -0.8842533826828003 1.3099008798599243 0.9061757326126099 -0.154624804854393 -0.3887059986591339 -0.06200290471315384
office/seq-07/frame-000961.color.png 0.5491768717765808 -0.881833553314209 1.2875828742980957 0.9103550910949707 -0.14833809435367584 -0.38281500339508057 -0.05198041722178459
office/seq-07/frame-000962.color.png 0.5646517872810364 -0.876410722732544 1.279136300086975 0.9127005338668823 -0.14189375936985016 -0.38015851378440857 -0.04820350930094719
office/seq-07/frame-000963.color.png 0.5659445524215698 -0.8763574957847595 1.257481575012207 0.9122979044914246 -0.1350356638431549 -0.38461801409721375 -0.039334122091531754
office/seq-07/frame-000964.color.png 0.5437297821044922 -0.8560173511505127 1.2608355283737183 0.9123970866203308 -0.13920988142490387 -0.3825175166130066 -0.04280870780348778
office/seq-07/frame-000965.color.png 0.5613950490951538 -0.8749629855155945 1.2108484506607056 0.9336017966270447 -0.14726123213768005 -0.32487615942955017 -0.03401677682995796
office/seq-07/frame-000966.color.png 0.5785856246948242 -0.8683279156684875 1.202032446861267 0.9336771368980408 -0.1322479099035263 -0.3318146765232086 -0.025618642568588257
office/seq-07/frame-000967.color.png 0.5731642842292786 -0.8513014316558838 1.173426866531372 0.9329254627227783 -0.13018658757209778 -0.33418068289756775 -0.03201115503907204
office/seq-07/frame-000968.color.png 0.6014057397842407 -0.8484418392181396 1.1570334434509277 0.9275490045547485 -0.13440543413162231 -0.34729278087615967 -0.031234899535775185
office/seq-07/frame-000969.color.png 0.6006569266319275 -0.8426711559295654 1.1456749439239502 0.926364004611969 -0.13502122461795807 -0.3499397337436676 -0.03407638520002365
office/seq-07/frame-000970.color.png 0.601526141166687 -0.8359002470970154 1.1367758512496948 0.927333414554596 -0.1312747299671173 -0.3475489020347595 -0.04504825547337532
office/seq-07/frame-000971.color.png 0.6201421618461609 -0.8349125981330872 1.1284183263778687 0.9239557981491089 -0.13987119495868683 -0.3535290062427521 -0.04194307699799538
office/seq-07/frame-000972.color.png 0.6193215250968933 -0.8154652118682861 1.1150343418121338 0.9267618656158447 -0.1274607628583908 -0.3515132665634155 -0.03611718863248825
office/seq-07/frame-000973.color.png 0.5995498895645142 -0.7975139617919922 1.086289405822754 0.9311907887458801 -0.1351192593574524 -0.3360143303871155 -0.041481051594018936
office/seq-07/frame-000974.color.png 0.5909802317619324 -0.7704677581787109 1.1053026914596558 0.9349523782730103 -0.1294359713792801 -0.3283575177192688 -0.035940658301115036
office/seq-07/frame-000975.color.png 0.6083269119262695 -0.7736514210700989 1.0847649574279785 0.9334405660629272 -0.14133694767951965 -0.32756364345550537 -0.037611059844493866
office/seq-07/frame-000976.color.png 0.6376817226409912 -0.7663845419883728 1.0806478261947632 0.9303354024887085 -0.141056627035141 -0.3368476927280426 -0.03335985541343689
office/seq-07/frame-000977.color.png 0.6467376351356506 -0.7672978043556213 1.0597482919692993 0.9369128346443176 -0.13797114789485931 -0.31936395168304443 -0.03413424640893936
office/seq-07/frame-000978.color.png 0.6340717077255249 -0.7585997581481934 1.0561236143112183 0.9330285787582397 -0.1360802799463272 -0.3309458792209625 -0.03761214762926102
office/seq-07/frame-000979.color.png 0.6360802054405212 -0.7642853856086731 1.052586555480957 0.9352008700370789 -0.13965074717998505 -0.3239445090293884 -0.030932802706956863
office/seq-07/frame-000980.color.png 0.6561930775642395 -0.7806979417800903 1.0631103515625 0.9351823925971985 -0.14181813597679138 -0.32233113050460815 -0.03773689642548561
office/seq-07/frame-000981.color.png 0.6565720438957214 -0.7652446627616882 1.0550273656845093 0.9403847455978394 -0.14168038964271545 -0.30767661333084106 -0.030632248148322105
office/seq-07/frame-000982.color.png 0.6653673052787781 -0.7805771827697754 1.043350338935852 0.9344006180763245 -0.1343216896057129 -0.32766732573509216 -0.038565535098314285
office/seq-07/frame-000983.color.png 0.6801945567131042 -0.7806845903396606 1.0179624557495117 0.9281964302062988 -0.13887755572795868 -0.34166544675827026 -0.04928502440452576
office/seq-07/frame-000984.color.png 0.7070010900497437 -0.7704726457595825 1.0097914934158325 0.9381792545318604 -0.13826264441013336 -0.3156452178955078 -0.03273100033402443
office/seq-07/frame-000985.color.png 0.7052302360534668 -0.7649396657943726 0.9916533827781677 0.9418802857398987 -0.1495775580406189 -0.2989654242992401 -0.03328394517302513
office/seq-07/frame-000986.color.png 0.7056241631507874 -0.7625692486763 1.009387493133545 0.9399948120117188 -0.137394517660141 -0.31054237484931946 -0.03310448303818703
office/seq-07/frame-000987.color.png 0.7194018959999084 -0.7750220894813538 1.0031373500823975 0.9430564641952515 -0.14010147750377655 -0.3004074692726135 -0.027775799855589867
office/seq-07/frame-000988.color.png 0.7298460602760315 -0.7673856616020203 0.9903251528739929 0.9424576759338379 -0.14495933055877686 -0.3002299964427948 -0.024941934272646904
office/seq-07/frame-000989.color.png 0.7076656222343445 -0.7497202754020691 0.9707738757133484 0.94362872838974 -0.14356176555156708 -0.29679110646247864 -0.029490284621715546
office/seq-07/frame-000990.color.png 0.7070865035057068 -0.7521769404411316 0.9810124039649963 0.9371166825294495 -0.1410616785287857 -0.31775954365730286 -0.03070378489792347
office/seq-07/frame-000991.color.png 0.7325136065483093 -0.7532567977905273 0.9656514525413513 0.9398540258407593 -0.138591006398201 -0.31080693006515503 -0.029427239671349525
office/seq-07/frame-000992.color.png 0.7198644280433655 -0.753298819065094 0.9668458104133606 0.9492390751838684 -0.15837346017360687 -0.27050840854644775 -0.02623085118830204
office/seq-07/frame-000993.color.png 0.6901503801345825 -0.745319128036499 0.9835167527198792 0.9487504363059998 -0.16250020265579224 -0.270436555147171 -0.018176812678575516
office/seq-07/frame-000994.color.png 0.6696674227714539 -0.7341282963752747 0.9964908957481384 0.9472633600234985 -0.15603505074977875 -0.27895021438598633 -0.02306453511118889
office/seq-07/frame-000995.color.png 0.6749271154403687 -0.7324810028076172 0.9905969500541687 0.9374631643295288 -0.16275231540203094 -0.30694231390953064 -0.021468836814165115
office/seq-07/frame-000996.color.png 0.659121572971344 -0.7316874861717224 0.9871231913566589 0.9448134303092957 -0.15623867511749268 -0.28729158639907837 -0.0195031575858593
office/seq-07/frame-000997.color.png 0.6500959992408752 -0.7349907159805298 0.9980048537254333 0.945109486579895 -0.14902256429195404 -0.28939592838287354 -0.02846856787800789
office/seq-07/frame-000998.color.png 0.709510862827301 -0.7373663187026978 1.0019279718399048 0.9363093972206116 -0.16993144154548645 -0.3054177165031433 -0.034174300730228424
office/seq-07/frame-000999.color.png 0.7226519584655762 -0.7340031266212463 1.0004382133483887 0.9463660717010498 -0.16951581835746765 -0.2732689380645752 -0.03129884973168373
office/seq-09/frame-000000.color.png -1.1371482610702515 -0.6972235441207886 0.6419152617454529 0.8022875189781189 -0.01244223304092884 0.5918765664100647 0.07656486332416534
office/seq-09/frame-000001.color.png -1.1399037837982178 -0.7042315006256104 0.665165364742279 0.8153375387191772 -0.005993591155856848 0.5728407502174377 0.08391883224248886
office/seq-09/frame-000002.color.png -1.1477473974227905 -0.6867663860321045 0.6744117736816406 0.8126388788223267 -0.002592021832242608 0.577339231967926 0.0793139636516571
office/seq-09/frame-000003.color.png -1.167729377746582 -0.6876477599143982 0.678678572177887 0.8153639435768127 -0.005193870514631271 0.5723192095756531 0.08720839023590088
office/seq-09/frame-000004.color.png -1.1629159450531006 -0.6771384477615356 0.6493152976036072 0.810123860836029 -0.008681523613631725 0.5805913805961609 0.08085561543703079
office/seq-09/frame-000005.color.png -1.1734118461608887 -0.6804901957511902 0.6781054735183716 0.8171795606613159 -0.0022956987377256155 0.5697524547576904 0.08714645355939865
office/seq-09/frame-000006.color.png -1.194269061088562 -0.6402504444122314 0.7225209474563599 0.7984533905982971 -0.0005988898919895291 0.5959349870681763 0.08563558012247086
office/seq-09/frame-000007.color.png -1.1066480875015259 -0.6161754727363586 0.6652995347976685 0.795570969581604 -0.006307610310614109 0.599138081073761 0.08978089690208435
office/seq-09/frame-000008.color.png -1.1225899457931519 -0.6292937994003296 0.6825323104858398 0.7994459867477417 -0.0026597226969897747 0.5940850973129272 0.08911770582199097
office/seq-09/frame-000009.color.png -1.1043468713760376 -0.600754976272583 0.6904658079147339 0.7817580699920654 -0.0014407228445634246 0.6161184906959534 0.09617847949266434
office/seq-09/frame-000010.color.png -1.1251509189605713 -0.5977528095245361 0.697892427444458 0.7828534841537476 0.007197204511612654 0.6153314709663391 0.09195523709058762
office/seq-09/frame-000011.color.png -1.11441969871521 -0.5934327840805054 0.7457485198974609 0.7876588702201843 0.003576357150450349 0.607943594455719 0.09992644190788269
office/seq-09/frame-000012.color.png -1.1266627311706543 -0.576728880405426 0.755145788192749 0.7771320343017578 0.005238302052021027 0.621623694896698 0.0980936661362648
office/seq-09/frame-000013.color.png -1.1099424362182617 -0.5951727032661438 0.7566322684288025 0.7780651450157166 -0.004149188753217459 0.6183566451072693 0.11060122400522232
office/seq-09/frame-000014.color.png -1.0969241857528687 -0.5670335292816162 0.7745242714881897 0.7757014632225037 0.0021601279731839895 0.6219914555549622 0.10681343078613281
office/seq-09/frame-000015.color.png -1.0707868337631226 -0.5302822589874268 0.8072312474250793 0.7848636507987976 0.0017011454328894615 0.6098852157592773 0.10966413468122482
office/seq-09/frame-000016.color.png -1.0544159412384033 -0.5166250467300415 0.8259612321853638 0.7731062173843384 0.013328026980161667 0.6251171827316284 0.10657224804162979
office/seq-09/frame-000017.color.png -1.0316036939620972 -0.5065550208091736 0.8108214735984802 0.7721465826034546 0.008107134141027927 0.624634325504303 0.11642985790967941
office/seq-09/frame-000018.color.png -1.0300427675247192 -0.5184803605079651 0.8622230887413025 0.7631902098655701 0.023757515475153923 0.6366754770278931 0.10779926925897598
office/seq-09/frame-000019.color.png -1.0007165670394897 -0.4769112169742584 0.8073595762252808 0.7664015293121338 0.013820447959005833 0.6319639682769775 0.11427779495716095
office/seq-09/frame-000020.color.png -0.9771663546562195 -0.495200514793396 0.7967333197593689 0.7657448649406433 0.01645825058221817 0.6335495710372925 0.10944744199514389
office/seq-09/frame-000021.color.png -0.9502843022346497 -0.44722381234169006 0.8253259658813477 0.7670772671699524 0.018238721415400505 0.6308718919754028 0.11515436321496964
office/seq-09/frame-000022.color.png -0.8870482444763184 -0.47828367352485657 0.7824006676673889 0.773891806602478 0.005478473845869303 0.6210259795188904 0.12404876947402954
office/seq-09/frame-000023.color.png -0.8399313688278198 -0.46040740609169006 0.8104459643363953 0.7557011842727661 0.012399488128721714 0.6445916891098022 0.11516740918159485
office/seq-09/frame-000024.color.png -0.7812525033950806 -0.4391546845436096 0.8141620755195618 0.7616192698478699 0.018560243770480156 0.6364973187446594 0.12026096135377884
office/seq-09/frame-000025.color.png -0.8161725401878357 -0.4617324769496918 0.8382585644721985 0.7464790344238281 0.02252839505672455 0.6554351449012756 0.11254453659057617
office/seq-09/frame-000026.color.png -0.7442409992218018 -0.4358440637588501 0.851681113243103 0.7366548180580139 0.024938054382801056 0.6656302809715271 0.11685096472501755
office/seq-09/frame-000027.color.png -0.7294148802757263 -0.4510621130466461 0.8560000658035278 0.7657538056373596 0.03074774332344532 0.631696879863739 0.11676859110593796
office/seq-09/frame-000028.color.png -0.7469137907028198 -0.49141162633895874 0.8703192472457886 0.7572701573371887 0.035615839064121246 0.6416860222816467 0.11624304950237274
office/seq-09/frame-000029.color.png -0.7553302049636841 -0.44192594289779663 0.8691654801368713 0.7302809953689575 0.035193927586078644 0.6731860637664795 0.11077816039323807
office/seq-09/frame-000030.color.png -0.7828270196914673 -0.41195589303970337 0.9056755304336548 0.7225784659385681 0.04746725410223007 0.6806163787841797 0.11130424588918686
office/seq-09/frame-000031.color.png -0.7016656398773193 -0.36948180198669434 0.8967528343200684 0.6922926306724548 0.04601649194955826 0.7119626402854919 0.10827074944972992
office/seq-09/frame-000032.color.png -0.6055610179901123 -0.39246198534965515 0.8454465270042419 0.6840180158615112 0.04887646436691284 0.7186440825462341 0.11524355411529541
office/seq-09/frame-000033.color.png -0.5899884104728699 -0.35475993156433105 0.875393271446228 0.6782666444778442 0.05213995277881622 0.7235220074653625 0.11726734787225723
office/seq-09/frame-000034.color.png -0.5923665761947632 -0.36553946137428284 0.8849678635597229 0.6883138418197632 0.052608948200941086 0.7132391929626465 0.12143485248088837
office/seq-09/frame-000035.color.png -0.569616436958313 -0.3638993501663208 0.8424144983291626 0.6994822025299072 0.04141326993703842 0.7037754654884338 0.11708784103393555
office/seq-09/frame-000036.color.png -0.6012244820594788 -0.36679720878601074 0.8806427717208862 0.6920603513717651 0.04991859197616577 0.7098819017410278 0.12094692140817642
office/seq-09/frame-000037.color.png -0.5630401968955994 -0.31624916195869446 0.8502432703971863 0.7021690607070923 0.04118006303906441 0.6985987424850464 0.13123510777950287
office/seq-09/frame-000038.color.png -0.5322345495223999 -0.317717969417572 0.8359997272491455 0.6916098594665527 0.03435105085372925 0.7107874155044556 0.1236003190279007
office/seq-09/frame-000039.color.png -0.5006895065307617 -0.3153877854347229 0.81276935338974 0.703014075756073 0.022475972771644592 0.6990209221839905 0.12898047268390656
office/seq-09/frame-000040.color.png -0.48872044682502747 -0.29464226961135864 0.8263247013092041 0.7117346525192261 0.024577034637331963 0.6906530857086182 0.1258094608783722
office/seq-09/frame-000041.color.png -0.44950222969055176 -0.29819709062576294 0.8426196575164795 0.70186847448349 0.01625080779194832 0.6986429691314697 0.1378929615020752
office/seq-09/frame-000042.color.png -0.44107940793037415 -0.30182793736457825 0.8348385691642761 0.7226243019104004 0.00461683189496398 0.6757486462593079 0.1454533338546753
office/seq-09/frame-000043.color.png -0.44351017475128174 -0.2884463667869568 0.8424735069274902 0.7320312261581421 -0.0014388615963980556 0.6664814949035645 0.14117613434791565
office/seq-09/frame-000044.color.png -0.45497873425483704 -0.30128076672554016 0.8132346868515015 0.7220240235328674 -0.021502092480659485 0.6751900911331177 0.1494567096233368
office/seq-09/frame-000045.color.png -0.43369176983833313 -0.3041604161262512 0.7903885245323181 0.7240590453147888 -0.025609904900193214 0.6739311814308167 0.14456628262996674
office/seq-09/frame-000046.color.png -0.41854625940322876 -0.29788172245025635 0.8012399077415466 0.713036835193634 -0.029535628855228424 0.6846966743469238 0.1479751169681549
office/seq-09/frame-000047.color.png -0.4425453841686249 -0.30437424778938293 0.8093843460083008 0.7066183090209961 -0.030760979279875755 0.6909770369529724 0.14931553602218628
office/seq-09/frame-000048.color.png -0.41547825932502747 -0.30826708674430847 0.8074798583984375 0.7118682265281677 -0.02709871344268322 0.6855758428573608 0.14998294413089752
office/seq-09/frame-000049.color.png -0.35576847195625305 -0.2753361761569977 0.8038224577903748 0.7154718041419983 -0.026571467518806458 0.6821301579475403 0.14863571524620056
office/seq-09/frame-000050.color.png -0.3721364438533783 -0.2661612033843994 0.7859882116317749 0.7303872108459473 -0.029601093381643295 0.669455349445343 0.1322416365146637
office/seq-09/frame-000051.color.png -0.378353089094162 -0.25279369950294495 0.7910938858985901 0.7243003249168396 -0.030754204839468002 0.67507404088974 0.13681486248970032
office/seq-09/frame-000052.color.png -0.3782106637954712 -0.2708536684513092 0.7785146236419678 0.7359026670455933 -0.030590929090976715 0.6624014973640442 0.1368783861398697
office/seq-09/frame-000053.color.png -0.37911346554756165 -0.28435587882995605 0.8001792430877686 0.740199625492096 -0.03101404756307602 0.6561807990074158 0.14342054724693298
office/seq-09/frame-000054.color.png -0.3768235743045807 -0.3006691038608551 0.7919439673423767 0.7351935505867004 -0.02468654327094555 0.6629934310913086 0.13899901509284973
office/seq-09/frame-000055.color.png -0.3629697263240814 -0.2957911789417267 0.8225833773612976 0.7347550392150879 -0.017901787534356117 0.6647768020629883 0.13374002277851105
office/seq-09/frame-000056.color.png -0.3801116943359375 -0.3044451177120209 0.7857146859169006 0.7778428792953491 -0.023154916241765022 0.6112308502197266 0.14429575204849243
office/seq-09/frame-000057.color.png -0.3766734004020691 -0.31179001927375793 0.7833925485610962 0.7759090662002563 -0.014802693389356136 0.6156256794929504 0.13693465292453766
office/seq-09/frame-000058.color.png -0.40144139528274536 -0.3034137785434723 0.8048149943351746 0.7579880952835083 -0.015412162989377975 0.6398484706878662 0.1257394701242447
office/seq-09/frame-000059.color.png -0.3964473307132721 -0.28286266326904297 0.8256539106369019 0.783179759979248 -0.025868423283100128 0.607162594795227 0.13158215582370758
office/seq-09/frame-000060.color.png -0.44024866819381714 -0.31012463569641113 0.8192961812019348 0.7821677327156067 -0.004739782307296991 0.6117590069770813 0.11807695031166077
office/seq-09/frame-000061.color.png -0.46758994460105896 -0.3090868592262268 0.8253993988037109 0.7754409909248352 -0.0004345483030192554 0.620124340057373 0.11889921128749847
office/seq-09/frame-000062.color.png -0.44424334168434143 -0.2687017619609833 0.8570475578308105 0.7705806493759155 0.006233246996998787 0.6276921629905701 0.11031413823366165
office/seq-09/frame-000063.color.png -0.4409935474395752 -0.30158916115760803 0.8684596419334412 0.7597833871841431 0.000537783489562571 0.6397374272346497 0.11603885143995285
office/seq-09/frame-000064.color.png -0.4393869638442993 -0.3076847493648529 0.9053005576133728 0.7724464535713196 -0.0013402400072664022 0.6240729093551636 0.11771821230649948
office/seq-09/frame-000065.color.png -0.43423014879226685 -0.28259921073913574 0.8911588788032532 0.7769836187362671 -0.0037064573261886835 0.619163990020752 0.11365993320941925
office/seq-09/frame-000066.color.png -0.4311855137348175 -0.30721017718315125 0.8846524953842163 0.7894677519798279 -0.0019710641354322433 0.6042458415031433 0.10781398415565491
office/seq-09/frame-000067.color.png -0.45176053047180176 -0.3012288212776184 0.8910809755325317 0.7914218306541443 0.005559409037232399 0.6036024689674377 0.09635704755783081
office/seq-09/frame-000068.color.png -0.40266916155815125 -0.2953794598579407 0.9315013885498047 0.7935713529586792 0.0060899518430233 0.6007843017578125 0.09625829011201859
office/seq-09/frame-000069.color.png -0.4103012681007385 -0.29993563890457153 0.9265881776809692 0.7896467447280884 -0.00048178984434343874 0.6051207780838013 0.10142387449741364
office/seq-09/frame-000070.color.png -0.39700838923454285 -0.30038541555404663 0.928367555141449 0.7910253405570984 -0.004408913664519787 0.6028857827186584 0.10386680066585541
office/seq-09/frame-000071.color.png -0.4320872724056244 -0.2928970456123352 0.9266914129257202 0.8049677610397339 -0.011286173947155476 0.584223210811615 0.10287237167358398
office/seq-09/frame-000072.color.png -0.41889628767967224 -0.28015726804733276 0.9605435729026794 0.8047550320625305 -0.007621844299137592 0.5855001211166382 0.09747345000505447
office/seq-09/frame-000073.color.png -0.41386666893959045 -0.30645984411239624 0.9532983303070068 0.7969751954078674 -0.018199719488620758 0.594858705997467 0.1031634658575058
office/seq-09/frame-000074.color.png -0.4075486958026886 -0.30110591650009155 1.005039095878601 0.7900835275650024 -0.024511011317372322 0.6032916903495789 0.10586105287075043
office/seq-09/frame-000075.color.png -0.3864390552043915 -0.3138728141784668 0.9817057251930237 0.7899712324142456 -0.015981478616595268 0.6040481328964233 0.1040000468492508
office/seq-09/frame-000076.color.png -0.3839167058467865 -0.29378119111061096 0.981259822845459 0.7911518216133118 -0.023188065737485886 0.6025194525718689 0.10252488404512405
office/seq-09/frame-000077.color.png -0.3623467981815338 -0.2900950610637665 0.9780014753341675 0.8018556237220764 -0.025493770837783813 0.5876271724700928 0.10522333532571793
office/seq-09/frame-000078.color.png -0.40690216422080994 -0.2907291650772095 0.9242793321609497 0.8006613254547119 -0.03251492604613304 0.5882274508476257 0.10896184295415878
office/seq-09/frame-000079.color.png -0.38543573021888733 -0.2672125995159149 0.9447047114372253 0.8138620257377625 -0.04715493321418762 0.5690937638282776 0.10741201043128967
office/seq-09/frame-000080.color.png -0.35802844166755676 -0.28118160367012024 0.9625240564346313 0.8172565698623657 -0.053774625062942505 0.563718318939209 0.10687237977981567
office/seq-09/frame-000081.color.png -0.3375013768672943 -0.2801603376865387 0.9615427255630493 0.8037713766098022 -0.05963172763586044 0.5813698768615723 0.111376091837883
office/seq-09/frame-000082.color.png -0.28790590167045593 -0.2785695791244507 1.011776328086853 0.807338535785675 -0.05220715329051018 0.5775027871131897 0.10940471291542053
office/seq-09/frame-000083.color.png -0.3169466257095337 -0.243344247341156 0.9878637194633484 0.8166707754135132 -0.04336843267083168 0.5653315186500549 0.10755567997694016
office/seq-09/frame-000084.color.png -0.28336456418037415 -0.22747260332107544 0.9761101603507996 0.8371571898460388 -0.05069003999233246 0.5339063405990601 0.10743530094623566
office/seq-09/frame-000085.color.png -0.25295290350914 -0.23007996380329132 0.9374234676361084 0.8317883610725403 -0.05756564810872078 0.5402851104736328 0.11360512673854828
office/seq-09/frame-000086.color.png -0.24342793226242065 -0.24705976247787476 0.9266268014907837 0.8340243101119995 -0.051698680967092514 0.5384551882743835 0.10861270874738693
office/seq-09/frame-000087.color.png -0.26879599690437317 -0.24211570620536804 0.9269306063652039 0.8315945267677307 -0.04743675887584686 0.5429298281669617 0.10689888894557953
office/seq-09/frame-000088.color.png -0.22281721234321594 -0.22936749458312988 0.9294612407684326 0.8408243060112 -0.043067868798971176 0.5283117294311523 0.10975665599107742
office/seq-09/frame-000089.color.png -0.19835910201072693 -0.2377404272556305 0.9255582094192505 0.8457773923873901 -0.026108823716640472 0.522637128829956 0.10406392812728882
office/seq-09/frame-000090.color.png -0.14869926869869232 -0.21012398600578308 0.9247779250144958 0.8636706471443176 -0.03386163339018822 0.4927031695842743 0.10084710270166397
office/seq-09/frame-000091.color.png -0.12974554300308228 -0.23076793551445007 0.8936115503311157 0.8581147789955139 -0.02782437764108181 0.5043478012084961 0.09218499064445496
office/seq-09/frame-000092.color.png -0.09877562522888184 -0.2108931839466095 0.874631941318512 0.8603287935256958 -0.019831566140055656 0.5013449788093567 0.08996808528900146
office/seq-09/frame-000093.color.png -0.02463207021355629 -0.208543598651886 0.8916962742805481 0.8893646597862244 -0.011598500423133373 0.448920875787735 0.0858258381485939
office/seq-09/frame-000094.color.png -0.05181301757693291 -0.20880037546157837 0.8909090161323547 0.8816492557525635 -0.017482783645391464 0.46362802386283875 0.0862429067492485
office/seq-09/frame-000095.color.png 0.011091385036706924 -0.19853028655052185 0.8701013922691345 0.901874303817749 -0.018168698996305466 0.42212986946105957 0.08999349176883698
office/seq-09/frame-000096.color.png 0.09203383326530457 -0.18116874992847443 0.889308750629425 0.8976540565490723 -0.011074370704591274 0.43361467123031616 0.07792923599481583
office/seq-09/frame-000097.color.png 0.11940717697143555 -0.18305698037147522 0.8824215531349182 0.9012832045555115 -0.005399438086897135 0.428257554769516 0.06523007899522781
office/seq-09/frame-000098.color.png 0.08942633867263794 -0.17988429963588715 0.8861197829246521 0.9038907885551453 -0.003703283378854394 0.42150095105171204 0.07283461838960648
office/seq-09/frame-000099.color.png 0.14601008594036102 -0.17884981632232666 0.9373438358306885 0.8934534788131714 -0.00020188883354421705 0.4443250894546509 0.06569642573595047
office/seq-09/frame-000100.color.png 0.17251364886760712 -0.17307239770889282 0.964745283126831 0.8880898952484131 -0.0070480224676430225 0.4541231393814087 0.07084282487630844
office/seq-09/frame-000101.color.png 0.1859753429889679 -0.17725251615047455 0.9447566866874695 0.8958606719970703 -0.005820149090141058 0.43873676657676697 0.07007093727588654
office/seq-09/frame-000102.color.png 0.22359979152679443 -0.1754877269268036 0.9756405353546143 0.8923085331916809 -0.0031824351754039526 0.4467279314994812 0.06488154083490372
office/seq-09/frame-000103.color.png 0.2600167989730835 -0.16826970875263214 0.9972472786903381 0.885527491569519 -0.016181766986846924 0.4582207202911377 0.07491922378540039
office/seq-09/frame-000104.color.png 0.2855345606803894 -0.16870680451393127 0.9945799708366394 0.8840057849884033 -0.021829115226864815 0.46134838461875916 0.0722142681479454
office/seq-09/frame-000105.color.png 0.26440364122390747 -0.16755884885787964 0.9978143572807312 0.8807650208473206 -0.012568399310112 0.46725308895111084 0.07595865428447723
office/seq-09/frame-000106.color.png 0.3066857159137726 -0.171672984957695 1.0308669805526733 0.8755663633346558 -0.022317375987768173 0.4776572585105896 0.06876885890960693
office/seq-09/frame-000107.color.png 0.2931142747402191 -0.1800021231174469 1.040108561515808 0.8695105910301208 -0.017939288169145584 0.4890756607055664 0.06659331172704697
office/seq-09/frame-000108.color.png 0.2821609079837799 -0.17118680477142334 1.0570642948150635 0.8753651976585388 -0.021814117208123207 0.477536141872406 0.0722435936331749
office/seq-09/frame-000109.color.png 0.2864907681941986 -0.16392835974693298 1.0609320402145386 0.8660913109779358 -0.03706405311822891 0.4916495978832245 0.08241748809814453
office/seq-09/frame-000110.color.png 0.26856061816215515 -0.17770490050315857 1.0771397352218628 0.861250102519989 -0.029478352516889572 0.4996813237667084 0.08773858100175858
office/seq-09/frame-000111.color.png 0.28758999705314636 -0.18219444155693054 1.0703370571136475 0.8519942760467529 -0.028984231874346733 0.5133310556411743 0.09877604246139526
office/seq-09/frame-000112.color.png 0.2816900908946991 -0.18890461325645447 1.0910829305648804 0.8641350269317627 -0.028540324419736862 0.4898923337459564 0.11163188517093658
office/seq-09/frame-000113.color.png 0.2982558012008667 -0.18950293958187103 1.1165658235549927 0.867129385471344 -0.03271670266985893 0.48494958877563477 0.10881352424621582
office/seq-09/frame-000114.color.png 0.31994831562042236 -0.19601592421531677 1.12540602684021 0.8699826002120972 -0.040815066546201706 0.4789574444293976 0.10983695089817047
office/seq-09/frame-000115.color.png 0.33211174607276917 -0.2007794976234436 1.1398091316223145 0.8362366557121277 -0.030240271240472794 0.536168098449707 0.11098387092351913
office/seq-09/frame-000116.color.png 0.3351152837276459 -0.21756982803344727 1.1599518060684204 0.8056284189224243 -0.022764332592487335 0.5814552307128906 0.11115007847547531
office/seq-09/frame-000117.color.png 0.3306744396686554 -0.20437484979629517 1.156032681465149 0.7955148220062256 -0.014362034387886524 0.5960116982460022 0.10825878381729126
office/seq-09/frame-000118.color.png 0.3242673873901367 -0.20634624361991882 1.1687880754470825 0.8146732449531555 -0.017580969259142876 0.5671105980873108 0.11993315815925598
office/seq-09/frame-000119.color.png 0.33989301323890686 -0.20973585546016693 1.195138692855835 0.8052021861076355 -0.01119782030582428 0.5808526873588562 0.11888714134693146
office/seq-09/frame-000120.color.png 0.35131263732910156 -0.20840060710906982 1.199679970741272 0.7974842190742493 -0.01465106476098299 0.5921730399131775 0.1146092414855957
office/seq-09/frame-000121.color.png 0.35580021142959595 -0.2085086703300476 1.2084312438964844 0.79474276304245 -0.016662968322634697 0.5965617299079895 0.11054603010416031
office/seq-09/frame-000122.color.png 0.3617033362388611 -0.22941091656684875 1.2453824281692505 0.7567585706710815 -0.010865050368010998 0.6442119479179382 0.11040643602609634
office/seq-09/frame-000123.color.png 0.3425569236278534 -0.22272783517837524 1.2396328449249268 0.7466822862625122 -0.005347775295376778 0.6559039950370789 0.11057537794113159
office/seq-09/frame-000124.color.png 0.3343748152256012 -0.21697275340557098 1.2362185716629028 0.775703489780426 -0.00911884754896164 0.6212913393974304 0.11044425517320633
office/seq-09/frame-000125.color.png 0.34512174129486084 -0.2168847620487213 1.2469336986541748 0.7662232518196106 -0.016012882813811302 0.6322945952415466 0.11335381865501404
office/seq-09/frame-000126.color.png 0.342888206243515 -0.2222173511981964 1.2570972442626953 0.7614006996154785 -0.026038942858576775 0.637279748916626 0.1160401925444603
office/seq-09/frame-000127.color.png 0.33128622174263 -0.23871183395385742 1.2789150476455688 0.7515777349472046 -0.0347730852663517 0.648926854133606 0.11320716887712479
office/seq-09/frame-000128.color.png 0.3327854573726654 -0.2378479540348053 1.2747529745101929 0.748153805732727 -0.03022398054599762 0.6528210043907166 0.11479132622480392
office/seq-09/frame-000129.color.png 0.3183516263961792 -0.23532608151435852 1.282728672027588 0.7472617626190186 -0.025473657995462418 0.6539030075073242 0.11559286713600159
office/seq-09/frame-000130.color.png 0.3175065517425537 -0.2476658821105957 1.3124239444732666 0.7339210510253906 -0.024422844871878624 0.6687360405921936 0.11642847210168839
office/seq-09/frame-000131.color.png 0.3063998520374298 -0.2575656473636627 1.3141727447509766 0.7227689623832703 -0.015124163590371609 0.6821115612983704 0.11000074446201324
office/seq-09/frame-000132.color.png 0.29977986216545105 -0.26245659589767456 1.3233100175857544 0.7353013157844543 -0.023362910374999046 0.6680442094802856 0.11181728541851044
office/seq-09/frame-000133.color.png 0.28457415103912354 -0.2650412321090698 1.3229866027832031 0.7346349358558655 -0.03387987241148949 0.6674256920814514 0.11707562208175659
office/seq-09/frame-000134.color.png 0.2851823568344116 -0.2649769186973572 1.320773720741272 0.7210299372673035 -0.037203725427389145 0.6811884641647339 0.12130150198936462
office/seq-09/frame-000135.color.png 0.2781189978122711 -0.2787904143333435 1.319999098777771 0.7285915613174438 -0.024724747985601425 0.6741073131561279 0.11883757263422012
office/seq-09/frame-000136.color.png 0.2738335132598877 -0.2768152952194214 1.301275372505188 0.7299761176109314 -0.023323925212025642 0.6731013059616089 0.11629877239465714
office/seq-09/frame-000137.color.png 0.26383689045906067 -0.27451613545417786 1.2974908351898193 0.7328698039054871 -0.024468092247843742 0.6696599721908569 0.11772259324789047
office/seq-09/frame-000138.color.png 0.24996347725391388 -0.26527461409568787 1.3086888790130615 0.7231664657592773 -0.025225475430488586 0.6795742511749268 0.12071744352579117
office/seq-09/frame-000139.color.png 0.26369646191596985 -0.2798681855201721 1.3147419691085815 0.7036969065666199 -0.0105976527556777 0.6996253728866577 0.12337936460971832
office/seq-09/frame-000140.color.png 0.2704339623451233 -0.273917019367218 1.289366364479065 0.7024011611938477 -0.009181319735944271 0.7019383311271667 0.11760467290878296
office/seq-09/frame-000141.color.png 0.2655351161956787 -0.27545395493507385 1.2812882661819458 0.678918182849884 -0.017723295837640762 0.723153293132782 0.12571901082992554
office/seq-09/frame-000142.color.png 0.26378071308135986 -0.25986945629119873 1.2789225578308105 0.6772416830062866 -0.022469952702522278 0.7237740159034729 0.13034571707248688
office/seq-09/frame-000143.color.png 0.24599003791809082 -0.24501502513885498 1.2989013195037842 0.6729370355606079 -0.012841048650443554 0.7290929555892944 0.12415393441915512
office/seq-09/frame-000144.color.png 0.23666195571422577 -0.25170260667800903 1.305543065071106 0.6810362339019775 -0.024770474061369896 0.7206021547317505 0.12770529091358185
office/seq-09/frame-000145.color.png 0.24104240536689758 -0.25716283917427063 1.2976762056350708 0.6869966983795166 -0.01434982381761074 0.7160779237747192 0.12272746115922928
office/seq-09/frame-000146.color.png 0.22764262557029724 -0.25704967975616455 1.2972124814987183 0.686270534992218 -0.016226164996623993 0.7168906331062317 0.12180845439434052
office/seq-09/frame-000147.color.png 0.23086610436439514 -0.22118507325649261 1.2728512287139893 0.7009842395782471 -0.04142933338880539 0.7000283002853394 0.12986451387405396
office/seq-09/frame-000148.color.png 0.19972610473632812 -0.21783241629600525 1.2746474742889404 0.7204954624176025 -0.025102399289608 0.6814741492271423 0.1258929967880249
office/seq-09/frame-000149.color.png 0.19740144908428192 -0.2098926305770874 1.2847546339035034 0.7046718597412109 -0.040032386779785156 0.6958239078521729 0.13290616869926453
office/seq-09/frame-000150.color.png 0.22283166646957397 -0.2186715006828308 1.2928671836853027 0.738580048084259 -0.018495045602321625 0.662095844745636 0.12564429640769958
office/seq-09/frame-000151.color.png 0.1926325261592865 -0.22192205488681793 1.296047568321228 0.7275786399841309 -0.011667672544717789 0.6754807233810425 0.11924362927675247
office/seq-09/frame-000152.color.png 0.18494389951229095 -0.22341428697109222 1.27967369556427 0.7245981693267822 -0.02175205573439598 0.6783453822135925 0.11971604079008102
office/seq-09/frame-000153.color.png 0.1572333127260208 -0.22070647776126862 1.294563889503479 0.7465214729309082 -0.009956005029380322 0.6553547978401184 0.11452808976173401
office/seq-09/frame-000154.color.png 0.18267495930194855 -0.22623604536056519 1.3019498586654663 0.7618987560272217 -0.020512793213129044 0.6363627314567566 0.11887828260660172
office/seq-09/frame-000155.color.png 0.16141608357429504 -0.23289227485656738 1.2831478118896484 0.7772595286369324 -0.020996171981096268 0.6178222298622131 0.1171424388885498
office/seq-09/frame-000156.color.png 0.15544137358665466 -0.24757593870162964 1.3249244689941406 0.790795087814331 -0.017722833901643753 0.6007357239723206 0.1159554198384285
office/seq-09/frame-000157.color.png 0.19462624192237854 -0.25852423906326294 1.338348627090454 0.8011395931243896 -0.0044167535379529 0.5900723338127136 0.0998518317937851
office/seq-09/frame-000158.color.png 0.2749350368976593 -0.2742784023284912 1.3775221109390259 0.8277831673622131 0.0026299848686903715 0.5537688732147217 0.09004576504230499
office/seq-09/frame-000159.color.png 0.26582151651382446 -0.2777504324913025 1.4038904905319214 0.8363265991210938 0.010491469874978065 0.5407843589782715 0.08944288641214371
office/seq-09/frame-000160.color.png 0.29325398802757263 -0.26849132776260376 1.4591971635818481 0.8373081088066101 0.022794535383582115 0.5413670539855957 0.07291965931653976
office/seq-09/frame-000161.color.png 0.3227396309375763 -0.2789623737335205 1.4881337881088257 0.8254386186599731 -0.001144177047535777 0.5599183440208435 0.07170192152261734
office/seq-09/frame-000162.color.png 0.33450940251350403 -0.28297001123428345 1.4847228527069092 0.8253417015075684 0.002524757292121649 0.5604375004768372 0.0686628594994545
office/seq-09/frame-000163.color.png 0.37158411741256714 -0.2781335711479187 1.4978363513946533 0.8453429341316223 0.009469790384173393 0.5299265384674072 0.06695930659770966
office/seq-09/frame-000164.color.png 0.34847888350486755 -0.2814849317073822 1.5152993202209473 0.8516101837158203 0.005816126707941294 0.5203940868377686 0.06257956475019455
office/seq-09/frame-000165.color.png 0.3867449462413788 -0.2918025255203247 1.561862826347351 0.8518034815788269 -0.014952365309000015 0.520359456539154 0.05859462171792984
office/seq-09/frame-000166.color.png 0.38692358136177063 -0.29500052332878113 1.5393123626708984 0.8648316264152527 -0.013912849128246307 0.4978134036064148 0.06367434561252594
office/seq-09/frame-000167.color.png 0.3768627941608429 -0.2934800386428833 1.5636906623840332 0.8702284693717957 -0.019279344007372856 0.48838791251182556 0.0617082454264164
office/seq-09/frame-000168.color.png 0.39867880940437317 -0.3235090374946594 1.6473320722579956 0.8651148676872253 -0.01340492907911539 0.497769296169281 0.060185935348272324
office/seq-09/frame-000169.color.png 0.3942175507545471 -0.3283216953277588 1.6412863731384277 0.8703579902648926 -0.01451130397617817 0.488139271736145 0.06314067542552948
office/seq-09/frame-000170.color.png 0.3973895013332367 -0.3179168403148651 1.633347511291504 0.8694700598716736 -0.01674170419573784 0.4891734719276428 0.06671342253684998
office/seq-09/frame-000171.color.png 0.3760331869125366 -0.31810101866722107 1.6400970220565796 0.8784155249595642 -0.006721802521497011 0.47345080971717834 0.06469148397445679
office/seq-09/frame-000172.color.png 0.3970769941806793 -0.3033614158630371 1.6571204662322998 0.8787751793861389 -0.0035177250392735004 0.4738629460334778 0.05653083324432373
office/seq-09/frame-000173.color.png 0.4007563889026642 -0.3154403567314148 1.6506832838058472 0.8777936100959778 -0.023103078827261925 0.4737900197505951 0.06683936715126038
office/seq-09/frame-000174.color.png 0.39671099185943604 -0.33363842964172363 1.6830726861953735 0.8727116584777832 -0.019181758165359497 0.4829919934272766 0.06873892992734909
office/seq-09/frame-000175.color.png 0.3885937035083771 -0.34220826625823975 1.670673131942749 0.8701549172401428 -0.003455897094681859 0.48804721236228943 0.06803398579359055
office/seq-09/frame-000176.color.png 0.40942269563674927 -0.31536778807640076 1.6577152013778687 0.8710867762565613 0.0023194344248622656 0.48612797260284424 0.06987127661705017
office/seq-09/frame-000177.color.png 0.4170287251472473 -0.30832037329673767 1.6510932445526123 0.8736441135406494 -0.005433858372271061 0.4817577004432678 0.06801540404558182
office/seq-09/frame-000178.color.png 0.4050644636154175 -0.31544098258018494 1.6577212810516357 0.8771651983261108 0.005562458653002977 0.47569698095321655 0.06528866291046143
office/seq-09/frame-000179.color.png 0.41522470116615295 -0.3065285384654999 1.6587165594100952 0.8883119821548462 -0.01741921901702881 0.4540313482284546 0.06673790514469147
office/seq-09/frame-000180.color.png 0.406901478767395 -0.30673280358314514 1.644626259803772 0.8816217184066772 -0.021517006680369377 0.46686285734176636 0.06572157889604568
office/seq-09/frame-000181.color.png 0.3894524872303009 -0.31039509177207947 1.6644469499588013 0.8797010779380798 -0.006709528621286154 0.47155532240867615 0.060965534299612045
office/seq-09/frame-000182.color.png 0.3956471383571625 -0.3129023015499115 1.6607697010040283 0.8785661458969116 -0.014438888989388943 0.4729049503803253 0.06537526100873947
office/seq-09/frame-000183.color.png 0.40429502725601196 -0.3234802782535553 1.665968894958496 0.8725065588951111 -0.006932883057743311 0.4841838479042053 0.06519263982772827
office/seq-09/frame-000184.color.png 0.3991122841835022 -0.3132299482822418 1.648177981376648 0.8757407665252686 -0.004829874727874994 0.4784497916698456 0.06434787809848785
office/seq-09/frame-000185.color.png 0.38516589999198914 -0.316580593585968 1.639477252960205 0.8776466846466064 -0.008336754515767097 0.4746522605419159 0.06612122058868408
office/seq-09/frame-000186.color.png 0.3720032274723053 -0.3142586052417755 1.641626000404358 0.8815094232559204 -0.011641275137662888 0.4670802354812622 0.06813114881515503
office/seq-09/frame-000187.color.png 0.3767748475074768 -0.3055296838283539 1.6297630071640015 0.881266713142395 -0.01074084173887968 0.4679931402206421 0.0650852769613266
office/seq-09/frame-000188.color.png 0.3854244351387024 -0.3024469017982483 1.618517279624939 0.8862985968589783 -0.008711523376405239 0.45934978127479553 0.05828160047531128
office/seq-09/frame-000189.color.png 0.3813590705394745 -0.30491897463798523 1.6149744987487793 0.8818104863166809 0.002269733464345336 0.46809425950050354 0.057382937520742416
office/seq-09/frame-000190.color.png 0.4001380205154419 -0.30273017287254333 1.6031122207641602 0.8796138167381287 0.0006797975511290133 0.47262042760849 0.053933314979076385
office/seq-09/frame-000191.color.png 0.3842040002346039 -0.3006858229637146 1.5936139822006226 0.8786399364471436 -0.009154364466667175 0.4742467403411865 0.05475613847374916
office/seq-09/frame-000192.color.png 0.3835029602050781 -0.293764591217041 1.5858384370803833 0.8821858167648315 -0.0005893500056117773 0.4679045081138611 0.0530393123626709
office/seq-09/frame-000193.color.png 0.37977325916290283 -0.29575636982917786 1.583602786064148 0.8765715956687927 0.009525834582746029 0.47787919640541077 0.056241460144519806
office/seq-09/frame-000194.color.png 0.38414016366004944 -0.28718191385269165 1.5558338165283203 0.8809819221496582 0.024327315390110016 0.4697388708591461 0.05122923105955124
office/seq-09/frame-000195.color.png 0.39035093784332275 -0.28005075454711914 1.5249085426330566 0.8805369138717651 0.01489089336246252 0.47175922989845276 0.04331745207309723
office/seq-09/frame-000196.color.png 0.3603250980377197 -0.2825680077075958 1.5099010467529297 0.872215747833252 0.017891697585582733 0.4862123131752014 0.050169941037893295
office/seq-09/frame-000197.color.png 0.3936270475387573 -0.26868966221809387 1.477297306060791 0.8730254769325256 0.008850897662341595 0.48492589592933655 0.050941210240125656
office/seq-09/frame-000198.color.png 0.3753812909126282 -0.2514084279537201 1.4408400058746338 0.8765430450439453 0.011722241528332233 0.4792323708534241 0.0432560034096241
office/seq-09/frame-000199.color.png 0.37633511424064636 -0.24885553121566772 1.3938918113708496 0.8931827545166016 0.007249737158417702 0.44748473167419434 0.04392431303858757
office/seq-09/frame-000200.color.png 0.3683791756629944 -0.2599565088748932 1.4077413082122803 0.895694375038147 0.011118086986243725 0.4429240822792053 0.03776681050658226
office/seq-09/frame-000201.color.png 0.3515634834766388 -0.2635542154312134 1.4092923402786255 0.8985378742218018 0.02569703944027424 0.43673020601272583 0.03515763208270073
office/seq-09/frame-000202.color.png 0.3533475399017334 -0.22824205458164215 1.3182648420333862 0.9053962826728821 0.01291386317461729 0.42239347100257874 0.0409233495593071
office/seq-09/frame-000203.color.png 0.36435726284980774 -0.24110591411590576 1.3209271430969238 0.9146416187286377 0.0062522790394723415 0.402730256319046 0.034643322229385376
office/seq-09/frame-000204.color.png 0.33890700340270996 -0.2629738450050354 1.3265130519866943 0.9136861562728882 0.00944980513304472 0.40535372495651245 0.02786932699382305
office/seq-09/frame-000205.color.png 0.33422133326530457 -0.237161785364151 1.3299458026885986 0.9097533226013184 0.017439832910895348 0.4140321612358093 0.024942481890320778
office/seq-09/frame-000206.color.png 0.3148748278617859 -0.23756712675094604 1.3022960424423218 0.9115003943443298 0.020516838878393173 0.4102819561958313 0.02036828175187111
office/seq-09/frame-000207.color.png 0.32284098863601685 -0.24028676748275757 1.2758309841156006 0.9169808030128479 0.024481313303112984 0.39783552289009094 0.016550052911043167
office/seq-09/frame-000208.color.png 0.333748996257782 -0.24286195635795593 1.266768455505371 0.9259363412857056 0.01101604476571083 0.3770492374897003 0.018823515623807907
office/seq-09/frame-000209.color.png 0.3357049822807312 -0.24390459060668945 1.258488655090332 0.9150996208190918 0.012993075884878635 0.4025097191333771 0.02024810016155243
office/seq-09/frame-000210.color.png 0.3238479793071747 -0.23965510725975037 1.2251887321472168 0.921636164188385 0.012955093756318092 0.38748812675476074 0.016491463407874107
office/seq-09/frame-000211.color.png 0.3145410120487213 -0.2495325803756714 1.235580325126648 0.9281037449836731 0.009824979119002819 0.37187761068344116 0.015291495248675346
office/seq-09/frame-000212.color.png 0.3323872685432434 -0.23374003171920776 1.2047785520553589 0.9292105436325073 0.0034725763835012913 0.36916959285736084 0.016413826495409012
office/seq-09/frame-000213.color.png 0.3260838985443115 -0.22102569043636322 1.1782464981079102 0.9342470169067383 0.005014140624552965 0.3560082018375397 0.02038257010281086
office/seq-09/frame-000214.color.png 0.3191109597682953 -0.2277371883392334 1.174260139465332 0.936516523361206 0.008472290821373463 0.3500537574291229 0.018095823004841805
office/seq-09/frame-000215.color.png 0.3471856713294983 -0.21845780313014984 1.1510629653930664 0.9427063465118408 0.013437513262033463 0.3330554962158203 0.01407690066844225
office/seq-09/frame-000216.color.png 0.3366256058216095 -0.22701355814933777 1.1529914140701294 0.9408186674118042 0.020413389429450035 0.33817246556282043 0.009114507585763931
office/seq-09/frame-000217.color.png 0.3304588198661804 -0.20567549765110016 1.1040141582489014 0.9431803226470947 0.01017518900334835 0.33192142844200134 0.011637808755040169
office/seq-09/frame-000218.color.png 0.34801068902015686 -0.20528070628643036 1.0933948755264282 0.9526847004890442 -0.006308482959866524 0.30358070135116577 0.01381821557879448
office/seq-09/frame-000219.color.png 0.3446657061576843 -0.231313556432724 1.0691556930541992 0.9590098857879639 -0.0032481129746884108 0.28304344415664673 0.01326044648885727
office/seq-09/frame-000220.color.png 0.3585110902786255 -0.22005464136600494 1.0493531227111816 0.9626992344856262 -0.004154795315116644 0.27021488547325134 0.013291398994624615
office/seq-09/frame-000221.color.png 0.34312766790390015 -0.20699000358581543 1.063748836517334 0.9635607004165649 0.005469007883220911 0.26727089285850525 0.009328272193670273
office/seq-09/frame-000222.color.png 0.35896483063697815 -0.19526085257530212 1.019600510597229 0.964945375919342 0.01727018691599369 0.2618313729763031 0.00515593821182847
office/seq-09/frame-000223.color.png 0.4154685437679291 -0.19396723806858063 1.0069153308868408 0.9712691307067871 0.011618764139711857 0.23709207773208618 0.016995256766676903
office/seq-09/frame-000224.color.png 0.4054080843925476 -0.18211373686790466 1.0481795072555542 0.9598846435546875 0.021386342123150826 0.27893221378326416 0.018992993980646133
office/seq-09/frame-000225.color.png 0.40942448377609253 -0.1734260618686676 1.031653642654419 0.964811384677887 0.013943763449788094 0.2616329789161682 0.022199727594852448
office/seq-09/frame-000226.color.png 0.40892520546913147 -0.16254885494709015 1.0204414129257202 0.9580784440040588 0.03512289375066757 0.2825866639614105 0.03157244622707367
office/seq-09/frame-000227.color.png 0.38037651777267456 -0.15683376789093018 0.9738984107971191 0.964701235294342 0.02423502877354622 0.25961026549339294 0.036968134343624115
office/seq-09/frame-000228.color.png 0.41130590438842773 -0.15762262046337128 1.0030208826065063 0.9702064990997314 0.008599895052611828 0.2394528090953827 0.03588622808456421
office/seq-09/frame-000229.color.png 0.4066475033760071 -0.17108607292175293 1.012550711631775 0.9723743200302124 0.015078858472406864 0.231656014919281 0.024416455999016762
office/seq-09/frame-000230.color.png 0.41005244851112366 -0.15937374532222748 0.9993286728858948 0.9570906162261963 0.010436943732202053 0.28894200921058655 0.01952330581843853
office/seq-09/frame-000231.color.png 0.4174603521823883 -0.13777366280555725 0.9881215691566467 0.9626627564430237 -0.013956795446574688 0.2688816785812378 0.028073353692889214
office/seq-09/frame-000232.color.png 0.4222927689552307 -0.12511540949344635 0.9734573364257812 0.9635606408119202 -0.008684977889060974 0.2660261392593384 0.0265631303191185
office/seq-09/frame-000233.color.png 0.4021415412425995 -0.1403048187494278 0.9830902814865112 0.9610284566879272 -0.017002899199724197 0.27484118938446045 0.024442391470074654
office/seq-09/frame-000234.color.png 0.39112475514411926 -0.14202629029750824 0.984980046749115 0.9605963230133057 -0.020466864109039307 0.2757069766521454 0.02866300567984581
office/seq-09/frame-000235.color.png 0.38649246096611023 -0.1433430314064026 0.9695079922676086 0.9662898182868958 -0.03131038323044777 0.2534308135509491 0.03280666843056679
office/seq-09/frame-000236.color.png 0.4202268719673157 -0.14421316981315613 0.9812021255493164 0.9705197215080261 -0.025514492765069008 0.238603875041008 0.022554177790880203
office/seq-09/frame-000237.color.png 0.443479061126709 -0.1349877417087555 0.9650530815124512 0.9728990793228149 -0.04308348149061203 0.22558821737766266 0.02685423009097576
office/seq-09/frame-000238.color.png 0.42259612679481506 -0.14487577974796295 0.964156448841095 0.9750550985336304 -0.0461675226688385 0.21577006578445435 0.02407377026975155
office/seq-09/frame-000239.color.png 0.42971184849739075 -0.16628849506378174 0.9987227320671082 0.9766784906387329 -0.04980943351984024 0.2070513814687729 0.027347229421138763
office/seq-09/frame-000240.color.png 0.4309300184249878 -0.17405763268470764 1.0122147798538208 0.9792572855949402 -0.04420499503612518 0.1965329796075821 0.021816300228238106
office/seq-09/frame-000241.color.png 0.4202021062374115 -0.16242307424545288 0.9780389070510864 0.9814770817756653 -0.053014807403087616 0.18137381970882416 0.03155382350087166
office/seq-09/frame-000242.color.png 0.3947949707508087 -0.16356590390205383 0.988990843296051 0.9801813364028931 -0.06348492950201035 0.1840124875307083 0.03679058700799942
office/seq-09/frame-000243.color.png 0.43968430161476135 -0.1640741527080536 1.0233715772628784 0.9793678522109985 -0.07387732714414597 0.1860453486442566 0.027711333706974983
office/seq-09/frame-000244.color.png 0.4209669530391693 -0.15955901145935059 0.9966300129890442 0.9857006072998047 -0.07978437840938568 0.1455449014902115 0.029079245403409004
office/seq-09/frame-000245.color.png 0.3530156910419464 -0.15232574939727783 1.0191038846969604 0.9877751469612122 -0.07674556225538254 0.13221576809883118 0.03048541769385338
office/seq-09/frame-000246.color.png 0.39916637539863586 -0.15992426872253418 1.0423035621643066 0.9885300397872925 -0.08560477942228317 0.12291830033063889 0.019271904602646828
office/seq-09/frame-000247.color.png 0.4125840663909912 -0.16740837693214417 1.0489097833633423 0.9895806312561035 -0.08186820149421692 0.11730806529521942 0.016325809061527252
office/seq-09/frame-000248.color.png 0.41006556153297424 -0.16623401641845703 1.002876877784729 0.9921988248825073 -0.09570775926113129 0.07906007021665573 0.011449895799160004
office/seq-09/frame-000249.color.png 0.4100894629955292 -0.15422292053699493 0.9672257900238037 0.9935494065284729 -0.10207445174455643 0.048527393490076065 0.009243767708539963
office/seq-09/frame-000250.color.png 0.37571147084236145 -0.1485503762960434 0.9842764139175415 0.992611825466156 -0.10947946459054947 0.05204198881983757 0.0052627683617174625
office/seq-09/frame-000251.color.png 0.4105585217475891 -0.17349141836166382 1.0210464000701904 0.989417552947998 -0.13686080276966095 0.04805561527609825 -0.0035583104472607374
office/seq-09/frame-000252.color.png 0.4418381452560425 -0.14114640653133392 1.0362218618392944 0.9899324178695679 -0.13369134068489075 0.0459454208612442 0.007043521851301193
office/seq-09/frame-000253.color.png 0.424408882856369 -0.14323443174362183 1.0337620973587036 0.9919492602348328 -0.11687980592250824 0.04628704488277435 0.015271948650479317
office/seq-09/frame-000254.color.png 0.39862626791000366 -0.1401185393333435 1.0236302614212036 0.9910516142845154 -0.12663151323795319 0.039338111877441406 0.01529234740883112
office/seq-09/frame-000255.color.png 0.396358460187912 -0.14228710532188416 1.033488392829895 0.9920219779014587 -0.1144675463438034 0.050332292914390564 0.01601080782711506
office/seq-09/frame-000256.color.png 0.3966819643974304 -0.14074352383613586 1.0215123891830444 0.9910241961479187 -0.12973131239414215 0.03041238896548748 0.010781332850456238
office/seq-09/frame-000257.color.png 0.3648495674133301 -0.1338990330696106 0.9972239136695862 0.9914498925209045 -0.12454791367053986 0.036151301115751266 0.014426285400986671
office/seq-09/frame-000258.color.png 0.3644690215587616 -0.133456289768219 0.9957402348518372 0.9917210340499878 -0.10759022831916809 0.06816183775663376 0.016363898292183876
office/seq-09/frame-000259.color.png 0.3444213271141052 -0.1259865164756775 0.9826154112815857 0.9949622750282288 -0.09811896085739136 0.011158877052366734 0.017266742885112762
office/seq-09/frame-000260.color.png 0.3029378652572632 -0.10993482172489166 0.9688031673431396 0.995594322681427 -0.08368434011936188 0.03410119190812111 0.025017935782670975
office/seq-09/frame-000261.color.png 0.3051348328590393 -0.12745384871959686 1.0255650281906128 0.9838995933532715 -0.08134612441062927 0.14959897100925446 0.054264359176158905
office/seq-09/frame-000262.color.png 0.31816768646240234 -0.1214430183172226 1.0156389474868774 0.9867773056030273 -0.09384404867887497 0.12609045207500458 0.03956330195069313
office/seq-09/frame-000263.color.png 0.31995317339897156 -0.11800913512706757 1.019687533378601 0.9955727458000183 -0.085126131772995 0.03495612367987633 0.01914306730031967
office/seq-09/frame-000264.color.png 0.31995317339897156 -0.11800913512706757 1.019687533378601 0.9955727458000183 -0.085126131772995 0.03495612367987633 0.01914306730031967
office/seq-09/frame-000265.color.png 0.2921661138534546 -0.11381906270980835 1.0241191387176514 0.9924072027206421 -0.08927474915981293 0.07912474870681763 0.02995152212679386
office/seq-09/frame-000266.color.png 0.27021360397338867 -0.11710965633392334 1.0306406021118164 0.9938573837280273 -0.07723236829042435 0.07226087152957916 0.03256961330771446
office/seq-09/frame-000267.color.png 0.25900718569755554 -0.11240746080875397 1.0305442810058594 0.9939320683479309 -0.06485134363174438 0.0848972499370575 0.02618786133825779
office/seq-09/frame-000268.color.png 0.2314307987689972 -0.10785353183746338 1.0248322486877441 0.9980738759040833 -0.05971003323793411 0.009093027561903 0.014168179593980312
office/seq-09/frame-000269.color.png 0.2465193271636963 -0.11032074689865112 1.0106563568115234 0.9955354332923889 -0.06339946389198303 -0.0687548965215683 0.012755811214447021
office/seq-09/frame-000270.color.png 0.2465193271636963 -0.11032074689865112 1.0106563568115234 0.9955354332923889 -0.06339946389198303 -0.0687548965215683 0.012755811214447021
office/seq-09/frame-000271.color.png 0.26094600558280945 -0.0908500999212265 0.983726978302002 0.9959173202514648 -0.07666788250207901 -0.04753739759325981 -0.0033185258507728577
office/seq-09/frame-000272.color.png 0.21485358476638794 -0.0886107087135315 0.9896560311317444 0.997391402721405 -0.06362373381853104 -0.03399675711989403 -0.002586140064522624
office/seq-09/frame-000273.color.png 0.21879389882087708 -0.10912545025348663 0.9737467169761658 0.9914197325706482 -0.07448872178792953 -0.10517030209302902 -0.021851692348718643
office/seq-09/frame-000274.color.png 0.20721912384033203 -0.11748209595680237 0.9442622065544128 0.9911433458328247 -0.0935315489768982 -0.09055910259485245 -0.02618764340877533
office/seq-09/frame-000275.color.png 0.26517775654792786 -0.1390381008386612 0.9745885133743286 0.9938213229179382 -0.10823628306388855 -0.019285710528492928 -0.015244070440530777
office/seq-09/frame-000276.color.png 0.2463969886302948 -0.13566377758979797 0.9556778073310852 0.9930297136306763 -0.10079291462898254 -0.05593353137373924 -0.02458268404006958
office/seq-09/frame-000277.color.png 0.25753745436668396 -0.13638776540756226 0.9759523272514343 0.9896177053451538 -0.08776912838220596 -0.10859521478414536 -0.0340658538043499
office/seq-09/frame-000278.color.png 0.24638815224170685 -0.1144283264875412 0.9627724885940552 0.986586332321167 -0.08626261353492737 -0.13059473037719727 -0.046381134539842606
office/seq-09/frame-000279.color.png 0.23639380931854248 -0.12059670686721802 0.9462014436721802 0.994499683380127 -0.07429599016904831 -0.06421715766191483 -0.03642551228404045
office/seq-09/frame-000280.color.png 0.23061951994895935 -0.1187184751033783 0.9464868903160095 0.9848251938819885 -0.0706062987446785 -0.1475481390953064 -0.05799942463636398
office/seq-09/frame-000281.color.png 0.2601345181465149 -0.09607524424791336 0.9791457056999207 0.9857945442199707 -0.07391567528247833 -0.14106185734272003 -0.05335904285311699
office/seq-09/frame-000282.color.png 0.27379417419433594 -0.11744493246078491 0.9836438298225403 0.9864402413368225 -0.06959227472543716 -0.13772638142108917 -0.055893462151288986
office/seq-09/frame-000283.color.png 0.27826735377311707 -0.12008118629455566 0.9860387444496155 0.9871404767036438 -0.07201696187257767 -0.12957681715488434 -0.05980740860104561
office/seq-09/frame-000284.color.png 0.2605547308921814 -0.11301082372665405 1.0118435621261597 0.9895327091217041 -0.07175245136022568 -0.11202917248010635 -0.055911652743816376
office/seq-09/frame-000285.color.png 0.2642368674278259 -0.13157890737056732 0.9964436888694763 0.9775573015213013 -0.06872519105672836 -0.18449173867702484 -0.07497703284025192
office/seq-09/frame-000286.color.png 0.26980137825012207 -0.1113780289888382 0.9913105368614197 0.9931056499481201 -0.0650680810213089 -0.08043330907821655 -0.05511752516031265
office/seq-09/frame-000287.color.png 0.3072226941585541 -0.13875432312488556 0.9940884709358215 0.975886881351471 -0.06833852827548981 -0.19095435738563538 -0.08069172501564026
office/seq-09/frame-000288.color.png 0.2133040428161621 -0.13495680689811707 0.9660260677337646 0.9802067279815674 -0.06188199296593666 -0.17067581415176392 -0.0789620503783226
office/seq-09/frame-000289.color.png 0.12641724944114685 -0.11884568631649017 1.0019659996032715 0.9770022034645081 -0.06434358656406403 -0.192186176776886 -0.06626443564891815
office/seq-09/frame-000290.color.png 0.18790648877620697 -0.11789612472057343 1.018192172050476 0.9742581248283386 -0.04937328025698662 -0.2072376310825348 -0.07372858375310898
office/seq-09/frame-000291.color.png 0.1256898045539856 -0.11532820761203766 0.9547645449638367 0.9687107801437378 -0.058577921241521835 -0.2287396937608719 -0.07646001875400543
office/seq-09/frame-000292.color.png 0.1981232464313507 -0.1060865968465805 0.962615430355072 0.9529768228530884 -0.05622011795639992 -0.28602102398872375 -0.08286450058221817
office/seq-09/frame-000293.color.png 0.2573561370372772 -0.11641323566436768 0.9601262807846069 0.9406317472457886 -0.04362374544143677 -0.3252159655094147 -0.08685290813446045
office/seq-09/frame-000294.color.png 0.21366065740585327 -0.11346903443336487 0.9468963146209717 0.9486194252967834 -0.027311265468597412 -0.30286744236946106 -0.08744548261165619
office/seq-09/frame-000295.color.png 0.2664271891117096 -0.11696110665798187 0.923283576965332 0.9314305782318115 -0.04454975575208664 -0.3470935821533203 -0.09989352524280548
office/seq-09/frame-000296.color.png 0.2708253860473633 -0.16214251518249512 0.8953691124916077 0.921936571598053 -0.024438610300421715 -0.3732737898826599 -0.10051050782203674
office/seq-09/frame-000297.color.png 0.2618855834007263 -0.19233565032482147 0.8963795304298401 0.9173915982246399 0.005917157046496868 -0.38563165068626404 -0.09821416437625885
office/seq-09/frame-000298.color.png 0.23633702099323273 -0.15244734287261963 0.9448824524879456 0.9220303893089294 -0.015809345990419388 -0.3769370913505554 -0.08676618337631226
office/seq-09/frame-000299.color.png 0.25899258255958557 -0.1263764202594757 0.9765028357505798 0.916584312915802 -0.008378894068300724 -0.3889757990837097 -0.09220043569803238
office/seq-09/frame-000300.color.png 0.3059273958206177 -0.14373937249183655 0.9683541059494019 0.9005724787712097 0.004768397659063339 -0.42586126923561096 -0.0871133804321289
office/seq-09/frame-000301.color.png 0.30254215002059937 -0.1679324209690094 0.9389832615852356 0.8901000022888184 -0.0012908922508358955 -0.4471902549266815 -0.08798383176326752
office/seq-09/frame-000302.color.png 0.2409922480583191 -0.19336137175559998 0.9420664310455322 0.8439658880233765 -0.003848415333777666 -0.5267937183380127 -0.10097112506628036
office/seq-09/frame-000303.color.png 0.27879199385643005 -0.1655254364013672 0.9672671556472778 0.8700748682022095 -0.002407883992418647 -0.4855113923549652 -0.08510404080152512
office/seq-09/frame-000304.color.png 0.27319979667663574 -0.15952613949775696 0.9818754196166992 0.8739220499992371 0.006162659265100956 -0.47938042879104614 -0.08010416477918625
office/seq-09/frame-000305.color.png 0.28224214911460876 -0.1227884292602539 0.9659376740455627 0.8734973669052124 0.02437497116625309 -0.4799478054046631 -0.07783596217632294
office/seq-09/frame-000306.color.png 0.23610681295394897 -0.12664058804512024 1.0114562511444092 0.8962624669075012 0.025852400809526443 -0.4370359182357788 -0.07102629542350769
office/seq-09/frame-000307.color.png 0.21911922097206116 -0.12898990511894226 1.02013099193573 0.9133420586585999 0.027633678168058395 -0.4012775719165802 -0.06339449435472488
office/seq-09/frame-000308.color.png 0.20729394257068634 -0.13120877742767334 1.018011450767517 0.9205366969108582 0.027377242222428322 -0.3863002359867096 -0.051329463720321655
office/seq-09/frame-000309.color.png 0.22466875612735748 -0.12350167334079742 1.0115941762924194 0.9268728494644165 0.039870720356702805 -0.3705017566680908 -0.04522665962576866
office/seq-09/frame-000310.color.png 0.17890514433383942 -0.12114974856376648 1.0056143999099731 0.9321132898330688 0.04027359560132027 -0.3571660816669464 -0.04444614052772522
office/seq-09/frame-000311.color.png 0.19583198428153992 -0.1147296279668808 1.0109219551086426 0.9319754242897034 0.04451725631952286 -0.35698556900024414 -0.044736701995134354
office/seq-09/frame-000312.color.png 0.1879662424325943 -0.12513914704322815 1.0336344242095947 0.9544675350189209 0.02632347121834755 -0.29305198788642883 -0.04918573051691055
office/seq-09/frame-000313.color.png 0.1580059826374054 -0.13059750199317932 1.047773003578186 0.9608939290046692 0.018053779378533363 -0.27298593521118164 -0.04284420982003212
office/seq-09/frame-000314.color.png 0.150686115026474 -0.13566967844963074 1.055275321006775 0.9714794754981995 0.012083800509572029 -0.23453126847743988 -0.03281303122639656
office/seq-09/frame-000315.color.png 0.20810365676879883 -0.12886202335357666 1.043054461479187 0.9762617945671082 0.013041974976658821 -0.21482321619987488 -0.024367615580558777
office/seq-09/frame-000316.color.png 0.20614410936832428 -0.1395782232284546 1.046751856803894 0.9761033654212952 0.011882111430168152 -0.21612130105495453 -0.01930106058716774
office/seq-09/frame-000317.color.png 0.18640179932117462 -0.13335461914539337 1.0537196397781372 0.9781768918037415 0.004763662349432707 -0.20743434131145477 -0.010875520296394825
office/seq-09/frame-000318.color.png 0.2229476273059845 -0.14196288585662842 1.0335968732833862 0.9770771861076355 -0.0018352295737713575 -0.21264134347438812 -0.010018406435847282
office/seq-09/frame-000319.color.png 0.21500429511070251 -0.1491105854511261 1.050095796585083 0.9797405004501343 -0.005850636400282383 -0.20009540021419525 -0.006013595499098301
office/seq-09/frame-000320.color.png 0.20821012556552887 -0.14961867034435272 1.0592952966690063 0.9809271097183228 -0.014755790121853352 -0.19367901980876923 -0.007261642720550299
office/seq-09/frame-000321.color.png 0.2171696573495865 -0.14739836752414703 1.0619481801986694 0.9736806154251099 -0.023300275206565857 -0.22657151520252228 -0.008275892585515976
office/seq-09/frame-000322.color.png 0.26766467094421387 -0.13910530507564545 1.0628005266189575 0.9710367918014526 -0.03647337481379509 -0.23607687652111053 -0.004987688735127449
office/seq-09/frame-000323.color.png 0.26564326882362366 -0.1295553594827652 1.0615862607955933 0.9721119403839111 -0.035872381180524826 -0.23156554996967316 -0.00943065620958805
office/seq-09/frame-000324.color.png 0.2723941504955292 -0.1309191733598709 1.0520031452178955 0.9818239808082581 -0.016601718962192535 -0.18897391855716705 -0.005905012600123882
office/seq-09/frame-000325.color.png 0.2433832883834839 -0.1330762505531311 1.0379822254180908 0.9746935367584229 -0.015828685835003853 -0.22262732684612274 -0.012605821713805199
office/seq-09/frame-000326.color.png 0.2075146585702896 -0.1337379813194275 1.0287728309631348 0.9744328856468201 -0.0021637016907334328 -0.22423101961612701 -0.014011484570801258
office/seq-09/frame-000327.color.png 0.1979791820049286 -0.1259680986404419 1.0514174699783325 0.9744879007339478 -0.01679244451224804 -0.22342409193515778 -0.013150705024600029
office/seq-09/frame-000328.color.png 0.18751052021980286 -0.11281998455524445 1.0317246913909912 0.9726405143737793 -0.01194511353969574 -0.23177890479564667 -0.010305388830602169
office/seq-09/frame-000329.color.png 0.19206367433071136 -0.11649952828884125 1.0346075296401978 0.9671542644500732 -0.018565190955996513 -0.2532649040222168 -0.011173776350915432
office/seq-09/frame-000330.color.png 0.16481289267539978 -0.12665803730487823 1.010292410850525 0.9654794335365295 -0.021954428404569626 -0.2593064308166504 -0.011293012648820877
office/seq-09/frame-000331.color.png 0.14444011449813843 -0.1282116025686264 0.9851490259170532 0.9669269323348999 -0.015191467478871346 -0.25438472628593445 -0.010479900985956192
office/seq-09/frame-000332.color.png 0.16579939424991608 -0.12176933884620667 0.9992650151252747 0.9640752673149109 -0.01454505417495966 -0.2651696801185608 -0.0056989118456840515
office/seq-09/frame-000333.color.png 0.16218295693397522 -0.12198840081691742 1.0122379064559937 0.9603630900382996 -0.021755089983344078 -0.277872234582901 -0.004062620922923088
office/seq-09/frame-000334.color.png 0.13172949850559235 -0.12939144670963287 1.0052696466445923 0.9591501355171204 -0.010381177999079227 -0.2826871871948242 -0.003343320684507489
office/seq-09/frame-000335.color.png 0.12551122903823853 -0.13159598410129547 1.0068546533584595 0.957129716873169 -0.021925222128629684 -0.2887084484100342 -0.008332004770636559
office/seq-09/frame-000336.color.png 0.13770391047000885 -0.12944673001766205 1.016961693763733 0.9600160121917725 -0.02311776950955391 -0.27896609902381897 -0.003555665258318186
office/seq-09/frame-000337.color.png 0.15419214963912964 -0.14030611515045166 0.9958683848381042 0.9601131081581116 -0.015128410421311855 -0.2792021632194519 0.00029695744160562754
office/seq-09/frame-000338.color.png 0.15324711799621582 -0.14547550678253174 0.9904534220695496 0.967393696308136 -0.02667083591222763 -0.25186222791671753 -0.0019122076919302344
office/seq-09/frame-000339.color.png 0.13064442574977875 -0.14984530210494995 0.9929966330528259 0.9630033373832703 -0.017540646716952324 -0.26884353160858154 -0.0063128056935966015
office/seq-09/frame-000340.color.png 0.16562917828559875 -0.16330558061599731 0.9923344254493713 0.9591087698936462 0.006273418199270964 -0.2828364074230194 -0.008630198426544666
office/seq-09/frame-000341.color.png 0.12617404758930206 -0.16766545176506042 0.9776833057403564 0.9546528458595276 0.014432539232075214 -0.2972312271595001 -0.009122653864324093
office/seq-09/frame-000342.color.png 0.14635822176933289 -0.1659272164106369 0.9707385301589966 0.9476677179336548 0.01627342402935028 -0.318766325712204 -0.0070245820097625256
office/seq-09/frame-000343.color.png 0.1357330083847046 -0.16508173942565918 0.9807112812995911 0.9509093165397644 0.03034025803208351 -0.3076989948749542 -0.013124062679708004
office/seq-09/frame-000344.color.png 0.16008228063583374 -0.16460847854614258 0.9766689538955688 0.9474471807479858 0.029272938147187233 -0.3184114992618561 -0.010054248385131359
office/seq-09/frame-000345.color.png 0.1558053344488144 -0.17801392078399658 0.9899296164512634 0.9364241361618042 0.02061285451054573 -0.34988635778427124 -0.016265669837594032
office/seq-09/frame-000346.color.png 0.16216601431369781 -0.17601174116134644 0.9720536470413208 0.925676703453064 0.027027111500501633 -0.3763244152069092 -0.027787024155259132
office/seq-09/frame-000347.color.png 0.14088447391986847 -0.1808566302061081 1.0098624229431152 0.9216590523719788 0.03378736972808838 -0.3850742280483246 -0.0334746353328228
office/seq-09/frame-000348.color.png 0.14357592165470123 -0.17711609601974487 0.999835193157196 0.918616771697998 0.029574669897556305 -0.3921703100204468 -0.038355860859155655
office/seq-09/frame-000349.color.png 0.1666308045387268 -0.16995736956596375 1.011610984802246 0.9136626720428467 0.03775818645954132 -0.4030228853225708 -0.03698064759373665
office/seq-09/frame-000350.color.png 0.12871427834033966 -0.1711193174123764 0.9971099495887756 0.908621609210968 0.036486782133579254 -0.4143339693546295 -0.03745437040925026
office/seq-09/frame-000351.color.png 0.1555991917848587 -0.16466732323169708 0.9911485314369202 0.9005321264266968 0.03697658330202103 -0.4307352900505066 -0.04627830162644386
office/seq-09/frame-000352.color.png 0.10072380304336548 -0.16941452026367188 0.9855570197105408 0.8924726247787476 0.035972610116004944 -0.448028564453125 -0.038330093026161194
office/seq-09/frame-000353.color.png 0.11641240119934082 -0.1669168770313263 0.9911291003227234 0.8903080821037292 0.03795434907078743 -0.4516426622867584 -0.043929699808359146
office/seq-09/frame-000354.color.png 0.11339257657527924 -0.16844888031482697 0.9923943877220154 0.8834210634231567 0.0439860001206398 -0.4647231996059418 -0.040800660848617554
office/seq-09/frame-000355.color.png 0.09437423944473267 -0.17034240067005157 0.9767515063285828 0.8797731399536133 0.04415427893400192 -0.47172942757606506 -0.03899743780493736
office/seq-09/frame-000356.color.png 0.08301060646772385 -0.18343396484851837 0.9968546032905579 0.8880091309547424 0.03826158493757248 -0.45588168501853943 -0.046342987567186356
office/seq-09/frame-000357.color.png 0.06636586785316467 -0.19228720664978027 1.018707275390625 0.8843551278114319 0.04245814308524132 -0.4623282253742218 -0.0486396849155426
office/seq-09/frame-000358.color.png 0.06353220343589783 -0.19666661322116852 1.028632402420044 0.8820638656616211 0.04471288621425629 -0.4654806852340698 -0.057375602424144745
office/seq-09/frame-000359.color.png 0.04478675499558449 -0.19720087945461273 1.0354187488555908 0.885612964630127 0.033739641308784485 -0.4599676728248596 -0.054598383605480194
office/seq-09/frame-000360.color.png 0.0019426345825195312 -0.20758305490016937 1.0221985578536987 0.8806505799293518 0.03676436468958855 -0.46929481625556946 -0.05352969467639923
office/seq-09/frame-000361.color.png -0.03092440590262413 -0.21444791555404663 1.0226821899414062 0.8701823353767395 0.030393939465284348 -0.4885810911655426 -0.05610371008515358
office/seq-09/frame-000362.color.png -0.09722106158733368 -0.21961377561092377 1.0166528224945068 0.8712316751480103 0.052025891840457916 -0.486845463514328 -0.03507222607731819
office/seq-09/frame-000363.color.png -0.10279485583305359 -0.21252167224884033 1.0183641910552979 0.8638902902603149 0.05158989131450653 -0.49967965483665466 -0.036773208528757095
office/seq-09/frame-000364.color.png -0.11365965008735657 -0.20789101719856262 1.0143276453018188 0.8665540218353271 0.04540213569998741 -0.49499234557151794 -0.0447809137403965
office/seq-09/frame-000365.color.png -0.12644529342651367 -0.2092612236738205 1.015663504600525 0.8678168654441833 0.0569320023059845 -0.4916814863681793 -0.04361313208937645
office/seq-09/frame-000366.color.png -0.131900355219841 -0.2136622667312622 1.0160778760910034 0.8641322255134583 0.06188270449638367 -0.498052179813385 -0.037283625453710556
office/seq-09/frame-000367.color.png -0.16453954577445984 -0.22051483392715454 1.0102832317352295 0.8725658059120178 0.06339733302593231 -0.4825201630592346 -0.042236845940351486
office/seq-09/frame-000368.color.png -0.19451352953910828 -0.21122504770755768 1.0212868452072144 0.8803872466087341 0.07581420987844467 -0.4668918550014496 -0.03438678756356239
office/seq-09/frame-000369.color.png -0.22382831573486328 -0.22595487534999847 1.0439774990081787 0.8611905574798584 0.07850352674722672 -0.5014731287956238 -0.026695966720581055
office/seq-09/frame-000370.color.png -0.1960139274597168 -0.20654860138893127 1.0012511014938354 0.8526053428649902 0.07024494558572769 -0.5163436532020569 -0.038975790143013
office/seq-09/frame-000371.color.png -0.21728089451789856 -0.20836526155471802 1.017409324645996 0.8483321666717529 0.06954780220985413 -0.522639274597168 -0.048412200063467026
office/seq-09/frame-000372.color.png -0.21083612740039825 -0.20996765792369843 1.0088331699371338 0.843850314617157 0.06357008218765259 -0.5303861498832703 -0.05065668001770973
office/seq-09/frame-000373.color.png -0.24770799279212952 -0.2137870490550995 1.015928864479065 0.8459243178367615 0.06152292340993881 -0.5268488526344299 -0.05529381334781647
office/seq-09/frame-000374.color.png -0.2555266320705414 -0.20622263848781586 1.0180144309997559 0.8446210026741028 0.06244095787405968 -0.5285440683364868 -0.05794528126716614
office/seq-09/frame-000375.color.png -0.25375354290008545 -0.19505295157432556 1.0057801008224487 0.8373406529426575 0.06807246059179306 -0.53932785987854 -0.057899173349142075
office/seq-09/frame-000376.color.png -0.21421289443969727 -0.1927434355020523 0.9799477458000183 0.8453033566474915 0.06443332880735397 -0.526766300201416 -0.06187022477388382
office/seq-09/frame-000377.color.png -0.13727691769599915 -0.22204943001270294 0.9793007373809814 0.8504080772399902 0.03974233567714691 -0.5205339193344116 -0.06535359472036362
office/seq-09/frame-000378.color.png -0.04151342436671257 -0.2413083016872406 0.993325412273407 0.8243939876556396 0.0011326230596750975 -0.5578964948654175 -0.0955238789319992
office/seq-09/frame-000379.color.png -0.1484588086605072 -0.22429785132408142 1.0403271913528442 0.811879575252533 0.007539182435721159 -0.5728726387023926 -0.11230157315731049
office/seq-09/frame-000380.color.png -0.04582967981696129 -0.18641048669815063 1.0640897750854492 0.8101876974105835 -0.010792279615998268 -0.5687606334686279 -0.14138908684253693
office/seq-09/frame-000381.color.png 0.009658019989728928 -0.18825821578502655 1.0723121166229248 0.8491692543029785 0.008425620384514332 -0.5161193013191223 -0.11163070052862167
office/seq-09/frame-000382.color.png -0.016248639672994614 -0.20199944078922272 1.0716018676757812 0.7827610373497009 -0.031021201983094215 -0.60429447889328 -0.14543356001377106
office/seq-09/frame-000383.color.png 0.004880834370851517 -0.19579041004180908 1.0692914724349976 0.7748314738273621 -0.036378659307956696 -0.6126465201377869 -0.151581808924675
office/seq-09/frame-000384.color.png 0.04483996704220772 -0.18709298968315125 1.0675581693649292 0.7805846929550171 -0.027285519987344742 -0.609104573726654 -0.1376030594110489
office/seq-09/frame-000385.color.png 0.0538824126124382 -0.19057564437389374 1.0840864181518555 0.7920750379562378 -0.018232395872473717 -0.5977913737297058 -0.12218941748142242
office/seq-09/frame-000386.color.png 0.10372486710548401 -0.19619448482990265 1.0698950290679932 0.8212620615959167 -0.018556736409664154 -0.5551949739456177 -0.13016445934772491
office/seq-09/frame-000387.color.png 0.14224494993686676 -0.19320616126060486 1.0693739652633667 0.9039713740348816 0.004006865434348583 -0.41797444224357605 -0.09009396284818649
office/seq-09/frame-000388.color.png 0.12837530672550201 -0.20638814568519592 1.095603108406067 0.9178376197814941 0.042407166212797165 -0.38718080520629883 -0.07659432291984558
office/seq-09/frame-000389.color.png 0.03849198296666145 -0.21174687147140503 1.1228125095367432 0.8459390997886658 0.03757663443684578 -0.5257949233055115 -0.08071377873420715
office/seq-09/frame-000390.color.png 0.05823521316051483 -0.20687055587768555 1.111155390739441 0.8520416617393494 0.04929247125983238 -0.5175561904907227 -0.06108127906918526
office/seq-09/frame-000391.color.png 0.04060877114534378 -0.20560604333877563 1.1000880002975464 0.9081025719642639 0.05397422984242439 -0.41446155309677124 -0.025652561336755753
office/seq-09/frame-000392.color.png 0.04538797214627266 -0.2193654179573059 1.136534333229065 0.8179891705513 0.05176236480474472 -0.5709637403488159 -0.047061674296855927
office/seq-09/frame-000393.color.png 0.11533045768737793 -0.20728302001953125 1.1592484712600708 0.8545052409172058 0.07078595459461212 -0.5129541754722595 -0.04108688607811928
office/seq-09/frame-000394.color.png 0.08584868907928467 -0.1911468505859375 1.149062991142273 0.9433304071426392 0.07838603109121323 -0.32209664583206177 -0.01540103368461132
office/seq-09/frame-000395.color.png 0.10004821419715881 -0.2158460021018982 1.1350511312484741 0.9438391327857971 0.09898529946804047 -0.31517669558525085 0.0057717920280992985
office/seq-09/frame-000396.color.png 0.1426129788160324 -0.21038657426834106 1.1521174907684326 0.9389147758483887 0.10651326179504395 -0.32723355293273926 0.003492988646030426
office/seq-09/frame-000397.color.png 0.17378634214401245 -0.19204813241958618 1.1310099363327026 0.8364566564559937 0.06810372322797775 -0.5424475073814392 -0.038115810602903366
office/seq-09/frame-000398.color.png 0.1787227839231491 -0.19795635342597961 1.1245970726013184 0.8828220963478088 0.09321130812168121 -0.46014127135276794 -0.014378481544554234
office/seq-09/frame-000399.color.png 0.1906421184539795 -0.1989748179912567 1.1324055194854736 0.8603980541229248 0.054101910442113876 -0.5062580108642578 -0.02215716801583767
office/seq-09/frame-000400.color.png 0.19486229121685028 -0.20162159204483032 1.1204102039337158 0.9173755645751953 0.08176860958337784 -0.3895329236984253 0.00033844701829366386
office/seq-09/frame-000401.color.png 0.21125678718090057 -0.1905277967453003 1.1206132173538208 0.9136005640029907 0.06352610141038895 -0.4015023708343506 -0.009711721912026405
office/seq-09/frame-000402.color.png 0.17712855339050293 -0.18719181418418884 1.1066948175430298 0.832309365272522 0.014492770656943321 -0.5508908033370972 -0.05975375324487686
office/seq-09/frame-000403.color.png 0.1940346360206604 -0.1969039887189865 1.1170026063919067 0.8154488205909729 0.011540912091732025 -0.5749061107635498 -0.06627900153398514
office/seq-09/frame-000404.color.png 0.18734398484230042 -0.20444293320178986 1.158406376838684 0.796841025352478 -0.016365546733140945 -0.5995445251464844 -0.07295836508274078
office/seq-09/frame-000405.color.png 0.20488344132900238 -0.20234742760658264 1.1521544456481934 0.863893985748291 -0.006036118138581514 -0.4993147850036621 -0.06584540009498596
office/seq-09/frame-000406.color.png 0.21130985021591187 -0.20774273574352264 1.2005990743637085 0.7942454218864441 -0.03449695184826851 -0.5971999764442444 -0.10647255182266235
office/seq-09/frame-000407.color.png 0.24768057465553284 -0.25757235288619995 1.2081800699234009 0.817221462726593 -0.0315975695848465 -0.5605521202087402 -0.13012294471263885
office/seq-09/frame-000408.color.png 0.22482673823833466 -0.2210012972354889 1.1741681098937988 0.7818896770477295 -0.028328515589237213 -0.6147289872169495 -0.09977088123559952
office/seq-09/frame-000409.color.png 0.1752581000328064 -0.20886114239692688 1.1812878847122192 0.7901211977005005 -0.008037872612476349 -0.6054783463478088 -0.0950777530670166
office/seq-09/frame-000410.color.png 0.15133744478225708 -0.212188720703125 1.1974951028823853 0.7963242530822754 0.016047561541199684 -0.5984392762184143 -0.08649063855409622
office/seq-09/frame-000411.color.png 0.1089114397764206 -0.2012479305267334 1.1835607290267944 0.7557810544967651 -0.014880424365401268 -0.6477484107017517 -0.0948449969291687
office/seq-09/frame-000412.color.png 0.20046958327293396 -0.2127576321363449 1.2027925252914429 0.7801723480224609 0.004299579653888941 -0.6204056739807129 -0.08005823194980621
office/seq-09/frame-000413.color.png 0.22915446758270264 -0.21212488412857056 1.1961313486099243 0.765273928642273 -0.020246099680662155 -0.6376076936721802 -0.0860375165939331
office/seq-09/frame-000414.color.png 0.18307752907276154 -0.21042609214782715 1.185526967048645 0.746893584728241 -0.03133925795555115 -0.6584235429763794 -0.08744277060031891
office/seq-09/frame-000415.color.png 0.1472097784280777 -0.20609909296035767 1.1660184860229492 0.7501835823059082 -0.028691770508885384 -0.6543716192245483 -0.09054893255233765
office/seq-09/frame-000416.color.png 0.13128690421581268 -0.2213737666606903 1.189582347869873 0.7882375121116638 -0.005500351078808308 -0.6108938455581665 -0.07389230281114578
office/seq-09/frame-000417.color.png 0.12704293429851532 -0.21254484355449677 1.1737104654312134 0.7532898783683777 -0.027716638520359993 -0.6523783802986145 -0.07866847515106201
office/seq-09/frame-000418.color.png 0.1367977112531662 -0.21008840203285217 1.1593130826950073 0.7346898913383484 -0.052460525184869766 -0.6701840758323669 -0.09127946943044662
office/seq-09/frame-000419.color.png 0.08978375792503357 -0.20982208847999573 1.151389479637146 0.7396305799484253 -0.05183487758040428 -0.6643427014350891 -0.09438426792621613
office/seq-09/frame-000420.color.png 0.10239136219024658 -0.22664397954940796 1.1681571006774902 0.7379312515258789 -0.06763439625501633 -0.6640490293502808 -0.09960871934890747
office/seq-09/frame-000421.color.png 0.08085854351520538 -0.23628759384155273 1.1532105207443237 0.7400219440460205 -0.06766916066408157 -0.6631509065628052 -0.08954985439777374
office/seq-09/frame-000422.color.png 0.05373097583651543 -0.2190016657114029 1.1350171566009521 0.7380702495574951 -0.05514613166451454 -0.6683544516563416 -0.07425468415021896
office/seq-09/frame-000423.color.png 0.06515482068061829 -0.22128379344940186 1.111760139465332 0.7259861826896667 -0.06701403856277466 -0.6799646615982056 -0.07811013609170914
office/seq-09/frame-000424.color.png 0.008626852184534073 -0.21202215552330017 1.0945099592208862 0.7382620573043823 -0.050639428198337555 -0.6696763634681702 -0.06275612115859985
office/seq-09/frame-000425.color.png -0.05778154358267784 -0.21185146272182465 1.0884275436401367 0.7382107377052307 -0.06032068282365799 -0.6692793369293213 -0.058920226991176605
office/seq-09/frame-000426.color.png -0.1335671991109848 -0.20321322977542877 1.0616295337677002 0.751091718673706 -0.04354618862271309 -0.657139003276825 -0.04618802294135094
office/seq-09/frame-000427.color.png -0.1632266789674759 -0.19969560205936432 1.0757694244384766 0.754536509513855 -0.05579860508441925 -0.6520139575004578 -0.04938415437936783
office/seq-09/frame-000428.color.png -0.19928161799907684 -0.21025748550891876 1.0590335130691528 0.7550449371337891 -0.06679161638021469 -0.6495950222015381 -0.05892575904726982
office/seq-09/frame-000429.color.png -0.2638760805130005 -0.1822579801082611 1.0244272947311401 0.7654995918273926 -0.05710672587156296 -0.639030396938324 -0.048881080001592636
office/seq-09/frame-000430.color.png -0.28301024436950684 -0.19479644298553467 1.0125770568847656 0.78350830078125 -0.06234804913401604 -0.6169729828834534 -0.03964695706963539
office/seq-09/frame-000431.color.png -0.23508575558662415 -0.19429638981819153 0.994540274143219 0.7825063467025757 -0.060494013130664825 -0.6189766526222229 -0.029873451218008995
office/seq-09/frame-000432.color.png -0.27296459674835205 -0.2238912135362625 1.0158902406692505 0.7809371948242188 -0.07825344055891037 -0.6175625324249268 -0.05128473415970802
office/seq-09/frame-000433.color.png -0.2714276611804962 -0.22711655497550964 1.0307774543762207 0.7860004305839539 -0.07998204976320267 -0.6097941994667053 -0.06290608644485474
office/seq-09/frame-000434.color.png -0.3430144190788269 -0.22784873843193054 1.0293322801589966 0.7876303791999817 -0.08222776651382446 -0.6077044606208801 -0.05977002531290054
office/seq-09/frame-000435.color.png -0.32180264592170715 -0.2534942626953125 1.042319893836975 0.7821575999259949 -0.06882087141275406 -0.6179694533348083 -0.04008793458342552
office/seq-09/frame-000436.color.png -0.3462730050086975 -0.25324150919914246 1.0440975427627563 0.7965370416641235 -0.057436488568782806 -0.6007245182991028 -0.03687598183751106
office/seq-09/frame-000437.color.png -0.3846425712108612 -0.27546826004981995 1.032365322113037 0.7958946228027344 -0.054769307374954224 -0.6024550795555115 -0.024496005848050117
office/seq-09/frame-000438.color.png -0.46468284726142883 -0.277589350938797 1.0152548551559448 0.7906661629676819 -0.06389279663562775 -0.6082977652549744 -0.027176544070243835
office/seq-09/frame-000439.color.png -0.45877280831336975 -0.2905455231666565 1.0416241884231567 0.7962027788162231 -0.07136725634336472 -0.5998179912567139 -0.03444426506757736
office/seq-09/frame-000440.color.png -0.43610522150993347 -0.3239152729511261 1.069501519203186 0.7910096645355225 -0.07654944062232971 -0.6062101721763611 -0.030873728916049004
office/seq-09/frame-000441.color.png -0.48862501978874207 -0.32853779196739197 1.0869845151901245 0.7922758460044861 -0.05798251926898956 -0.6067320704460144 -0.028518376871943474
office/seq-09/frame-000442.color.png -0.48413196206092834 -0.35753029584884644 1.0793193578720093 0.8037237524986267 -0.055106211453676224 -0.591688334941864 -0.029937636107206345
office/seq-09/frame-000443.color.png -0.49405011534690857 -0.36368367075920105 1.0696712732315063 0.7965937256813049 -0.04782811179757118 -0.6020521521568298 -0.02615218795835972
office/seq-09/frame-000444.color.png -0.48567959666252136 -0.35526156425476074 1.071392297744751 0.7996063232421875 -0.04560567066073418 -0.5986635088920593 -0.0123289218172431
office/seq-09/frame-000445.color.png -0.4656946361064911 -0.3696461021900177 1.0722684860229492 0.7947220206260681 -0.043864041566848755 -0.6051915287971497 -0.015360390767455101
office/seq-09/frame-000446.color.png -0.44022685289382935 -0.37852340936660767 1.0911437273025513 0.8012685179710388 -0.05258520320057869 -0.5953344702720642 -0.02793668955564499
office/seq-09/frame-000447.color.png -0.45390185713768005 -0.36022305488586426 1.080891489982605 0.7956811189651489 -0.04341433569788933 -0.6039736866950989 -0.014914185740053654
office/seq-09/frame-000448.color.png -0.4894770085811615 -0.3560982346534729 1.0975033044815063 0.7913466095924377 -0.03291206434369087 -0.6103835701942444 -0.0109266247600317
office/seq-09/frame-000449.color.png -0.5216150879859924 -0.3533772826194763 1.090843677520752 0.788171112537384 -0.03163799270987511 -0.6144764423370361 -0.01427884865552187
office/seq-09/frame-000450.color.png -0.5009448528289795 -0.3486161530017853 1.0822917222976685 0.7934166789054871 -0.03131981939077377 -0.607623815536499 -0.017390210181474686
office/seq-09/frame-000451.color.png -0.4995402991771698 -0.3402639627456665 1.0844208002090454 0.7891716957092285 -0.03627868741750717 -0.6128684282302856 -0.01685885712504387
office/seq-09/frame-000452.color.png -0.530012845993042 -0.3517976999282837 1.0925837755203247 0.7934281229972839 -0.03261846303939819 -0.6076282262802124 -0.013993795961141586
office/seq-09/frame-000453.color.png -0.5196163654327393 -0.3343650698661804 1.0776548385620117 0.7878065705299377 -0.03813599795103073 -0.6144110560417175 -0.02013719081878662
office/seq-09/frame-000454.color.png -0.5159478783607483 -0.33999234437942505 1.0628039836883545 0.8012237548828125 -0.036754146218299866 -0.5970346331596375 -0.015466112643480301
office/seq-09/frame-000455.color.png -0.5639863014221191 -0.3417227268218994 1.06340491771698 0.8951974511146545 -0.02803853526711464 -0.4445972740650177 0.012993194162845612
office/seq-09/frame-000456.color.png -0.539185643196106 -0.32352128624916077 1.0482527017593384 0.9308720827102661 -0.014529579319059849 -0.36338815093040466 0.03485926240682602
office/seq-09/frame-000457.color.png -0.5145107507705688 -0.32720112800598145 1.0726349353790283 0.8391798734664917 0.004261880647391081 -0.5438312888145447 -0.0025381771847605705
office/seq-09/frame-000458.color.png -0.5569828152656555 -0.34098103642463684 1.0632673501968384 0.8368507027626038 -0.018346348777413368 -0.5469005703926086 -0.015622701495885849
office/seq-09/frame-000459.color.png -0.577983558177948 -0.3393765985965729 1.0298796892166138 0.853113055229187 0.006938999053090811 -0.5216659903526306 -0.003791115479543805
office/seq-09/frame-000460.color.png -0.5602648258209229 -0.3510706126689911 1.011281132698059 0.864067554473877 0.01717546209692955 -0.5029575228691101 0.011222480796277523
office/seq-09/frame-000461.color.png -0.5709608197212219 -0.31654638051986694 0.9911050200462341 0.8316859602928162 0.0020452821627259254 -0.5552358627319336 -0.0026961371768265963
office/seq-09/frame-000462.color.png -0.5740118026733398 -0.3309221863746643 1.0042316913604736 0.8346818089485168 0.003175662597641349 -0.5506068468093872 -0.01132970955222845
office/seq-09/frame-000463.color.png -0.5658578276634216 -0.29438725113868713 0.991749107837677 0.824013888835907 -0.009871596470475197 -0.5658950805664062 -0.025812219828367233
office/seq-09/frame-000464.color.png -0.5667556524276733 -0.31978508830070496 1.0218151807785034 0.8344785571098328 -0.007167492527514696 -0.5505093932151794 -0.023099645972251892
office/seq-09/frame-000465.color.png -0.5593808889389038 -0.3008907437324524 1.01536226272583 0.8440850377082825 -0.0021659000776708126 -0.5360041856765747 -0.01467237900942564
office/seq-09/frame-000466.color.png -0.5567816495895386 -0.3103312849998474 1.0280375480651855 0.8473199605941772 -0.006793476641178131 -0.5309016108512878 -0.012091182172298431
office/seq-09/frame-000467.color.png -0.5469394326210022 -0.3227713704109192 1.0442911386489868 0.84134441614151 -0.018392950296401978 -0.5390920639038086 -0.03436630591750145
office/seq-09/frame-000468.color.png -0.5625798106193542 -0.3259582817554474 1.0147128105163574 0.8449625372886658 -0.01920631341636181 -0.5335053205490112 -0.03226806968450546
office/seq-09/frame-000469.color.png -0.5662784576416016 -0.3246590793132782 1.006201148033142 0.8444586992263794 -0.020214157178997993 -0.5343961715698242 -0.030025990679860115
office/seq-09/frame-000470.color.png -0.5973718762397766 -0.32549217343330383 1.0343639850616455 0.858851432800293 0.008345559239387512 -0.5118275880813599 -0.018361151218414307
office/seq-09/frame-000471.color.png -0.6104406118392944 -0.3244710862636566 1.0361188650131226 0.8571820855140686 0.010828469879925251 -0.5144988894462585 -0.020313628017902374
office/seq-09/frame-000472.color.png -0.6333996057510376 -0.3059542775154114 1.0604186058044434 0.875214159488678 0.025420794263482094 -0.48287177085876465 -0.013743694871664047
office/seq-09/frame-000473.color.png -0.6308327317237854 -0.31380918622016907 1.055593729019165 0.8823262453079224 0.028033701702952385 -0.4696651101112366 -0.011360491625964642
office/seq-09/frame-000474.color.png -0.6337214708328247 -0.2947281301021576 1.0528430938720703 0.8832606673240662 0.016792332753539085 -0.46832460165023804 -0.015516445972025394
office/seq-09/frame-000475.color.png -0.6195055842399597 -0.2774307429790497 1.05385160446167 0.8894041776657104 0.03290807455778122 -0.45569556951522827 -0.014795990660786629
office/seq-09/frame-000476.color.png -0.635511040687561 -0.2667374610900879 1.0458437204360962 0.8955425024032593 0.0417700856924057 -0.442900687456131 -0.009894033893942833
office/seq-09/frame-000477.color.png -0.6233521103858948 -0.27874866127967834 1.0591034889221191 0.889945924282074 0.029444057494401932 -0.45477136969566345 -0.01767570897936821
office/seq-09/frame-000478.color.png -0.6272370219230652 -0.2901218831539154 1.0656285285949707 0.8908950090408325 0.05329808592796326 -0.45102936029434204 -0.006134060211479664
office/seq-09/frame-000479.color.png -0.6163956522941589 -0.27981963753700256 1.076523780822754 0.9038668870925903 0.05742637813091278 -0.4239121973514557 -0.005023623816668987
office/seq-09/frame-000480.color.png -0.6068071722984314 -0.266720175743103 1.0651849508285522 0.9000551700592041 0.05738510563969612 -0.4319739043712616 -0.0025285982992500067
office/seq-09/frame-000481.color.png -0.6130657196044922 -0.2646808624267578 1.0542138814926147 0.8983349204063416 0.06594207137823105 -0.4343336820602417 -0.0002855902712326497
office/seq-09/frame-000482.color.png -0.6167949438095093 -0.2586043179035187 1.0438599586486816 0.9021630883216858 0.06266118586063385 -0.42682018876075745 9.772788325790316e-05
office/seq-09/frame-000483.color.png -0.6183075308799744 -0.2649070620536804 1.0358260869979858 0.9074174761772156 0.06516063958406448 -0.4151424169540405 0.0020789282862097025
office/seq-09/frame-000484.color.png -0.6187655925750732 -0.25712913274765015 1.023895263671875 0.9074867963790894 0.07072116434574127 -0.4140743613243103 0.0029710058588534594
office/seq-09/frame-000485.color.png -0.6161160469055176 -0.26513397693634033 1.026598334312439 0.9122380614280701 0.06977522373199463 -0.40363606810569763 0.00557982362806797
office/seq-09/frame-000486.color.png -0.6198311448097229 -0.2618834674358368 1.0260233879089355 0.9132168889045715 0.07204543799161911 -0.4009915292263031 0.007086780853569508
office/seq-09/frame-000487.color.png -0.6144832968711853 -0.27078354358673096 1.0180201530456543 0.9167046546936035 0.0801989883184433 -0.391408771276474 0.004474865272641182
office/seq-09/frame-000488.color.png -0.6025869846343994 -0.2694510817527771 1.0222493410110474 0.9173402190208435 0.07870199531316757 -0.39024460315704346 0.0013753726379945874
office/seq-09/frame-000489.color.png -0.6053679585456848 -0.25473424792289734 1.012603759765625 0.9236374497413635 0.07181300222873688 -0.3764438331127167 0.005181074608117342
office/seq-09/frame-000490.color.png -0.608942985534668 -0.2509233057498932 1.009468913078308 0.9273759722709656 0.07671685516834259 -0.36611706018447876 0.006827634759247303
office/seq-09/frame-000491.color.png -0.6038018465042114 -0.25950556993484497 1.0152403116226196 0.9295699596405029 0.08047372847795486 -0.359737366437912 0.003539134282618761
office/seq-09/frame-000492.color.png -0.6161128282546997 -0.26937854290008545 1.0233818292617798 0.9248097538948059 0.07107774168252945 -0.3737294673919678 -0.001137441722676158
office/seq-09/frame-000493.color.png -0.6032038331031799 -0.26120448112487793 1.0322061777114868 0.9310657382011414 0.07441948354244232 -0.35718029737472534 -0.0007534926407970488
office/seq-09/frame-000494.color.png -0.578045129776001 -0.2518678903579712 1.0310474634170532 0.9293453097343445 0.08258353918790817 -0.35984712839126587 -0.0027097316924482584
office/seq-09/frame-000495.color.png -0.5732629895210266 -0.26136523485183716 1.0332741737365723 0.9298749566078186 0.0690576359629631 -0.36133572459220886 0.0003979514294769615
office/seq-09/frame-000496.color.png -0.572993814945221 -0.2671237885951996 1.036014199256897 0.932483434677124 0.07285776734352112 -0.35377243161201477 -0.0033851598855108023
office/seq-09/frame-000497.color.png -0.5757269859313965 -0.28817081451416016 1.0487843751907349 0.9326818585395813 0.07544708997011185 -0.3526531755924225 -0.006922134198248386
office/seq-09/frame-000498.color.png -0.5807101130485535 -0.28913700580596924 1.0424076318740845 0.9347303509712219 0.0803835541009903 -0.34612801671028137 -0.0036510126665234566
office/seq-09/frame-000499.color.png -0.5602849125862122 -0.28422749042510986 1.0554766654968262 0.9350013732910156 0.06636504083871841 -0.34821009635925293 -0.010843943804502487
office/seq-09/frame-000500.color.png -0.5623664259910583 -0.28200969099998474 1.0476346015930176 0.9376592636108398 0.07270369678735733 -0.33949699997901917 -0.015846237540245056
office/seq-09/frame-000501.color.png -0.5647668838500977 -0.28923365473747253 1.0522643327713013 0.9363385438919067 0.07502329349517822 -0.342668741941452 -0.014824255369603634
office/seq-09/frame-000502.color.png -0.572105884552002 -0.2913282811641693 1.0580928325653076 0.9323815107345581 0.07671263813972473 -0.3527820110321045 -0.018019776791334152
office/seq-09/frame-000503.color.png -0.5544852018356323 -0.28893542289733887 1.0578402280807495 0.934930682182312 0.0717243105173111 -0.3471861183643341 -0.014900404028594494
office/seq-09/frame-000504.color.png -0.5540848970413208 -0.2881599962711334 1.0630888938903809 0.9354161024093628 0.07699816673994064 -0.3445702791213989 -0.01841702125966549
office/seq-09/frame-000505.color.png -0.5543724894523621 -0.28786858916282654 1.0778447389602661 0.9342323541641235 0.0756719708442688 -0.3480047285556793 -0.019406083971261978
office/seq-09/frame-000506.color.png -0.5469998717308044 -0.29988548159599304 1.0786799192428589 0.9349449872970581 0.08214198797941208 -0.34459978342056274 -0.019530856981873512
office/seq-09/frame-000507.color.png -0.5564976930618286 -0.31445780396461487 1.094982624053955 0.9382032155990601 0.07968907803297043 -0.33631354570388794 -0.017820054665207863
office/seq-09/frame-000508.color.png -0.567674458026886 -0.3319016396999359 1.1041759252548218 0.9407068490982056 0.08252301812171936 -0.32866737246513367 -0.015436551533639431
office/seq-09/frame-000509.color.png -0.5619015097618103 -0.3458992838859558 1.110093593597412 0.9360094666481018 0.06793107092380524 -0.3447490632534027 -0.020483549684286118
office/seq-09/frame-000510.color.png -0.561801016330719 -0.3284391760826111 1.1058564186096191 0.9342933297157288 0.06958114355802536 -0.3490588963031769 -0.020306531339883804
office/seq-09/frame-000511.color.png -0.540958821773529 -0.32978513836860657 1.1019935607910156 0.9322651624679565 0.06601875275373459 -0.355183869600296 -0.019170820713043213
office/seq-09/frame-000512.color.png -0.5549117922782898 -0.32559144496917725 1.095898985862732 0.9351027607917786 0.06858654320240021 -0.3471006751060486 -0.01999550312757492
office/seq-09/frame-000513.color.png -0.5570486187934875 -0.3258347511291504 1.1006765365600586 0.9416999220848083 0.07436879724264145 -0.3273409903049469 -0.02276773378252983
office/seq-09/frame-000514.color.png -0.5251036882400513 -0.3134099841117859 1.0970672369003296 0.9378687739372253 0.07298332452774048 -0.3383663594722748 -0.024158615618944168
office/seq-09/frame-000515.color.png -0.5384423136711121 -0.3131338953971863 1.1011615991592407 0.9403021931648254 0.07004975527524948 -0.33222854137420654 -0.023425698280334473
office/seq-09/frame-000516.color.png -0.5427047610282898 -0.328410267829895 1.110830545425415 0.9427786469459534 0.07135559618473053 -0.3249891996383667 -0.021423762664198875
office/seq-09/frame-000517.color.png -0.5381880402565002 -0.32714664936065674 1.1197315454483032 0.9365745186805725 0.07114209234714508 -0.34256523847579956 -0.020397180691361427
office/seq-09/frame-000518.color.png -0.545441210269928 -0.3392333984375 1.118245244026184 0.9417828917503357 0.07825184613466263 -0.3263481855392456 -0.020459771156311035
office/seq-09/frame-000519.color.png -0.5399207472801208 -0.33954688906669617 1.1159013509750366 0.9431959986686707 0.08035353571176529 -0.3216976523399353 -0.020864233374595642
office/seq-09/frame-000520.color.png -0.5437440276145935 -0.3436031639575958 1.1174315214157104 0.940270721912384 0.0702923834323883 -0.3325488269329071 -0.019006943330168724
office/seq-09/frame-000521.color.png -0.5446551442146301 -0.33454975485801697 1.1072920560836792 0.9417895674705505 0.06881217658519745 -0.3283233940601349 -0.02238057740032673
office/seq-09/frame-000522.color.png -0.5282115340232849 -0.3246470093727112 1.09903883934021 0.9386664032936096 0.07512593269348145 -0.3360283672809601 -0.01860700733959675
office/seq-09/frame-000523.color.png -0.5383639335632324 -0.3386264741420746 1.1069456338882446 0.9490249156951904 0.0700276717543602 -0.30679768323898315 -0.017968863248825073
office/seq-09/frame-000524.color.png -0.5401994585990906 -0.3512535095214844 1.1135005950927734 0.948602020740509 0.06767680495977402 -0.30862218141555786 -0.01806950382888317
office/seq-09/frame-000525.color.png -0.534566342830658 -0.3532276451587677 1.1169458627700806 0.9471197724342346 0.07151457667350769 -0.3124191462993622 -0.015620078891515732
office/seq-09/frame-000526.color.png -0.537054717540741 -0.34860143065452576 1.1050547361373901 0.9492431282997131 0.06314647197723389 -0.30780869722366333 -0.014275501482188702
office/seq-09/frame-000527.color.png -0.5231914520263672 -0.33473679423332214 1.108591914176941 0.9460042119026184 0.059402674436569214 -0.3182729482650757 -0.01580112800002098
office/seq-09/frame-000528.color.png -0.5223588943481445 -0.3352116048336029 1.0987659692764282 0.9482527375221252 0.06136074289679527 -0.31095606088638306 -0.018918802961707115
office/seq-09/frame-000529.color.png -0.5271355509757996 -0.3585445284843445 1.1163644790649414 0.9470562934875488 0.05753640830516815 -0.31550225615501404 -0.015233850106596947
office/seq-09/frame-000530.color.png -0.520016074180603 -0.35309040546417236 1.1162254810333252 0.9436913728713989 0.05238843709230423 -0.32645559310913086 -0.01134816836565733
office/seq-09/frame-000531.color.png -0.49973025918006897 -0.33854642510414124 1.1053335666656494 0.9443550109863281 0.05057503283023834 -0.3248289227485657 -0.011048877611756325
office/seq-09/frame-000532.color.png -0.47751250863075256 -0.3191128373146057 1.0930488109588623 0.9476830363273621 0.054141126573085785 -0.3143336772918701 -0.012650822289288044
office/seq-09/frame-000533.color.png -0.4579302668571472 -0.3100898563861847 1.1004953384399414 0.951058566570282 0.05199303478002548 -0.304569810628891 -0.0046499683521687984
office/seq-09/frame-000534.color.png -0.46427202224731445 -0.3086826801300049 1.0882289409637451 0.9438912272453308 0.0523286871612072 -0.3260023891925812 -0.0073159439489245415
office/seq-09/frame-000535.color.png -0.46736669540405273 -0.3212624192237854 1.1033481359481812 0.9358912706375122 0.05717048794031143 -0.34734463691711426 -0.01381192822009325
office/seq-09/frame-000536.color.png -0.46520930528640747 -0.31726783514022827 1.1008431911468506 0.9380801916122437 0.058000605553388596 -0.3414436876773834 -0.0076026469469070435
office/seq-09/frame-000537.color.png -0.4466245174407959 -0.31516119837760925 1.0897430181503296 0.9383540749549866 0.062688909471035 -0.33986786007881165 -0.007177300285547972
office/seq-09/frame-000538.color.png -0.42845579981803894 -0.3261452615261078 1.0945398807525635 0.9410251975059509 0.05951559543609619 -0.3330462574958801 -0.003125563031062484
office/seq-09/frame-000539.color.png -0.44588881731033325 -0.32340484857559204 1.0898230075836182 0.9379057288169861 0.0531744547188282 -0.3426623046398163 -0.0093733174726367
office/seq-09/frame-000540.color.png -0.43471983075141907 -0.3075612187385559 1.1015640497207642 0.941129207611084 0.0603201724588871 -0.33239731192588806 -0.01221280638128519
office/seq-09/frame-000541.color.png -0.43958941102027893 -0.3084157407283783 1.1036731004714966 0.9336407780647278 0.05772143974900246 -0.3532145321369171 -0.014912457205355167
office/seq-09/frame-000542.color.png -0.4312412440776825 -0.30714285373687744 1.0991382598876953 0.9333090782165527 0.053333546966314316 -0.3547508418560028 -0.015536179766058922
office/seq-09/frame-000543.color.png -0.4232403635978699 -0.30841997265815735 1.0973842144012451 0.9343236684799194 0.0505237802863121 -0.3524561822414398 -0.016159918159246445
office/seq-09/frame-000544.color.png -0.39854171872138977 -0.2901704013347626 1.0816469192504883 0.9323996305465698 0.06345287710428238 -0.3555680513381958 -0.013262047432363033
office/seq-09/frame-000545.color.png -0.39415520429611206 -0.29167455434799194 1.0850244760513306 0.939215362071991 0.07155662775039673 -0.3354097902774811 -0.015944834798574448
office/seq-09/frame-000546.color.png -0.3776901662349701 -0.3014621138572693 1.0893335342407227 0.9379790425300598 0.061980944126844406 -0.3407132625579834 -0.016371186822652817
office/seq-09/frame-000547.color.png -0.3883357346057892 -0.295264333486557 1.090735912322998 0.9386639595031738 0.07167565077543259 -0.33670055866241455 -0.020128706470131874
office/seq-09/frame-000548.color.png -0.3652101159095764 -0.29050421714782715 1.0855189561843872 0.9380293488502502 0.07849126309156418 -0.33676135540008545 -0.023059556260704994
office/seq-09/frame-000549.color.png -0.3601748049259186 -0.27935272455215454 1.1033836603164673 0.9338107109069824 0.09046542644500732 -0.34554168581962585 -0.020358813926577568
office/seq-09/frame-000550.color.png -0.35611724853515625 -0.2710074484348297 1.0941239595413208 0.9320381283760071 0.0817328616976738 -0.35197871923446655 -0.027122896164655685
office/seq-09/frame-000551.color.png -0.36102810502052307 -0.27913740277290344 1.0822830200195312 0.9334573149681091 0.0855245441198349 -0.3472484350204468 -0.027592532336711884
office/seq-09/frame-000552.color.png -0.34005075693130493 -0.2744046449661255 1.086374044418335 0.9312474727630615 0.09080570191144943 -0.35197287797927856 -0.02544749528169632
office/seq-09/frame-000553.color.png -0.3313148021697998 -0.27011603116989136 1.0804672241210938 0.9351751208305359 0.09331154078245163 -0.34088635444641113 -0.023175138980150223
office/seq-09/frame-000554.color.png -0.34362372756004333 -0.2685566544532776 1.0683528184890747 0.9436473846435547 0.0952027291059494 -0.3160005211830139 -0.024694127961993217
office/seq-09/frame-000555.color.png -0.3680146634578705 -0.27534881234169006 1.090340495109558 0.9399406313896179 0.09232460707426071 -0.32791993021965027 -0.02135944738984108
office/seq-09/frame-000556.color.png -0.3619874119758606 -0.26912906765937805 1.0759234428405762 0.9443098902702332 0.08549797534942627 -0.3173220157623291 -0.01660485565662384
office/seq-09/frame-000557.color.png -0.32152095437049866 -0.26257872581481934 1.0701466798782349 0.9409980177879333 0.09011641144752502 -0.3257504105567932 -0.01698761247098446
office/seq-09/frame-000558.color.png -0.3122607469558716 -0.2606204152107239 1.067710280418396 0.945884644985199 0.09675613790750504 -0.30934831500053406 -0.015625901520252228
office/seq-09/frame-000559.color.png -0.3048189580440521 -0.25707757472991943 1.0605311393737793 0.9490295648574829 0.0934794470667839 -0.30018559098243713 -0.022205408662557602
office/seq-09/frame-000560.color.png -0.2903074324131012 -0.2467002272605896 1.0590465068817139 0.9392385482788086 0.09068403393030167 -0.33050471544265747 -0.019343186169862747
office/seq-09/frame-000561.color.png -0.2557124197483063 -0.24149927496910095 1.041810154914856 0.9425224661827087 0.09309134632349014 -0.3201914131641388 -0.021513978019356728
office/seq-09/frame-000562.color.png -0.24934527277946472 -0.2471604347229004 1.0353834629058838 0.934751570224762 0.09630478918552399 -0.34127774834632874 -0.022240545600652695
office/seq-09/frame-000563.color.png -0.2410910427570343 -0.2475127875804901 1.037758469581604 0.9416945576667786 0.09151424467563629 -0.32304614782333374 -0.02185550518333912
office/seq-09/frame-000564.color.png -0.2307264804840088 -0.2406141757965088 1.0473448038101196 0.9375867247581482 0.09208367764949799 -0.33455532789230347 -0.02289769984781742
office/seq-09/frame-000565.color.png -0.21988803148269653 -0.2301923632621765 1.039766788482666 0.9455493092536926 0.08712243288755417 -0.3125704228878021 -0.02540978044271469
office/seq-09/frame-000566.color.png -0.1714896559715271 -0.21480725705623627 1.034158706665039 0.9440319538116455 0.07985961437225342 -0.31791210174560547 -0.036852654069662094
office/seq-09/frame-000567.color.png -0.14409008622169495 -0.20621705055236816 1.0285449028015137 0.9342880845069885 0.08277485519647598 -0.3444766700267792 -0.03987405076622963
office/seq-09/frame-000568.color.png -0.11004991829395294 -0.20170921087265015 1.0184407234191895 0.9278531074523926 0.08683785051107407 -0.3602578043937683 -0.041974641382694244
office/seq-09/frame-000569.color.png -0.08578115701675415 -0.19727742671966553 1.0124897956848145 0.921842098236084 0.08681295067071915 -0.37483271956443787 -0.046595051884651184
office/seq-09/frame-000570.color.png -0.07488071918487549 -0.20637190341949463 1.0160399675369263 0.9229480028152466 0.0852762907743454 -0.3722490966320038 -0.048225339502096176
office/seq-09/frame-000571.color.png -0.0828227549791336 -0.207950159907341 1.0179396867752075 0.9248595237731934 0.07659559696912766 -0.36902937293052673 -0.05084710940718651
office/seq-09/frame-000572.color.png -0.0786948949098587 -0.2079165130853653 1.0273674726486206 0.922671914100647 0.08188813924789429 -0.37272340059280396 -0.05521136522293091
office/seq-09/frame-000573.color.png -0.05010652914643288 -0.19289630651474 1.0210931301116943 0.9217747449874878 0.07577941566705704 -0.37435245513916016 -0.06670153886079788
office/seq-09/frame-000574.color.png -0.041981641203165054 -0.20302283763885498 1.0423427820205688 0.9119502902030945 0.07778573781251907 -0.39726048707962036 -0.06693445891141891
office/seq-09/frame-000575.color.png -0.019631322473287582 -0.19446803629398346 1.0216338634490967 0.9162092804908752 0.06702711433172226 -0.38865917921066284 -0.07079710066318512
office/seq-09/frame-000576.color.png 0.008208055049180984 -0.1979925036430359 1.0306553840637207 0.9132537841796875 0.06546614319086075 -0.39570385217666626 -0.07141593098640442
office/seq-09/frame-000577.color.png 0.018887389451265335 -0.1987549513578415 1.0306276082992554 0.907016932964325 0.06759493052959442 -0.40927359461784363 -0.07243127375841141
office/seq-09/frame-000578.color.png 0.030961863696575165 -0.1873929351568222 1.0252296924591064 0.9068995714187622 0.06609077751636505 -0.4103105068206787 -0.06935938447713852
office/seq-09/frame-000579.color.png -0.022653985768556595 -0.20837631821632385 1.011682152748108 0.9382882714271545 0.07369625568389893 -0.33224058151245117 -0.0616455003619194
office/seq-09/frame-000580.color.png 0.008863486349582672 -0.21199093759059906 0.991727888584137 0.9379875063896179 0.07194525748491287 -0.33368489146232605 -0.06047831475734711
office/seq-09/frame-000581.color.png -0.004318783059716225 -0.2147301882505417 0.9867629408836365 0.9256207942962646 0.07121706753969193 -0.36746546626091003 -0.055886317044496536
office/seq-09/frame-000582.color.png 0.022950243204832077 -0.21926374733448029 0.986712634563446 0.934992253780365 0.07255232334136963 -0.34246787428855896 -0.056933388113975525
office/seq-09/frame-000583.color.png 0.027844954282045364 -0.21098704636096954 0.9843774437904358 0.9298144578933716 0.08180241286754608 -0.3549743890762329 -0.0524078868329525
office/seq-09/frame-000584.color.png 0.022641807794570923 -0.20121897757053375 0.9852592945098877 0.9404048919677734 0.07306647300720215 -0.3281288743019104 -0.05129732936620712
office/seq-09/frame-000585.color.png 0.028531838208436966 -0.20243476331233978 0.983123779296875 0.9378005266189575 0.08209837228059769 -0.3340931236743927 -0.046602874994277954
office/seq-09/frame-000586.color.png 0.025790665298700333 -0.19166605174541473 0.9815207123756409 0.9369342923164368 0.07832915335893631 -0.33759239315986633 -0.04527616873383522
office/seq-09/frame-000587.color.png 0.04853826016187668 -0.1951982080936432 0.9779755473136902 0.9339981079101562 0.07954501360654831 -0.3452545702457428 -0.04603757709264755
office/seq-09/frame-000588.color.png 0.08570116758346558 -0.1777651011943817 0.9649392366409302 0.9292831420898438 0.07901062816381454 -0.35612964630126953 -0.05798127129673958
office/seq-09/frame-000589.color.png 0.0972956120967865 -0.17516769468784332 0.9734676480293274 0.9283153414726257 0.06584228575229645 -0.3608660399913788 -0.06058994308114052
office/seq-09/frame-000590.color.png 0.12575663626194 -0.18426214158535004 0.9607482552528381 0.9221292734146118 0.0634780004620552 -0.3765626847743988 -0.06203589215874672
office/seq-09/frame-000591.color.png 0.11152301728725433 -0.196733295917511 0.970023512840271 0.921410083770752 0.0753374770283699 -0.37601175904273987 -0.06279154866933823
office/seq-09/frame-000592.color.png 0.12878425419330597 -0.19635477662086487 0.9729490876197815 0.931553840637207 0.07815982401371002 -0.35010141134262085 -0.05939150229096413
office/seq-09/frame-000593.color.png 0.1381898671388626 -0.209631085395813 0.970762312412262 0.9297098517417908 0.06510403007268906 -0.35648730397224426 -0.06570959836244583
office/seq-09/frame-000594.color.png 0.14229288697242737 -0.21372507512569427 0.9751780033111572 0.9179474115371704 0.06684206426143646 -0.38600561022758484 -0.062484897673130035
office/seq-09/frame-000595.color.png 0.1573542356491089 -0.19889606535434723 0.9655174016952515 0.9205716848373413 0.06724885106086731 -0.3799654543399811 -0.06042885780334473
office/seq-09/frame-000596.color.png 0.16709306836128235 -0.20034997165203094 0.9644092321395874 0.9243159890174866 0.06383661925792694 -0.37111708521842957 -0.061942510306835175
office/seq-09/frame-000597.color.png 0.156526118516922 -0.19126838445663452 0.9572944641113281 0.9203903079032898 0.060732580721378326 -0.38048845529556274 -0.0664949119091034
office/seq-09/frame-000598.color.png 0.20422472059726715 -0.18864482641220093 0.9548972249031067 0.9147007465362549 0.06238531693816185 -0.39413830637931824 -0.06391890347003937
office/seq-09/frame-000599.color.png 0.22637474536895752 -0.1874823421239853 0.9482121467590332 0.9119200110435486 0.07036540657281876 -0.3988262414932251 -0.06624240428209305
office/seq-09/frame-000600.color.png 0.22341859340667725 -0.19973857700824738 0.9552004337310791 0.9096177220344543 0.07185771316289902 -0.4032798707485199 -0.06926307827234268
office/seq-09/frame-000601.color.png 0.2132173776626587 -0.18069370090961456 0.9510235786437988 0.9173518419265747 0.06601148843765259 -0.3870640695095062 -0.0654948428273201
office/seq-09/frame-000602.color.png 0.20847824215888977 -0.20330052077770233 0.9334379434585571 0.9161693453788757 0.06461109966039658 -0.3897777497768402 -0.06732316315174103
office/seq-09/frame-000603.color.png 0.19560155272483826 -0.1974228173494339 0.9320034384727478 0.9193219542503357 0.06142343953251839 -0.38222724199295044 -0.07054468989372253
office/seq-09/frame-000604.color.png 0.19124552607536316 -0.2143695056438446 0.9394823312759399 0.9218643307685852 0.06155448779463768 -0.3766026496887207 -0.06743600219488144
office/seq-09/frame-000605.color.png 0.2185005098581314 -0.2081443816423416 0.9480319619178772 0.8982742428779602 0.0630728229880333 -0.4302399456501007 -0.06339440494775772
office/seq-09/frame-000606.color.png 0.22169142961502075 -0.20140340924263 0.9608141183853149 0.9032829999923706 0.063422791659832 -0.4196317791938782 -0.06298032402992249
office/seq-09/frame-000607.color.png 0.2396491914987564 -0.1935955137014389 0.9576241374015808 0.9101977944374084 0.06306815147399902 -0.40479087829589844 -0.06088105961680412
office/seq-09/frame-000608.color.png 0.25804364681243896 -0.1765340268611908 0.9721783995628357 0.9062769412994385 0.05399326980113983 -0.41489696502685547 -0.06006227806210518
office/seq-09/frame-000609.color.png 0.258684903383255 -0.17991112172603607 0.9837560653686523 0.8978011608123779 0.058058056980371475 -0.4321782886981964 -0.061678651720285416
office/seq-09/frame-000610.color.png 0.22675073146820068 -0.1658214032649994 1.0009795427322388 0.8982630372047424 0.05874355509877205 -0.43000292778015137 -0.06906577944755554
office/seq-09/frame-000611.color.png 0.24929989874362946 -0.1702956259250641 0.9683163166046143 0.8864189982414246 0.05049798637628555 -0.4553287625312805 -0.0662345439195633
office/seq-09/frame-000612.color.png 0.26711466908454895 -0.1893921047449112 0.9553394317626953 0.894626259803772 0.04533341899514198 -0.43947550654411316 -0.06670830398797989
office/seq-09/frame-000613.color.png 0.25030380487442017 -0.22541207075119019 0.9319044351577759 0.8872020244598389 0.04801672324538231 -0.4527912139892578 -0.07447706907987595
office/seq-09/frame-000614.color.png 0.2606707811355591 -0.22038835287094116 0.9266355037689209 0.8896245360374451 0.044352058321237564 -0.4480445384979248 -0.0765325203537941
office/seq-09/frame-000615.color.png 0.2657352685928345 -0.20735876262187958 0.931842565536499 0.8888825178146362 0.04697049781680107 -0.4492586553096771 -0.07647395133972168
office/seq-09/frame-000616.color.png 0.25864508748054504 -0.20409634709358215 0.9369733333587646 0.8875046372413635 0.04446783289313316 -0.45201432704925537 -0.07772352546453476
office/seq-09/frame-000617.color.png 0.2868291139602661 -0.15927980840206146 0.9400171637535095 0.8849691152572632 0.050316691398620605 -0.45844826102256775 -0.06421232223510742
office/seq-09/frame-000618.color.png 0.2599789798259735 -0.16958139836788177 0.9430321455001831 0.8843953609466553 0.03724994882941246 -0.46024125814437866 -0.06808411329984665
office/seq-09/frame-000619.color.png 0.26261889934539795 -0.18004269897937775 0.9455636739730835 0.8819578886032104 0.03928368166089058 -0.4648040235042572 -0.06756056845188141
office/seq-09/frame-000620.color.png 0.2502891719341278 -0.16467124223709106 0.9721230268478394 0.8898211717605591 0.029223572462797165 -0.45176950097084045 -0.05717175453901291
office/seq-09/frame-000621.color.png 0.2299046367406845 -0.158470019698143 0.9696542620658875 0.8894578218460083 0.035959918051958084 -0.4519498944282532 -0.05755776911973953
office/seq-09/frame-000622.color.png 0.2211315631866455 -0.1626533567905426 0.9750176668167114 0.8895949125289917 0.026277907192707062 -0.4521426260471344 -0.05913820490241051
office/seq-09/frame-000623.color.png 0.21939398348331451 -0.17150701582431793 0.9928519129753113 0.8947060108184814 0.03712429851293564 -0.44159385561943054 -0.055836744606494904
office/seq-09/frame-000624.color.png 0.2611234486103058 -0.1424287110567093 0.9653483033180237 0.8946142792701721 0.04043954238295555 -0.4420863687992096 -0.05088880658149719
office/seq-09/frame-000625.color.png 0.2380463033914566 -0.1431656926870346 0.9801642298698425 0.8926879167556763 0.03826747089624405 -0.4465036392211914 -0.0477328896522522
office/seq-09/frame-000626.color.png 0.2400570809841156 -0.15164747834205627 0.9647545218467712 0.8873074054718018 0.04520600289106369 -0.45615097880363464 -0.05068022012710571
office/seq-09/frame-000627.color.png 0.2338983714580536 -0.14226356148719788 0.9995983242988586 0.8874984383583069 0.04274066910147667 -0.4560292661190033 -0.05056710168719292
office/seq-09/frame-000628.color.png 0.2479003667831421 -0.14815518260002136 0.9932758212089539 0.8889010548591614 0.03619856759905815 -0.4539148211479187 -0.05005919560790062
office/seq-09/frame-000629.color.png 0.21125748753547668 -0.1563057154417038 0.9649248123168945 0.878354012966156 0.042825065553188324 -0.4729519188404083 -0.05455857515335083
office/seq-09/frame-000630.color.png 0.2441011667251587 -0.1524122655391693 0.9723016619682312 0.8854631185531616 0.04847744479775429 -0.45957839488983154 -0.04891382157802582
office/seq-09/frame-000631.color.png 0.20056244730949402 -0.16549177467823029 0.9561336636543274 0.8820508718490601 0.04824085906147957 -0.46664518117904663 -0.043602898716926575
office/seq-09/frame-000632.color.png 0.1965000182390213 -0.1389140635728836 0.9473927617073059 0.8926461338996887 0.046959199011325836 -0.44661301374435425 -0.038913775235414505
office/seq-09/frame-000633.color.png 0.13217006623744965 -0.1397537738084793 0.9865208268165588 0.9051103591918945 0.04605116695165634 -0.4203712046146393 -0.04407346248626709
office/seq-09/frame-000634.color.png 0.06051667407155037 -0.13385224342346191 0.9682190418243408 0.9133870005607605 0.044399913400411606 -0.40330424904823303 -0.03314417973160744
office/seq-09/frame-000635.color.png 0.08206773549318314 -0.12803904712200165 0.990614116191864 0.915364146232605 0.04383782669901848 -0.3991899788379669 -0.02887527272105217
office/seq-09/frame-000636.color.png 0.09029941260814667 -0.1405526101589203 1.0394582748413086 0.8953618407249451 0.018872825428843498 -0.4424256384372711 -0.04723085090517998
office/seq-09/frame-000637.color.png 0.12360359728336334 -0.13221389055252075 1.0100878477096558 0.9074171185493469 0.027747735381126404 -0.41776975989341736 -0.03595263883471489
office/seq-09/frame-000638.color.png 0.0032204091548919678 -0.13521790504455566 0.9702208638191223 0.9316844344139099 0.012139687314629555 -0.3611932098865509 -0.03682519122958183
office/seq-09/frame-000639.color.png 0.045694731175899506 -0.131296306848526 0.9752020239830017 0.9388728141784668 0.0055345953442156315 -0.34258249402046204 -0.033535804599523544
office/seq-09/frame-000640.color.png -0.019633609801530838 -0.1328955888748169 0.9842658638954163 0.963211178779602 -0.010429135523736477 -0.2676387429237366 -0.022015554830431938
office/seq-09/frame-000641.color.png 0.03232565149664879 -0.1261490434408188 0.9857810139656067 0.965882420539856 -0.012817802838981152 -0.2578605115413666 -0.02036731131374836
office/seq-09/frame-000642.color.png 0.021534565836191177 -0.11026914417743683 0.9765875339508057 0.9744408130645752 -0.03447340428829193 -0.2213660478591919 -0.016543176025152206
office/seq-09/frame-000643.color.png 0.08138521015644073 -0.13431161642074585 0.9285786151885986 0.9827943444252014 -0.03380238264799118 -0.18127915263175964 -0.010521778836846352
office/seq-09/frame-000644.color.png 0.10919992625713348 -0.1381041258573532 0.945457935333252 0.9844380021095276 -0.03751972317695618 -0.17146636545658112 -0.008566463366150856
office/seq-09/frame-000645.color.png 0.19044476747512817 -0.1344311237335205 0.930571973323822 0.9783794283866882 -0.024030638858675957 -0.2053166627883911 -0.006421735044568777
office/seq-09/frame-000646.color.png 0.10562019050121307 -0.12766574323177338 0.9147728085517883 0.9912276268005371 -0.03088587522506714 -0.12844526767730713 -0.003966694697737694
office/seq-09/frame-000647.color.png 0.15884801745414734 -0.13758796453475952 0.9008954167366028 0.9898470640182495 -0.03528797626495361 -0.137322798371315 -0.010000779293477535
office/seq-09/frame-000648.color.png 0.16500277817249298 -0.14678938686847687 0.9170023798942566 0.9896479845046997 -0.031467776745557785 -0.13996534049510956 -0.00404544360935688
office/seq-09/frame-000649.color.png 0.13441891968250275 -0.1420878916978836 0.9082329273223877 0.9926020503044128 -0.027943449094891548 -0.1180218905210495 -0.005587834864854813
office/seq-09/frame-000650.color.png 0.1977100968360901 -0.1327914446592331 0.917537271976471 0.9944055080413818 -0.017499668523669243 -0.10416793823242188 0.00060029182350263
office/seq-09/frame-000651.color.png 0.18657732009887695 -0.14474989473819733 0.9280370473861694 0.9851743578910828 -0.034057240933179855 -0.16812600195407867 -0.0023182763252407312
office/seq-09/frame-000652.color.png 0.21893616020679474 -0.1409689038991928 0.9581282734870911 0.9986217617988586 -0.011018717661499977 -0.05053774639964104 -0.008889768272638321
office/seq-09/frame-000653.color.png 0.23598721623420715 -0.1572689712047577 0.9999273419380188 0.9996830821037292 0.009669427759945393 -0.022961346432566643 -0.0036150275263935328
office/seq-09/frame-000654.color.png 0.13490727543830872 -0.138047993183136 0.9318277835845947 0.9963619112968445 -0.026152724400162697 -0.08073004335165024 -0.007849200628697872
office/seq-09/frame-000655.color.png 0.2290467470884323 -0.13927021622657776 0.9188868999481201 0.9944829344749451 -0.08066625893115997 -0.06527656316757202 -0.015355022624135017
office/seq-09/frame-000656.color.png 0.3019789457321167 -0.13290810585021973 0.9387766122817993 0.9977015852928162 -0.06484656780958176 -0.017164846882224083 -0.00958296936005354
office/seq-09/frame-000657.color.png 0.33527469635009766 -0.13615885376930237 0.9321308135986328 0.9985336661338806 -0.053630281239748 -0.0004433304420672357 -0.007356689777225256
office/seq-09/frame-000658.color.png 0.3805084228515625 -0.1483229100704193 0.9551227688789368 0.9967084527015686 -0.07907465100288391 0.01233174279332161 -0.012942973524332047
office/seq-09/frame-000659.color.png 0.3672618269920349 -0.16213834285736084 0.9591126441955566 0.9952892065048218 -0.08907423913478851 0.029930148273706436 -0.02386307716369629
office/seq-09/frame-000660.color.png 0.37380746006965637 -0.16586486995220184 0.9626488089561462 0.9968302845954895 -0.07436689734458923 0.01535992044955492 -0.02372714690864086
office/seq-09/frame-000661.color.png 0.3847608268260956 -0.14918389916419983 0.9591549634933472 0.9968581199645996 -0.0775914117693901 0.0010872739367187023 -0.01589178293943405
office/seq-09/frame-000662.color.png 0.3814601004123688 -0.15490823984146118 0.9363640546798706 0.9976205229759216 -0.06658624857664108 0.009407727047801018 -0.015198291279375553
office/seq-09/frame-000663.color.png 0.3791132867336273 -0.15931478142738342 0.9246230125427246 0.9952760338783264 -0.09411841630935669 0.02031089924275875 -0.012449140660464764
office/seq-09/frame-000664.color.png 0.3715970814228058 -0.15438424050807953 0.9134680032730103 0.9952787160873413 -0.09270258992910385 0.024459287524223328 -0.015111482702195644
office/seq-09/frame-000665.color.png 0.36781418323516846 -0.16975200176239014 0.9454558491706848 0.9960747361183167 -0.08593813329935074 0.01667659543454647 -0.013097457587718964
office/seq-09/frame-000666.color.png 0.37059053778648376 -0.16768625378608704 0.919151782989502 0.9966475963592529 -0.07701185345649719 0.024566341191530228 -0.01261828187853098
office/seq-09/frame-000667.color.png 0.36360931396484375 -0.15515105426311493 0.940837562084198 0.9972828030586243 -0.06638310849666595 0.030025018379092216 -0.010904108174145222
office/seq-09/frame-000668.color.png 0.3722550868988037 -0.14650113880634308 0.9346644878387451 0.9959653615951538 -0.08492240309715271 0.02640635333955288 -0.011996529065072536
office/seq-09/frame-000669.color.png 0.38330790400505066 -0.16210214793682098 0.9366158246994019 0.9962911605834961 -0.07231832295656204 0.04628170281648636 -0.005670410115271807
office/seq-09/frame-000670.color.png 0.3940548300743103 -0.16152608394622803 0.9629399180412292 0.995797336101532 -0.06921251118183136 0.05960731580853462 -0.006655354052782059
office/seq-09/frame-000671.color.png 0.40423068404197693 -0.17804765701293945 0.9661270380020142 0.9963024258613586 -0.06661581248044968 0.05270545184612274 -0.01288667693734169
office/seq-09/frame-000672.color.png 0.4061290919780731 -0.1790699064731598 0.9775384664535522 0.996422290802002 -0.06318371742963791 0.05568204075098038 -0.007076368201524019
office/seq-09/frame-000673.color.png 0.4182101786136627 -0.18115465342998505 0.9672463536262512 0.9955666661262512 -0.06228937581181526 0.07005529850721359 -0.007703119423240423
office/seq-09/frame-000674.color.png 0.40227648615837097 -0.17144739627838135 0.9796095490455627 0.9966673851013184 -0.0540572814643383 0.06040964648127556 -0.00909333024173975
office/seq-09/frame-000675.color.png 0.38960370421409607 -0.16437944769859314 0.976568341255188 0.9973057508468628 -0.029478834941983223 0.06701298803091049 -0.004657445475459099
office/seq-09/frame-000676.color.png 0.41369882225990295 -0.17663267254829407 0.963459849357605 0.9962091445922852 -0.03827724605798721 0.07811721414327621 -0.0002224599738838151
office/seq-09/frame-000677.color.png 0.40740907192230225 -0.16900531947612762 0.983463704586029 0.9952719807624817 -0.04416297376155853 0.08633622527122498 -0.005417840555310249
office/seq-09/frame-000678.color.png 0.39228788018226624 -0.15585817396640778 0.9923298954963684 0.9949416518211365 -0.03635040298104286 0.09346050769090652 -0.005900472868233919
office/seq-09/frame-000679.color.png 0.39228788018226624 -0.15585817396640778 0.9923298954963684 0.9949416518211365 -0.03635040298104286 0.09346050769090652 -0.005900472868233919
office/seq-09/frame-000680.color.png 0.3954663574695587 -0.16326478123664856 0.9819695949554443 0.9914587736129761 -0.0527898445725441 0.11925867944955826 0.0004902887740172446
office/seq-09/frame-000681.color.png 0.3523293435573578 -0.14675448834896088 0.9514058232307434 0.9917809963226318 -0.01995725929737091 0.1263744980096817 0.0012265422847121954
office/seq-09/frame-000682.color.png 0.2928580939769745 -0.11974462866783142 0.9042630195617676 0.9893665909767151 -0.024016382172703743 0.1434466391801834 -0.00027624701033346355
office/seq-09/frame-000683.color.png 0.3356116712093353 -0.12152509391307831 0.9063460230827332 0.9837685823440552 0.005206456407904625 0.17933376133441925 0.0033970826771110296
office/seq-09/frame-000684.color.png 0.3637517988681793 -0.12158450484275818 0.8977870345115662 0.9816808700561523 0.025378819555044174 0.18882733583450317 -0.0016341713489964604
office/seq-09/frame-000685.color.png 0.3615650236606598 -0.1254480481147766 0.903305172920227 0.9768561720848083 0.03362541273236275 0.2111029326915741 -0.007548816967755556
office/seq-09/frame-000686.color.png 0.3912084102630615 -0.11569944024085999 0.8831218481063843 0.9762040376663208 0.01331503875553608 0.21638207137584686 -0.005187662318348885
office/seq-09/frame-000687.color.png 0.33717429637908936 -0.10562790930271149 0.8414697051048279 0.9699569940567017 0.017973583191633224 0.24258753657341003 -0.0034454399719834328
office/seq-09/frame-000688.color.png 0.33633390069007874 -0.11549180746078491 0.8594154119491577 0.9732410907745361 0.007289482746273279 0.22960500419139862 -0.005478959530591965
office/seq-09/frame-000689.color.png 0.3754955530166626 -0.10081905126571655 0.8482709527015686 0.9685922265052795 0.007717582862824202 0.24822740256786346 -0.012362309731543064
office/seq-09/frame-000690.color.png 0.4175707995891571 -0.10032088309526443 0.858689546585083 0.9575945734977722 0.0038295206613838673 0.2880934476852417 3.639657734311186e-05
office/seq-09/frame-000691.color.png 0.3836023211479187 -0.10201547294855118 0.8474504947662354 0.950890302658081 0.02674025297164917 0.3083668053150177 -0.001584334415383637
office/seq-09/frame-000692.color.png 0.36413952708244324 -0.0977451503276825 0.8348196148872375 0.9608292579650879 0.02957938425242901 0.27555134892463684 0.0018952833488583565
office/seq-09/frame-000693.color.png 0.29743075370788574 -0.10570576041936874 0.8252222537994385 0.9588614106178284 0.015605179592967033 0.2834453284740448 6.158166070235893e-05
office/seq-09/frame-000694.color.png 0.31903988122940063 -0.11636528372764587 0.8301596641540527 0.9519485235214233 0.007207830902189016 0.306145578622818 0.004125539679080248
office/seq-09/frame-000695.color.png 0.3398839235305786 -0.12915116548538208 0.8594139218330383 0.9500440359115601 0.012161586433649063 0.3116956651210785 0.010681274347007275
office/seq-09/frame-000696.color.png 0.35789015889167786 -0.12943626940250397 0.882917582988739 0.9415450096130371 0.012095959857106209 0.3365882933139801 0.007405515294522047
office/seq-09/frame-000697.color.png 0.3204902112483978 -0.14775079488754272 0.8897669315338135 0.9485874772071838 0.012363722547888756 0.31622514128685 0.005529866088181734
office/seq-09/frame-000698.color.png 0.334461510181427 -0.1453285962343216 0.9220064878463745 0.9376620650291443 0.018892578780651093 0.34689268469810486 0.009924069046974182
office/seq-09/frame-000699.color.png 0.3249489963054657 -0.14284145832061768 0.9232298731803894 0.9379453659057617 0.010274726897478104 0.3464429974555969 0.011412904597818851
office/seq-09/frame-000700.color.png 0.3036451041698456 -0.1649700254201889 0.9240900874137878 0.9406691193580627 0.015076697804033756 0.3389553129673004 0.00486521702259779
office/seq-09/frame-000701.color.png 0.29230841994285583 -0.16179881989955902 0.95613694190979 0.9374286532402039 0.014343379996716976 0.3477402627468109 0.009919079951941967
office/seq-09/frame-000702.color.png 0.2761023938655853 -0.16853919625282288 0.972856342792511 0.929771900177002 0.021050581708550453 0.3673253655433655 0.012379102408885956
office/seq-09/frame-000703.color.png 0.28333544731140137 -0.15861959755420685 0.9809159636497498 0.929040789604187 0.03658374771475792 0.36794281005859375 0.012764962390065193
office/seq-09/frame-000704.color.png 0.2672601044178009 -0.16491249203681946 1.0079282522201538 0.9376313090324402 0.03956481069326401 0.3450510799884796 0.014898696914315224
office/seq-09/frame-000705.color.png 0.26347318291664124 -0.17994198203086853 1.0358699560165405 0.9385362863540649 0.03099711425602436 0.3435456454753876 0.012866305187344551
office/seq-09/frame-000706.color.png 0.26159748435020447 -0.1747366040945053 1.0365679264068604 0.9363241791725159 0.019389841705560684 0.3502063751220703 0.016629962250590324
office/seq-09/frame-000707.color.png 0.23264768719673157 -0.17122891545295715 1.0254842042922974 0.9414933919906616 0.024892443791031837 0.3355019986629486 0.020221365615725517
office/seq-09/frame-000708.color.png 0.20631933212280273 -0.17203298211097717 1.0332226753234863 0.9247454404830933 0.04697025567293167 0.3775646686553955 0.009187181480228901
office/seq-09/frame-000709.color.png 0.20406876504421234 -0.17215819656848907 1.0429943799972534 0.9289538860321045 0.03816418722271919 0.3678160011768341 0.017306741327047348
office/seq-09/frame-000710.color.png 0.20504744350910187 -0.1822422742843628 1.0640090703964233 0.9325536489486694 0.032319482415914536 0.3592905104160309 0.01447595376521349
office/seq-09/frame-000711.color.png 0.20778575539588928 -0.19051459431648254 1.069584608078003 0.9196100831031799 0.04749521240592003 0.38978585600852966 0.011336497962474823
office/seq-09/frame-000712.color.png 0.1970958709716797 -0.20065510272979736 1.0695364475250244 0.9208428263664246 0.04481706768274307 0.38721150159835815 0.010353157296776772
office/seq-09/frame-000713.color.png 0.18237048387527466 -0.2050919085741043 1.0536545515060425 0.9276039004325867 0.03907111659646034 0.3713738024234772 0.010292425751686096
office/seq-09/frame-000714.color.png 0.13684548437595367 -0.22414053976535797 1.0598223209381104 0.9282260537147522 0.036311227828264236 0.3700319826602936 0.012415233068168163
office/seq-09/frame-000715.color.png 0.06059315428137779 -0.21294227242469788 1.040242314338684 0.9264708161354065 0.027226997539401054 0.3750876784324646 0.014825267717242241
office/seq-09/frame-000716.color.png 0.006534799933433533 -0.22528791427612305 1.0837522745132446 0.9172878861427307 0.02365114539861679 0.39714276790618896 0.01734951138496399
office/seq-09/frame-000717.color.png -0.029363393783569336 -0.225821390748024 1.067866325378418 0.908340573310852 0.03355827182531357 0.4162275791168213 0.02336719073355198
office/seq-09/frame-000718.color.png -0.056261029094457626 -0.2388988733291626 1.0768349170684814 0.9036304354667664 0.028346816077828407 0.4266341030597687 0.025139104574918747
office/seq-09/frame-000719.color.png -0.0734662115573883 -0.23702046275138855 1.0959246158599854 0.9006452560424805 0.033443789929151535 0.4321838915348053 0.030603831633925438
office/seq-09/frame-000720.color.png -0.08427116274833679 -0.24054449796676636 1.1011816263198853 0.8946149349212646 0.046186503022909164 0.44378921389579773 0.0241253599524498
office/seq-09/frame-000721.color.png -0.1155451238155365 -0.26550090312957764 1.0889018774032593 0.8997610211372375 0.033533062785863876 0.4341500997543335 0.028627274557948112
office/seq-09/frame-000722.color.png -0.09309610724449158 -0.24353241920471191 1.0624932050704956 0.8995905518531799 0.02885717712342739 0.43470677733421326 0.030561765655875206
office/seq-09/frame-000723.color.png -0.1220860630273819 -0.2437768578529358 1.073354959487915 0.8931809663772583 0.030354034155607224 0.4467821419239044 0.041134025901556015
office/seq-09/frame-000724.color.png -0.13507673144340515 -0.2383403778076172 1.0823991298675537 0.889711856842041 0.03843943402171135 0.4530235826969147 0.04129018634557724
office/seq-09/frame-000725.color.png -0.14403095841407776 -0.23133714497089386 1.0987939834594727 0.8843455910682678 0.044937096536159515 0.46278998255729675 0.04170041158795357
office/seq-09/frame-000726.color.png -0.147475928068161 -0.2412099540233612 1.0738654136657715 0.8863193392753601 0.044560760259628296 0.45933306217193604 0.03828178718686104
office/seq-09/frame-000727.color.png -0.15755948424339294 -0.23527151346206665 1.0806361436843872 0.8846396803855896 0.04273750260472298 0.46284520626068115 0.03688635304570198
office/seq-09/frame-000728.color.png -0.2176840603351593 -0.22969157993793488 1.0915709733963013 0.8812870979309082 0.048312585800886154 0.4681303799152374 0.04304534196853638
office/seq-09/frame-000729.color.png -0.20575068891048431 -0.2430228292942047 1.1143665313720703 0.8718720078468323 0.04207361862063408 0.48612719774246216 0.04182680323719978
office/seq-09/frame-000730.color.png -0.18520739674568176 -0.22783365845680237 1.095767617225647 0.8840599060058594 0.04701182618737221 0.4636424779891968 0.035545289516448975
office/seq-09/frame-000731.color.png -0.24503403902053833 -0.23261108994483948 1.1195241212844849 0.8642861247062683 0.042459677904844284 0.4997566044330597 0.0380777046084404
office/seq-09/frame-000732.color.png -0.26745104789733887 -0.23053410649299622 1.115901231765747 0.8579362630844116 0.04189962521195412 0.5104760527610779 0.04005221277475357
office/seq-09/frame-000733.color.png -0.28577378392219543 -0.2409178614616394 1.100443959236145 0.8556706309318542 0.04393941909074783 0.5141391158103943 0.0394720584154129
office/seq-09/frame-000734.color.png -0.2863922417163849 -0.2071048766374588 1.0980243682861328 0.8532088398933411 0.04075169190764427 0.5187116861343384 0.03621934354305267
office/seq-09/frame-000735.color.png -0.2669857144355774 -0.21322397887706757 1.1172667741775513 0.8500491976737976 0.04035685956478119 0.5235134363174438 0.04148964583873749
office/seq-09/frame-000736.color.png -0.24910682439804077 -0.20550687611103058 1.1564373970031738 0.8161455988883972 0.05050346255302429 0.5740512609481812 0.04267239198088646
office/seq-09/frame-000737.color.png -0.3114960789680481 -0.2087794989347458 1.1997973918914795 0.805798351764679 0.04717594012618065 0.5887048840522766 0.043473873287439346
office/seq-09/frame-000738.color.png -0.3957740068435669 -0.2125016152858734 1.2863808870315552 0.7747008204460144 0.05017099156975746 0.6285783648490906 0.04701591655611992
office/seq-09/frame-000739.color.png -0.39131614565849304 -0.20304237306118011 1.2857906818389893 0.7673152685165405 0.04870152845978737 0.6370638608932495 0.054817162454128265
office/seq-09/frame-000740.color.png -0.3942986726760864 -0.20181328058242798 1.3179069757461548 0.7589057087898254 0.051367808133363724 0.6465998291969299 0.05772382766008377
office/seq-09/frame-000741.color.png -0.40618863701820374 -0.19068360328674316 1.3080270290374756 0.739088237285614 0.030387910082936287 0.6689445376396179 0.07306396216154099
office/seq-09/frame-000742.color.png -0.4419679045677185 -0.1888488382101059 1.3628315925598145 0.7433004975318909 0.028010262176394463 0.6637451648712158 0.07849960029125214
office/seq-09/frame-000743.color.png -0.44249093532562256 -0.19588220119476318 1.3927128314971924 0.7213452458381653 0.031572263687849045 0.6871722340583801 0.08036454021930695
office/seq-09/frame-000744.color.png -0.46820172667503357 -0.1915765106678009 1.4208217859268188 0.7123461961746216 0.043404627591371536 0.6961838006973267 0.07750482112169266
office/seq-09/frame-000745.color.png -0.4739081859588623 -0.20373260974884033 1.4123945236206055 0.6986733675003052 0.04289298877120018 0.7104817032814026 0.07232820987701416
office/seq-09/frame-000746.color.png -0.4856211245059967 -0.19268430769443512 1.443483829498291 0.6871315240859985 0.04371314123272896 0.7214439511299133 0.07387956976890564
office/seq-09/frame-000747.color.png -0.49976953864097595 -0.2031145691871643 1.449463963508606 0.6821842193603516 0.05059056729078293 0.7259240746498108 0.07141027599573135
office/seq-09/frame-000748.color.png -0.5080448389053345 -0.21032896637916565 1.4497977495193481 0.6845534443855286 0.044378262013196945 0.7240757942199707 0.07163315266370773
office/seq-09/frame-000749.color.png -0.5064018964767456 -0.21449461579322815 1.4489316940307617 0.680234968662262 0.04357486218214035 0.7286730408668518 0.06646382063627243
office/seq-09/frame-000750.color.png -0.5176350474357605 -0.21621748805046082 1.4816546440124512 0.6737927198410034 0.042446237057447433 0.7338288426399231 0.07547760009765625
office/seq-09/frame-000751.color.png -0.5506486296653748 -0.21598325669765472 1.477757453918457 0.6728460788726807 0.039204176515340805 0.7350137829780579 0.0741346925497055
office/seq-09/frame-000752.color.png -0.5817684531211853 -0.2084263563156128 1.5076651573181152 0.6832938194274902 0.031022198498249054 0.7259798049926758 0.0714169591665268
office/seq-09/frame-000753.color.png -0.5705236792564392 -0.20315933227539062 1.5047392845153809 0.6774604320526123 0.029716504737734795 0.731774628162384 0.06833787262439728
office/seq-09/frame-000754.color.png -0.5832547545433044 -0.20211605727672577 1.4991071224212646 0.6755197048187256 0.03238285332918167 0.7331125736236572 0.07190614938735962
office/seq-09/frame-000755.color.png -0.5761457085609436 -0.20190930366516113 1.5119984149932861 0.666674017906189 0.031178800389170647 0.7414538264274597 0.06942541152238846
office/seq-09/frame-000756.color.png -0.5754604339599609 -0.20583575963974 1.5246800184249878 0.6603814363479614 0.03053145483136177 0.7467079162597656 0.07342826575040817
office/seq-09/frame-000757.color.png -0.5814184546470642 -0.20873604714870453 1.5149692296981812 0.6566394567489624 0.021558769047260284 0.7498268485069275 0.07822830975055695
office/seq-09/frame-000758.color.png -0.5980339646339417 -0.21081241965293884 1.556849479675293 0.6526346206665039 0.04630051925778389 0.7529423832893372 0.07072585076093674
office/seq-09/frame-000759.color.png -0.6025504469871521 -0.2105480432510376 1.5531647205352783 0.6496948003768921 0.041890133172273636 0.7559049725532532 0.06891739368438721
office/seq-09/frame-000760.color.png -0.6143800616264343 -0.20220854878425598 1.573210597038269 0.6417403817176819 0.048821043223142624 0.7621715068817139 0.06986081600189209
office/seq-09/frame-000761.color.png -0.5945612192153931 -0.19991111755371094 1.55520761013031 0.6380982398986816 0.0521077960729599 0.7650371193885803 0.06952478736639023
office/seq-09/frame-000762.color.png -0.5888868570327759 -0.2030981332063675 1.5508285760879517 0.6402475833892822 0.044822730123996735 0.7627474069595337 0.07931148260831833
office/seq-09/frame-000763.color.png -0.6413804888725281 -0.20765024423599243 1.582245111465454 0.6437864899635315 0.03961758688092232 0.7602400183677673 0.0774879902601242
office/seq-09/frame-000764.color.png -0.6540705561637878 -0.20821864902973175 1.5869296789169312 0.6417791247367859 0.044967688620090485 0.7622836232185364 0.07085907459259033
office/seq-09/frame-000765.color.png -0.6473782062530518 -0.20754647254943848 1.5683985948562622 0.6532821655273438 0.04928358644247055 0.7525259256362915 0.06706949323415756
office/seq-09/frame-000766.color.png -0.6563487648963928 -0.2097541242837906 1.5728766918182373 0.6518860459327698 0.03443967550992966 0.7531920075416565 0.08099467307329178
office/seq-09/frame-000767.color.png -0.6750755310058594 -0.20861558616161346 1.5761401653289795 0.6648202538490295 0.028338722884655 0.7430583834648132 0.07123938947916031
office/seq-09/frame-000768.color.png -0.7113837599754333 -0.2225928008556366 1.5952277183532715 0.6547267436981201 0.033541902899742126 0.751896321773529 0.06971193850040436
office/seq-09/frame-000769.color.png -0.7034376859664917 -0.21218739449977875 1.5837668180465698 0.6641738414764404 0.04096433147788048 0.7438902258872986 0.06182422488927841
office/seq-09/frame-000770.color.png -0.7290191054344177 -0.21418890357017517 1.6092897653579712 0.6735361218452454 0.03303398936986923 0.7353562116622925 0.06714937090873718
office/seq-09/frame-000771.color.png -0.7415419816970825 -0.22264157235622406 1.6295270919799805 0.6681293845176697 0.03510214760899544 0.7401184439659119 0.06779160350561142
office/seq-09/frame-000772.color.png -0.7706116437911987 -0.2171572744846344 1.6340341567993164 0.6837217807769775 0.03445851802825928 0.7259637713432312 0.06567935645580292
office/seq-09/frame-000773.color.png -0.7840309143066406 -0.2144743949174881 1.6423492431640625 0.6873008012771606 0.032377127557992935 0.7223359942436218 0.06928165256977081
office/seq-09/frame-000774.color.png -0.7820038199424744 -0.22263169288635254 1.6216893196105957 0.6937560439109802 0.03420484811067581 0.7161786556243896 0.06797508895397186
office/seq-09/frame-000775.color.png -0.8378472328186035 -0.2518965005874634 1.6223300695419312 0.6853697299957275 0.03660473972558975 0.7244134545326233 0.0644482746720314
office/seq-09/frame-000776.color.png -0.8489653468132019 -0.2355118989944458 1.646624207496643 0.6951871514320374 0.027786515653133392 0.7150768041610718 0.06788041442632675
office/seq-09/frame-000777.color.png -0.8653700351715088 -0.22951075434684753 1.6529587507247925 0.7090296745300293 0.02352505922317505 0.7015098929405212 0.06787757575511932
office/seq-09/frame-000778.color.png -0.863399863243103 -0.26137715578079224 1.6202683448791504 0.7149956226348877 0.00942066591233015 0.6948553323745728 0.07660681754350662
office/seq-09/frame-000779.color.png -0.8618285059928894 -0.2660069763660431 1.6051255464553833 0.7231706976890564 0.014089083299040794 0.686078667640686 0.07824203372001648
office/seq-09/frame-000780.color.png -0.91594398021698 -0.29411864280700684 1.6083500385284424 0.7431479096412659 0.027575548738241196 0.664667010307312 0.07203257828950882
office/seq-09/frame-000781.color.png -0.9036435484886169 -0.2913486361503601 1.6302438974380493 0.7469633221626282 0.013924448750913143 0.6605243682861328 0.07456226646900177
office/seq-09/frame-000782.color.png -0.922540009021759 -0.2848164141178131 1.6541885137557983 0.7476063966751099 0.021835466846823692 0.6598834991455078 0.07184368371963501
office/seq-09/frame-000783.color.png -0.9175573587417603 -0.3057532012462616 1.6633061170578003 0.7596262097358704 0.0029972484335303307 0.6461924910545349 0.07344628870487213
office/seq-09/frame-000784.color.png -0.89589923620224 -0.3064436912536621 1.6386456489562988 0.7546128630638123 0.0008207954815588892 0.6526163220405579 0.06819673627614975
office/seq-09/frame-000785.color.png -0.9364426732063293 -0.3318663537502289 1.6739583015441895 0.7592073678970337 -0.004550688900053501 0.6467593312263489 0.07270322740077972
office/seq-09/frame-000786.color.png -0.9577523469924927 -0.3243311047554016 1.6830837726593018 0.7582242488861084 -0.0019135186448693275 0.6481171250343323 0.07096974551677704
office/seq-09/frame-000787.color.png -0.9922195076942444 -0.33532091975212097 1.6925071477890015 0.7566776275634766 -0.006719423457980156 0.6493949294090271 0.07536549866199493
office/seq-09/frame-000788.color.png -1.021140217781067 -0.33435556292533875 1.7006242275238037 0.768723726272583 -0.0023022566456347704 0.6353625655174255 0.07330112904310226
office/seq-09/frame-000789.color.png -1.0481655597686768 -0.3372361660003662 1.7155351638793945 0.764166533946991 0.0006141586927697062 0.6402071714401245 0.07863809913396835
office/seq-09/frame-000790.color.png -1.0606184005737305 -0.3509613275527954 1.7428144216537476 0.7640957832336426 0.0001029855411616154 0.6397813558578491 0.08268848806619644
office/seq-09/frame-000791.color.png -1.065822958946228 -0.36287808418273926 1.7359848022460938 0.767665684223175 -0.003555468749254942 0.6359858512878418 0.07873214036226273
office/seq-09/frame-000792.color.png -1.0769833326339722 -0.3583522140979767 1.7441929578781128 0.7648651599884033 -0.001898264978080988 0.6386641263961792 0.08417689800262451
office/seq-09/frame-000793.color.png -1.0735160112380981 -0.3702821731567383 1.7299221754074097 0.7686290740966797 -0.0012981269974261522 0.6347888708114624 0.07906246930360794
office/seq-09/frame-000794.color.png -1.0436820983886719 -0.3420341908931732 1.7257027626037598 0.7634548544883728 -0.0024003302678465843 0.6401984095573425 0.08530505001544952
office/seq-09/frame-000795.color.png -1.0550848245620728 -0.3428246080875397 1.7182230949401855 0.7675331234931946 -0.00582503154873848 0.6348760724067688 0.08826825767755508
office/seq-09/frame-000796.color.png -1.0485517978668213 -0.3313695788383484 1.7278997898101807 0.7801705002784729 -0.007659772410988808 0.6188550591468811 0.09107033163309097
office/seq-09/frame-000797.color.png -1.0401612520217896 -0.3363371193408966 1.7115076780319214 0.7703648805618286 0.0028208517469465733 0.6314142346382141 0.08857804536819458
office/seq-09/frame-000798.color.png -1.0458474159240723 -0.34961777925491333 1.7097911834716797 0.7766367197036743 0.0031718132086098194 0.6239625811576843 0.08657921850681305
office/seq-09/frame-000799.color.png -1.0357853174209595 -0.35089027881622314 1.6975754499435425 0.7738629579544067 0.0012788090389221907 0.6273376941680908 0.08707389235496521
office/seq-09/frame-000800.color.png -1.0683919191360474 -0.35911980271339417 1.7090425491333008 0.775917112827301 -0.0003457251004874706 0.6257148385047913 0.08020830154418945
office/seq-09/frame-000801.color.png -1.0482856035232544 -0.35173070430755615 1.7044357061386108 0.7801642417907715 -0.005672898609191179 0.6202340126037598 0.08137181401252747
office/seq-09/frame-000802.color.png -1.0297327041625977 -0.3467167615890503 1.702452540397644 0.7744020223617554 -0.002018426777794957 0.6271596550941467 0.08347639441490173
office/seq-09/frame-000803.color.png -1.0321074724197388 -0.3565036356449127 1.7135149240493774 0.774728000164032 0.007838725112378597 0.6278508901596069 0.07441927492618561
office/seq-09/frame-000804.color.png -1.0352544784545898 -0.35618236660957336 1.6616021394729614 0.7761402130126953 0.011790542863309383 0.6263967156410217 0.07137590646743774
office/seq-09/frame-000805.color.png -1.0399982929229736 -0.3371048867702484 1.6330004930496216 0.7758620381355286 0.007593277841806412 0.6266908645629883 0.07238209247589111
office/seq-09/frame-000806.color.png -1.0847800970077515 -0.36000382900238037 1.6433502435684204 0.7638773322105408 0.009127643890678883 0.6413516998291016 0.07124754786491394
office/seq-09/frame-000807.color.png -1.094296932220459 -0.33919599652290344 1.6442984342575073 0.7668772339820862 0.010392551310360432 0.6372981071472168 0.07511640340089798
office/seq-09/frame-000808.color.png -1.0870914459228516 -0.3271790146827698 1.6338410377502441 0.7683905363082886 0.01809491589665413 0.6361185908317566 0.06783502548933029
office/seq-09/frame-000809.color.png -1.0683670043945312 -0.33021634817123413 1.6268622875213623 0.7707917094230652 0.013926918618381023 0.6334047317504883 0.06696728616952896
office/seq-09/frame-000810.color.png -1.0857174396514893 -0.34867027401924133 1.635855793952942 0.7788852453231812 0.005483400542289019 0.6233406662940979 0.06895104050636292
office/seq-09/frame-000811.color.png -1.0838546752929688 -0.35259485244750977 1.608344554901123 0.7844207286834717 0.004605364985764027 0.616720974445343 0.06571288406848907
office/seq-09/frame-000812.color.png -1.073944330215454 -0.3427145183086395 1.5988796949386597 0.7868021726608276 0.00031807227060198784 0.6135246753692627 0.06730278581380844
office/seq-09/frame-000813.color.png -1.0889887809753418 -0.3502523601055145 1.5763615369796753 0.7839965224266052 0.005819794721901417 0.6170032620429993 0.06798838824033737
office/seq-09/frame-000814.color.png -1.1104470491409302 -0.35101136565208435 1.5754414796829224 0.7895867228507996 0.0019569501746445894 0.609524130821228 0.07091809809207916
office/seq-09/frame-000815.color.png -1.0660320520401 -0.3302299380302429 1.5139479637145996 0.7963570356369019 -0.003496845019981265 0.6004274487495422 0.07273317128419876
office/seq-09/frame-000816.color.png -1.0787326097488403 -0.319577693939209 1.4992477893829346 0.7872692346572876 -0.000986566417850554 0.612048864364624 0.07484820485115051
office/seq-09/frame-000817.color.png -1.0850354433059692 -0.3415275514125824 1.4580093622207642 0.7962562441825867 -0.00952361710369587 0.5993479490280151 0.08165506273508072
office/seq-09/frame-000818.color.png -1.1150811910629272 -0.3586094379425049 1.4275293350219727 0.7831611037254333 -0.00593458442017436 0.6163709759712219 0.08191560953855515
office/seq-09/frame-000819.color.png -1.140272855758667 -0.3631870448589325 1.3743064403533936 0.7867134809494019 -0.0040188683196902275 0.6117935180664062 0.08230762928724289
office/seq-09/frame-000820.color.png -1.1493319272994995 -0.3739038407802582 1.3835740089416504 0.7871733903884888 -0.00791581068187952 0.6110747456550598 0.0829639807343483
office/seq-09/frame-000821.color.png -1.173578143119812 -0.37690556049346924 1.3059992790222168 0.7827068567276001 -0.019779302179813385 0.6161989569664001 0.08530911803245544
office/seq-09/frame-000822.color.png -1.1723395586013794 -0.38078421354293823 1.2779349088668823 0.7915342450141907 -0.014999809674918652 0.6055396795272827 0.0810573622584343
office/seq-09/frame-000823.color.png -1.1876156330108643 -0.4173343777656555 1.1998716592788696 0.7958313822746277 -0.019391793757677078 0.6005874276161194 0.07464024424552917
office/seq-09/frame-000824.color.png -1.1839344501495361 -0.43522682785987854 1.1976392269134521 0.7939614057540894 -0.021387849003076553 0.6031493544578552 0.07333920150995255
office/seq-09/frame-000825.color.png -1.20772385597229 -0.44955384731292725 1.1687231063842773 0.8043762445449829 -0.031819555908441544 0.5892292261123657 0.0691048726439476
office/seq-09/frame-000826.color.png -1.2019654512405396 -0.4517723619937897 1.140364408493042 0.8136688470840454 -0.04343724995851517 0.5743553042411804 0.07856442779302597
office/seq-09/frame-000827.color.png -1.2465213537216187 -0.49918729066848755 1.1549586057662964 0.7985444068908691 -0.04130381718277931 0.595890998840332 0.07439543306827545
office/seq-09/frame-000828.color.png -1.2472630739212036 -0.520060122013092 1.106590747833252 0.8003500699996948 -0.05147457495331764 0.592634916305542 0.07465904951095581
office/seq-09/frame-000829.color.png -1.2247231006622314 -0.5628281235694885 1.080473780632019 0.8177089691162109 -0.05352383106946945 0.5695727467536926 0.06382913142442703
office/seq-09/frame-000830.color.png -1.2319821119308472 -0.6224410533905029 1.0851575136184692 0.8224303722381592 -0.05488600209355354 0.5619168877601624 0.0696074441075325
office/seq-09/frame-000831.color.png -1.2467615604400635 -0.6488335728645325 1.0916069746017456 0.813281238079071 -0.055039532482624054 0.5760174989700317 0.061223071068525314
office/seq-09/frame-000832.color.png -1.2347028255462646 -0.6400598883628845 1.115319013595581 0.8117479085922241 -0.05478763207793236 0.5781422853469849 0.06176739186048508
office/seq-09/frame-000833.color.png -1.2160990238189697 -0.6317539811134338 1.0609657764434814 0.8238943219184875 -0.048503533005714417 0.5612511038780212 0.06198921427130699
office/seq-09/frame-000834.color.png -1.2015702724456787 -0.5954565405845642 1.0118515491485596 0.8209086656570435 -0.0450410321354866 0.566435694694519 0.0568394660949707
office/seq-09/frame-000835.color.png -1.2111953496932983 -0.6015481948852539 1.0340973138809204 0.8227522373199463 -0.04598265513777733 0.5639694333076477 0.05387718975543976
office/seq-09/frame-000836.color.png -1.1745553016662598 -0.5986526012420654 1.031408667564392 0.8164803981781006 -0.045802876353263855 0.5729091167449951 0.0551103912293911
office/seq-09/frame-000837.color.png -1.1628061532974243 -0.6068035364151001 1.0526809692382812 0.8191481828689575 -0.039695460349321365 0.5699045062065125 0.05127788335084915
office/seq-09/frame-000838.color.png -1.1749643087387085 -0.6440951228141785 1.0845471620559692 0.8217553496360779 -0.04340803250670433 0.5657267570495605 0.052793800830841064
office/seq-09/frame-000839.color.png -1.1938577890396118 -0.657478392124176 1.0594725608825684 0.820961594581604 -0.04826804995536804 0.5662156939506531 0.055605433881282806
office/seq-09/frame-000840.color.png -1.1717439889907837 -0.628362774848938 0.9888914227485657 0.8279832005500793 -0.04108347371220589 0.5568692088127136 0.05150566250085831
office/seq-09/frame-000841.color.png -1.1788846254348755 -0.6343618631362915 0.980989396572113 0.8276041150093079 -0.04558233544230461 0.5570238828659058 0.05213608220219612
office/seq-09/frame-000842.color.png -1.1542246341705322 -0.581742525100708 0.9006423354148865 0.8278548717498779 -0.032348815351724625 0.5583136081695557 0.04353881627321243
office/seq-09/frame-000843.color.png -1.1594135761260986 -0.6066614985466003 0.882215142250061 0.8316801190376282 -0.03272026404738426 0.5519782304763794 0.05057230964303017
office/seq-09/frame-000844.color.png -1.0949114561080933 -0.5333210825920105 0.9085927605628967 0.8406637907028198 -0.03603050485253334 0.5382950901985168 0.04716597869992256
office/seq-09/frame-000845.color.png -1.0979726314544678 -0.5222059488296509 0.9095408320426941 0.8383104205131531 -0.03400581330060959 0.5421708822250366 0.04615237936377525
office/seq-09/frame-000846.color.png -1.0884989500045776 -0.5151713490486145 0.8508749604225159 0.8421227931976318 -0.02469390258193016 0.5367863774299622 0.04560334235429764
office/seq-09/frame-000847.color.png -1.0798059701919556 -0.49192941188812256 0.7841721177101135 0.8406792283058167 -0.03319074958562851 0.538391649723053 0.0478675477206707
office/seq-09/frame-000848.color.png -1.0975892543792725 -0.5094943642616272 0.7570639848709106 0.8396117687225342 -0.026357991620898247 0.5407281517982483 0.044389475136995316
office/seq-09/frame-000849.color.png -1.0473130941390991 -0.4792490601539612 0.7131297588348389 0.8507058620452881 -0.025023099035024643 0.5232707858085632 0.043141379952430725
office/seq-09/frame-000850.color.png -1.0156975984573364 -0.46848124265670776 0.6820692420005798 0.8500812649726868 -0.029629576951265335 0.5236511826515198 0.04767726734280586
office/seq-09/frame-000851.color.png -1.0062038898468018 -0.4819384813308716 0.6695497632026672 0.8593980073928833 -0.030363578349351883 0.5084521174430847 0.04460281878709793
office/seq-09/frame-000852.color.png -0.991359531879425 -0.503603458404541 0.6858350038528442 0.8653458952903748 -0.030449099838733673 0.49808549880981445 0.0464777871966362
office/seq-09/frame-000853.color.png -0.8693556785583496 -0.42682981491088867 0.6574312448501587 0.876522421836853 -0.027044231072068214 0.4783589243888855 0.04636701941490173
office/seq-09/frame-000854.color.png -0.81756591796875 -0.4238429665565491 0.6820393204689026 0.8875793814659119 -0.029504669830203056 0.4578940272331238 0.0408124178647995
office/seq-09/frame-000855.color.png -0.8634657263755798 -0.4606560468673706 0.6546117067337036 0.9009060859680176 -0.03377009928226471 0.4312826097011566 0.03497476130723953
office/seq-09/frame-000856.color.png -0.8091818690299988 -0.4580806493759155 0.5946851372718811 0.9173964262008667 -0.018617790192365646 0.3965718448162079 0.02771214209496975
office/seq-09/frame-000857.color.png -0.827667236328125 -0.4762052893638611 0.5846496820449829 0.9176172614097595 -0.017310811206698418 0.39602750539779663 0.029000094160437584
office/seq-09/frame-000858.color.png -0.8364628553390503 -0.49382948875427246 0.5632711052894592 0.9096242189407349 -0.026532838121056557 0.41364383697509766 0.027904793620109558
office/seq-09/frame-000859.color.png -0.837228000164032 -0.47231459617614746 0.5202479958534241 0.9040603041648865 -0.028767406940460205 0.42564699053764343 0.025926148518919945
office/seq-09/frame-000860.color.png -0.8328081369400024 -0.4679076373577118 0.5132861733436584 0.9245433211326599 -0.030331799760460854 0.37920549511909485 0.02242938242852688
office/seq-09/frame-000861.color.png -0.8355087637901306 -0.45598649978637695 0.5472196340560913 0.9346351027488708 -0.01759001985192299 0.35499292612075806 0.011308679357171059
office/seq-09/frame-000862.color.png -0.8601420521736145 -0.4643397033214569 0.541767954826355 0.9324198961257935 -0.011200502514839172 0.36015838384628296 0.027453260496258736
office/seq-09/frame-000863.color.png -0.8416039943695068 -0.46331924200057983 0.5732426643371582 0.9348273873329163 -0.009101182222366333 0.35406914353370667 0.025494443252682686
office/seq-09/frame-000864.color.png -0.8180826902389526 -0.4558701813220978 0.5747509002685547 0.9323071241378784 -0.01287438441067934 0.3603616952896118 0.027872994542121887
office/seq-09/frame-000865.color.png -0.8324043154716492 -0.47373414039611816 0.5683781504631042 0.9383322596549988 -0.0001374256971757859 0.3443925380706787 0.030436823144555092
office/seq-09/frame-000866.color.png -0.8026273846626282 -0.4690019488334656 0.5642033219337463 0.9511927366256714 -0.0033334819599986076 0.3069860339164734 0.03131818026304245
office/seq-09/frame-000867.color.png -0.7707529664039612 -0.44244512915611267 0.5796800851821899 0.9584213495254517 0.0003449955256655812 0.28375208377838135 0.03021668829023838
office/seq-09/frame-000868.color.png -0.7176432013511658 -0.40786316990852356 0.581969678401947 0.9568977355957031 0.00614112289622426 0.2891330122947693 0.026662539690732956
office/seq-09/frame-000869.color.png -0.7104134559631348 -0.39221522212028503 0.5857662558555603 0.9587733745574951 0.013706641271710396 0.2826084494590759 0.02642204612493515
office/seq-09/frame-000870.color.png -0.7022020816802979 -0.3767830431461334 0.6296269297599792 0.9583896398544312 0.018911560997366905 0.28391698002815247 0.02286328375339508
office/seq-09/frame-000871.color.png -0.6870867609977722 -0.38975974917411804 0.6327430009841919 0.9570743441581726 0.021061494946479797 0.2876684367656708 0.028496628627181053
office/seq-09/frame-000872.color.png -0.6739789247512817 -0.37552809715270996 0.657532811164856 0.9551242589950562 0.02669105865061283 0.29367703199386597 0.027909861877560616
office/seq-09/frame-000873.color.png -0.6505537033081055 -0.364559531211853 0.6362859606742859 0.9589565992355347 0.03348444029688835 0.2804126441478729 0.02549109235405922
office/seq-09/frame-000874.color.png -0.6359903216362 -0.3399905562400818 0.6556199193000793 0.955086350440979 0.0404069721698761 0.29223281145095825 0.02788272686302662
office/seq-09/frame-000875.color.png -0.6442036628723145 -0.33483952283859253 0.626737654209137 0.9555590152740479 0.04217248037457466 0.2902562916278839 0.02966289594769478
office/seq-09/frame-000876.color.png -0.6414072513580322 -0.34947362542152405 0.6214222311973572 0.9590284824371338 0.03526270389556885 0.27956125140190125 0.029434330761432648
office/seq-09/frame-000877.color.png -0.6466147303581238 -0.3565869927406311 0.6208029985427856 0.9591993689537048 0.02937985397875309 0.27982908487319946 0.02773621678352356
office/seq-09/frame-000878.color.png -0.6710323095321655 -0.3658488690853119 0.6420924663543701 0.9632648825645447 0.02747996710240841 0.26549774408340454 0.029604442417621613
office/seq-09/frame-000879.color.png -0.6716997027397156 -0.3602743446826935 0.6552732586860657 0.9617034792900085 0.030702093616127968 0.2706756889820099 0.03030802123248577
office/seq-09/frame-000880.color.png -0.6384258270263672 -0.3604622483253479 0.645186722278595 0.9649959206581116 0.025010153651237488 0.25941288471221924 0.02936418354511261
office/seq-09/frame-000881.color.png -0.6403294801712036 -0.35064300894737244 0.6657418012619019 0.9644305109977722 0.020358556881546974 0.2620700001716614 0.027900254353880882
office/seq-09/frame-000882.color.png -0.6297979950904846 -0.37021487951278687 0.6447625160217285 0.9638182520866394 0.020027870312333107 0.26500168442726135 0.020678158849477768
office/seq-09/frame-000883.color.png -0.6078993678092957 -0.36007267236709595 0.6602824330329895 0.962438702583313 0.025921668857336044 0.2696118950843811 0.018692059442400932
office/seq-09/frame-000884.color.png -0.5963500142097473 -0.3536791205406189 0.6556150913238525 0.967576265335083 0.03290296345949173 0.24984626471996307 0.017042895779013634
office/seq-09/frame-000885.color.png -0.6372191905975342 -0.360222190618515 0.65106600522995 0.9687253832817078 0.025296583771705627 0.24656759202480316 0.011636682786047459
office/seq-09/frame-000886.color.png -0.6151719093322754 -0.35796433687210083 0.6595219373703003 0.9714184403419495 0.024737313389778137 0.23530031740665436 0.019186580553650856
office/seq-09/frame-000887.color.png -0.625426173210144 -0.3606167435646057 0.6804991364479065 0.9700242877006531 0.02081206440925598 0.24088259041309357 0.02439837157726288
office/seq-09/frame-000888.color.png -0.6240730881690979 -0.3544532358646393 0.6812707781791687 0.9699980020523071 0.013060319237411022 0.24148029088974 0.024911893531680107
office/seq-09/frame-000889.color.png -0.6160597205162048 -0.346951425075531 0.7093538641929626 0.9684559106826782 0.019541369751095772 0.24703998863697052 0.02612193115055561
office/seq-09/frame-000890.color.png -0.6050953269004822 -0.3617699146270752 0.6896350383758545 0.9682149291038513 0.024179628118872643 0.24754512310028076 0.02639003098011017
office/seq-09/frame-000891.color.png -0.5914145112037659 -0.36467111110687256 0.6689243316650391 0.9653850793838501 0.025181584060192108 0.2585001587867737 0.02398102544248104
office/seq-09/frame-000892.color.png -0.5973731875419617 -0.35028326511383057 0.6760912537574768 0.9678568840026855 0.021482376381754875 0.24915553629398346 0.026705201715230942
office/seq-09/frame-000893.color.png -0.568759024143219 -0.3446871042251587 0.6989378929138184 0.9727957844734192 0.018528245389461517 0.22985561192035675 0.022169653326272964
office/seq-09/frame-000894.color.png -0.5627046227455139 -0.3379536271095276 0.6960604786872864 0.9711962938308716 0.021756894886493683 0.2362367808818817 0.022284986451268196
office/seq-09/frame-000895.color.png -0.5466000437736511 -0.3052540123462677 0.7054212689399719 0.9713507294654846 0.028313258662819862 0.2353711873292923 0.01662549003958702
office/seq-09/frame-000896.color.png -0.558944582939148 -0.2840534746646881 0.7120035886764526 0.9708624482154846 0.031476955860853195 0.23689550161361694 0.017775820568203926
office/seq-09/frame-000897.color.png -0.5655299425125122 -0.29112014174461365 0.7160266041755676 0.9679039120674133 0.042948167771101 0.2466263771057129 0.022198127582669258
office/seq-09/frame-000898.color.png -0.5685545206069946 -0.30134522914886475 0.719887912273407 0.9774840474128723 0.03879067301750183 0.20628096163272858 0.0216473788022995
office/seq-09/frame-000899.color.png -0.5493789911270142 -0.29115185141563416 0.7271550893783569 0.9784285426139832 0.034278422594070435 0.20194444060325623 0.02685016579926014
office/seq-09/frame-000900.color.png -0.5602997541427612 -0.2887684404850006 0.7327651381492615 0.9779281616210938 0.04069963097572327 0.2034195512533188 0.024906672537326813
office/seq-09/frame-000901.color.png -0.5613770484924316 -0.27415958046913147 0.7475952506065369 0.9818015098571777 0.04169166460633278 0.18387913703918457 0.022716712206602097
office/seq-09/frame-000902.color.png -0.5410834550857544 -0.2682726979255676 0.7566680908203125 0.9797040224075317 0.045175760984420776 0.1942814290523529 0.019846992567181587
office/seq-09/frame-000903.color.png -0.5608522891998291 -0.2966768443584442 0.7343894839286804 0.9829840660095215 0.043217577040195465 0.17720018327236176 0.02178582176566124
office/seq-09/frame-000904.color.png -0.5780463218688965 -0.309255987405777 0.7436328530311584 0.9860503673553467 0.03924250975251198 0.16052167117595673 0.01993578113615513
office/seq-09/frame-000905.color.png -0.5651800036430359 -0.30848342180252075 0.7299118638038635 0.9850388169288635 0.03959452360868454 0.16660098731517792 0.019358551129698753
office/seq-09/frame-000906.color.png -0.5546934008598328 -0.2977924644947052 0.7542131543159485 0.9851633906364441 0.03458103910088539 0.1665271669626236 0.02293936163187027
office/seq-09/frame-000907.color.png -0.5771601796150208 -0.2908690273761749 0.7599174976348877 0.9867291450500488 0.04084010794758797 0.15595389902591705 0.01938823238015175
office/seq-09/frame-000908.color.png -0.582377016544342 -0.2968897521495819 0.7546005845069885 0.9834927916526794 0.04964911565184593 0.17225860059261322 0.024572651833295822
office/seq-09/frame-000909.color.png -0.5865508317947388 -0.2765675187110901 0.7410596013069153 0.987524151802063 0.03531444072723389 0.15114811062812805 0.026518868282437325
office/seq-09/frame-000910.color.png -0.5748450756072998 -0.2786652743816376 0.7449761629104614 0.9898776412010193 0.039288438856601715 0.13471120595932007 0.02125038020312786
office/seq-09/frame-000911.color.png -0.5728251934051514 -0.28120213747024536 0.7449998259544373 0.9881213903427124 0.03191449120640755 0.14779849350452423 0.027444593608379364
office/seq-09/frame-000912.color.png -0.5835644006729126 -0.28517308831214905 0.7385249137878418 0.9884719848632812 0.021093500778079033 0.1473141610622406 0.027869712561368942
office/seq-09/frame-000913.color.png -0.5884737968444824 -0.29256007075309753 0.7542323470115662 0.9891780018806458 0.007728444878011942 0.1430625319480896 0.031625013798475266
office/seq-09/frame-000914.color.png -0.5788413882255554 -0.2851441204547882 0.7621667385101318 0.9888763427734375 0.01576065644621849 0.14546479284763336 0.026743274182081223
office/seq-09/frame-000915.color.png -0.5937505960464478 -0.2746783196926117 0.7652875781059265 0.9910138249397278 0.01836123690009117 0.1296129673719406 0.027476923540234566
office/seq-09/frame-000916.color.png -0.584258496761322 -0.27002209424972534 0.7691667675971985 0.9902533292770386 0.03461683169007301 0.13264679908752441 0.02459263615310192
office/seq-09/frame-000917.color.png -0.5743752121925354 -0.26419851183891296 0.7847588062286377 0.9896664619445801 0.025116337463259697 0.13926923274993896 0.023097479715943336
office/seq-09/frame-000918.color.png -0.5918346643447876 -0.28493016958236694 0.7733660340309143 0.9902669191360474 0.013415425084531307 0.13644017279148102 0.023989755660295486
office/seq-09/frame-000919.color.png -0.6230590343475342 -0.2967597544193268 0.771827220916748 0.9880836606025696 0.01603437028825283 0.15140095353126526 0.022610705345869064
office/seq-09/frame-000920.color.png -0.6196831464767456 -0.29628390073776245 0.7736036777496338 0.9868379235267639 0.017833702266216278 0.15799149870872498 0.029523737728595734
office/seq-09/frame-000921.color.png -0.6235679984092712 -0.2971252202987671 0.786034107208252 0.9875209927558899 0.014100306667387486 0.15403227508068085 0.029621878638863564
office/seq-09/frame-000922.color.png -0.6067116856575012 -0.2762475311756134 0.7939695715904236 0.9855450987815857 0.01504826731979847 0.16598543524742126 0.030384568497538567
office/seq-09/frame-000923.color.png -0.5859155058860779 -0.28409844636917114 0.806003987789154 0.9866688251495361 0.008941935375332832 0.16021785140037537 0.027113372460007668
office/seq-09/frame-000924.color.png -0.5610265731811523 -0.27494245767593384 0.8339774012565613 0.9865812063217163 0.008706143125891685 0.16078734397888184 0.02700328826904297
office/seq-09/frame-000925.color.png -0.5733731985092163 -0.28643113374710083 0.8175614476203918 0.9848591685295105 0.022616321220993996 0.1686510443687439 0.03312995657324791
office/seq-09/frame-000926.color.png -0.580421507358551 -0.28511810302734375 0.8163625001907349 0.9850051403045654 0.011600598692893982 0.1697438359260559 0.028590884059667587
office/seq-09/frame-000927.color.png -0.5761128067970276 -0.27987322211265564 0.8235553503036499 0.9854913949966431 0.016282983124256134 0.16592316329479218 0.03179740533232689
office/seq-09/frame-000928.color.png -0.5878320932388306 -0.2828259766101837 0.8236947655677795 0.9852085113525391 0.02343989908695221 0.16662977635860443 0.032393813133239746
office/seq-09/frame-000929.color.png -0.5863977074623108 -0.28058043122291565 0.831480085849762 0.9853026270866394 0.02938663586974144 0.16208037734031677 0.0452205166220665
office/seq-09/frame-000930.color.png -0.6180658936500549 -0.28584587574005127 0.844385027885437 0.9847220778465271 0.02372746914625168 0.16775354743003845 0.04022703692317009
office/seq-09/frame-000931.color.png -0.6051507592201233 -0.2790844142436981 0.8448204398155212 0.98533695936203 0.013886554166674614 0.16653159260749817 0.03443114086985588
office/seq-09/frame-000932.color.png -0.6102602481842041 -0.2934286296367645 0.8111346364021301 0.9814587831497192 0.01284309197217226 0.1857399344444275 0.04554468020796776
office/seq-09/frame-000933.color.png -0.6099337339401245 -0.26387888193130493 0.8244549036026001 0.9774332642555237 0.034991562366485596 0.2040754109621048 0.04186679422855377
office/seq-09/frame-000934.color.png -0.6017389893531799 -0.27904659509658813 0.8089783191680908 0.9787011742591858 0.029617594555020332 0.19835615158081055 0.04383641481399536
office/seq-09/frame-000935.color.png -0.6105484962463379 -0.2772592008113861 0.79462069272995 0.9702123403549194 0.02684687450528145 0.23538894951343536 0.050590600818395615
office/seq-09/frame-000936.color.png -0.6317793130874634 -0.2723013162612915 0.8098034858703613 0.9719439744949341 0.0324520468711853 0.22717225551605225 0.05161695554852486
office/seq-09/frame-000937.color.png -0.6224821209907532 -0.2721521556377411 0.8266440629959106 0.9714518189430237 0.02493860013782978 0.22963206470012665 0.054118480533361435
office/seq-09/frame-000938.color.png -0.6401693224906921 -0.2863650918006897 0.8379620909690857 0.9712253212928772 0.023598946630954742 0.23021279275417328 0.05627191439270973
office/seq-09/frame-000939.color.png -0.6495948433876038 -0.2784832715988159 0.8362213373184204 0.9661068916320801 0.02315688505768776 0.25034651160240173 0.05854848399758339
office/seq-09/frame-000940.color.png -0.6545328497886658 -0.2735993564128876 0.8422611951828003 0.9673560261726379 0.028622522950172424 0.2455509901046753 0.05574651435017586
office/seq-09/frame-000941.color.png -0.6672835946083069 -0.2584923207759857 0.8488053679466248 0.9663665294647217 0.03484625369310379 0.2496705949306488 0.050853122025728226
office/seq-09/frame-000942.color.png -0.6570448279380798 -0.25881755352020264 0.8689730167388916 0.9733725190162659 0.034427788108587265 0.22107838094234467 0.04984690248966217
office/seq-09/frame-000943.color.png -0.6519308090209961 -0.26211777329444885 0.8777401447296143 0.9644731283187866 0.020180359482765198 0.25672096014022827 0.05898062139749527
office/seq-09/frame-000944.color.png -0.6372255682945251 -0.2580335736274719 0.8677530884742737 0.9488980174064636 0.029950883239507675 0.3044739365577698 0.07740318775177002
office/seq-09/frame-000945.color.png -0.6503309607505798 -0.2591467499732971 0.8788847327232361 0.9479491114616394 0.023530788719654083 0.3077946603298187 0.07810910791158676
office/seq-09/frame-000946.color.png -0.6684117317199707 -0.2516006529331207 0.8906009793281555 0.9520717263221741 0.037949468940496445 0.29371970891952515 0.07647236436605453
office/seq-09/frame-000947.color.png -0.6729596257209778 -0.25845226645469666 0.904909610748291 0.9503025412559509 0.041271768510341644 0.29829075932502747 0.07902191579341888
office/seq-09/frame-000948.color.png -0.6754940152168274 -0.24892768263816833 0.8995760083198547 0.9509415030479431 0.03881724923849106 0.29570481181144714 0.08223194628953934
office/seq-09/frame-000949.color.png -0.6573571562767029 -0.25399619340896606 0.9029391407966614 0.9519042372703552 0.03565119206905365 0.292924165725708 0.08247904479503632
office/seq-09/frame-000950.color.png -0.6714357733726501 -0.24982008337974548 0.8664495944976807 0.9470155239105225 0.036227982491254807 0.31009164452552795 0.07544761896133423
office/seq-09/frame-000951.color.png -0.6693428158760071 -0.2545068860054016 0.876704752445221 0.9428450465202332 0.03698842599987984 0.32115066051483154 0.08085335046052933
office/seq-09/frame-000952.color.png -0.6677749752998352 -0.264443576335907 0.8589149117469788 0.9384688138961792 0.03496149182319641 0.331339031457901 0.09093031287193298
office/seq-09/frame-000953.color.png -0.6764631271362305 -0.26058629155158997 0.8435068130493164 0.935046911239624 0.031877897679805756 0.3410748839378357 0.09131840616464615
office/seq-09/frame-000954.color.png -0.6909263134002686 -0.28226953744888306 0.8316525816917419 0.9337692856788635 0.022589964792132378 0.3463694751262665 0.08713763952255249
office/seq-09/frame-000955.color.png -0.6777773499488831 -0.2791175842285156 0.8216123580932617 0.9262155294418335 0.020097270607948303 0.365688681602478 0.08940234035253525
office/seq-09/frame-000956.color.png -0.6811198592185974 -0.2703583836555481 0.8324725031852722 0.9315245151519775 0.023768387734889984 0.3506234288215637 0.09359588474035263
office/seq-09/frame-000957.color.png -0.680328905582428 -0.2629188895225525 0.8382068872451782 0.9251712560653687 0.025530032813549042 0.367313414812088 0.09212611615657806
office/seq-09/frame-000958.color.png -0.7073309421539307 -0.26738065481185913 0.8642147183418274 0.9250544905662537 0.023837121203541756 0.3667973279953003 0.09573665261268616
office/seq-09/frame-000959.color.png -0.7268595099449158 -0.27698150277137756 0.8518391251564026 0.9240427613258362 0.029076851904392242 0.3699801564216614 0.09172980487346649
office/seq-09/frame-000960.color.png -0.722700834274292 -0.2680484354496002 0.8384187817573547 0.9216923117637634 0.02829880826175213 0.3735695779323578 0.10063867270946503
office/seq-09/frame-000961.color.png -0.750191867351532 -0.2851340174674988 0.8480262756347656 0.9233760833740234 0.024375617504119873 0.3697609007358551 0.10029575228691101
office/seq-09/frame-000962.color.png -0.7397124171257019 -0.27874481678009033 0.8341674208641052 0.9202660322189331 0.026299161836504936 0.3763628602027893 0.10377700626850128
office/seq-09/frame-000963.color.png -0.727051854133606 -0.297640323638916 0.801037073135376 0.9241802096366882 0.0059094722382724285 0.36700892448425293 0.10564374923706055
office/seq-09/frame-000964.color.png -0.7665849328041077 -0.3022127151489258 0.7937144041061401 0.9147094488143921 0.005297546740621328 0.3899887502193451 0.10577069222927094
office/seq-09/frame-000965.color.png -0.7983368039131165 -0.29640644788742065 0.7884052395820618 0.9125955104827881 0.010743622668087482 0.39213472604751587 0.11525844782590866
office/seq-09/frame-000966.color.png -0.8254275918006897 -0.2792581617832184 0.7990886569023132 0.9256605505943298 0.015575029887259007 0.36160364747047424 0.11023961752653122
office/seq-09/frame-000967.color.png -0.7994490265846252 -0.31478139758110046 0.7919089198112488 0.9265978932380676 0.002498508431017399 0.36079198122024536 0.10601475834846497
office/seq-09/frame-000968.color.png -0.7799887657165527 -0.32799217104911804 0.768548846244812 0.9092386364936829 -0.003919216338545084 0.40022459626197815 0.11441146582365036
office/seq-09/frame-000969.color.png -0.7913971543312073 -0.3184579312801361 0.7707114815711975 0.9146965742111206 -0.012802149169147015 0.3850480318069458 0.1220826655626297
office/seq-09/frame-000970.color.png -0.8472082614898682 -0.3302769660949707 0.8127239942550659 0.9083632230758667 -0.021282212808728218 0.40082138776779175 0.11732733249664307
office/seq-09/frame-000971.color.png -0.824042558670044 -0.32064273953437805 0.8572033643722534 0.9064110517501831 -0.019040748476982117 0.4018639922142029 0.1286928951740265
office/seq-09/frame-000972.color.png -0.7855313420295715 -0.3331030011177063 0.8784623742103577 0.9192548990249634 -0.03637276962399483 0.37323707342147827 0.11975695937871933
office/seq-09/frame-000973.color.png -0.8093921542167664 -0.3383367359638214 0.8624919652938843 0.9131227135658264 -0.03214757889509201 0.3850938677787781 0.1299087405204773
office/seq-09/frame-000974.color.png -0.8334234356880188 -0.3283679783344269 0.8952429294586182 0.928158700466156 -0.022136356681585312 0.350986123085022 0.12181922048330307
office/seq-09/frame-000975.color.png -0.8299210667610168 -0.3295348882675171 0.8846480250358582 0.9266467094421387 -0.04272635281085968 0.35637784004211426 0.11178267002105713
office/seq-09/frame-000976.color.png -0.8488510251045227 -0.32601436972618103 0.8865072131156921 0.935425341129303 -0.03633458539843559 0.3324328362941742 0.11466366052627563
office/seq-09/frame-000977.color.png -0.8702082633972168 -0.3270464241504669 0.9079423546791077 0.9332053661346436 -0.029113026335835457 0.339204341173172 0.11498066782951355
office/seq-09/frame-000978.color.png -0.8833641409873962 -0.32354938983917236 0.884814977645874 0.9289188385009766 -0.028408613055944443 0.3515920341014862 0.11263135820627213
office/seq-09/frame-000979.color.png -0.8931846618652344 -0.3736806809902191 0.8517496585845947 0.9409611821174622 -0.05160953477025032 0.31602051854133606 0.10981521010398865
office/seq-09/frame-000980.color.png -0.953823983669281 -0.36949068307876587 0.8680641651153564 0.9417197108268738 -0.043702393770217896 0.3167169690132141 0.10461672395467758
office/seq-09/frame-000981.color.png -0.9624733328819275 -0.38822928071022034 0.8646275997161865 0.9380702376365662 -0.049656208604574203 0.3258623480796814 0.10664207488298416
office/seq-09/frame-000982.color.png -0.9417758584022522 -0.3759004771709442 0.8657063841819763 0.9283641576766968 -0.04257596284151077 0.3541739583015442 0.10434778779745102
office/seq-09/frame-000983.color.png -0.9478895664215088 -0.367931991815567 0.8697381615638733 0.9313997626304626 -0.03921429067850113 0.3458993434906006 0.10635003447532654
office/seq-09/frame-000984.color.png -0.958107590675354 -0.40958455204963684 0.8166529536247253 0.9394957423210144 -0.04643832892179489 0.32351604104042053 0.10260942578315735
office/seq-09/frame-000985.color.png -1.002487063407898 -0.4135480225086212 0.8454219102859497 0.9436511993408203 -0.04395390674471855 0.31320175528526306 0.09744277596473694
office/seq-09/frame-000986.color.png -1.009055495262146 -0.4187116026878357 0.8285856246948242 0.9395593404769897 -0.04810564965009689 0.32194533944129944 0.10613799840211868
office/seq-09/frame-000987.color.png -1.0001412630081177 -0.42978373169898987 0.8177443742752075 0.94661545753479 -0.05819426476955414 0.29764237999916077 0.10927830636501312
office/seq-09/frame-000988.color.png -1.0279710292816162 -0.422488808631897 0.8440316915512085 0.945101797580719 -0.044718313962221146 0.30414441227912903 0.11081092804670334
office/seq-09/frame-000989.color.png -1.0673739910125732 -0.4415546655654907 0.8023897409439087 0.9449658989906311 -0.04740003123879433 0.30260932445526123 0.11497961729764938
office/seq-09/frame-000990.color.png -1.0544558763504028 -0.4080114960670471 0.784277081489563 0.9518858790397644 -0.048683617264032364 0.2784130573272705 0.11844567954540253
office/seq-09/frame-000991.color.png -1.0875309705734253 -0.4082697629928589 0.807937741279602 0.9448798298835754 -0.03647999465465546 0.30342599749565125 0.11749125272035599
office/seq-09/frame-000992.color.png -1.0564302206039429 -0.45053786039352417 0.7649929523468018 0.92828768491745 -0.02621293254196644 0.3521721065044403 0.11648890376091003
office/seq-09/frame-000993.color.png -1.0577389001846313 -0.45567744970321655 0.7838504314422607 0.9346540570259094 -0.03571335971355438 0.33409738540649414 0.11629839241504669
office/seq-09/frame-000994.color.png -1.0925302505493164 -0.48582714796066284 0.7422716021537781 0.9266769886016846 -0.022776653990149498 0.35868725180625916 0.10997498780488968
office/seq-09/frame-000995.color.png -1.0942761898040771 -0.49843472242355347 0.7324092984199524 0.9290516376495361 -0.02937430329620838 0.35147708654403687 0.11164331436157227
office/seq-09/frame-000996.color.png -1.0944485664367676 -0.48606592416763306 0.7484934329986572 0.922590970993042 -0.03110034205019474 0.36533552408218384 0.11995165050029755
office/seq-09/frame-000997.color.png -1.0547341108322144 -0.521397054195404 0.6844756603240967 0.9279873967170715 -0.035579659044742584 0.3510895073413849 0.11962302029132843
office/seq-09/frame-000998.color.png -1.085606336593628 -0.526016891002655 0.667492151260376 0.9133645296096802 -0.04188787192106247 0.38572633266448975 0.12339283525943756
office/seq-09/frame-000999.color.png -1.0249959230422974 -0.5365718007087708 0.6687564253807068 0.9059686064720154 -0.0385403074324131 0.40254688262939453 0.12526538968086243
