stairs/seq-01/frame-000000.color.png -1.2092525959014893 -0.6869251728057861 0.012037141248583794 0.9244428277015686 -0.18804426491260529 0.3218221664428711 0.08046982437372208
stairs/seq-01/frame-000001.color.png -1.1900438070297241 -0.6900392174720764 0.009498737752437592 0.9219772219657898 -0.18912246823310852 0.32818496227264404 0.08053217828273773
stairs/seq-01/frame-000002.color.png -1.2039613723754883 -0.681239902973175 0.0267009437084198 0.921441376209259 -0.20393657684326172 0.3206079602241516 0.0810324102640152
stairs/seq-01/frame-000003.color.png -1.2153160572052002 -0.684692919254303 0.007864776998758316 0.924708902835846 -0.18075089156627655 0.3245355486869812 0.08318112790584564
stairs/seq-01/frame-000004.color.png -1.242996335029602 -0.6876751780509949 0.01019476167857647 0.9288134574890137 -0.18052583932876587 0.3138493597507477 0.07883251458406448
stairs/seq-01/frame-000005.color.png -1.2200593948364258 -0.6870314478874207 0.016510987654328346 0.9357464909553528 -0.18085800111293793 0.29354390501976013 0.07416846603155136
stairs/seq-01/frame-000006.color.png -1.229121446609497 -0.6904056668281555 0.005902696400880814 0.9193182587623596 -0.19256913661956787 0.33227264881134033 0.08582456409931183
stairs/seq-01/frame-000007.color.png -1.2282136678695679 -0.6907066106796265 0.013058975338935852 0.9245582222938538 -0.1878046840429306 0.32004332542419434 0.08656660467386246
stairs/seq-01/frame-000008.color.png -1.2280876636505127 -0.6917328834533691 0.010433830320835114 0.9330048561096191 -0.17862117290496826 0.30155712366104126 0.08160567283630371
stairs/seq-01/frame-000009.color.png -1.2120307683944702 -0.6945965886116028 0.02432166039943695 0.9229326844215393 -0.19013702869415283 0.32348310947418213 0.08603398501873016
stairs/seq-01/frame-000010.color.png -1.2409958839416504 -0.6927571892738342 0.017134036868810654 0.9205479621887207 -0.20298686623573303 0.32285481691360474 0.08457205444574356
stairs/seq-01/frame-000011.color.png -1.2277506589889526 -0.6872764229774475 0.013312164694070816 0.9169623255729675 -0.195774644613266 0.33681729435920715 0.08606201410293579
stairs/seq-01/frame-000012.color.png -1.2269212007522583 -0.6842842102050781 0.014399208128452301 0.9319654107093811 -0.17845317721366882 0.30463331937789917 0.08242154866456985
stairs/seq-01/frame-000013.color.png -1.234107255935669 -0.6887618899345398 0.005672642961144447 0.9272990822792053 -0.1824561059474945 0.3175537586212158 0.07736719399690628
stairs/seq-01/frame-000014.color.png -1.2298588752746582 -0.6928184628486633 0.013115238398313522 0.9248650074005127 -0.18777397274971008 0.3203842043876648 0.08197349309921265
stairs/seq-01/frame-000015.color.png -1.2420703172683716 -0.6760510802268982 0.014343399554491043 0.9247387051582336 -0.18954595923423767 0.31933534145355225 0.08339966088533401
stairs/seq-01/frame-000016.color.png -1.2271023988723755 -0.679144024848938 0.023401789367198944 0.9244531393051147 -0.19743376970291138 0.3150140941143036 0.0846896767616272
stairs/seq-01/frame-000017.color.png -1.2186684608459473 -0.6809141635894775 0.02808411791920662 0.929370641708374 -0.17285700142383575 0.31430330872535706 0.08720134943723679
stairs/seq-01/frame-000018.color.png -1.1932677030563354 -0.6853712201118469 0.02374119684100151 0.9217041730880737 -0.18566058576107025 0.32933056354522705 0.08679232001304626
stairs/seq-01/frame-000019.color.png -1.1839683055877686 -0.6944196820259094 0.01771405339241028 0.9160721302032471 -0.19849728047847748 0.33677974343299866 0.08938650786876678
stairs/seq-01/frame-000020.color.png -1.2320024967193604 -0.6927114129066467 0.011350799351930618 0.9206320643424988 -0.18804647028446198 0.3305044174194336 0.08855477720499039
stairs/seq-01/frame-000021.color.png -1.197817087173462 -0.679493248462677 0.026919201016426086 0.9207502007484436 -0.19154401123523712 0.3296072483062744 0.08299998193979263
stairs/seq-01/frame-000022.color.png -1.1585689783096313 -0.7016613483428955 0.013321086764335632 0.9318134784698486 -0.18959836661815643 0.30098283290863037 0.07201115041971207
stairs/seq-01/frame-000023.color.png -1.1827808618545532 -0.6829835176467896 0.02937968447804451 0.9337792992591858 -0.19681508839130402 0.2898208200931549 0.07296514511108398
stairs/seq-01/frame-000024.color.png -1.1893750429153442 -0.6941027045249939 0.0033208802342414856 0.919691801071167 -0.19594502449035645 0.328781396150589 0.08760852366685867
stairs/seq-01/frame-000025.color.png -1.2025257349014282 -0.6901994943618774 0.008152682334184647 0.9247925281524658 -0.19884133338928223 0.31280550360679626 0.08586933463811874
stairs/seq-01/frame-000026.color.png -1.210471749305725 -0.6790148019790649 0.022887028753757477 0.9136146903038025 -0.20816399157047272 0.33722275495529175 0.09086589515209198
stairs/seq-01/frame-000027.color.png -1.184450626373291 -0.6961988210678101 0.015437804162502289 0.9162598848342896 -0.188587486743927 0.34286198019981384 0.08572158962488174
stairs/seq-01/frame-000028.color.png -1.193748116493225 -0.6944151520729065 0.02391017973423004 0.9208716154098511 -0.20076438784599304 0.32382863759994507 0.08260784298181534
stairs/seq-01/frame-000029.color.png -1.1824698448181152 -0.6906895637512207 0.03574347123503685 0.9219815135002136 -0.1828705072402954 0.3303171694278717 0.08601781725883484
stairs/seq-01/frame-000030.color.png -1.171831727027893 -0.6990165710449219 0.05560995638370514 0.9332488775253296 -0.1779286116361618 0.3027418553829193 0.07573097944259644
stairs/seq-01/frame-000031.color.png -1.178963303565979 -0.6937074065208435 0.06014164537191391 0.9323850274085999 -0.16927331686019897 0.30920732021331787 0.0799725130200386
stairs/seq-01/frame-000032.color.png -1.1680848598480225 -0.6912248134613037 0.04238702356815338 0.9265192747116089 -0.18554195761680603 0.3155408203601837 0.08700677752494812
stairs/seq-01/frame-000033.color.png -1.1129401922225952 -0.7085805535316467 0.05675008147954941 0.9274163246154785 -0.1882326602935791 0.31189313530921936 0.08479375392198563
stairs/seq-01/frame-000034.color.png -1.104087471961975 -0.6853896975517273 0.08330012112855911 0.9181869626045227 -0.1892341822385788 0.3347913920879364 0.0950670838356018
stairs/seq-01/frame-000035.color.png -1.147640347480774 -0.671150267124176 0.10568756610155106 0.9300520420074463 -0.17579688131809235 0.3104840815067291 0.08774010837078094
stairs/seq-01/frame-000036.color.png -1.1374651193618774 -0.655813992023468 0.09668473154306412 0.9267345666885376 -0.1815384179353714 0.3152703642845154 0.0938691794872284
stairs/seq-01/frame-000037.color.png -1.1063214540481567 -0.6779787540435791 0.08833762258291245 0.9229894876480103 -0.18315207958221436 0.32401561737060547 0.09777291119098663
stairs/seq-01/frame-000038.color.png -1.1139901876449585 -0.6931387186050415 0.08826781809329987 0.9219242334365845 -0.18829616904258728 0.3238922357559204 0.09845907241106033
stairs/seq-01/frame-000039.color.png -1.1881836652755737 -0.6776683926582336 0.08952870219945908 0.9168128967285156 -0.19449938833713531 0.3331916034221649 0.10299251973628998
stairs/seq-01/frame-000040.color.png -1.1629616022109985 -0.6757797002792358 0.10495618730783463 0.9173043370246887 -0.18164683878421783 0.3397393226623535 0.10066977143287659
stairs/seq-01/frame-000041.color.png -1.1354507207870483 -0.6844946146011353 0.10839799046516418 0.9166451692581177 -0.18094491958618164 0.34165945649147034 0.10143594443798065
stairs/seq-01/frame-000042.color.png -1.1510204076766968 -0.6759319305419922 0.10289030522108078 0.9196051359176636 -0.17507940530776978 0.33720824122428894 0.09982094913721085
stairs/seq-01/frame-000043.color.png -1.09487783908844 -0.6816014647483826 0.11469066888093948 0.9154048562049866 -0.18698547780513763 0.3431292176246643 0.09660669416189194
stairs/seq-01/frame-000044.color.png -1.0503565073013306 -0.6970208883285522 0.0881446823477745 0.9122214317321777 -0.18191440403461456 0.3516329526901245 0.10541967302560806
stairs/seq-01/frame-000045.color.png -1.101641058921814 -0.6825199723243713 0.08427164703607559 0.9024646282196045 -0.183171346783638 0.37604376673698425 0.10294117033481598
stairs/seq-01/frame-000046.color.png -1.1737565994262695 -0.6598886251449585 0.09721183031797409 0.907605767250061 -0.1815023273229599 0.36453625559806824 0.10208818316459656
stairs/seq-01/frame-000047.color.png -1.186871886253357 -0.6684116721153259 0.09784426540136337 0.9136858582496643 -0.16724039614200592 0.3561241328716278 0.10190390795469284
stairs/seq-01/frame-000048.color.png -1.169028878211975 -0.6624436974525452 0.09868145734071732 0.9093698859214783 -0.17041164636611938 0.3653237819671631 0.10268749296665192
stairs/seq-01/frame-000049.color.png -1.190153956413269 -0.6735319495201111 0.05615416169166565 0.9021034240722656 -0.17455121874809265 0.3817521035671234 0.10003294795751572
stairs/seq-01/frame-000050.color.png -1.1956636905670166 -0.6630032658576965 0.06593599170446396 0.9011654257774353 -0.1693112552165985 0.38639625906944275 0.09966146945953369
stairs/seq-01/frame-000051.color.png -1.194390058517456 -0.6584746837615967 0.06531030684709549 0.9021892547607422 -0.16809453070163727 0.3854648470878601 0.09599736332893372
stairs/seq-01/frame-000052.color.png -1.1523596048355103 -0.6476062536239624 0.08802967518568039 0.9008464217185974 -0.1690453141927719 0.38820910453796387 0.09588092565536499
stairs/seq-01/frame-000053.color.png -1.151551365852356 -0.651421844959259 0.06626195460557938 0.9001902341842651 -0.16814744472503662 0.3890302777290344 0.10019772499799728
stairs/seq-01/frame-000054.color.png -1.1398333311080933 -0.65669846534729 0.05013192445039749 0.8951725959777832 -0.1656922549009323 0.4016934633255005 0.09926901012659073
stairs/seq-01/frame-000055.color.png -1.1254719495773315 -0.639005184173584 0.06886270642280579 0.8961763978004456 -0.16393235325813293 0.39972734451293945 0.10105608403682709
stairs/seq-01/frame-000056.color.png -1.115796685218811 -0.6315414905548096 0.0590357780456543 0.8977862596511841 -0.16750764846801758 0.39644116163253784 0.09356947988271713
stairs/seq-01/frame-000057.color.png -1.1365963220596313 -0.6278563141822815 0.05362924933433533 0.8989500999450684 -0.1567404419183731 0.3976573348045349 0.09586472809314728
stairs/seq-01/frame-000058.color.png -1.1578878164291382 -0.6222754716873169 0.05920560657978058 0.8974460959434509 -0.16438359022140503 0.39934656023979187 0.08994857221841812
stairs/seq-01/frame-000059.color.png -1.1751621961593628 -0.6110650897026062 0.041307054460048676 0.9009506106376648 -0.15808449685573578 0.39357566833496094 0.09162599593400955
stairs/seq-01/frame-000060.color.png -1.2190202474594116 -0.6005117893218994 0.04793843626976013 0.8943576812744141 -0.1633455902338028 0.40685638785362244 0.08894268423318863
stairs/seq-01/frame-000061.color.png -1.2279224395751953 -0.600072979927063 0.04647485539317131 0.8931715488433838 -0.17045888304710388 0.40684187412261963 0.08756639063358307
stairs/seq-01/frame-000062.color.png -1.2146474123001099 -0.5915399789810181 0.05914817750453949 0.8924992680549622 -0.16335365176200867 0.411415159702301 0.08659331500530243
stairs/seq-01/frame-000063.color.png -1.2103708982467651 -0.5681337118148804 0.09073580801486969 0.8892257809638977 -0.16289308667182922 0.4179529547691345 0.08977147936820984
stairs/seq-01/frame-000064.color.png -1.2221930027008057 -0.56767338514328 0.08163564652204514 0.8844626545906067 -0.17495383322238922 0.42371055483818054 0.08710034936666489
stairs/seq-01/frame-000065.color.png -1.2396572828292847 -0.5678836703300476 0.07106553018093109 0.8853012919425964 -0.1658695936203003 0.42430761456489563 0.09322969615459442
stairs/seq-01/frame-000066.color.png -1.2286537885665894 -0.5651146173477173 0.07853516191244125 0.8900486826896667 -0.18096494674682617 0.407479465007782 0.09500224143266678
stairs/seq-01/frame-000067.color.png -1.2482597827911377 -0.5789711475372314 0.0809931755065918 0.8899915218353271 -0.16832944750785828 0.41372615098953247 0.09171108901500702
stairs/seq-01/frame-000068.color.png -1.2837318181991577 -0.5961400270462036 0.06860502809286118 0.8897833228111267 -0.16466978192329407 0.4137977361679077 0.09970347583293915
stairs/seq-01/frame-000069.color.png -1.2789324522018433 -0.597795307636261 0.06663241237401962 0.8896976113319397 -0.1682470738887787 0.4127016067504883 0.09903747588396072
stairs/seq-01/frame-000070.color.png -1.2801611423492432 -0.6091728210449219 0.05635976791381836 0.8919526934623718 -0.17036984860897064 0.40703776478767395 0.09856316447257996
stairs/seq-01/frame-000071.color.png -1.306818962097168 -0.6160764694213867 0.06558059900999069 0.8854742050170898 -0.15988492965698242 0.4247682988643646 0.09972038120031357
stairs/seq-01/frame-000072.color.png -1.291606068611145 -0.6203541159629822 0.04652920737862587 0.8845701217651367 -0.16530020534992218 0.4246651530265808 0.09935333579778671
stairs/seq-01/frame-000073.color.png -1.292426586151123 -0.638405442237854 0.03566928207874298 0.8831449747085571 -0.16580656170845032 0.4266834855079651 0.10249067842960358
stairs/seq-01/frame-000074.color.png -1.309472918510437 -0.6386862993240356 0.03286295384168625 0.881196141242981 -0.16916576027870178 0.43008342385292053 0.09952187538146973
stairs/seq-01/frame-000075.color.png -1.3024303913116455 -0.6387662291526794 0.03688699007034302 0.8770771622657776 -0.17245520651340485 0.4365686774253845 0.10199341177940369
stairs/seq-01/frame-000076.color.png -1.2997586727142334 -0.6416041254997253 0.03732682019472122 0.8803425431251526 -0.16991838812828064 0.4301857054233551 0.10519078373908997
stairs/seq-01/frame-000077.color.png -1.2977499961853027 -0.6329343914985657 0.03272716701030731 0.8815146088600159 -0.1700080931186676 0.42803797125816345 0.10398482531309128
stairs/seq-01/frame-000078.color.png -1.3032338619232178 -0.6395587921142578 0.048468850553035736 0.8803331255912781 -0.17368026077747345 0.42821118235588074 0.10716331750154495
stairs/seq-01/frame-000079.color.png -1.2968553304672241 -0.6322540640830994 0.05253665894269943 0.880851149559021 -0.17059645056724548 0.429214745759964 0.10379166156053543
stairs/seq-01/frame-000080.color.png -1.2776755094528198 -0.6419142484664917 0.03151573985815048 0.8823802471160889 -0.16449378430843353 0.4279375672340393 0.10590751469135284
stairs/seq-01/frame-000081.color.png -1.2837729454040527 -0.6474460959434509 0.013428375124931335 0.8833842277526855 -0.1631271243095398 0.4267476201057434 0.10444231331348419
stairs/seq-01/frame-000082.color.png -1.2656720876693726 -0.6453200578689575 0.0157029926776886 0.8853276371955872 -0.16187947988510132 0.42230531573295593 0.10792651772499084
stairs/seq-01/frame-000083.color.png -1.2780593633651733 -0.6510564684867859 0.025419969111680984 0.8775274753570557 -0.1711857169866562 0.4362722635269165 0.10152528434991837
stairs/seq-01/frame-000084.color.png -1.2279460430145264 -0.6537235379219055 0.008681189268827438 0.8769775629043579 -0.17809298634529114 0.4342050850391388 0.10324349999427795
stairs/seq-01/frame-000085.color.png -1.2273989915847778 -0.6693634390830994 0.003791157156229019 0.8782086968421936 -0.1731993854045868 0.43290138244628906 0.10652676224708557
stairs/seq-01/frame-000086.color.png -1.2122855186462402 -0.6732789278030396 0.012801114469766617 0.8842796683311462 -0.16744059324264526 0.42284899950027466 0.10588593035936356
stairs/seq-01/frame-000087.color.png -1.1909583806991577 -0.6714781522750854 0.010336490347981453 0.879022479057312 -0.16371238231658936 0.43528658151626587 0.10508674383163452
stairs/seq-01/frame-000088.color.png -1.1833322048187256 -0.6849635243415833 0.0015032961964607239 0.8762413859367371 -0.17700861394405365 0.4347372055053711 0.10896147042512894
stairs/seq-01/frame-000089.color.png -1.1797966957092285 -0.6934946179389954 -0.014693861827254295 0.8775988221168518 -0.18061664700508118 0.4312770366668701 0.10582145303487778
stairs/seq-01/frame-000090.color.png -1.2134027481079102 -0.6889878511428833 -0.016459336504340172 0.8763445615768433 -0.1686147004365921 0.43868353962898254 0.10557464510202408
stairs/seq-01/frame-000091.color.png -1.1985294818878174 -0.6878023147583008 -0.012878505513072014 0.8755899667739868 -0.1685682237148285 0.44154128432273865 0.09984099864959717
stairs/seq-01/frame-000092.color.png -1.1786174774169922 -0.6906409859657288 -0.01401648297905922 0.8792799115180969 -0.1697792112827301 0.4326189458370209 0.10432005673646927
stairs/seq-01/frame-000093.color.png -1.1738742589950562 -0.6909451484680176 -0.03018867038190365 0.8764821290969849 -0.17379431426525116 0.4376978278160095 0.0999763086438179
stairs/seq-01/frame-000094.color.png -1.1507505178451538 -0.6965782642364502 -0.03398878872394562 0.8722980618476868 -0.1780060976743698 0.4430003762245178 0.1056438684463501
stairs/seq-01/frame-000095.color.png -1.1268799304962158 -0.6967496275901794 -0.032071515917778015 0.8710500597953796 -0.17358258366584778 0.4476531744003296 0.1036701425909996
stairs/seq-01/frame-000096.color.png -1.1124187707901 -0.6963568925857544 -0.030288444831967354 0.86871337890625 -0.17252270877361298 0.4519631266593933 0.10631214827299118
stairs/seq-01/frame-000097.color.png -1.1163793802261353 -0.7027283906936646 -0.02449927106499672 0.8704567551612854 -0.18640753626823425 0.44368240237236023 0.10345680266618729
stairs/seq-01/frame-000098.color.png -1.0765348672866821 -0.7038084268569946 -0.02867744490504265 0.8730210065841675 -0.17926499247550964 0.4418962895870209 0.10210798680782318
stairs/seq-01/frame-000099.color.png -1.1087197065353394 -0.6907896995544434 -0.024996086955070496 0.8772454857826233 -0.1686788946390152 0.43697094917297363 0.1050909161567688
stairs/seq-01/frame-000100.color.png -1.1188976764678955 -0.692281186580658 -0.010366752743721008 0.8742843270301819 -0.17515555024147034 0.4405761957168579 0.10411539673805237
stairs/seq-01/frame-000101.color.png -1.107252597808838 -0.7033882737159729 -0.020441317930817604 0.874626636505127 -0.16870172321796417 0.4426310062408447 0.10317801684141159
stairs/seq-01/frame-000102.color.png -1.0882933139801025 -0.707240641117096 -0.036481425166130066 0.8752220273017883 -0.16411401331424713 0.4425458312034607 0.10585899651050568
stairs/seq-01/frame-000103.color.png -1.0911939144134521 -0.7026280760765076 -0.02722787857055664 0.8782834410667419 -0.17378319799900055 0.4330947995185852 0.10414645075798035
stairs/seq-01/frame-000104.color.png -1.097490668296814 -0.7066238522529602 -0.026578493416309357 0.8772069215774536 -0.17126727104187012 0.43617597222328186 0.10452760756015778
stairs/seq-01/frame-000105.color.png -1.129583716392517 -0.7072096467018127 -0.018498018383979797 0.8767837882041931 -0.16562826931476593 0.4391676187515259 0.1046394631266594
stairs/seq-01/frame-000106.color.png -1.1175442934036255 -0.6986069679260254 -0.022164490073919296 0.8750115633010864 -0.16559673845767975 0.44349396228790283 0.10122016072273254
stairs/seq-01/frame-000107.color.png -1.0866620540618896 -0.7126603722572327 -0.028704388067126274 0.875881016254425 -0.16301971673965454 0.44252532720565796 0.10211960226297379
stairs/seq-01/frame-000108.color.png -1.0754526853561401 -0.6934336423873901 -0.01970924437046051 0.8748416304588318 -0.16844812035560608 0.4413759410381317 0.10707280039787292
stairs/seq-01/frame-000109.color.png -1.0840102434158325 -0.6892386078834534 -0.030452722683548927 0.8758336901664734 -0.17051328718662262 0.43899205327033997 0.10548271238803864
stairs/seq-01/frame-000110.color.png -1.0718570947647095 -0.6990296244621277 -0.03215764835476875 0.8726441264152527 -0.16978608071804047 0.445416659116745 0.10615513473749161
stairs/seq-01/frame-000111.color.png -1.0646415948867798 -0.6948779225349426 -0.04722440987825394 0.8718672394752502 -0.1669790893793106 0.4494795799255371 0.09966689348220825
stairs/seq-01/frame-000112.color.png -1.0875248908996582 -0.6924461722373962 -0.03541658818721771 0.8731039762496948 -0.15675629675388336 0.450025737285614 0.10292631387710571
stairs/seq-01/frame-000113.color.png -1.1039834022521973 -0.6950684785842896 -0.007125236093997955 0.8702847957611084 -0.1682089865207672 0.4512917399406433 0.10317870229482651
stairs/seq-01/frame-000114.color.png -1.043599009513855 -0.6930367350578308 -0.02279587835073471 0.8758284449577332 -0.15626682341098785 0.4449065029621124 0.10277941823005676
stairs/seq-01/frame-000115.color.png -1.0353080034255981 -0.7252205014228821 -0.024685494601726532 0.8754701018333435 -0.15915898978710175 0.44473037123680115 0.1021532341837883
stairs/seq-01/frame-000116.color.png -0.9873043894767761 -0.7062592506408691 -0.03247205540537834 0.8715999126434326 -0.16264398396015167 0.4519340991973877 0.09806155413389206
stairs/seq-01/frame-000117.color.png -0.9742726683616638 -0.6915844082832336 -0.001543428748846054 0.8710894584655762 -0.15097588300704956 0.4564133584499359 0.10048060119152069
stairs/seq-01/frame-000118.color.png -0.9461774230003357 -0.6884198188781738 -0.003036363050341606 0.8742502927780151 -0.14842043817043304 0.45062941312789917 0.10291335731744766
stairs/seq-01/frame-000119.color.png -0.9097731709480286 -0.7016069293022156 0.01956271380186081 0.8744646906852722 -0.14850284159183502 0.4507710933685303 0.10031808167695999
stairs/seq-01/frame-000120.color.png -0.8985537886619568 -0.7129511833190918 0.012871567159891129 0.8780994415283203 -0.1484893560409546 0.4442545175552368 0.09762308746576309
stairs/seq-01/frame-000121.color.png -0.9127467274665833 -0.6845515370368958 0.05149203538894653 0.88276606798172 -0.14667214453220367 0.4346352219581604 0.10150563716888428
stairs/seq-01/frame-000122.color.png -0.6868425011634827 -0.7119700908660889 0.06405571848154068 0.8781079649925232 -0.15537551045417786 0.4418640434741974 0.09767806529998779
stairs/seq-01/frame-000123.color.png -0.6042758822441101 -0.7242830991744995 0.09614840149879456 0.9046661257743835 -0.19443751871585846 0.3646745979785919 0.10385484993457794
stairs/seq-01/frame-000124.color.png -0.7230817079544067 -0.6920466423034668 0.13358786702156067 0.8784191012382507 -0.15090419352054596 0.44032832980155945 0.10825300961732864
stairs/seq-01/frame-000125.color.png -0.6815223693847656 -0.7024285197257996 0.16644436120986938 0.8850975632667542 -0.14887358248233795 0.4295283257961273 0.09972146153450012
stairs/seq-01/frame-000126.color.png -0.7088362574577332 -0.6836869120597839 0.1659163236618042 0.8912357687950134 -0.14778916537761688 0.41472768783569336 0.10889480262994766
stairs/seq-01/frame-000127.color.png -0.6789084076881409 -0.709887683391571 0.19134515523910522 0.8950799107551575 -0.1430012434720993 0.4100968837738037 0.10100965946912766
stairs/seq-01/frame-000128.color.png -0.6244815587997437 -0.712794303894043 0.2049899399280548 0.8940160274505615 -0.13771428167819977 0.41539913415908813 0.0959879606962204
stairs/seq-01/frame-000129.color.png -0.6705979108810425 -0.7089259028434753 0.23052570223808289 0.9046807289123535 -0.14101330935955048 0.3900238275527954 0.09772206842899323
stairs/seq-01/frame-000130.color.png -0.6182805299758911 -0.7196491360664368 0.2548854947090149 0.9014571905136108 -0.14334386587142944 0.3979043662548065 0.09219342470169067
stairs/seq-01/frame-000131.color.png -0.6149947047233582 -0.7186775207519531 0.2665107250213623 0.9074945449829102 -0.14193356037139893 0.3849223852157593 0.09024155139923096
stairs/seq-01/frame-000132.color.png -0.5746291875839233 -0.7141433954238892 0.28879791498184204 0.9107839465141296 -0.1352233737707138 0.37876084446907043 0.09342056512832642
stairs/seq-01/frame-000133.color.png -0.5858916640281677 -0.7360641956329346 0.31890231370925903 0.9106504321098328 -0.13892163336277008 0.37742963433265686 0.09467480331659317
stairs/seq-01/frame-000134.color.png -0.5548043251037598 -0.7306897640228271 0.3262346088886261 0.9232655763626099 -0.13480748236179352 0.3464513123035431 0.09684602916240692
stairs/seq-01/frame-000135.color.png -0.5466377139091492 -0.7458526492118835 0.3598979115486145 0.9219856858253479 -0.13399864733219147 0.35049575567245483 0.09560016542673111
stairs/seq-01/frame-000136.color.png -0.5351793169975281 -0.7554169297218323 0.36992156505584717 0.9211174249649048 -0.1356780230998993 0.3518335819244385 0.09668170660734177
stairs/seq-01/frame-000137.color.png -0.5145392417907715 -0.7568009495735168 0.3687576651573181 0.9330775141716003 -0.1279171258211136 0.32212692499160767 0.09611283987760544
stairs/seq-01/frame-000138.color.png -0.5078443288803101 -0.7501658201217651 0.3647576868534088 0.9265150427818298 -0.1503160148859024 0.33274608850479126 0.09085649996995926
stairs/seq-01/frame-000139.color.png -0.4727135896682739 -0.744825005531311 0.3321932256221771 0.9374591112136841 -0.14143694937229156 0.3052973747253418 0.0892154723405838
stairs/seq-01/frame-000140.color.png -0.4701578617095947 -0.7409055233001709 0.34421151876449585 0.9386399984359741 -0.1376079022884369 0.3018876314163208 0.09424819052219391
stairs/seq-01/frame-000141.color.png -0.5086675882339478 -0.7072061896324158 0.31461307406425476 0.9443867802619934 -0.1432017982006073 0.2794451415538788 0.0976594015955925
stairs/seq-01/frame-000142.color.png -0.5198010206222534 -0.6866026520729065 0.31665724515914917 0.9493200182914734 -0.15027235448360443 0.25701600313186646 0.10076004266738892
stairs/seq-01/frame-000143.color.png -0.4714687764644623 -0.6953538656234741 0.33696046471595764 0.9503200054168701 -0.16484487056732178 0.2446870505809784 0.09922788292169571
stairs/seq-01/frame-000144.color.png -0.4468841850757599 -0.6893085837364197 0.34837183356285095 0.9524822235107422 -0.16324929893016815 0.23568131029605865 0.10286553204059601
stairs/seq-01/frame-000145.color.png -0.42191025614738464 -0.6963443160057068 0.3424558937549591 0.9532037377357483 -0.1616734117269516 0.23406386375427246 0.10236339271068573
stairs/seq-01/frame-000146.color.png -0.419634610414505 -0.6919990181922913 0.3469560146331787 0.9540699124336243 -0.16437354683876038 0.231843039393425 0.09476631134748459
stairs/seq-01/frame-000147.color.png -0.4033055901527405 -0.6864290833473206 0.3595696985721588 0.954635500907898 -0.17167197167873383 0.22490188479423523 0.09283801913261414
stairs/seq-01/frame-000148.color.png -0.4127701222896576 -0.6840218901634216 0.36052677035331726 0.9589121341705322 -0.16941696405410767 0.2069217562675476 0.0947045087814331
stairs/seq-01/frame-000149.color.png -0.4016742706298828 -0.6866814494132996 0.35866719484329224 0.9559533596038818 -0.1657910943031311 0.2253284901380539 0.08884649723768234
stairs/seq-01/frame-000150.color.png -0.3981838822364807 -0.68609619140625 0.3628999590873718 0.9602290987968445 -0.16644825041294098 0.205657497048378 0.08921925723552704
stairs/seq-01/frame-000151.color.png -0.37771227955818176 -0.6913547515869141 0.3538014888763428 0.962337076663971 -0.17463888227939606 0.18746167421340942 0.09092212468385696
stairs/seq-01/frame-000152.color.png -0.3756725490093231 -0.6973351836204529 0.3675990402698517 0.9600648880004883 -0.171408548951149 0.2021082043647766 0.08970315754413605
stairs/seq-01/frame-000153.color.png -0.34668681025505066 -0.7049193382263184 0.3764367997646332 0.9615482091903687 -0.17142395675182343 0.1938323825597763 0.09202053397893906
stairs/seq-01/frame-000154.color.png -0.3682512044906616 -0.70550537109375 0.3602306544780731 0.9622882604598999 -0.16551443934440613 0.19475552439689636 0.09314781427383423
stairs/seq-01/frame-000155.color.png -0.37141504883766174 -0.7032381296157837 0.36652064323425293 0.9606075882911682 -0.1629529595375061 0.20500218868255615 0.09302368760108948
stairs/seq-01/frame-000156.color.png -0.3745301365852356 -0.7025063633918762 0.37037646770477295 0.9624420404434204 -0.166664257645607 0.1912185102701187 0.09676593542098999
stairs/seq-01/frame-000157.color.png -0.4127143919467926 -0.6981227397918701 0.37090200185775757 0.9615047574043274 -0.16354529559612274 0.20319721102714539 0.08644372224807739
stairs/seq-01/frame-000158.color.png -0.37652164697647095 -0.6960612535476685 0.36971938610076904 0.9624317288398743 -0.16052865982055664 0.20095482468605042 0.08702141046524048
stairs/seq-01/frame-000159.color.png -0.3940657377243042 -0.6909936666488647 0.3833576440811157 0.9603778123855591 -0.16198205947875977 0.2101263552904129 0.08534237742424011
stairs/seq-01/frame-000160.color.png -0.39346471428871155 -0.6962942481040955 0.3653179109096527 0.9623262286186218 -0.15972799062728882 0.20221711695194244 0.08673781156539917
stairs/seq-01/frame-000161.color.png -0.36480993032455444 -0.7033923864364624 0.36321088671684265 0.9611337780952454 -0.16272930800914764 0.20459866523742676 0.08877188712358475
stairs/seq-01/frame-000162.color.png -0.35796383023262024 -0.6938319802284241 0.3757716417312622 0.9602052569389343 -0.16587497293949127 0.2065480798482895 0.08848337084054947
stairs/seq-01/frame-000163.color.png -0.35279521346092224 -0.7103773355484009 0.37877407670021057 0.9629825353622437 -0.16165800392627716 0.199499249458313 0.08204434812068939
stairs/seq-01/frame-000164.color.png -0.35985836386680603 -0.6998284459114075 0.3829984664916992 0.9629808664321899 -0.16188296675682068 0.19965876638889313 0.0812285915017128
stairs/seq-01/frame-000165.color.png -0.36845239996910095 -0.6959202289581299 0.38980478048324585 0.9621296525001526 -0.15898814797401428 0.20681977272033691 0.07908716797828674
stairs/seq-01/frame-000166.color.png -0.37104952335357666 -0.6890714764595032 0.3816371560096741 0.9620049595832825 -0.15931254625320435 0.20629407465457916 0.08129370212554932
stairs/seq-01/frame-000167.color.png -0.388913631439209 -0.6981028318405151 0.38333752751350403 0.9639350175857544 -0.16068965196609497 0.195319265127182 0.08281505107879639
stairs/seq-01/frame-000168.color.png -0.3585779666900635 -0.699918270111084 0.38580140471458435 0.9629831910133362 -0.16141457855701447 0.19915048778057098 0.08335258066654205
stairs/seq-01/frame-000169.color.png -0.3639472723007202 -0.6841205954551697 0.3788164258003235 0.9626020193099976 -0.16291038691997528 0.19907009601593018 0.0850219875574112
stairs/seq-01/frame-000170.color.png -0.36214080452919006 -0.6845697164535522 0.3742167055606842 0.963269829750061 -0.16053934395313263 0.19851964712142944 0.08323652297258377
stairs/seq-01/frame-000171.color.png -0.35276976227760315 -0.6907081604003906 0.3932221233844757 0.9632736444473267 -0.1579238474369049 0.20043359696865082 0.08360691368579865
stairs/seq-01/frame-000172.color.png -0.35101088881492615 -0.6956697702407837 0.3888535797595978 0.9638665914535522 -0.1566842645406723 0.19893580675125122 0.08267996460199356
stairs/seq-01/frame-000173.color.png -0.3533012270927429 -0.6957212686538696 0.39694300293922424 0.9644900560379028 -0.1545979529619217 0.19805191457271576 0.08144797384738922
stairs/seq-01/frame-000174.color.png -0.3308682143688202 -0.7070015072822571 0.3992162346839905 0.9605478048324585 -0.1617593616247177 0.209700345993042 0.08489683270454407
stairs/seq-01/frame-000175.color.png -0.31597092747688293 -0.7254877686500549 0.4195510149002075 0.9617536067962646 -0.16253675520420074 0.2036866545677185 0.08440157026052475
stairs/seq-01/frame-000176.color.png -0.3047730624675751 -0.7714444398880005 0.42372071743011475 0.9618956446647644 -0.15588200092315674 0.20920373499393463 0.08180021494626999
stairs/seq-01/frame-000177.color.png -0.3062337338924408 -0.7844617366790771 0.4774814248085022 0.9612635970115662 -0.1564691662788391 0.21094107627868652 0.08362717181444168
stairs/seq-01/frame-000178.color.png -0.341545432806015 -0.7912929058074951 0.5123352408409119 0.9595151543617249 -0.1584547758102417 0.21727563440799713 0.08374904841184616
stairs/seq-01/frame-000179.color.png -0.34597256779670715 -0.7886799573898315 0.5194046497344971 0.9578446745872498 -0.15593408048152924 0.22617711126804352 0.08403586596250534
stairs/seq-01/frame-000180.color.png -0.3558305501937866 -0.7903652191162109 0.5161904692649841 0.9583155512809753 -0.15200886130332947 0.22600798308849335 0.08628350496292114
stairs/seq-01/frame-000181.color.png -0.35484597086906433 -0.785167396068573 0.5048230290412903 0.9564090371131897 -0.1514657437801361 0.23495812714099884 0.08446577936410904
stairs/seq-01/frame-000182.color.png -0.35828331112861633 -0.7780043482780457 0.5068082809448242 0.9554003477096558 -0.1529417186975479 0.2366560697555542 0.08839043974876404
stairs/seq-01/frame-000183.color.png -0.35799601674079895 -0.7838321328163147 0.5203171968460083 0.9567005634307861 -0.16034191846847534 0.22623872756958008 0.08849033713340759
stairs/seq-01/frame-000184.color.png -0.37949109077453613 -0.7695075273513794 0.5233455300331116 0.9550197124481201 -0.1585417538881302 0.23429672420024872 0.08892059326171875
stairs/seq-01/frame-000185.color.png -0.3806227743625641 -0.7810155153274536 0.5296369791030884 0.9547327756881714 -0.16232076287269592 0.23510286211967468 0.08284912258386612
stairs/seq-01/frame-000186.color.png -0.38396355509757996 -0.772834062576294 0.5056807398796082 0.9548019170761108 -0.16286735236644745 0.2340449094772339 0.08396662026643753
stairs/seq-01/frame-000187.color.png -0.36608320474624634 -0.754002571105957 0.4861660599708557 0.9531019926071167 -0.16049447655677795 0.24228525161743164 0.08447422832250595
stairs/seq-01/frame-000188.color.png -0.3430314362049103 -0.7675644755363464 0.48336318135261536 0.9523216485977173 -0.15800541639328003 0.24717868864536285 0.08378810435533524
stairs/seq-01/frame-000189.color.png -0.34159883856773376 -0.7774168848991394 0.4758181869983673 0.9524257183074951 -0.15372222661972046 0.2505989074707031 0.08034160733222961
stairs/seq-01/frame-000190.color.png -0.3342250883579254 -0.7733483910560608 0.47921067476272583 0.9527456760406494 -0.1524290144443512 0.2505711317062378 0.07908959686756134
stairs/seq-01/frame-000191.color.png -0.34372618794441223 -0.7864494323730469 0.4770198166370392 0.9537823796272278 -0.1532948911190033 0.2447119802236557 0.0831616148352623
stairs/seq-01/frame-000192.color.png -0.3548714220523834 -0.7840021252632141 0.479358434677124 0.9558217525482178 -0.15094974637031555 0.23784860968589783 0.08394644409418106
stairs/seq-01/frame-000193.color.png -0.35975179076194763 -0.7871223092079163 0.49394917488098145 0.9579043984413147 -0.1550472229719162 0.2273024022579193 0.08193483203649521
stairs/seq-01/frame-000194.color.png -0.3500312268733978 -0.7688742280006409 0.47833576798439026 0.9592437744140625 -0.1554321050643921 0.22063837945461273 0.08373139053583145
stairs/seq-01/frame-000195.color.png -0.3444657027721405 -0.7616004943847656 0.4825194776058197 0.9608408808708191 -0.15196006000041962 0.21623125672340393 0.08328799158334732
stairs/seq-01/frame-000196.color.png -0.3526580035686493 -0.7411946654319763 0.46828693151474 0.960252046585083 -0.15464666485786438 0.21780018508434296 0.08101546764373779
stairs/seq-01/frame-000197.color.png -0.35899588465690613 -0.737267017364502 0.4690153896808624 0.9609546661376953 -0.15182766318321228 0.2163085788488388 0.08200666308403015
stairs/seq-01/frame-000198.color.png -0.34126338362693787 -0.7355625629425049 0.4608842134475708 0.9610463976860046 -0.15331968665122986 0.21485452353954315 0.08197826147079468
stairs/seq-01/frame-000199.color.png -0.3410782217979431 -0.7290248870849609 0.4643774628639221 0.9644551277160645 -0.14791414141654968 0.20355790853500366 0.0806954950094223
stairs/seq-01/frame-000200.color.png -0.31392139196395874 -0.7464303970336914 0.4610530734062195 0.9631993770599365 -0.15883584320545197 0.20196248590946198 0.07892729341983795
stairs/seq-01/frame-000201.color.png -0.32019829750061035 -0.7465409636497498 0.470615953207016 0.9656452536582947 -0.15572074055671692 0.19253316521644592 0.07881198823451996
stairs/seq-01/frame-000202.color.png -0.31240180134773254 -0.7413797378540039 0.46321389079093933 0.9656583666801453 -0.1628894954919815 0.18670175969600677 0.07818792760372162
stairs/seq-01/frame-000203.color.png -0.31574350595474243 -0.7435975074768066 0.47090256214141846 0.9666079878807068 -0.15760964155197144 0.18714813888072968 0.0761825442314148
stairs/seq-01/frame-000204.color.png -0.3039204180240631 -0.7531046867370605 0.4778066873550415 0.9679557085037231 -0.15533392131328583 0.1811986118555069 0.07810437679290771
stairs/seq-01/frame-000205.color.png -0.2971535921096802 -0.7465963959693909 0.46724584698677063 0.9686777591705322 -0.15669728815555573 0.17612910270690918 0.0780261754989624
stairs/seq-01/frame-000206.color.png -0.3177500069141388 -0.7388778924942017 0.46969377994537354 0.9678857922554016 -0.15809577703475952 0.17886580526828766 0.07880273461341858
stairs/seq-01/frame-000207.color.png -0.33065155148506165 -0.7436813116073608 0.4654858410358429 0.9707990884780884 -0.15509280562400818 0.16488654911518097 0.0794224813580513
stairs/seq-01/frame-000208.color.png -0.3265966475009918 -0.7442622184753418 0.46206745505332947 0.9706910252571106 -0.15572650730609894 0.16407859325408936 0.08115661144256592
stairs/seq-01/frame-000209.color.png -0.31015437841415405 -0.745471715927124 0.4513641893863678 0.970696210861206 -0.15858149528503418 0.1604875773191452 0.08273088186979294
stairs/seq-01/frame-000210.color.png -0.2948605716228485 -0.7488781213760376 0.4468404948711395 0.971253514289856 -0.16172687709331512 0.15490548312664032 0.08071810007095337
stairs/seq-01/frame-000211.color.png -0.30122867226600647 -0.7384876012802124 0.44405025243759155 0.9713216423988342 -0.16215045750141144 0.15510007739067078 0.07864780724048615
stairs/seq-01/frame-000212.color.png -0.311798095703125 -0.7292039394378662 0.4420417547225952 0.9713830351829529 -0.16460704803466797 0.15161913633346558 0.07956892251968384
stairs/seq-01/frame-000213.color.png -0.3116832673549652 -0.7336894869804382 0.44459614157676697 0.9717967510223389 -0.16235870122909546 0.15192420780658722 0.07854697108268738
stairs/seq-01/frame-000214.color.png -0.2914993464946747 -0.737091600894928 0.45058882236480713 0.972453236579895 -0.15991434454917908 0.1488828808069229 0.08121645450592041
stairs/seq-01/frame-000215.color.png -0.287962406873703 -0.7378945350646973 0.4441450536251068 0.9722184538841248 -0.16157203912734985 0.1491246223449707 0.08029753714799881
stairs/seq-01/frame-000216.color.png -0.2890799343585968 -0.7437624335289001 0.4516139328479767 0.9729844927787781 -0.15942533314228058 0.1450996696949005 0.08264989405870438
stairs/seq-01/frame-000217.color.png -0.2988750636577606 -0.7456449270248413 0.45372042059898376 0.9729735851287842 -0.16121834516525269 0.14345453679561615 0.08216993510723114
stairs/seq-01/frame-000218.color.png -0.30161139369010925 -0.7420224547386169 0.4697171151638031 0.9722569584846497 -0.1599138230085373 0.1502034068107605 0.08113463222980499
stairs/seq-01/frame-000219.color.png -0.2932651937007904 -0.7388752698898315 0.45333749055862427 0.9718448519706726 -0.1628137230873108 0.1490762084722519 0.08237528055906296
stairs/seq-01/frame-000220.color.png -0.28911730647087097 -0.7500644326210022 0.48033618927001953 0.9733732342720032 -0.1592867076396942 0.14271613955497742 0.08248937129974365
stairs/seq-01/frame-000221.color.png -0.29728150367736816 -0.7426862716674805 0.4821644425392151 0.9737491011619568 -0.15875402092933655 0.1406598687171936 0.08261144161224365
stairs/seq-01/frame-000222.color.png -0.30967995524406433 -0.7355027794837952 0.4858551621437073 0.9728783369064331 -0.16508591175079346 0.14114218950271606 0.07958099246025085
stairs/seq-01/frame-000223.color.png -0.3156692087650299 -0.7393501996994019 0.49193090200424194 0.9745977520942688 -0.1587933748960495 0.13557204604148865 0.08101839572191238
stairs/seq-01/frame-000224.color.png -0.3277686834335327 -0.7362198233604431 0.4881258010864258 0.9731855392456055 -0.16377146542072296 0.13895809650421143 0.08233721554279327
stairs/seq-01/frame-000225.color.png -0.321524441242218 -0.7475913166999817 0.4926072359085083 0.9725499153137207 -0.16346897184848785 0.14380225539207458 0.08213046193122864
stairs/seq-01/frame-000226.color.png -0.3022627532482147 -0.7468910813331604 0.4908033013343811 0.9726171493530273 -0.16285164654254913 0.144134059548378 0.08197806775569916
stairs/seq-01/frame-000227.color.png -0.30717870593070984 -0.7528329491615295 0.4839079976081848 0.9725335836410522 -0.16162517666816711 0.14575143158435822 0.08253665268421173
stairs/seq-01/frame-000228.color.png -0.29704007506370544 -0.7526048421859741 0.48579859733581543 0.9721673130989075 -0.16240175068378448 0.14664210379123688 0.08374077826738358
stairs/seq-01/frame-000229.color.png -0.28586044907569885 -0.7579841613769531 0.5007516145706177 0.9735484719276428 -0.16149526834487915 0.1392238289117813 0.0820944681763649
stairs/seq-01/frame-000230.color.png -0.2564064860343933 -0.7391353845596313 0.4777146279811859 0.9736892580986023 -0.16397356986999512 0.1378946602344513 0.07763336598873138
stairs/seq-01/frame-000231.color.png -0.24245980381965637 -0.7406798601150513 0.47837620973587036 0.9733859896659851 -0.1607661247253418 0.1419162005186081 0.08083090931177139
stairs/seq-01/frame-000232.color.png -0.2235105186700821 -0.7427876591682434 0.4866223931312561 0.9730648994445801 -0.16126549243927002 0.14281155169010162 0.08211562037467957
stairs/seq-01/frame-000233.color.png -0.2410975694656372 -0.741614818572998 0.48427340388298035 0.9723433256149292 -0.157607302069664 0.14939694106578827 0.08595926314592361
stairs/seq-01/frame-000234.color.png -0.27053090929985046 -0.7609192728996277 0.5111356377601624 0.9749607443809509 -0.15401452779769897 0.13885413110256195 0.08031634241342545
stairs/seq-01/frame-000235.color.png -0.27079764008522034 -0.7617928981781006 0.5124290585517883 0.9745652675628662 -0.15495620667934418 0.14216795563697815 0.077456034719944
stairs/seq-01/frame-000236.color.png -0.28067290782928467 -0.7532875537872314 0.5135607123374939 0.974787712097168 -0.15523351728916168 0.13991759717464447 0.07819539308547974
stairs/seq-01/frame-000237.color.png -0.26460137963294983 -0.7628062963485718 0.5152134895324707 0.9746081233024597 -0.15431362390518188 0.14069579541683197 0.0808141753077507
stairs/seq-01/frame-000238.color.png -0.2758932113647461 -0.7717862129211426 0.5403422117233276 0.9758251309394836 -0.15489549934864044 0.13023948669433594 0.08252523094415665
stairs/seq-01/frame-000239.color.png -0.2510451078414917 -0.7666079998016357 0.5343620181083679 0.9744104146957397 -0.15368616580963135 0.14294862747192383 0.08043985068798065
stairs/seq-01/frame-000240.color.png -0.2688254117965698 -0.7541694045066833 0.5393899083137512 0.9752207398414612 -0.15291064977645874 0.13898777961730957 0.07902693748474121
stairs/seq-01/frame-000241.color.png -0.2542869746685028 -0.7465733289718628 0.5349048972129822 0.9748326539993286 -0.15552042424678802 0.1393750011920929 0.07803402841091156
stairs/seq-01/frame-000242.color.png -0.2549574673175812 -0.7474597096443176 0.5255751013755798 0.9736950993537903 -0.15826554596424103 0.14348456263542175 0.07926017791032791
stairs/seq-01/frame-000243.color.png -0.27707359194755554 -0.7463488578796387 0.5471462607383728 0.9751397371292114 -0.14868879318237305 0.14359284937381744 0.07984445244073868
stairs/seq-01/frame-000244.color.png -0.273591548204422 -0.7578120231628418 0.540780782699585 0.9751230478286743 -0.15381696820259094 0.13981571793556213 0.07698720693588257
stairs/seq-01/frame-000245.color.png -0.26072272658348083 -0.7530493140220642 0.5146664977073669 0.9759641289710999 -0.15133051574230194 0.13671474158763885 0.0768255814909935
stairs/seq-01/frame-000246.color.png -0.24745488166809082 -0.7462596297264099 0.49463701248168945 0.9750773310661316 -0.15465910732746124 0.13920900225639343 0.0769774317741394
stairs/seq-01/frame-000247.color.png -0.23396313190460205 -0.7600875496864319 0.5127596855163574 0.9757043123245239 -0.15157544612884521 0.13678519427776337 0.07947196066379547
stairs/seq-01/frame-000248.color.png -0.22328925132751465 -0.7689974308013916 0.5086148977279663 0.9759020209312439 -0.15012450516223907 0.13768112659454346 0.07824245095252991
stairs/seq-01/frame-000249.color.png -0.24054646492004395 -0.7721601128578186 0.5370123982429504 0.9759740829467773 -0.1502213180065155 0.13815295696258545 0.07630208879709244
stairs/seq-01/frame-000250.color.png -0.23372137546539307 -0.7714821696281433 0.524576723575592 0.9758303761482239 -0.15324312448501587 0.1357412040233612 0.07645970582962036
stairs/seq-01/frame-000251.color.png -0.23586735129356384 -0.7704134583473206 0.5580205917358398 0.976083517074585 -0.15364612638950348 0.13648492097854614 0.07089216262102127
stairs/seq-01/frame-000252.color.png -0.2289440929889679 -0.7767930030822754 0.5586391687393188 0.9765709042549133 -0.15044118463993073 0.13662324845790863 0.07078792154788971
stairs/seq-01/frame-000253.color.png -0.26324084401130676 -0.7552252411842346 0.552678644657135 0.9765417575836182 -0.14978685975074768 0.13803859055042267 0.06982515007257462
stairs/seq-01/frame-000254.color.png -0.26407384872436523 -0.7645633816719055 0.561875581741333 0.975579559803009 -0.1569848656654358 0.13856276869773865 0.06633754819631577
stairs/seq-01/frame-000255.color.png -0.26173338294029236 -0.7474950551986694 0.5382883548736572 0.9756731986999512 -0.15277215838432312 0.14218328893184662 0.06713099032640457
stairs/seq-01/frame-000256.color.png -0.2775668799877167 -0.7526232600212097 0.5433979034423828 0.9757023453712463 -0.1542864739894867 0.1397990584373474 0.06824170798063278
stairs/seq-01/frame-000257.color.png -0.2830315828323364 -0.7536454200744629 0.5202198028564453 0.9767186641693115 -0.14714375138282776 0.13994918763637543 0.06916375458240509
stairs/seq-01/frame-000258.color.png -0.2980368435382843 -0.7523996829986572 0.5214303731918335 0.9755815267562866 -0.15086330473423004 0.14347605407238007 0.06996947526931763
stairs/seq-01/frame-000259.color.png -0.29288479685783386 -0.7522554993629456 0.5293704271316528 0.9757953882217407 -0.1508825272321701 0.14202825725078583 0.06989773362874985
stairs/seq-01/frame-000260.color.png -0.29659345746040344 -0.7382086515426636 0.5149293541908264 0.9755819439888 -0.1541232466697693 0.14143867790699005 0.06694052368402481
stairs/seq-01/frame-000261.color.png -0.29108574986457825 -0.7572745680809021 0.5347931385040283 0.9751412272453308 -0.15308526158332825 0.14546743035316467 0.0671108141541481
stairs/seq-01/frame-000262.color.png -0.27688249945640564 -0.7613976001739502 0.5196371078491211 0.9761592149734497 -0.15212570130825043 0.13934078812599182 0.06749332696199417
stairs/seq-01/frame-000263.color.png -0.27081814408302307 -0.7590135335922241 0.5345106720924377 0.9756893515586853 -0.1566227525472641 0.1382640153169632 0.06620202213525772
stairs/seq-01/frame-000264.color.png -0.25713491439819336 -0.7847936153411865 0.5784440636634827 0.975826621055603 -0.15301601588726044 0.14013485610485077 0.06863486021757126
stairs/seq-01/frame-000265.color.png -0.24846115708351135 -0.7818208336830139 0.5797919034957886 0.976182758808136 -0.15106773376464844 0.14012111723423004 0.0679105892777443
stairs/seq-01/frame-000266.color.png -0.22128385305404663 -0.7860917448997498 0.6055361032485962 0.9768988490104675 -0.14930230379104614 0.13776403665542603 0.0663219541311264
stairs/seq-01/frame-000267.color.png -0.22185488045215607 -0.7873701453208923 0.606416642665863 0.976791262626648 -0.14930500090122223 0.13853991031646729 0.06628410518169403
stairs/seq-01/frame-000268.color.png -0.20689274370670319 -0.8104143738746643 0.6153284907341003 0.9762305021286011 -0.14994485676288605 0.14199957251548767 0.06577876210212708
stairs/seq-01/frame-000269.color.png -0.2176065742969513 -0.7639233469963074 0.5387219786643982 0.9757925271987915 -0.15398266911506653 0.1434449404478073 0.05951477959752083
stairs/seq-01/frame-000270.color.png -0.2121361792087555 -0.7894178628921509 0.5615387558937073 0.9752746820449829 -0.1501396745443344 0.1477825790643692 0.06676657497882843
stairs/seq-01/frame-000271.color.png -0.21015383303165436 -0.7738168239593506 0.5550039410591125 0.9753349423408508 -0.15069392323493958 0.1473512053489685 0.06557992100715637
stairs/seq-01/frame-000272.color.png -0.20683553814888 -0.7795379161834717 0.5511184334754944 0.9745526313781738 -0.1512281447649002 0.15128068625926971 0.06701809912919998
stairs/seq-01/frame-000273.color.png -0.21126551926136017 -0.7730080485343933 0.5517776608467102 0.9742913246154785 -0.15405048429965973 0.1514715850353241 0.06388561427593231
stairs/seq-01/frame-000274.color.png -0.20997069776058197 -0.7970075607299805 0.5807071328163147 0.9733577966690063 -0.15846578776836395 0.15222416818141937 0.0655054971575737
stairs/seq-01/frame-000275.color.png -0.19357067346572876 -0.7918640375137329 0.5775385499000549 0.9732412695884705 -0.15730920433998108 0.15334516763687134 0.06738337874412537
stairs/seq-01/frame-000276.color.png -0.1861853003501892 -0.7900183796882629 0.5780090689659119 0.9732722043991089 -0.15490072965621948 0.1560126096010208 0.0663856714963913
stairs/seq-01/frame-000277.color.png -0.20053833723068237 -0.8081803321838379 0.5994626879692078 0.9731616377830505 -0.15864859521389008 0.15319959819316864 0.06570341438055038
stairs/seq-01/frame-000278.color.png -0.20793671905994415 -0.8112471699714661 0.621277391910553 0.9735254645347595 -0.15663602948188782 0.15294086933135986 0.06574609130620956
stairs/seq-01/frame-000279.color.png -0.1993798017501831 -0.8215987682342529 0.6385255455970764 0.9735509157180786 -0.1548161655664444 0.1540377289056778 0.06710325181484222
stairs/seq-01/frame-000280.color.png -0.2010558843612671 -0.8172215819358826 0.6117934584617615 0.973314642906189 -0.15473267436027527 0.15615376830101013 0.06582134962081909
stairs/seq-01/frame-000281.color.png -0.20844081044197083 -0.8280810713768005 0.6556379199028015 0.9737299084663391 -0.15644453465938568 0.15229962766170502 0.06465396285057068
stairs/seq-01/frame-000282.color.png -0.1758008599281311 -0.8480267524719238 0.6658778190612793 0.9736462831497192 -0.1539951115846634 0.15405093133449554 0.06757838279008865
stairs/seq-01/frame-000283.color.png -0.18492533266544342 -0.8447417616844177 0.6735081076622009 0.9726986289024353 -0.15527018904685974 0.15824535489082336 0.06860655546188354
stairs/seq-01/frame-000284.color.png -0.18782703578472137 -0.8504540324211121 0.6745461821556091 0.9737998843193054 -0.1541551947593689 0.15060576796531677 0.07258035987615585
stairs/seq-01/frame-000285.color.png -0.1873561441898346 -0.8367279767990112 0.6732037663459778 0.9741286635398865 -0.15348322689533234 0.1499416083097458 0.07094940543174744
stairs/seq-01/frame-000286.color.png -0.16372986137866974 -0.873320996761322 0.7124472856521606 0.975301206111908 -0.15001730620861053 0.1456087827682495 0.07127748429775238
stairs/seq-01/frame-000287.color.png -0.14641110599040985 -0.8839699029922485 0.7316315770149231 0.9750968217849731 -0.1523001343011856 0.14558762311935425 0.06924768537282944
stairs/seq-01/frame-000288.color.png -0.14797167479991913 -0.895174503326416 0.7618825435638428 0.974604070186615 -0.1504630595445633 0.14980213344097137 0.0711832046508789
stairs/seq-01/frame-000289.color.png -0.14312762022018433 -0.8782548904418945 0.7432523965835571 0.974068820476532 -0.15527518093585968 0.1484108418226242 0.07109083235263824
stairs/seq-01/frame-000290.color.png -0.14495472609996796 -0.8882253766059875 0.7421988844871521 0.9739042520523071 -0.15302599966526031 0.1536266952753067 0.06702526658773422
stairs/seq-01/frame-000291.color.png -0.1416432410478592 -0.888893723487854 0.7364562749862671 0.974714994430542 -0.15216733515262604 0.14763803780078888 0.07056023925542831
stairs/seq-01/frame-000292.color.png -0.1269124448299408 -0.909835696220398 0.7525156140327454 0.9744839072227478 -0.15580599009990692 0.14545944333076477 0.07033641636371613
stairs/seq-01/frame-000293.color.png -0.12147021293640137 -0.9057573676109314 0.7544017434120178 0.9766406416893005 -0.14704932272434235 0.14047914743423462 0.0693911463022232
stairs/seq-01/frame-000294.color.png -0.11848713457584381 -0.919111967086792 0.7736349701881409 0.9767823815345764 -0.14811143279075623 0.13836488127708435 0.06938689947128296
stairs/seq-01/frame-000295.color.png -0.10794463753700256 -0.9275474548339844 0.7818195223808289 0.9761626124382019 -0.14751143753528595 0.14420963823795319 0.06745672971010208
stairs/seq-01/frame-000296.color.png -0.11224909126758575 -0.9323285818099976 0.7915651798248291 0.9761450290679932 -0.15273424983024597 0.13885095715522766 0.06733311712741852
stairs/seq-01/frame-000297.color.png -0.11072465777397156 -0.9383225440979004 0.8071816563606262 0.975666344165802 -0.15767407417297363 0.1365148276090622 0.06765981763601303
stairs/seq-01/frame-000298.color.png -0.10650688409805298 -0.9406811594963074 0.8227771520614624 0.9767553806304932 -0.1531108170747757 0.13467398285865784 0.06609732657670975
stairs/seq-01/frame-000299.color.png -0.09162794053554535 -0.9487871527671814 0.8290290236473083 0.9769123792648315 -0.15498462319374084 0.13122397661209106 0.06634838134050369
stairs/seq-01/frame-000300.color.png -0.08991408348083496 -0.937261700630188 0.811272144317627 0.9775148034095764 -0.15002679824829102 0.1328917145729065 0.0655502900481224
stairs/seq-01/frame-000301.color.png -0.09657260775566101 -0.9470270276069641 0.794922411441803 0.9787139296531677 -0.15079404413700104 0.12365873157978058 0.06394457817077637
stairs/seq-01/frame-000302.color.png -0.08324962854385376 -0.9386023879051208 0.805395245552063 0.9781079292297363 -0.15655401349067688 0.12227833271026611 0.061996717005968094
stairs/seq-01/frame-000303.color.png -0.08133943378925323 -0.9846983551979065 0.8108152747154236 0.9776702523231506 -0.1502738744020462 0.13281944394111633 0.06275080144405365
stairs/seq-01/frame-000304.color.png -0.07459473609924316 -0.9753900766372681 0.8233787417411804 0.977096438407898 -0.15897104144096375 0.1272694170475006 0.061752162873744965
stairs/seq-01/frame-000305.color.png -0.08197613060474396 -0.9831943511962891 0.8360335826873779 0.9778768420219421 -0.15414747595787048 0.12688064575195312 0.06242429465055466
stairs/seq-01/frame-000306.color.png -0.10194419324398041 -1.0011451244354248 0.8726844191551208 0.9785720109939575 -0.15567350387573242 0.11956316232681274 0.06218937411904335
stairs/seq-01/frame-000307.color.png -0.07648925483226776 -1.024253010749817 0.8944836854934692 0.9778480529785156 -0.15603019297122955 0.12560440599918365 0.06075615808367729
stairs/seq-01/frame-000308.color.png -0.07236656546592712 -1.0391175746917725 0.9231643080711365 0.9783323407173157 -0.15417887270450592 0.12361478805541992 0.0617574043571949
stairs/seq-01/frame-000309.color.png -0.07854872941970825 -1.0397875308990479 0.9438122510910034 0.9783570170402527 -0.1522824466228485 0.12585420906543732 0.06155064329504967
stairs/seq-01/frame-000310.color.png -0.08240477740764618 -1.0377007722854614 0.9438401460647583 0.9786386489868164 -0.15200082957744598 0.12376077473163605 0.06201079860329628
stairs/seq-01/frame-000311.color.png -0.0944882333278656 -1.0449172258377075 0.9584990739822388 0.9793143272399902 -0.15073314309120178 0.12084515392780304 0.06016054004430771
stairs/seq-01/frame-000312.color.png -0.09684960544109344 -1.0517077445983887 0.9540991187095642 0.9795083403587341 -0.15213094651699066 0.11838018894195557 0.05835922434926033
stairs/seq-01/frame-000313.color.png -0.10967433452606201 -1.0628129243850708 0.9750669002532959 0.9796821475028992 -0.147487610578537 0.12234701216220856 0.05917361378669739
stairs/seq-01/frame-000314.color.png -0.11586853861808777 -1.0201869010925293 0.935696542263031 0.9790838360786438 -0.1488625407218933 0.125507652759552 0.05901496857404709
stairs/seq-01/frame-000315.color.png -0.11211055517196655 -1.065240740776062 0.9709935784339905 0.9794094562530518 -0.15035974979400635 0.11915130913257599 0.0628657117486
stairs/seq-01/frame-000316.color.png -0.13164116442203522 -1.0333596467971802 0.9045129418373108 0.9775111675262451 -0.15811115503311157 0.12588076293468475 0.06022289767861366
stairs/seq-01/frame-000317.color.png -0.14463192224502563 -1.005816102027893 0.8741852045059204 0.9774660468101501 -0.1541246920824051 0.1304488182067871 0.061553485691547394
stairs/seq-01/frame-000318.color.png -0.12722031772136688 -1.0344804525375366 0.9268026351928711 0.9766125679016113 -0.15751364827156067 0.13353124260902405 0.059889912605285645
stairs/seq-01/frame-000319.color.png -0.1461552381515503 -1.0473157167434692 0.9534630179405212 0.9771127700805664 -0.15281884372234344 0.13457803428173065 0.06152861937880516
stairs/seq-01/frame-000320.color.png -0.14968161284923553 -1.027003526687622 0.9264163374900818 0.9756250381469727 -0.15679851174354553 0.14088545739650726 0.06100239232182503
stairs/seq-01/frame-000321.color.png -0.13840484619140625 -0.9795123934745789 0.8910527229309082 0.9758898019790649 -0.1544327735900879 0.14229151606559753 0.05952213704586029
stairs/seq-01/frame-000322.color.png -0.1660090833902359 -1.0044312477111816 0.9129655957221985 0.9763578176498413 -0.1495489478111267 0.14175140857696533 0.06532365083694458
stairs/seq-01/frame-000323.color.png -0.17074084281921387 -1.000897765159607 0.9023978114128113 0.977610170841217 -0.14444705843925476 0.1393534541130066 0.06319907307624817
stairs/seq-01/frame-000324.color.png -0.16051942110061646 -1.0260463953018188 0.9140660166740417 0.9754573702812195 -0.14785471558570862 0.1489965319633484 0.06649911403656006
stairs/seq-01/frame-000325.color.png -0.21599459648132324 -0.9805284142494202 0.8551381230354309 0.9749768376350403 -0.1478104591369629 0.15265074372291565 0.06534623354673386
stairs/seq-01/frame-000326.color.png -0.20395436882972717 -0.9999208450317383 0.8716678023338318 0.9757704138755798 -0.14403417706489563 0.15086470544338226 0.06607532501220703
stairs/seq-01/frame-000327.color.png -0.20563431084156036 -0.9752702116966248 0.8500531315803528 0.9743083119392395 -0.1466638743877411 0.15659615397453308 0.0684892013669014
stairs/seq-01/frame-000328.color.png -0.20190997421741486 -0.9607288241386414 0.8288642764091492 0.9749374389648438 -0.14683523774147034 0.15283356606960297 0.06766517460346222
stairs/seq-01/frame-000329.color.png -0.23424699902534485 -0.96360844373703 0.8565278053283691 0.974395215511322 -0.14627696573734283 0.1587992012500763 0.06276873499155045
stairs/seq-01/frame-000330.color.png -0.24582690000534058 -0.9655584692955017 0.8660792708396912 0.9742811322212219 -0.1454419195652008 0.1600966900587082 0.06318147480487823
stairs/seq-01/frame-000331.color.png -0.23400217294692993 -0.9788891077041626 0.889089047908783 0.97276371717453 -0.14643269777297974 0.16780003905296326 0.06427628546953201
stairs/seq-01/frame-000332.color.png -0.2243538796901703 -0.9783110618591309 0.8924480080604553 0.9723855257034302 -0.14493216574192047 0.17154264450073242 0.06351562589406967
stairs/seq-01/frame-000333.color.png -0.1952008754014969 -0.967507541179657 0.8892461657524109 0.9725238680839539 -0.14982683956623077 0.16676822304725647 0.06274906545877457
stairs/seq-01/frame-000334.color.png -0.186667338013649 -0.9565234780311584 0.9012177586555481 0.9725363850593567 -0.14186890423297882 0.17225517332553864 0.0661393254995346
stairs/seq-01/frame-000335.color.png -0.16746637225151062 -0.9623727202415466 0.9040611982345581 0.9729370474815369 -0.1453639268875122 0.16654019057750702 0.06728487461805344
stairs/seq-01/frame-000336.color.png -0.17150607705116272 -0.9725421667098999 0.9122645854949951 0.973727285861969 -0.14331357181072235 0.16428886353969574 0.0657697394490242
stairs/seq-01/frame-000337.color.png -0.15711398422718048 -1.0082379579544067 0.9691253900527954 0.9747716188430786 -0.14483514428138733 0.15789052844047546 0.06255899369716644
stairs/seq-01/frame-000338.color.png -0.1339900642633438 -1.0243507623672485 0.9838477969169617 0.9752981066703796 -0.14468517899513245 0.15424427390098572 0.06378515809774399
stairs/seq-01/frame-000339.color.png -0.15808026492595673 -1.020445704460144 0.9956263899803162 0.9759401679039001 -0.14062167704105377 0.15519557893276215 0.06067007780075073
stairs/seq-01/frame-000340.color.png -0.1496429443359375 -1.0181512832641602 0.9894898533821106 0.9760947823524475 -0.13858206570148468 0.1566932648420334 0.059002991765737534
stairs/seq-01/frame-000341.color.png -0.1527833640575409 -1.0986301898956299 1.0458012819290161 0.9764456152915955 -0.13890743255615234 0.1542256474494934 0.05893421918153763
stairs/seq-01/frame-000342.color.png -0.14837013185024261 -1.1280349493026733 1.0808604955673218 0.9762437343597412 -0.1398100107908249 0.1548278033733368 0.05856424942612648
stairs/seq-01/frame-000343.color.png -0.12927427887916565 -1.1435692310333252 1.070563554763794 0.9758692383766174 -0.13939674198627472 0.1567552536725998 0.06062724068760872
stairs/seq-01/frame-000344.color.png -0.11947020888328552 -1.1566827297210693 1.1086541414260864 0.9762891530990601 -0.14221130311489105 0.1517138034105301 0.060154326260089874
stairs/seq-01/frame-000345.color.png -0.08619566261768341 -1.161906123161316 1.1062548160552979 0.9763338565826416 -0.13972263038158417 0.15246903896331787 0.06326955556869507
stairs/seq-01/frame-000346.color.png -0.09665460884571075 -1.1791112422943115 1.1216892004013062 0.9742515087127686 -0.14132392406463623 0.16392500698566437 0.06316830962896347
stairs/seq-01/frame-000347.color.png -0.06356003880500793 -1.2060062885284424 1.1480752229690552 0.9749091863632202 -0.1496855765581131 0.15222710371017456 0.06303270906209946
stairs/seq-01/frame-000348.color.png -0.041874807327985764 -1.2823072671890259 1.216593861579895 0.9753061532974243 -0.14980803430080414 0.15044540166854858 0.060842085629701614
stairs/seq-01/frame-000349.color.png -0.026053782552480698 -1.2973532676696777 1.2435076236724854 0.9753051996231079 -0.15150830149650574 0.14990323781967163 0.05791359767317772
stairs/seq-01/frame-000350.color.png -0.042328450828790665 -1.2777224779129028 1.2376004457473755 0.9749731421470642 -0.14945219457149506 0.15339842438697815 0.05966765061020851
stairs/seq-01/frame-000351.color.png -0.06725586950778961 -1.3446826934814453 1.2815290689468384 0.9769718050956726 -0.14868174493312836 0.1429940015077591 0.054522428661584854
stairs/seq-01/frame-000352.color.png -0.05002100393176079 -1.3434399366378784 1.2705671787261963 0.9768069386482239 -0.1520932912826538 0.14044564962387085 0.054688986390829086
stairs/seq-01/frame-000353.color.png -0.01924566552042961 -1.4289549589157104 1.3636053800582886 0.9778293371200562 -0.1474081575870514 0.13711130619049072 0.05762683227658272
stairs/seq-01/frame-000354.color.png -0.03193267062306404 -1.43007493019104 1.3507024049758911 0.9787320494651794 -0.15025758743286133 0.13057295978069305 0.04956948757171631
stairs/seq-01/frame-000355.color.png -0.022291600704193115 -1.408180594444275 1.3079277276992798 0.976638674736023 -0.1584349125623703 0.13500705361366272 0.05336945503950119
stairs/seq-01/frame-000356.color.png -0.004338882863521576 -1.410333275794983 1.3103389739990234 0.9783636927604675 -0.15748725831508636 0.12356432527303696 0.052287980914115906
stairs/seq-01/frame-000357.color.png 0.013128776103258133 -1.4141608476638794 1.3218573331832886 0.9779636859893799 -0.1552010178565979 0.12668602168560028 0.05873951315879822
stairs/seq-01/frame-000358.color.png 0.0017124954611063004 -1.4346997737884521 1.3522906303405762 0.9790433049201965 -0.15148980915546417 0.12324558943510056 0.05775453895330429
stairs/seq-01/frame-000359.color.png -0.011285092681646347 -1.4173065423965454 1.3354511260986328 0.9789391756057739 -0.15423808991909027 0.1205381229519844 0.057958606630563736
stairs/seq-01/frame-000360.color.png -0.01818041130900383 -1.4152060747146606 1.3647311925888062 0.9787731170654297 -0.15740349888801575 0.11777642369270325 0.05793243646621704
stairs/seq-01/frame-000361.color.png -0.025371793657541275 -1.4376347064971924 1.3959224224090576 0.9789625406265259 -0.15397368371486664 0.11957191675901413 0.06022613123059273
stairs/seq-01/frame-000362.color.png -0.02255609631538391 -1.431275725364685 1.3903576135635376 0.9787368178367615 -0.1527947336435318 0.12175161391496658 0.06248565763235092
stairs/seq-01/frame-000363.color.png 0.012727160006761551 -1.4429024457931519 1.400141954421997 0.9776328802108765 -0.1579493284225464 0.12338148802518845 0.06374336779117584
stairs/seq-01/frame-000364.color.png -0.005809016525745392 -1.4449260234832764 1.395843267440796 0.9783697724342346 -0.15257269144058228 0.12454406172037125 0.06326877325773239
stairs/seq-01/frame-000365.color.png -0.01271478459239006 -1.4545502662658691 1.4035167694091797 0.9785754680633545 -0.1505628228187561 0.12659646570682526 0.060781337320804596
stairs/seq-01/frame-000366.color.png 0.01434873417019844 -1.4572563171386719 1.407469630241394 0.9780547022819519 -0.15082111954689026 0.129081130027771 0.06324402987957001
stairs/seq-01/frame-000367.color.png 0.0030543990433216095 -1.4680743217468262 1.4163073301315308 0.9770146012306213 -0.15300673246383667 0.13503408432006836 0.061621278524398804
stairs/seq-01/frame-000368.color.png -0.010250423103570938 -1.435615062713623 1.3933628797531128 0.9770011901855469 -0.15310777723789215 0.13503219187259674 0.06158702075481415
stairs/seq-01/frame-000369.color.png -0.003973938524723053 -1.4332201480865479 1.3722225427627563 0.9758058190345764 -0.1547563523054123 0.13978788256645203 0.06567268818616867
stairs/seq-01/frame-000370.color.png -0.0012924745678901672 -1.4181550741195679 1.368119239807129 0.9765029549598694 -0.15268810093402863 0.13838277757167816 0.06307634711265564
stairs/seq-01/frame-000371.color.png -0.010868173092603683 -1.4472546577453613 1.394810676574707 0.9760972261428833 -0.1546761840581894 0.14034654200077057 0.060102786868810654
stairs/seq-01/frame-000372.color.png -0.009390391409397125 -1.4239630699157715 1.3682823181152344 0.9762260317802429 -0.1546401083469391 0.13948304951190948 0.06011369451880455
stairs/seq-01/frame-000373.color.png -0.012303907424211502 -1.4446543455123901 1.3928308486938477 0.9759414196014404 -0.15223735570907593 0.14327454566955566 0.06192421913146973
stairs/seq-01/frame-000374.color.png -0.01965295523405075 -1.4540812969207764 1.4129199981689453 0.9758769273757935 -0.15353144705295563 0.14276644587516785 0.06091004237532616
stairs/seq-01/frame-000375.color.png -0.02347823977470398 -1.4568806886672974 1.4049986600875854 0.976189374923706 -0.15498986840248108 0.1386861503124237 0.06163288652896881
stairs/seq-01/frame-000376.color.png -0.018961604684591293 -1.4550813436508179 1.4020248651504517 0.9759387969970703 -0.1565553843975067 0.13772383332252502 0.06376537680625916
stairs/seq-01/frame-000377.color.png -0.017151150852441788 -1.4571971893310547 1.4121510982513428 0.9760173559188843 -0.15790598094463348 0.1377321183681488 0.05903848260641098
stairs/seq-01/frame-000378.color.png -0.008466823026537895 -1.4446797370910645 1.3935344219207764 0.9750704765319824 -0.1588595062494278 0.14270493388175964 0.06030469015240669
stairs/seq-01/frame-000379.color.png -0.01054680347442627 -1.4907286167144775 1.443874478340149 0.9766891598701477 -0.16183391213417053 0.12736614048480988 0.06054824963212013
stairs/seq-01/frame-000380.color.png -0.015227094292640686 -1.4560426473617554 1.4172677993774414 0.9763891696929932 -0.15807953476905823 0.13413336873054504 0.06068985536694527
stairs/seq-01/frame-000381.color.png -0.013528391718864441 -1.4440393447875977 1.4098390340805054 0.9773724675178528 -0.16122405230998993 0.12189456820487976 0.062382668256759644
stairs/seq-01/frame-000382.color.png -0.03992106765508652 -1.4183317422866821 1.4152917861938477 0.9777612686157227 -0.15817970037460327 0.12363532185554504 0.06063427776098251
stairs/seq-01/frame-000383.color.png -0.033906929194927216 -1.4380933046340942 1.4318937063217163 0.9789685606956482 -0.15270064771175385 0.11916185170412064 0.06405701488256454
stairs/seq-01/frame-000384.color.png -0.02650701254606247 -1.4522454738616943 1.4529973268508911 0.9791960716247559 -0.1531188040971756 0.11625342071056366 0.06492016464471817
stairs/seq-01/frame-000385.color.png -0.020437907427549362 -1.4834603071212769 1.4746663570404053 0.9787209630012512 -0.15280620753765106 0.12053580582141876 0.06501220911741257
stairs/seq-01/frame-000386.color.png -0.0235527902841568 -1.4837887287139893 1.4685025215148926 0.9780346751213074 -0.15375889837741852 0.12366989254951477 0.06717246770858765
stairs/seq-01/frame-000387.color.png -0.026047486811876297 -1.5084341764450073 1.5003485679626465 0.9777930974960327 -0.1511128693819046 0.1292746216058731 0.0661332756280899
stairs/seq-01/frame-000388.color.png -0.032441169023513794 -1.4812657833099365 1.4664493799209595 0.9775635600090027 -0.15470679104328156 0.12689808011054993 0.06582087278366089
stairs/seq-01/frame-000389.color.png -0.032983917742967606 -1.4868931770324707 1.4754350185394287 0.9783233404159546 -0.1507839411497116 0.12671390175819397 0.06396365910768509
stairs/seq-01/frame-000390.color.png -0.03187156841158867 -1.4763166904449463 1.4553967714309692 0.9786368608474731 -0.15148483216762543 0.12439147382974625 0.062039814889431
stairs/seq-01/frame-000391.color.png -0.04619697853922844 -1.485648512840271 1.4796022176742554 0.9783204793930054 -0.15458473563194275 0.1220456212759018 0.0640125423669815
stairs/seq-01/frame-000392.color.png -0.0463293232023716 -1.5075857639312744 1.4986963272094727 0.9782052636146545 -0.1594642996788025 0.1169547438621521 0.06330442428588867
stairs/seq-01/frame-000393.color.png -0.049079593271017075 -1.4998645782470703 1.4959049224853516 0.9768558740615845 -0.16176854074001312 0.1251128911972046 0.06269367784261703
stairs/seq-01/frame-000394.color.png -0.05045333132147789 -1.4852938652038574 1.4859797954559326 0.9770424962043762 -0.16147685050964355 0.12364403158426285 0.06344585865736008
stairs/seq-01/frame-000395.color.png -0.049045879393815994 -1.4905104637145996 1.4844802618026733 0.9761311411857605 -0.16188810765743256 0.12936025857925415 0.06500957906246185
stairs/seq-01/frame-000396.color.png -0.042515870183706284 -1.5012431144714355 1.4956167936325073 0.9757900238037109 -0.16125229001045227 0.1317211389541626 0.06694059818983078
stairs/seq-01/frame-000397.color.png -0.03783517703413963 -1.4847412109375 1.4721907377243042 0.9754244089126587 -0.15812556445598602 0.13726592063903809 0.06856836378574371
stairs/seq-01/frame-000398.color.png -0.03802813962101936 -1.464546799659729 1.4686375856399536 0.9752941727638245 -0.16241233050823212 0.13224396109580994 0.07024956494569778
stairs/seq-01/frame-000399.color.png -0.01949479803442955 -1.4858245849609375 1.4772425889968872 0.9760835766792297 -0.16371141374111176 0.12661443650722504 0.06654386967420578
stairs/seq-01/frame-000400.color.png -0.03458982706069946 -1.4898645877838135 1.49236261844635 0.9755610227584839 -0.16207683086395264 0.13166585564613342 0.06838054955005646
stairs/seq-01/frame-000401.color.png -0.0383540540933609 -1.478578805923462 1.476712942123413 0.9750415682792664 -0.16204814612865448 0.13589802384376526 0.06757383048534393
stairs/seq-01/frame-000402.color.png -0.03174721077084541 -1.4659215211868286 1.4744012355804443 0.9759199023246765 -0.1570703387260437 0.13489475846290588 0.06864790618419647
stairs/seq-01/frame-000403.color.png -0.034074753522872925 -1.4723149538040161 1.4853155612945557 0.9753206372261047 -0.1604902744293213 0.134705051779747 0.06962142884731293
stairs/seq-01/frame-000404.color.png -0.03188684210181236 -1.5021241903305054 1.5052969455718994 0.9764956831932068 -0.15976670384407043 0.12690281867980957 0.06947292387485504
stairs/seq-01/frame-000405.color.png -0.022748563438653946 -1.4774956703186035 1.4718481302261353 0.9771311283111572 -0.15803241729736328 0.12759920954704285 0.06292057782411575
stairs/seq-01/frame-000406.color.png -0.03299277648329735 -1.4660532474517822 1.4686530828475952 0.9759520888328552 -0.15546277165412903 0.13861674070358276 0.06429792940616608
stairs/seq-01/frame-000407.color.png -0.03847504407167435 -1.4814997911453247 1.4733612537384033 0.9767777323722839 -0.15306231379508972 0.1342822015285492 0.06667510420084
stairs/seq-01/frame-000408.color.png -0.04226919636130333 -1.4727402925491333 1.4697335958480835 0.9764471650123596 -0.15322719514369965 0.13536593317985535 0.06890907138586044
stairs/seq-01/frame-000409.color.png -0.03916173055768013 -1.4898077249526978 1.4798120260238647 0.9765883684158325 -0.14991606771945953 0.13841597735881805 0.06812848150730133
stairs/seq-01/frame-000410.color.png -0.03379388153553009 -1.4821678400039673 1.4683078527450562 0.9759255051612854 -0.151706725358963 0.14111919701099396 0.06811703741550446
stairs/seq-01/frame-000411.color.png -0.04095224663615227 -1.4753869771957397 1.4676244258880615 0.9755942225456238 -0.15335127711296082 0.14249414205551147 0.06629150360822678
stairs/seq-01/frame-000412.color.png -0.039857205003499985 -1.480657696723938 1.4651368856430054 0.976010799407959 -0.15173287689685822 0.13990870118141174 0.06932330876588821
stairs/seq-01/frame-000413.color.png -0.0434829480946064 -1.48429536819458 1.4741902351379395 0.9751408696174622 -0.15381164848804474 0.14405220746994019 0.0684933215379715
stairs/seq-01/frame-000414.color.png -0.05006811395287514 -1.4539098739624023 1.4409617185592651 0.9752570390701294 -0.15487250685691833 0.1433318704366684 0.06591058522462845
stairs/seq-01/frame-000415.color.png -0.047090936452150345 -1.485929012298584 1.4742543697357178 0.9752898216247559 -0.1545124650001526 0.1424860954284668 0.06806837022304535
stairs/seq-01/frame-000416.color.png -0.04142614081501961 -1.4913172721862793 1.4862794876098633 0.9755448698997498 -0.15646333992481232 0.1387111097574234 0.06775590777397156
stairs/seq-01/frame-000417.color.png -0.04126232489943504 -1.4469119310379028 1.4564982652664185 0.9753934741020203 -0.15590690076351166 0.14101460576057434 0.06644953042268753
stairs/seq-01/frame-000418.color.png -0.032625291496515274 -1.461129903793335 1.4676886796951294 0.9752942323684692 -0.15619118511676788 0.14150509238243103 0.06619522720575333
stairs/seq-01/frame-000419.color.png -0.025764137506484985 -1.4223124980926514 1.4273477792739868 0.976628303527832 -0.14997722208499908 0.14042964577674866 0.06311409920454025
stairs/seq-01/frame-000420.color.png -0.025326136499643326 -1.4175293445587158 1.4101051092147827 0.9760608077049255 -0.15229028463363647 0.1408284604549408 0.06542475521564484
stairs/seq-01/frame-000421.color.png -0.028554171323776245 -1.4185723066329956 1.3936985731124878 0.9743055105209351 -0.15518219769001007 0.15020805597305298 0.06391236931085587
stairs/seq-01/frame-000422.color.png -0.037530649453401566 -1.418033242225647 1.4125512838363647 0.9746801853179932 -0.15101495385169983 0.1506212055683136 0.06713132560253143
stairs/seq-01/frame-000423.color.png -0.033404331654310226 -1.4340693950653076 1.4239706993103027 0.9747269153594971 -0.15031234920024872 0.15057548880577087 0.06812205910682678
stairs/seq-01/frame-000424.color.png -0.02566799521446228 -1.4413018226623535 1.4323009252548218 0.9746649265289307 -0.15250954031944275 0.1490016132593155 0.06758631765842438
stairs/seq-01/frame-000425.color.png -0.0435321144759655 -1.4248343706130981 1.4207013845443726 0.97423255443573 -0.15426599979400635 0.15004974603652954 0.06751451641321182
stairs/seq-01/frame-000426.color.png -0.04423459246754646 -1.4442830085754395 1.4315000772476196 0.9747622013092041 -0.15432129800319672 0.14642097055912018 0.0677105188369751
stairs/seq-01/frame-000427.color.png -0.04742332175374031 -1.4398144483566284 1.4271425008773804 0.9752202033996582 -0.15125203132629395 0.14661423861980438 0.06762021034955978
stairs/seq-01/frame-000428.color.png -0.037440571933984756 -1.472408413887024 1.4700424671173096 0.9753736853599548 -0.15638534724712372 0.14004738628864288 0.06765081733465195
stairs/seq-01/frame-000429.color.png -0.03875833377242088 -1.4978878498077393 1.491603970527649 0.9753963351249695 -0.15630380809307098 0.1396409273147583 0.06834906339645386
stairs/seq-01/frame-000430.color.png -0.03553309664130211 -1.5101921558380127 1.502030849456787 0.9754869341850281 -0.15430521965026855 0.14161176979541779 0.0675368681550026
stairs/seq-01/frame-000431.color.png -0.022433605045080185 -1.521740436553955 1.534589409828186 0.9756763577461243 -0.15542438626289368 0.1389874517917633 0.06768662482500076
stairs/seq-01/frame-000432.color.png -0.028339024633169174 -1.5012965202331543 1.5297858715057373 0.9763638377189636 -0.15323294699192047 0.1367374211549759 0.06735175848007202
stairs/seq-01/frame-000433.color.png -0.026728294789791107 -1.5246055126190186 1.5279039144515991 0.9767602682113647 -0.15249837934970856 0.1332467645406723 0.07020827382802963
stairs/seq-01/frame-000434.color.png -0.022602073848247528 -1.5546022653579712 1.5511820316314697 0.9762237071990967 -0.15718553960323334 0.13159823417663574 0.07044024020433426
stairs/seq-01/frame-000435.color.png -0.023250963538885117 -1.5697638988494873 1.5635510683059692 0.9764391779899597 -0.15676182508468628 0.13208840787410736 0.06741804629564285
stairs/seq-01/frame-000436.color.png -0.02047809213399887 -1.5404269695281982 1.5229883193969727 0.9772225618362427 -0.15369409322738647 0.12935368716716766 0.06842536479234695
stairs/seq-01/frame-000437.color.png -0.010601289570331573 -1.5707764625549316 1.5453076362609863 0.9775037169456482 -0.15368768572807312 0.12534940242767334 0.07179255038499832
stairs/seq-01/frame-000438.color.png -0.010455373674631119 -1.5714372396469116 1.554128646850586 0.9774458408355713 -0.15590539574623108 0.12243625521659851 0.0728197991847992
stairs/seq-01/frame-000439.color.png -0.01503642275929451 -1.5598366260528564 1.5452203750610352 0.9775459170341492 -0.15481100976467133 0.12418421357870102 0.07082412391901016
stairs/seq-01/frame-000440.color.png -0.006283290684223175 -1.5616360902786255 1.5506870746612549 0.9779981374740601 -0.15023715794086456 0.12372541427612305 0.07510369271039963
stairs/seq-01/frame-000441.color.png -0.017614047974348068 -1.5552070140838623 1.5461117029190063 0.9783117771148682 -0.1462051272392273 0.12681841850280762 0.07380451261997223
stairs/seq-01/frame-000442.color.png -0.011204339563846588 -1.5786796808242798 1.5634582042694092 0.9768638014793396 -0.15283259749412537 0.13024602830410004 0.07358860224485397
stairs/seq-01/frame-000443.color.png -0.013155341148376465 -1.5782235860824585 1.5544366836547852 0.9779869318008423 -0.15115195512771606 0.12501180171966553 0.07118183374404907
stairs/seq-01/frame-000444.color.png 0.0036632679402828217 -1.5918713808059692 1.5699057579040527 0.9786847829818726 -0.15179689228534698 0.11747565865516663 0.0730302706360817
stairs/seq-01/frame-000445.color.png -0.012520458549261093 -1.5801994800567627 1.5703048706054688 0.9779005646705627 -0.15318970382213593 0.12383630871772766 0.07005707174539566
stairs/seq-01/frame-000446.color.png -0.006992410868406296 -1.5751456022262573 1.5518921613693237 0.9784138202667236 -0.15094730257987976 0.12193296104669571 0.07108911126852036
stairs/seq-01/frame-000447.color.png -0.010437995195388794 -1.5666943788528442 1.5573315620422363 0.9792575240135193 -0.14825443923473358 0.12021629512310028 0.06799677759408951
stairs/seq-01/frame-000448.color.png 0.003966979682445526 -1.5764453411102295 1.5595452785491943 0.9788517355918884 -0.15287011861801147 0.11919236183166504 0.06537076085805893
stairs/seq-01/frame-000449.color.png -0.011264760047197342 -1.5614663362503052 1.5467243194580078 0.9787429571151733 -0.15046991407871246 0.12364145368337631 0.06429372727870941
stairs/seq-01/frame-000450.color.png -0.0023714452981948853 -1.5499380826950073 1.532823085784912 0.9783034920692444 -0.1507888287305832 0.12787826359272003 0.0619027353823185
stairs/seq-01/frame-000451.color.png -0.006846638396382332 -1.5618499517440796 1.5462141036987305 0.9788740277290344 -0.15136443078517914 0.12275511771440506 0.0618516281247139
stairs/seq-01/frame-000452.color.png -0.006841279566287994 -1.5132675170898438 1.4797192811965942 0.9780795574188232 -0.14998096227645874 0.13080808520317078 0.06128029525279999
stairs/seq-01/frame-000453.color.png -0.003248943015933037 -1.546816349029541 1.517735481262207 0.9785071611404419 -0.14722605049610138 0.12913936376571655 0.06458479911088943
stairs/seq-01/frame-000454.color.png -0.015219051390886307 -1.5081707239151 1.4698517322540283 0.9772292375564575 -0.1514805555343628 0.13491150736808777 0.06225299462676048
stairs/seq-01/frame-000455.color.png -0.021629314869642258 -1.516109585762024 1.4826996326446533 0.9771141409873962 -0.14582857489585876 0.1405182182788849 0.0650903508067131
stairs/seq-01/frame-000456.color.png -0.009647957980632782 -1.5223650932312012 1.5002254247665405 0.9775113463401794 -0.1519908607006073 0.1311027705669403 0.06467258185148239
stairs/seq-01/frame-000457.color.png -0.008194316178560257 -1.5221881866455078 1.4944515228271484 0.9775728583335876 -0.14915940165519714 0.13368988037109375 0.06503812968730927
stairs/seq-01/frame-000458.color.png -0.006444117054343224 -1.5400822162628174 1.5181576013565063 0.9774553775787354 -0.14907203614711761 0.1333232969045639 0.0677013024687767
stairs/seq-01/frame-000459.color.png 0.00389312207698822 -1.5262850522994995 1.4961347579956055 0.9783405661582947 -0.15099209547042847 0.12664975225925446 0.06333303451538086
stairs/seq-01/frame-000460.color.png 0.011473171412944794 -1.5506317615509033 1.5211765766143799 0.97841876745224 -0.14323775470256805 0.1320706605911255 0.0688270777463913
stairs/seq-01/frame-000461.color.png 0.005014792084693909 -1.5573586225509644 1.5211116075515747 0.9780829548835754 -0.14837414026260376 0.12735316157341003 0.07155421376228333
stairs/seq-01/frame-000462.color.png -0.006798598915338516 -1.5712865591049194 1.543087124824524 0.9788572788238525 -0.14765319228172302 0.12348851561546326 0.06919349730014801
stairs/seq-01/frame-000463.color.png 0.007815506309270859 -1.574387788772583 1.5549079179763794 0.9801607131958008 -0.14230750501155853 0.1184377670288086 0.07075448334217072
stairs/seq-01/frame-000464.color.png -0.002104770392179489 -1.6018158197402954 1.5913934707641602 0.9805623292922974 -0.14123108983039856 0.11616796255111694 0.07110851258039474
stairs/seq-01/frame-000465.color.png 0.028392698615789413 -1.612330436706543 1.597500205039978 0.9805611371994019 -0.13661549985408783 0.12198107689619064 0.07040516287088394
stairs/seq-01/frame-000466.color.png 0.025541599839925766 -1.6150985956192017 1.6106573343276978 0.979914665222168 -0.13899357616901398 0.125579833984375 0.06839509308338165
stairs/seq-01/frame-000467.color.png 0.02510422095656395 -1.629979133605957 1.6116396188735962 0.9804905652999878 -0.14252080023288727 0.11718898266553879 0.06777061522006989
stairs/seq-01/frame-000468.color.png 0.01957598328590393 -1.625964641571045 1.6083518266677856 0.9812688231468201 -0.13995489478111267 0.11466372758150101 0.06615524739027023
stairs/seq-01/frame-000469.color.png 0.007387321442365646 -1.6376283168792725 1.6295732259750366 0.9811724424362183 -0.13549308478832245 0.1200665533542633 0.06727766990661621
stairs/seq-01/frame-000470.color.png -0.0028541572391986847 -1.6364513635635376 1.6424468755722046 0.9812449216842651 -0.13290642201900482 0.12391906976699829 0.06433054804801941
stairs/seq-01/frame-000471.color.png 0.005275743082165718 -1.6543792486190796 1.6525897979736328 0.981469988822937 -0.1338529884815216 0.12057209759950638 0.06528723984956741
stairs/seq-01/frame-000472.color.png 0.015509411692619324 -1.6250818967819214 1.6418081521987915 0.9811630249023438 -0.1421562284231186 0.11502831429243088 0.06228390708565712
stairs/seq-01/frame-000473.color.png 0.00612100213766098 -1.6429487466812134 1.6462996006011963 0.9794949293136597 -0.14493145048618317 0.12649904191493988 0.059855200350284576
stairs/seq-01/frame-000474.color.png 0.026062577962875366 -1.6455109119415283 1.6480293273925781 0.9808336496353149 -0.13946323096752167 0.12157079577445984 0.06112024560570717
stairs/seq-01/frame-000475.color.png 0.008646026253700256 -1.6349880695343018 1.6351732015609741 0.9813478589057922 -0.14186520874500275 0.11513729393482208 0.059784770011901855
stairs/seq-01/frame-000476.color.png 0.02160497009754181 -1.6473220586776733 1.646187424659729 0.9820594787597656 -0.13800674676895142 0.1137787476181984 0.059731386601924896
stairs/seq-01/frame-000477.color.png 0.022057563066482544 -1.6565134525299072 1.6522858142852783 0.9822782278060913 -0.1337452530860901 0.11789250373840332 0.05781898275017738
stairs/seq-01/frame-000478.color.png 0.028124447911977768 -1.6571948528289795 1.6471575498580933 0.9820472598075867 -0.1432616263628006 0.10989262908697128 0.054615117609500885
stairs/seq-01/frame-000479.color.png 0.0003580637276172638 -1.6559797525405884 1.6530393362045288 0.9821856617927551 -0.1408880650997162 0.11165450513362885 0.054729118943214417
stairs/seq-01/frame-000480.color.png 0.03559361770749092 -1.59010648727417 1.5955958366394043 0.9826242327690125 -0.1415105164051056 0.10952268540859222 0.04928534850478172
stairs/seq-01/frame-000481.color.png 0.013895705342292786 -1.602374792098999 1.6015243530273438 0.981282114982605 -0.142406165599823 0.11916971951723099 0.05103406310081482
stairs/seq-01/frame-000482.color.png 0.023102056235074997 -1.590284824371338 1.5896931886672974 0.9804558157920837 -0.14506475627422333 0.12208777666091919 0.05250905081629753
stairs/seq-01/frame-000483.color.png 0.010021112859249115 -1.5802240371704102 1.5743136405944824 0.9806240200996399 -0.14712022244930267 0.1190929040312767 0.05048887059092522
stairs/seq-01/frame-000484.color.png 0.008678682148456573 -1.562513828277588 1.5709023475646973 0.9810420870780945 -0.14840389788150787 0.11324306577444077 0.05204752832651138
stairs/seq-01/frame-000485.color.png 0.01789221540093422 -1.5682190656661987 1.5566489696502686 0.9837830066680908 -0.13393612205982208 0.10831958055496216 0.04999049752950668
stairs/seq-01/frame-000486.color.png 0.004944015294313431 -1.5495859384536743 1.546866536140442 0.982837438583374 -0.13916388154029846 0.10966747999191284 0.05135153606534004
stairs/seq-01/frame-000487.color.png 0.006690431386232376 -1.5471012592315674 1.547822117805481 0.9823768734931946 -0.13720214366912842 0.11838104575872421 0.04579433426260948
stairs/seq-01/frame-000488.color.png 0.005341872572898865 -1.547009825706482 1.5439807176589966 0.9825823307037354 -0.13834969699382782 0.11566587537527084 0.04486621916294098
stairs/seq-01/frame-000489.color.png -0.01547384262084961 -1.4844435453414917 1.499680757522583 0.9826981425285339 -0.1385560929775238 0.11440835893154144 0.04491473361849785
stairs/seq-01/frame-000490.color.png -0.015829142183065414 -1.4912205934524536 1.4923937320709229 0.9836761951446533 -0.13789856433868408 0.10473187267780304 0.048953160643577576
stairs/seq-01/frame-000491.color.png -0.02138696238398552 -1.515561819076538 1.4917947053909302 0.9845203757286072 -0.13923633098602295 0.09375813603401184 0.05042009428143501
stairs/seq-01/frame-000492.color.png -0.023342136293649673 -1.5233261585235596 1.482018232345581 0.9856202602386475 -0.13208064436912537 0.0918128713965416 0.05174697935581207
stairs/seq-01/frame-000493.color.png -0.004383262246847153 -1.5206514596939087 1.4765267372131348 0.9855622053146362 -0.13351580500602722 0.08956189453601837 0.05309634655714035
stairs/seq-01/frame-000494.color.png -0.011230681091547012 -1.526068925857544 1.479455828666687 0.9848174452781677 -0.12779608368873596 0.10500966757535934 0.052685435861349106
stairs/seq-01/frame-000495.color.png -0.00026393309235572815 -1.5662834644317627 1.5072768926620483 0.9852609038352966 -0.1295759528875351 0.10046903043985367 0.048754047602415085
stairs/seq-01/frame-000496.color.png 0.003976292908191681 -1.5696840286254883 1.5174500942230225 0.9844359755516052 -0.13156700134277344 0.1059366911649704 0.048512961715459824
stairs/seq-01/frame-000497.color.png 0.015187997370958328 -1.5239534378051758 1.4819755554199219 0.9846322536468506 -0.13191550970077515 0.10336105525493622 0.04913422092795372
stairs/seq-01/frame-000498.color.png 0.01498093456029892 -1.5517232418060303 1.509466290473938 0.9856917262077332 -0.12973329424858093 0.09593416005373001 0.048759423196315765
stairs/seq-01/frame-000499.color.png 0.019564077258110046 -1.4829139709472656 1.4469105005264282 0.9851799607276917 -0.13218970596790314 0.10010242462158203 0.0438840277493
stairs/seq-04/frame-000000.color.png -0.3754330575466156 -0.8057672381401062 0.1776508092880249 0.9793663620948792 -0.18047812581062317 0.08968314528465271 0.015041671693325043
stairs/seq-04/frame-000001.color.png -0.3112853169441223 -0.8152114152908325 0.19799494743347168 0.9759671092033386 -0.18376068770885468 0.11640240997076035 0.013072000816464424
stairs/seq-04/frame-000002.color.png -0.28144174814224243 -0.8331054449081421 0.21580180525779724 0.9759383201599121 -0.18702714145183563 0.11139915138483047 0.01248171180486679
stairs/seq-04/frame-000003.color.png -0.2825993001461029 -0.8190164566040039 0.21658197045326233 0.9768652319908142 -0.18174898624420166 0.11188149452209473 0.013568971306085587
stairs/seq-04/frame-000004.color.png -0.3252648115158081 -0.8164786100387573 0.20965787768363953 0.9774623513221741 -0.17579151690006256 0.11603492498397827 0.014165543019771576
stairs/seq-04/frame-000005.color.png -0.3253147006034851 -0.8154546618461609 0.22377705574035645 0.9786785840988159 -0.16747714579105377 0.11789163947105408 0.015534820966422558
stairs/seq-04/frame-000006.color.png -0.27686259150505066 -0.8273656368255615 0.20925366878509521 0.9779810905456543 -0.16931377351284027 0.12054654955863953 0.018827490508556366
stairs/seq-04/frame-000007.color.png -0.31015536189079285 -0.7986999154090881 0.2169518768787384 0.9767733812332153 -0.17352420091629028 0.12430445849895477 0.01875174045562744
stairs/seq-04/frame-000008.color.png -0.3428080379962921 -0.8034935593605042 0.22089964151382446 0.9764066934585571 -0.17131680250167847 0.13017694652080536 0.018296899273991585
stairs/seq-04/frame-000009.color.png -0.3466683030128479 -0.7886373400688171 0.2349959909915924 0.9759750962257385 -0.17609773576259613 0.12659400701522827 0.02088788151741028
stairs/seq-04/frame-000010.color.png -0.2939436733722687 -0.7896125316619873 0.21872514486312866 0.9757632613182068 -0.1767014116048813 0.12746122479438782 0.0204001571983099
stairs/seq-04/frame-000011.color.png -0.2843737304210663 -0.7954122424125671 0.2252761423587799 0.9756791591644287 -0.17728038132190704 0.12719203531742096 0.021069219335913658
stairs/seq-04/frame-000012.color.png -0.3097759485244751 -0.7947486639022827 0.23421338200569153 0.9751466512680054 -0.17862601578235626 0.12934093177318573 0.021275397390127182
stairs/seq-04/frame-000013.color.png -0.3444221019744873 -0.7709248065948486 0.25103142857551575 0.9758104085922241 -0.1766100376844406 0.12679992616176605 0.022912612184882164
stairs/seq-04/frame-000014.color.png -0.35559698939323425 -0.760065495967865 0.26468148827552795 0.9764354825019836 -0.1748158037662506 0.12402158975601196 0.02513611502945423
stairs/seq-04/frame-000015.color.png -0.40971457958221436 -0.7713322639465332 0.26380670070648193 0.9772700071334839 -0.1689920723438263 0.12538130581378937 0.025777578353881836
stairs/seq-04/frame-000016.color.png -0.397576242685318 -0.7743066549301147 0.28041669726371765 0.9762209057807922 -0.17368106544017792 0.1270948201417923 0.025972001254558563
stairs/seq-04/frame-000017.color.png -0.4057177007198334 -0.7620459794998169 0.3040512204170227 0.974997878074646 -0.18186429142951965 0.12464351952075958 0.027723338454961777
stairs/seq-04/frame-000018.color.png -0.4365066587924957 -0.7539397478103638 0.30782297253608704 0.9748297333717346 -0.18114182353019714 0.12642693519592285 0.0301815178245306
stairs/seq-04/frame-000019.color.png -0.4387723505496979 -0.7446279525756836 0.303314745426178 0.9748613834381104 -0.17940227687358856 0.12858213484287262 0.030441036447882652
stairs/seq-04/frame-000020.color.png -0.416262149810791 -0.762602686882019 0.2851921319961548 0.9742202162742615 -0.1795562207698822 0.13256636261940002 0.03287661448121071
stairs/seq-04/frame-000021.color.png -0.36704882979393005 -0.7646939158439636 0.2925146818161011 0.9751012921333313 -0.17594443261623383 0.13074250519275665 0.03357584774494171
stairs/seq-04/frame-000022.color.png -0.3675408363342285 -0.7654571533203125 0.29011088609695435 0.974531352519989 -0.17975349724292755 0.12995947897434235 0.03298436105251312
stairs/seq-04/frame-000023.color.png -0.37870511412620544 -0.7668061256408691 0.3157413899898529 0.9738500714302063 -0.18174085021018982 0.1317920684814453 0.034888170659542084
stairs/seq-04/frame-000024.color.png -0.41564109921455383 -0.7620585560798645 0.30941492319107056 0.9745745658874512 -0.18162263929843903 0.1261419653892517 0.036135416477918625
stairs/seq-04/frame-000025.color.png -0.4322161078453064 -0.7692692279815674 0.31561872363090515 0.9734901189804077 -0.18452806770801544 0.13056816160678864 0.034904323518276215
stairs/seq-04/frame-000026.color.png -0.3750903010368347 -0.7720975279808044 0.32191258668899536 0.9737221598625183 -0.17956209182739258 0.13605567812919617 0.03334122896194458
stairs/seq-04/frame-000027.color.png -0.3616737425327301 -0.7866894006729126 0.3124598562717438 0.9739401936531067 -0.17848433554172516 0.13575026392936707 0.03399694338440895
stairs/seq-04/frame-000028.color.png -0.31981372833251953 -0.7916519641876221 0.32126861810684204 0.9744331240653992 -0.174150750041008 0.13749532401561737 0.035309117287397385
stairs/seq-04/frame-000029.color.png -0.29357001185417175 -0.7939162254333496 0.3180184066295624 0.9751306176185608 -0.16856355965137482 0.13975846767425537 0.03426675498485565
stairs/seq-04/frame-000030.color.png -0.3100147247314453 -0.7902395725250244 0.315626323223114 0.9753212332725525 -0.16785353422164917 0.13880383968353271 0.03615349531173706
stairs/seq-04/frame-000031.color.png -0.29924675822257996 -0.7930576801300049 0.31836560368537903 0.9749099612236023 -0.1714213341474533 0.1375020444393158 0.0354735367000103
stairs/seq-04/frame-000032.color.png -0.2884294390678406 -0.7936837077140808 0.31144964694976807 0.975280225276947 -0.16926217079162598 0.1374133676290512 0.03600520268082619
stairs/seq-04/frame-000033.color.png -0.2771326005458832 -0.8040041923522949 0.3177022635936737 0.9750486016273499 -0.17048513889312744 0.13777635991573334 0.03510954603552818
stairs/seq-04/frame-000034.color.png -0.2617853283882141 -0.8056994080543518 0.3150363862514496 0.9758672714233398 -0.16517846286296844 0.1387706845998764 0.03379480913281441
stairs/seq-04/frame-000035.color.png -0.25466489791870117 -0.7902563810348511 0.3129177689552307 0.9740614295005798 -0.17217156291007996 0.1429944932460785 0.0333782434463501
stairs/seq-04/frame-000036.color.png -0.28253069519996643 -0.7874195575714111 0.33095329999923706 0.974532425403595 -0.17280976474285126 0.1389055997133255 0.033593762665987015
stairs/seq-04/frame-000037.color.png -0.26136910915374756 -0.7853294610977173 0.3347005844116211 0.9744565486907959 -0.17172564566135406 0.14129874110221863 0.03129742294549942
stairs/seq-04/frame-000038.color.png -0.2545016407966614 -0.7887121438980103 0.33035531640052795 0.9743773341178894 -0.1731206178665161 0.14013101160526276 0.03132720664143562
stairs/seq-04/frame-000039.color.png -0.260121613740921 -0.7848706245422363 0.33191463351249695 0.9734691381454468 -0.17489443719387054 0.1441531777381897 0.031456902623176575
stairs/seq-04/frame-000040.color.png -0.2652795612812042 -0.7696313261985779 0.3554476499557495 0.9738204479217529 -0.1758977621793747 0.14021112024784088 0.03278210386633873
stairs/seq-04/frame-000041.color.png -0.2835772931575775 -0.7543566226959229 0.3552176356315613 0.9744834899902344 -0.16568583250045776 0.14870646595954895 0.028576554730534554
stairs/seq-04/frame-000042.color.png -0.2520858943462372 -0.7511852383613586 0.3562062084674835 0.9749813079833984 -0.16793008148670197 0.14296554028987885 0.02778131328523159
stairs/seq-04/frame-000043.color.png -0.24113908410072327 -0.7512555122375488 0.3717884123325348 0.9731457233428955 -0.17581652104854584 0.1456361711025238 0.029430482536554337
stairs/seq-04/frame-000044.color.png -0.24368047714233398 -0.742914080619812 0.3626079857349396 0.9730302691459656 -0.17195726931095123 0.1515732854604721 0.02585352398455143
stairs/seq-04/frame-000045.color.png -0.2352752685546875 -0.7519897818565369 0.35526660084724426 0.9727644920349121 -0.1724298745393753 0.15304644405841827 0.023960350081324577
stairs/seq-04/frame-000046.color.png -0.236441969871521 -0.7471259236335754 0.3720265328884125 0.971886157989502 -0.17668282985687256 0.15367066860198975 0.024615813046693802
stairs/seq-04/frame-000047.color.png -0.21780908107757568 -0.7554632425308228 0.3852144479751587 0.972427487373352 -0.17721253633499146 0.1498335599899292 0.023030774667859077
stairs/seq-04/frame-000048.color.png -0.2162419557571411 -0.7728922963142395 0.378037691116333 0.9729400873184204 -0.1713145226240158 0.15325717628002167 0.023478914052248
stairs/seq-04/frame-000049.color.png -0.19722208380699158 -0.7917867302894592 0.4015054702758789 0.9725752472877502 -0.1732810139656067 0.15351946651935577 0.02242683432996273
stairs/seq-04/frame-000050.color.png -0.19435203075408936 -0.796789824962616 0.3879227638244629 0.9721759557723999 -0.17413854598999023 0.15510126948356628 0.02221107669174671
stairs/seq-04/frame-000051.color.png -0.17160503566265106 -0.7914166450500488 0.3800274133682251 0.972936749458313 -0.1762736439704895 0.14763320982456207 0.02293618582189083
stairs/seq-04/frame-000052.color.png -0.20683860778808594 -0.805202066898346 0.37365445494651794 0.9737896919250488 -0.17018334567546844 0.1495116949081421 0.020434992387890816
stairs/seq-04/frame-000053.color.png -0.20871007442474365 -0.8007298707962036 0.38255107402801514 0.9732131361961365 -0.17205463349819183 0.15124179422855377 0.019477495923638344
stairs/seq-04/frame-000054.color.png -0.1788189560174942 -0.8060417771339417 0.39250367879867554 0.9721438884735107 -0.17771418392658234 0.1510915607213974 0.022919869050383568
stairs/seq-04/frame-000055.color.png -0.17545273900032043 -0.821639358997345 0.40042611956596375 0.9733086824417114 -0.17851538956165314 0.1420261561870575 0.025120049715042114
stairs/seq-04/frame-000056.color.png -0.19172339141368866 -0.8106634616851807 0.4030665457248688 0.9732769727706909 -0.17762817442417145 0.14353349804878235 0.024048658087849617
stairs/seq-04/frame-000057.color.png -0.16819220781326294 -0.8110923767089844 0.3873352110385895 0.9727895855903625 -0.18486224114894867 0.13692881166934967 0.027513587847352028
stairs/seq-04/frame-000058.color.png -0.15362109243869781 -0.8213961124420166 0.3901003301143646 0.9725270867347717 -0.18317483365535736 0.1412007212638855 0.026464607566595078
stairs/seq-04/frame-000059.color.png -0.16220414638519287 -0.8219358921051025 0.3939957618713379 0.9724615216255188 -0.18268436193466187 0.1426962912082672 0.02414187602698803
stairs/seq-04/frame-000060.color.png -0.1966467797756195 -0.8145211935043335 0.39556241035461426 0.9715048670768738 -0.18430869281291962 0.14713725447654724 0.023654326796531677
stairs/seq-04/frame-000061.color.png -0.1945788562297821 -0.8108276128768921 0.38572391867637634 0.9713797569274902 -0.18286718428134918 0.14979776740074158 0.023270372301340103
stairs/seq-04/frame-000062.color.png -0.2021530568599701 -0.7995160818099976 0.3936362862586975 0.9714266061782837 -0.18043099343776703 0.15261977910995483 0.021962085738778114
stairs/seq-04/frame-000063.color.png -0.19545696675777435 -0.798364520072937 0.4063519835472107 0.9720422029495239 -0.17814895510673523 0.15142235159873962 0.021637417376041412
stairs/seq-04/frame-000064.color.png -0.19870203733444214 -0.7764227986335754 0.3933960497379303 0.973283052444458 -0.1754179149866104 0.14639222621917725 0.022761518135666847
stairs/seq-04/frame-000065.color.png -0.20127376914024353 -0.7646281719207764 0.3401138484477997 0.973055362701416 -0.17414261400699615 0.149385467171669 0.02283770777285099
stairs/seq-04/frame-000066.color.png -0.20461329817771912 -0.7593030333518982 0.35630327463150024 0.9730842113494873 -0.17821726202964783 0.14407126605510712 0.02427682839334011
stairs/seq-04/frame-000067.color.png -0.1894591748714447 -0.7767496705055237 0.33943453431129456 0.9728230237960815 -0.1817440390586853 0.14106814563274384 0.02615809626877308
stairs/seq-04/frame-000068.color.png -0.1648421287536621 -0.811129629611969 0.35480019450187683 0.971714198589325 -0.17743827402591705 0.15438680350780487 0.021259909495711327
stairs/seq-04/frame-000069.color.png -0.18868297338485718 -0.8258506655693054 0.4150245189666748 0.972384512424469 -0.17692077159881592 0.15038307011127472 0.023501550778746605
stairs/seq-04/frame-000070.color.png -0.18929214775562286 -0.8212571740150452 0.44493821263313293 0.9723386168479919 -0.1833704113960266 0.1418391913175583 0.028544530272483826
stairs/seq-04/frame-000071.color.png -0.16810280084609985 -0.8274621367454529 0.43014460802078247 0.9712841510772705 -0.18214933574199677 0.15027080476284027 0.02911217324435711
stairs/seq-04/frame-000072.color.png -0.15736345946788788 -0.820501983165741 0.41687682271003723 0.9716464281082153 -0.17874200642108917 0.1520792692899704 0.028748169541358948
stairs/seq-04/frame-000073.color.png -0.14961577951908112 -0.8236116170883179 0.4124722480773926 0.9715617895126343 -0.17784236371517181 0.15409132838249207 0.02637428045272827
stairs/seq-04/frame-000074.color.png -0.15974199771881104 -0.8344927430152893 0.41558077931404114 0.973044753074646 -0.17215175926685333 0.15106528997421265 0.026964448392391205
stairs/seq-04/frame-000075.color.png -0.1711033582687378 -0.8255583643913269 0.4125777781009674 0.9724609851837158 -0.17671048641204834 0.1491357535123825 0.029183128848671913
stairs/seq-04/frame-000076.color.png -0.17681626975536346 -0.8254480361938477 0.39110249280929565 0.9724071025848389 -0.1782713681459427 0.14791160821914673 0.0276787206530571
stairs/seq-04/frame-000077.color.png -0.1656683087348938 -0.838638424873352 0.4363965690135956 0.9726670980453491 -0.17736667394638062 0.14714016020298004 0.02845119684934616
stairs/seq-04/frame-000078.color.png -0.18682071566581726 -0.8148370385169983 0.45417138934135437 0.9708672165870667 -0.17760144174098969 0.15856745839118958 0.027035297825932503
stairs/seq-04/frame-000079.color.png -0.22758179903030396 -0.8138794302940369 0.4118095636367798 0.9712598323822021 -0.17522843182086945 0.15832751989364624 0.0296935997903347
stairs/seq-04/frame-000080.color.png -0.19866491854190826 -0.8173602223396301 0.4376384913921356 0.9719038605690002 -0.17471599578857422 0.15492390096187592 0.02959509566426277
stairs/seq-04/frame-000081.color.png -0.18367554247379303 -0.8379849791526794 0.4064665734767914 0.9720910787582397 -0.17984133958816528 0.14692571759223938 0.033301372081041336
stairs/seq-04/frame-000082.color.png -0.18958835303783417 -0.8231059908866882 0.42220252752304077 0.9720989465713501 -0.17700636386871338 0.1500089466571808 0.03449191898107529
stairs/seq-04/frame-000083.color.png -0.19771111011505127 -0.8064582943916321 0.4392181634902954 0.9712611436843872 -0.17847028374671936 0.15382440388202667 0.0337379090487957
stairs/seq-04/frame-000084.color.png -0.18159577250480652 -0.7958225607872009 0.382038414478302 0.973324179649353 -0.17748872935771942 0.14210918545722961 0.030705958604812622
stairs/seq-04/frame-000085.color.png -0.16233152151107788 -0.8162169456481934 0.4450565576553345 0.9741401076316833 -0.1700986921787262 0.1455824077129364 0.03038727678358555
stairs/seq-04/frame-000086.color.png -0.15391992032527924 -0.8066067695617676 0.43481433391571045 0.9739904403686523 -0.17245566844940186 0.14378662407398224 0.030452493578195572
stairs/seq-04/frame-000087.color.png -0.1645841896533966 -0.8036757111549377 0.4224591553211212 0.9745053052902222 -0.1753484159708023 0.13630010187625885 0.03185344859957695
stairs/seq-04/frame-000088.color.png -0.1500164270401001 -0.8098626732826233 0.4654782712459564 0.9746524095535278 -0.17088644206523895 0.14107553660869598 0.030793363228440285
stairs/seq-04/frame-000089.color.png -0.12399543821811676 -0.7985116839408875 0.4146314263343811 0.9762915968894958 -0.1733374297618866 0.12576499581336975 0.03149418160319328
stairs/seq-04/frame-000090.color.png -0.13158290088176727 -0.8210940361022949 0.4486122131347656 0.9760092496871948 -0.17148278653621674 0.1301538199186325 0.03255341202020645
stairs/seq-04/frame-000091.color.png -0.12333114445209503 -0.8217943906784058 0.44590479135513306 0.9766724109649658 -0.17326609790325165 0.12173831462860107 0.03563225641846657
stairs/seq-04/frame-000092.color.png -0.11790014803409576 -0.826775848865509 0.4435567557811737 0.9767215847969055 -0.17382265627384186 0.12063609808683395 0.03532099351286888
stairs/seq-04/frame-000093.color.png -0.12744081020355225 -0.8108084201812744 0.44219595193862915 0.9766349792480469 -0.1780058890581131 0.11459770053625107 0.036949239671230316
stairs/seq-04/frame-000094.color.png -0.144914448261261 -0.780073881149292 0.3905307650566101 0.9790334105491638 -0.1669146716594696 0.1117599606513977 0.03380601108074188
stairs/seq-04/frame-000095.color.png -0.17176222801208496 -0.7634943723678589 0.36769241094589233 0.9788422584533691 -0.17313140630722046 0.1034993901848793 0.0343659482896328
stairs/seq-04/frame-000096.color.png -0.20078298449516296 -0.7492794990539551 0.33915144205093384 0.9787729382514954 -0.17659513652324677 0.09882748872041702 0.03241588547825813
stairs/seq-04/frame-000097.color.png -0.1449100822210312 -0.7685838341712952 0.3637346029281616 0.9780234098434448 -0.17990811169147491 0.09966839104890823 0.03419861942529678
stairs/seq-04/frame-000098.color.png -0.13527362048625946 -0.7681928873062134 0.35162675380706787 0.9788483381271362 -0.17518767714500427 0.10044949501752853 0.03278602659702301
stairs/seq-04/frame-000099.color.png -0.13323956727981567 -0.7732297778129578 0.3362528681755066 0.9787972569465637 -0.17723417282104492 0.09707322716712952 0.033477794378995895
stairs/seq-04/frame-000100.color.png -0.13104380667209625 -0.7653911709785461 0.3480130732059479 0.9795360565185547 -0.17422407865524292 0.0958043560385704 0.031251538544893265
stairs/seq-04/frame-000101.color.png -0.10826641321182251 -0.7825397849082947 0.3633750081062317 0.9799471497535706 -0.17544345557689667 0.08896946161985397 0.03174329549074173
stairs/seq-04/frame-000102.color.png -0.08193361759185791 -0.7853842377662659 0.3396068215370178 0.9804655909538269 -0.17323525249958038 0.08818181604146957 0.0300079807639122
stairs/seq-04/frame-000103.color.png -0.08517259359359741 -0.7992362380027771 0.34117060899734497 0.9806491732597351 -0.1728830188512802 0.08712641894817352 0.029115358367562294
stairs/seq-04/frame-000104.color.png -0.09032964706420898 -0.7989070415496826 0.34065794944763184 0.981611430644989 -0.1664002686738968 0.09036099910736084 0.024177350103855133
stairs/seq-04/frame-000105.color.png -0.0906248539686203 -0.7731702923774719 0.33491501212120056 0.9822208881378174 -0.1658191829919815 0.08511823415756226 0.02238314412534237
stairs/seq-04/frame-000106.color.png -0.10111966729164124 -0.7719798684120178 0.31037044525146484 0.9822964668273926 -0.16776984930038452 0.08031632751226425 0.022277357056736946
stairs/seq-04/frame-000107.color.png -0.0488603450357914 -0.7844581604003906 0.3004063069820404 0.9826810359954834 -0.16873463988304138 0.07394714653491974 0.019966600462794304
stairs/seq-04/frame-000108.color.png -0.0331709049642086 -0.7759265303611755 0.28960099816322327 0.9823710918426514 -0.17055344581604004 0.07468486577272415 0.01675238646566868
stairs/seq-04/frame-000109.color.png -0.006790103390812874 -0.7872799038887024 0.2803833782672882 0.9824286103248596 -0.17320488393306732 0.06786932051181793 0.015095042064785957
stairs/seq-04/frame-000110.color.png -0.019994273781776428 -0.7848621010780334 0.3000537157058716 0.9824125170707703 -0.17467725276947021 0.06461957097053528 0.013335887342691422
stairs/seq-04/frame-000111.color.png 0.003771236166357994 -0.7926139831542969 0.28875502943992615 0.9823777675628662 -0.17673827707767487 0.05924677476286888 0.013682556338608265
stairs/seq-04/frame-000112.color.png 0.022009514272212982 -0.8245177865028381 0.2882586121559143 0.9825268983840942 -0.17717143893241882 0.05565250664949417 0.012410585768520832
stairs/seq-04/frame-000113.color.png 0.03612402826547623 -0.8193981051445007 0.2648513615131378 0.9816892147064209 -0.18235500156879425 0.05403657630085945 0.010633429512381554
stairs/seq-04/frame-000114.color.png 0.0033064447343349457 -0.8316582441329956 0.2819024622440338 0.9824758768081665 -0.1799456626176834 0.047721978276968 0.00913316011428833
stairs/seq-04/frame-000115.color.png 0.006871737539768219 -0.8273555636405945 0.2956829071044922 0.9823101758956909 -0.1826934516429901 0.0404280386865139 0.007444459479302168
stairs/seq-04/frame-000116.color.png -0.005555717274546623 -0.8222576975822449 0.2819080650806427 0.9819644093513489 -0.1858026534318924 0.034176427870988846 0.0074212695471942425
stairs/seq-04/frame-000117.color.png -0.001331692561507225 -0.8193062543869019 0.2884204685688019 0.9825479388237 -0.18349839746952057 0.03006538189947605 0.0048928577452898026
stairs/seq-04/frame-000118.color.png 0.00306117907166481 -0.839633047580719 0.2893396019935608 0.9823651909828186 -0.18540462851524353 0.02403273433446884 0.002496955916285515
stairs/seq-04/frame-000119.color.png 0.011280734091997147 -0.8403117656707764 0.2771439552307129 0.9824678897857666 -0.18556879460811615 0.017855219542980194 0.0015261396765708923
stairs/seq-04/frame-000120.color.png 0.0004678592085838318 -0.8551741242408752 0.24720752239227295 0.9821709990501404 -0.18791839480400085 0.004141492769122124 -0.003104979870840907
stairs/seq-04/frame-000121.color.png 0.044416896998882294 -0.8379284143447876 0.21460586786270142 0.9832746982574463 -0.18203839659690857 0.004330191295593977 -0.0037855179980397224
stairs/seq-04/frame-000122.color.png 0.045478157699108124 -0.821429431438446 0.2120797336101532 0.9845929145812988 -0.174734428524971 0.0010445965453982353 -0.00659904396161437
stairs/seq-04/frame-000123.color.png 0.042384546250104904 -0.8161539435386658 0.17789128422737122 0.9849001169204712 -0.1721602976322174 -0.013158881105482578 -0.012633170932531357
stairs/seq-04/frame-000124.color.png 0.03624550625681877 -0.799172043800354 0.13732555508613586 0.9851610064506531 -0.16879761219024658 -0.0247325636446476 -0.01879950240254402
stairs/seq-04/frame-000125.color.png 0.06025446578860283 -0.8208040595054626 0.12119720131158829 0.9840332269668579 -0.1717565655708313 -0.04117627814412117 -0.021975688636302948
stairs/seq-04/frame-000126.color.png 0.09517122805118561 -0.8455686569213867 0.13396427035331726 0.9841415882110596 -0.16947399079799652 -0.046959467232227325 -0.023212121799588203
stairs/seq-04/frame-000127.color.png 0.16173067688941956 -0.8680728077888489 0.1230747178196907 0.9828011989593506 -0.17162162065505981 -0.06259417533874512 -0.02701449580490589
stairs/seq-04/frame-000128.color.png 0.19200943410396576 -0.859411358833313 0.09872586280107498 0.9834407567977905 -0.16680219769477844 -0.06478717923164368 -0.02870795503258705
stairs/seq-04/frame-000129.color.png 0.1853712648153305 -0.8648713231086731 0.10283628851175308 0.9847137331962585 -0.1538858860731125 -0.07409125566482544 -0.03418311849236488
stairs/seq-04/frame-000130.color.png 0.19951654970645905 -0.8691321015357971 0.11224976927042007 0.9851667284965515 -0.15083955228328705 -0.07400032877922058 -0.03489752486348152
stairs/seq-04/frame-000131.color.png 0.19336633384227753 -0.8542927503585815 0.10101789981126785 0.985041081905365 -0.14706750214099884 -0.08082816004753113 -0.03914199769496918
stairs/seq-04/frame-000132.color.png 0.20599038898944855 -0.8491345047950745 0.08620502799749374 0.9859501719474792 -0.139412060379982 -0.08309397101402283 -0.039520263671875
stairs/seq-04/frame-000133.color.png 0.231138676404953 -0.8551551103591919 0.06686446070671082 0.9863394498825073 -0.1325630396604538 -0.08728153258562088 -0.044084519147872925
stairs/seq-04/frame-000134.color.png 0.19738945364952087 -0.8430110216140747 0.05556165426969528 0.9857796430587769 -0.13165627419948578 -0.09497155249118805 -0.04342169687151909
stairs/seq-04/frame-000135.color.png 0.2142808735370636 -0.8458672165870667 0.03350763022899628 0.9872103333473206 -0.11494451761245728 -0.09991828352212906 -0.04711507260799408
stairs/seq-04/frame-000136.color.png 0.1872825026512146 -0.8334925770759583 0.023279093205928802 0.9868255853652954 -0.1120133176445961 -0.10711059719324112 -0.04642796888947487
stairs/seq-04/frame-000137.color.png 0.20778241753578186 -0.8425965905189514 0.0340285524725914 0.9874227643013 -0.10461428016424179 -0.10902498662471771 -0.04653763398528099
stairs/seq-04/frame-000138.color.png 0.18380849063396454 -0.8429362773895264 0.01920435205101967 0.9873421788215637 -0.10618611425161362 -0.10848252475261688 -0.04594985768198967
stairs/seq-04/frame-000139.color.png 0.16870024800300598 -0.8454475402832031 0.0005446700379252434 0.9867652654647827 -0.09991054236888885 -0.11792498081922531 -0.04904967173933983
stairs/seq-04/frame-000140.color.png 0.18823637068271637 -0.8469536900520325 -0.00037923920899629593 0.9859858751296997 -0.09727142751216888 -0.1264251321554184 -0.048852477222681046
stairs/seq-04/frame-000141.color.png 0.1660090684890747 -0.8545184135437012 -0.020150266587734222 0.9869934916496277 -0.08393299579620361 -0.12721861898899078 -0.051131270825862885
stairs/seq-04/frame-000142.color.png 0.17844605445861816 -0.8531327843666077 -0.001432572491466999 0.9872488379478455 -0.07328169792890549 -0.1334436535835266 -0.0464986152946949
stairs/seq-04/frame-000143.color.png 0.19206029176712036 -0.8552685976028442 0.005005452781915665 0.9883779883384705 -0.06335971504449844 -0.1276007443666458 -0.05303560942411423
stairs/seq-04/frame-000144.color.png 0.1729739010334015 -0.8470519185066223 -0.024013644084334373 0.9883347749710083 -0.0642390176653862 -0.12804120779037476 -0.051703423261642456
stairs/seq-04/frame-000145.color.png 0.16668754816055298 -0.8497021794319153 -0.0038646813482046127 0.9881932735443115 -0.052217233926057816 -0.13506260514259338 -0.050055623054504395
stairs/seq-04/frame-000146.color.png 0.17441636323928833 -0.852043092250824 -0.004409964196383953 0.9882813692092896 -0.043640751391649246 -0.13484294712543488 -0.056679219007492065
stairs/seq-04/frame-000147.color.png 0.19085019826889038 -0.8623802661895752 0.02438809722661972 0.9878270030021667 -0.04527066648006439 -0.13891439139842987 -0.05339578911662102
stairs/seq-04/frame-000148.color.png 0.18701477348804474 -0.8396170139312744 -0.006204970180988312 0.9880130290985107 -0.04349657520651817 -0.13658681511878967 -0.05729280039668083
stairs/seq-04/frame-000149.color.png 0.16057251393795013 -0.8414387106895447 0.0035926587879657745 0.9867355823516846 -0.045672450214624405 -0.14561115205287933 -0.05535728484392166
stairs/seq-04/frame-000150.color.png 0.16015037894248962 -0.8477082252502441 0.006563141942024231 0.9877031445503235 -0.03716949373483658 -0.14075689017772675 -0.05699460208415985
stairs/seq-04/frame-000151.color.png 0.1685488373041153 -0.839610755443573 0.007216013967990875 0.98605877161026 -0.044823311269283295 -0.1488076001405716 -0.05945965275168419
stairs/seq-04/frame-000152.color.png 0.1974184811115265 -0.835719645023346 0.002249905839562416 0.986031711101532 -0.02619505114853382 -0.15280766785144806 -0.06086942180991173
stairs/seq-04/frame-000153.color.png 0.19880102574825287 -0.8351667523384094 0.008322823792696 0.9849039316177368 -0.0261450856924057 -0.15835162997245789 -0.06484846770763397
stairs/seq-04/frame-000154.color.png 0.1836814135313034 -0.8357699513435364 0.028615832328796387 0.9838744401931763 -0.02811001054942608 -0.16584722697734833 -0.060791343450546265
stairs/seq-04/frame-000155.color.png 0.1785673201084137 -0.8273601531982422 0.01599847711622715 0.9831816554069519 -0.026030035689473152 -0.1714351773262024 -0.05732777714729309
stairs/seq-04/frame-000156.color.png 0.18605323135852814 -0.8382452130317688 0.03144337236881256 0.9817836284637451 -0.04166356474161148 -0.1752341389656067 -0.06048344448208809
stairs/seq-04/frame-000157.color.png 0.19683478772640228 -0.8416053056716919 0.04837910830974579 0.9817467927932739 -0.02730267122387886 -0.17908848822116852 -0.05792395398020744
stairs/seq-04/frame-000158.color.png 0.17170047760009766 -0.8281910419464111 0.02744608372449875 0.9798291325569153 -0.04774104803800583 -0.18321435153484344 -0.0639389380812645
stairs/seq-04/frame-000159.color.png 0.18041075766086578 -0.8338538408279419 0.043217867612838745 0.9793053269386292 -0.04125761240720749 -0.1878088116645813 -0.06314080953598022
stairs/seq-04/frame-000160.color.png 0.16545319557189941 -0.8327620625495911 0.03991210460662842 0.9810711145401001 -0.038161441683769226 -0.17908863723278046 -0.0630129724740982
stairs/seq-04/frame-000161.color.png 0.17702677845954895 -0.8309850096702576 0.050778813660144806 0.9818199276924133 -0.02915518917143345 -0.17513546347618103 -0.06713544577360153
stairs/seq-04/frame-000162.color.png 0.18046656250953674 -0.8451604843139648 0.0691932886838913 0.9795932769775391 -0.04111887887120247 -0.18334174156188965 -0.07135973870754242
stairs/seq-04/frame-000163.color.png 0.17997802793979645 -0.8382483124732971 0.06615200638771057 0.9790409207344055 -0.03216233476996422 -0.18979714810848236 -0.06649540364742279
stairs/seq-04/frame-000164.color.png 0.18803098797798157 -0.8341877460479736 0.06383286416530609 0.9796283841133118 -0.03325433284044266 -0.18548205494880676 -0.0694178119301796
stairs/seq-04/frame-000165.color.png 0.169443741440773 -0.8327574729919434 0.06067012995481491 0.9766519069671631 -0.049342986196279526 -0.19875365495681763 -0.06491057574748993
stairs/seq-04/frame-000166.color.png 0.1553470939397812 -0.8258886933326721 0.07005634158849716 0.9744718670845032 -0.04923350736498833 -0.20683421194553375 -0.0721125528216362
stairs/seq-04/frame-000167.color.png 0.1370067447423935 -0.836291491985321 0.06405410915613174 0.974002480506897 -0.04314514249563217 -0.21172574162483215 -0.06804333627223969
stairs/seq-04/frame-000168.color.png 0.1473100632429123 -0.8450416922569275 0.08499906957149506 0.9711538553237915 -0.052583958953619 -0.22128964960575104 -0.07159785181283951
stairs/seq-04/frame-000169.color.png 0.13457626104354858 -0.8515598177909851 0.09959770739078522 0.9712557196617126 -0.06548731029033661 -0.2165520191192627 -0.07402055710554123
stairs/seq-04/frame-000170.color.png 0.1591894030570984 -0.8534461259841919 0.07060869038105011 0.9690409302711487 -0.05582309141755104 -0.22969578206539154 -0.07129678875207901
stairs/seq-04/frame-000171.color.png 0.11717274785041809 -0.8336222171783447 0.08038146793842316 0.9687479138374329 -0.0532507598400116 -0.23115162551403046 -0.07253184169530869
stairs/seq-04/frame-000172.color.png 0.1342550665140152 -0.8424503207206726 0.1017017811536789 0.9650177359580994 -0.07324445247650146 -0.23807232081890106 -0.08183889836072922
stairs/seq-04/frame-000173.color.png 0.11978849768638611 -0.8396911025047302 0.09396152198314667 0.9651533961296082 -0.06966906040906906 -0.2404937595129013 -0.0760788768529892
stairs/seq-04/frame-000174.color.png 0.11167171597480774 -0.8465267419815063 0.10578572005033493 0.9629321098327637 -0.0735367089509964 -0.2463916540145874 -0.0815184935927391
stairs/seq-04/frame-000175.color.png 0.11529001593589783 -0.8514228463172913 0.11153165251016617 0.9610943794250488 -0.09656029939651489 -0.24553737044334412 -0.08176382631063461
stairs/seq-04/frame-000176.color.png 0.11607511341571808 -0.8606408834457397 0.1361137330532074 0.9611135125160217 -0.0893009603023529 -0.24970531463623047 -0.07702916115522385
stairs/seq-04/frame-000177.color.png 0.10225366055965424 -0.8544204831123352 0.12294430285692215 0.9641357064247131 -0.09198431670665741 -0.23676152527332306 -0.07697450369596481
stairs/seq-04/frame-000178.color.png 0.11418604850769043 -0.8531681895256042 0.13655617833137512 0.9640250205993652 -0.09550260752439499 -0.23532557487487793 -0.0784667357802391
stairs/seq-04/frame-000179.color.png 0.1364070177078247 -0.8378209471702576 0.1226147934794426 0.9606538414955139 -0.12045925855636597 -0.2393207550048828 -0.07320661097764969
stairs/seq-04/frame-000180.color.png 0.1195048838853836 -0.8449405431747437 0.11303401738405228 0.9584737420082092 -0.1444920301437378 -0.23506321012973785 -0.07207922637462616
stairs/seq-04/frame-000181.color.png 0.12463463842868805 -0.8574026823043823 0.1441652774810791 0.9581958651542664 -0.13886195421218872 -0.2372850924730301 -0.07920664548873901
stairs/seq-04/frame-000182.color.png 0.13282166421413422 -0.8564238548278809 0.13837319612503052 0.9605046510696411 -0.13496138155460358 -0.23363201320171356 -0.06806106120347977
stairs/seq-04/frame-000183.color.png 0.12874305248260498 -0.8482313752174377 0.13461783528327942 0.9614279866218567 -0.1505359262228012 -0.21983644366264343 -0.06831740587949753
stairs/seq-04/frame-000184.color.png 0.13723213970661163 -0.8530347347259521 0.15268468856811523 0.9573143124580383 -0.14407487213611603 -0.24048003554344177 -0.07043484598398209
stairs/seq-04/frame-000185.color.png 0.13339665532112122 -0.8524805903434753 0.1482841968536377 0.9569860696792603 -0.1451050192117691 -0.24133488535881042 -0.06985318660736084
stairs/seq-04/frame-000186.color.png 0.13576610386371613 -0.857435941696167 0.13760551810264587 0.9586672782897949 -0.14796309173107147 -0.2331465184688568 -0.06860395520925522
stairs/seq-04/frame-000187.color.png 0.14309528470039368 -0.8585432171821594 0.14721915125846863 0.9610754251480103 -0.14673760533332825 -0.2261170595884323 -0.06060675531625748
stairs/seq-04/frame-000188.color.png 0.14450958371162415 -0.8684280514717102 0.13349682092666626 0.9590000510215759 -0.13210132718086243 -0.24059315025806427 -0.07059095054864883
stairs/seq-04/frame-000189.color.png 0.15644419193267822 -0.864391565322876 0.13570964336395264 0.9611499905586243 -0.11998671293258667 -0.2401435822248459 -0.0642247125506401
stairs/seq-04/frame-000190.color.png 0.15619733929634094 -0.857166051864624 0.12524494528770447 0.9554896354675293 -0.10347709059715271 -0.26443007588386536 -0.08005518466234207
stairs/seq-04/frame-000191.color.png 0.14764122664928436 -0.8321855664253235 0.11955437809228897 0.955494225025177 -0.08369579911231995 -0.27118799090385437 -0.08051519840955734
stairs/seq-04/frame-000192.color.png 0.1338621973991394 -0.8295044302940369 0.10742155462503433 0.9588180780410767 -0.0821269154548645 -0.26156869530677795 -0.0741940438747406
stairs/seq-04/frame-000193.color.png 0.1439429670572281 -0.8297406435012817 0.11865109950304031 0.954566478729248 -0.09311432391405106 -0.27160361409187317 -0.07977382093667984
stairs/seq-04/frame-000194.color.png 0.15297339856624603 -0.8372808694839478 0.13302218914031982 0.9561274647712708 -0.09105197340250015 -0.2666711211204529 -0.08010315150022507
stairs/seq-04/frame-000195.color.png 0.13854175806045532 -0.8469999432563782 0.12294677644968033 0.955593466758728 -0.09395968168973923 -0.26716917753219604 -0.0814448669552803
stairs/seq-04/frame-000196.color.png 0.1381245106458664 -0.8512470126152039 0.11766789108514786 0.9610140323638916 -0.10570169985294342 -0.24618950486183167 -0.06833706051111221
stairs/seq-04/frame-000197.color.png 0.11078044772148132 -0.845855712890625 0.14487770199775696 0.9594343304634094 -0.10951296985149384 -0.248989999294281 -0.07413837313652039
stairs/seq-04/frame-000198.color.png 0.11330722272396088 -0.8637485504150391 0.1513996422290802 0.9621397256851196 -0.13288383185863495 -0.22730566561222076 -0.07043472677469254
stairs/seq-04/frame-000199.color.png 0.12999428808689117 -0.8666862845420837 0.1578410267829895 0.9606670141220093 -0.14530763030052185 -0.22902482748031616 -0.05960056185722351
stairs/seq-04/frame-000200.color.png 0.12503334879875183 -0.8944048881530762 0.174527108669281 0.9566288590431213 -0.1781592220067978 -0.22012262046337128 -0.06831234693527222
stairs/seq-04/frame-000201.color.png 0.11397281289100647 -0.8930649161338806 0.17502841353416443 0.9523860216140747 -0.1746094971895218 -0.24051882326602936 -0.0679941177368164
stairs/seq-04/frame-000202.color.png 0.1325838714838028 -0.9012125730514526 0.166532963514328 0.9567716717720032 -0.18629127740859985 -0.2163512408733368 -0.055460117757320404
stairs/seq-04/frame-000203.color.png 0.15283094346523285 -0.9183031320571899 0.16646713018417358 0.9558448791503906 -0.2152622938156128 -0.18998968601226807 -0.06266213208436966
stairs/seq-04/frame-000204.color.png 0.17257535457611084 -0.9255483150482178 0.1692904233932495 0.9522969126701355 -0.19573721289634705 -0.22348006069660187 -0.0698162168264389
stairs/seq-04/frame-000205.color.png 0.17195488512516022 -0.9398626685142517 0.19294413924217224 0.9538535475730896 -0.22978463768959045 -0.18002767860889435 -0.07037278264760971
stairs/seq-04/frame-000206.color.png 0.18057799339294434 -0.9432363510131836 0.20196515321731567 0.9508729577064514 -0.20798298716545105 -0.21566011011600494 -0.07793860882520676
stairs/seq-04/frame-000207.color.png 0.169004887342453 -0.9426138997077942 0.19306915998458862 0.9505211710929871 -0.22168059647083282 -0.20239849388599396 -0.08001337200403214
stairs/seq-04/frame-000208.color.png 0.15076640248298645 -0.9393489956855774 0.17864325642585754 0.9488479495048523 -0.2003210186958313 -0.2281811386346817 -0.08655852824449539
stairs/seq-04/frame-000209.color.png 0.1450478434562683 -0.9349506497383118 0.17941799759864807 0.9480996131896973 -0.21376505494117737 -0.21820035576820374 -0.08831808716058731
stairs/seq-04/frame-000210.color.png 0.1603211909532547 -0.9398415088653564 0.19170403480529785 0.9488460421562195 -0.2112874835729599 -0.21821150183677673 -0.08621260523796082
stairs/seq-04/frame-000211.color.png 0.14241093397140503 -0.9345011711120605 0.17497658729553223 0.9487142562866211 -0.21973904967308044 -0.20895755290985107 -0.08940333873033524
stairs/seq-04/frame-000212.color.png 0.14086268842220306 -0.9552708864212036 0.2056317925453186 0.9449840784072876 -0.22428956627845764 -0.2181093394756317 -0.09553857892751694
stairs/seq-04/frame-000213.color.png 0.15305136144161224 -0.9586355090141296 0.2147042453289032 0.9467572569847107 -0.2323874682188034 -0.20473580062389374 -0.08792143315076828
stairs/seq-04/frame-000214.color.png 0.13527536392211914 -0.9517024755477905 0.19284623861312866 0.9471213221549988 -0.2254408895969391 -0.21268178522586823 -0.08309055864810944
stairs/seq-04/frame-000215.color.png 0.1406063586473465 -0.9495484828948975 0.17893090844154358 0.9444983601570129 -0.22818772494792938 -0.21887557208538055 -0.08914409577846527
stairs/seq-04/frame-000216.color.png 0.13990816473960876 -0.9551936984062195 0.19532287120819092 0.9436908960342407 -0.22875581681728363 -0.21946705877780914 -0.09461679309606552
stairs/seq-04/frame-000217.color.png 0.1459663212299347 -0.9586970210075378 0.20895713567733765 0.9436008334159851 -0.23685765266418457 -0.21308447420597076 -0.09005902707576752
stairs/seq-04/frame-000218.color.png 0.15089112520217896 -0.9623145461082458 0.20735877752304077 0.9436087608337402 -0.2380654662847519 -0.21178652346134186 -0.0898539200425148
stairs/seq-04/frame-000219.color.png 0.137700617313385 -0.9532653093338013 0.1819065809249878 0.9438256025314331 -0.24056915938854218 -0.20828767120838165 -0.08908411115407944
stairs/seq-04/frame-000220.color.png 0.12893986701965332 -0.9586488604545593 0.1881175935268402 0.944939911365509 -0.24081464111804962 -0.20210017263889313 -0.0908425822854042
stairs/seq-04/frame-000221.color.png 0.13443154096603394 -0.9575754404067993 0.20890861749649048 0.9442381262779236 -0.24264150857925415 -0.20280338823795319 -0.09170696139335632
stairs/seq-04/frame-000222.color.png 0.13205766677856445 -0.9587111473083496 0.19787034392356873 0.9446638822555542 -0.23515115678310394 -0.21048815548419952 -0.089492067694664
stairs/seq-04/frame-000223.color.png 0.11508272588253021 -0.9649420976638794 0.1975359320640564 0.9463785886764526 -0.23977388441562653 -0.19810765981674194 -0.08734679222106934
stairs/seq-04/frame-000224.color.png 0.1239202618598938 -0.9669145941734314 0.20949846506118774 0.9446812272071838 -0.24535711109638214 -0.19965659081935883 -0.08668533712625504
stairs/seq-04/frame-000225.color.png 0.11798574030399323 -0.9543738961219788 0.18269866704940796 0.9471567869186401 -0.24228502810001373 -0.19338026642799377 -0.08243737369775772
stairs/seq-04/frame-000226.color.png 0.10229972004890442 -0.9589898586273193 0.1930290162563324 0.9461856484413147 -0.2491147816181183 -0.1894751638174057 -0.08230245858430862
stairs/seq-04/frame-000227.color.png 0.10659565031528473 -0.9541168808937073 0.18142840266227722 0.9479624032974243 -0.2499261349439621 -0.18195001780986786 -0.0761474147439003
stairs/seq-04/frame-000228.color.png 0.10931628942489624 -0.9576325416564941 0.18295615911483765 0.9471116065979004 -0.24967093765735626 -0.1866566687822342 -0.07617852836847305
stairs/seq-04/frame-000229.color.png 0.0943915992975235 -0.9599592089653015 0.1918497383594513 0.948928713798523 -0.24806928634643555 -0.18037955462932587 -0.07388734817504883
stairs/seq-04/frame-000230.color.png 0.1017514318227768 -0.9595927596092224 0.18177101016044617 0.9498831629753113 -0.24748890101909637 -0.17709921300411224 -0.07146358489990234
stairs/seq-04/frame-000231.color.png 0.10549809038639069 -0.9603967666625977 0.1993282437324524 0.9511238932609558 -0.24961315095424652 -0.17044275999069214 -0.0632929727435112
stairs/seq-04/frame-000232.color.png 0.0891871452331543 -0.9585675001144409 0.17339882254600525 0.9521642923355103 -0.24874155223369598 -0.1667822301387787 -0.060781341046094894
stairs/seq-04/frame-000233.color.png 0.0844089686870575 -0.9649639129638672 0.18788892030715942 0.9518031477928162 -0.25287926197052 -0.16266798973083496 -0.06051314249634743
stairs/seq-04/frame-000234.color.png 0.07720554620027542 -0.9580106735229492 0.17382508516311646 0.9534892439842224 -0.25111064314842224 -0.15597818791866302 -0.05892850086092949
stairs/seq-04/frame-000235.color.png 0.08210889995098114 -0.9635018110275269 0.1885494887828827 0.9538361430168152 -0.2532678246498108 -0.15159426629543304 -0.05541786924004555
stairs/seq-04/frame-000236.color.png 0.0949074774980545 -0.9627026915550232 0.1838151514530182 0.9540897011756897 -0.2546379268169403 -0.14852479100227356 -0.05303437262773514
stairs/seq-04/frame-000237.color.png 0.07913456857204437 -0.9653959274291992 0.1972566545009613 0.9547266364097595 -0.2551426589488983 -0.14374206960201263 -0.05232167989015579
stairs/seq-04/frame-000238.color.png 0.07142577320337296 -0.9575345516204834 0.17210114002227783 0.9534261226654053 -0.2599099278450012 -0.14433680474758148 -0.05091523379087448
stairs/seq-04/frame-000239.color.png 0.0743691623210907 -0.9563537240028381 0.18212702870368958 0.9541670083999634 -0.263395220041275 -0.1337154507637024 -0.04804331064224243
stairs/seq-04/frame-000240.color.png 0.055271148681640625 -0.9549461603164673 0.19391655921936035 0.955184817314148 -0.26318448781967163 -0.12777161598205566 -0.04505762830376625
stairs/seq-04/frame-000241.color.png 0.07703275978565216 -0.9581706523895264 0.20157766342163086 0.9553340673446655 -0.2632144093513489 -0.12695439159870148 -0.044015828520059586
stairs/seq-04/frame-000242.color.png 0.06552201509475708 -0.9577618837356567 0.2013365626335144 0.9557496905326843 -0.2678004205226898 -0.11440354585647583 -0.04168296232819557
stairs/seq-04/frame-000243.color.png 0.07167626917362213 -0.9523789286613464 0.20553824305534363 0.9567856192588806 -0.2667813301086426 -0.1063118651509285 -0.04568179324269295
stairs/seq-04/frame-000244.color.png 0.030881203711032867 -0.9523373246192932 0.19971701502799988 0.9565516114234924 -0.2687091827392578 -0.10452964901924133 -0.043334268033504486
stairs/seq-04/frame-000245.color.png 0.03699935972690582 -0.9508758187294006 0.21273455023765564 0.9591118693351746 -0.2657828629016876 -0.08856602758169174 -0.04024796560406685
stairs/seq-04/frame-000246.color.png 0.039397984743118286 -0.9554311037063599 0.2238655984401703 0.9605667591094971 -0.2615930140018463 -0.08536847680807114 -0.03991246223449707
stairs/seq-04/frame-000247.color.png 0.05745431408286095 -0.9498791694641113 0.21002593636512756 0.9597241878509521 -0.2626095712184906 -0.0924164429306984 -0.037749383598566055
stairs/seq-04/frame-000248.color.png 0.046811431646347046 -0.9392713308334351 0.21729084849357605 0.9608360528945923 -0.2630274295806885 -0.08049198240041733 -0.03364245966076851
stairs/seq-04/frame-000249.color.png 0.05572884902358055 -0.9557008743286133 0.21141624450683594 0.9604118466377258 -0.2670135796070099 -0.07448089122772217 -0.027669722214341164
stairs/seq-04/frame-000250.color.png 0.06869025528430939 -0.9532739520072937 0.21667209267616272 0.959333598613739 -0.2681253254413605 -0.08506540209054947 -0.023487722501158714
stairs/seq-04/frame-000251.color.png 0.058848049491643906 -0.9517920613288879 0.2079463005065918 0.9607232213020325 -0.26585161685943604 -0.07523439824581146 -0.025952478870749474
stairs/seq-04/frame-000252.color.png 0.03928321599960327 -0.9400799870491028 0.22639262676239014 0.9619219303131104 -0.2629871964454651 -0.06958267092704773 -0.0265000369399786
stairs/seq-04/frame-000253.color.png 0.062244534492492676 -0.9440393447875977 0.24669459462165833 0.9630300402641296 -0.2607934772968292 -0.0639401450753212 -0.021717974916100502
stairs/seq-04/frame-000254.color.png 0.07486266642808914 -0.9435771107673645 0.2569330334663391 0.9626272916793823 -0.26203039288520813 -0.06530486047267914 -0.02059587463736534
stairs/seq-04/frame-000255.color.png 0.07570673525333405 -0.9461550116539001 0.2782713770866394 0.9635391235351562 -0.26180651783943176 -0.05207175388932228 -0.018398458138108253
stairs/seq-04/frame-000256.color.png 0.0734538733959198 -0.9582799077033997 0.29575955867767334 0.9637637138366699 -0.2618263363838196 -0.04818664491176605 -0.01687251217663288
stairs/seq-04/frame-000257.color.png 0.0758676528930664 -0.9627622961997986 0.2848161458969116 0.964674711227417 -0.258493036031723 -0.04864027723670006 -0.014773468486964703
stairs/seq-04/frame-000258.color.png 0.06606245040893555 -0.9570157527923584 0.289546400308609 0.9656113386154175 -0.2551373839378357 -0.04679832607507706 -0.017592376098036766
stairs/seq-04/frame-000259.color.png 0.06811556220054626 -0.9330896139144897 0.28344178199768066 0.9663217067718506 -0.25383269786834717 -0.039662234485149384 -0.014771925285458565
stairs/seq-04/frame-000260.color.png 0.0730123519897461 -0.9310608506202698 0.26261603832244873 0.9700790643692017 -0.24030157923698425 -0.03139299154281616 -0.014704130589962006
stairs/seq-04/frame-000261.color.png 0.06512890011072159 -0.9444829821586609 0.2857552170753479 0.966785192489624 -0.252790242433548 -0.036118172109127045 -0.010906696319580078
stairs/seq-04/frame-000262.color.png 0.06257425248622894 -0.9271987080574036 0.2603449523448944 0.9676921963691711 -0.2487974762916565 -0.039269931614398956 -0.011376812122762203
stairs/seq-04/frame-000263.color.png 0.05874412879347801 -0.9284083247184753 0.27399614453315735 0.9679164886474609 -0.24720096588134766 -0.04383566230535507 -0.010383064858615398
stairs/seq-04/frame-000264.color.png 0.08881506323814392 -0.9305773377418518 0.2785622179508209 0.9688531160354614 -0.24450434744358063 -0.03759922832250595 -0.01129741407930851
stairs/seq-04/frame-000265.color.png 0.07641659677028656 -0.9275467395782471 0.25716328620910645 0.9711248278617859 -0.23501577973365784 -0.03981801122426987 -0.009932841174304485
stairs/seq-04/frame-000266.color.png 0.064455047249794 -0.9371103644371033 0.27751845121383667 0.9699773788452148 -0.23912130296230316 -0.043041788041591644 -0.010591130703687668
stairs/seq-04/frame-000267.color.png 0.061264969408512115 -0.9289571642875671 0.2809675335884094 0.9709007740020752 -0.23567567765712738 -0.040913332253694534 -0.011620624922215939
stairs/seq-04/frame-000268.color.png 0.04222593829035759 -0.9199268817901611 0.2732561230659485 0.9713872671127319 -0.2334124743938446 -0.04271349310874939 -0.010042643174529076
stairs/seq-04/frame-000269.color.png 0.030810464173555374 -0.9284969568252563 0.3203643560409546 0.9733850955963135 -0.22567136585712433 -0.03912005200982094 -0.007976500317454338
stairs/seq-04/frame-000270.color.png 0.04650355875492096 -0.9267858266830444 0.3411083221435547 0.9738762974739075 -0.22396782040596008 -0.036851149052381516 -0.0067289103753864765
stairs/seq-04/frame-000271.color.png 0.037472326308488846 -0.919194757938385 0.35935136675834656 0.9733085632324219 -0.22670213878154755 -0.03547947108745575 -0.004232093691825867
stairs/seq-04/frame-000272.color.png 0.014328867197036743 -0.9083997011184692 0.36437761783599854 0.9747933149337769 -0.2213049978017807 -0.02832203544676304 -0.00025666956207714975
stairs/seq-04/frame-000273.color.png -0.024190794676542282 -0.8929555416107178 0.3581802248954773 0.9759138822555542 -0.2169577032327652 -0.022646747529506683 0.0029549149330705404
stairs/seq-04/frame-000274.color.png -0.053890909999608994 -0.9020403027534485 0.41582560539245605 0.9759894609451294 -0.21705536544322968 -0.016560664400458336 0.007567368447780609
stairs/seq-04/frame-000275.color.png -0.051454294472932816 -0.9099780917167664 0.473305344581604 0.9757329225540161 -0.21843774616718292 -0.004376594442874193 0.014528862200677395
stairs/seq-04/frame-000276.color.png -0.07025466859340668 -0.9023517370223999 0.48338398337364197 0.9745964407920837 -0.22333982586860657 0.001567387254908681 0.01669534295797348
stairs/seq-04/frame-000277.color.png -0.05291919782757759 -0.9117997884750366 0.4780377149581909 0.9766182899475098 -0.21379773318767548 0.008473901078104973 0.020865652710199356
stairs/seq-04/frame-000278.color.png -0.0801805853843689 -0.9165389537811279 0.4926820993423462 0.974356472492218 -0.22365465760231018 0.010518761351704597 0.02230233885347843
stairs/seq-04/frame-000279.color.png -0.058031197637319565 -0.9266257882118225 0.48843109607696533 0.9735651612281799 -0.22679626941680908 0.014333627186715603 0.02300151064991951
stairs/seq-04/frame-000280.color.png -0.055845845490694046 -0.9538549780845642 0.5271978974342346 0.9736969470977783 -0.22519288957118988 0.02727617509663105 0.021411489695310593
stairs/seq-04/frame-000281.color.png -0.06377889215946198 -0.9566083550453186 0.5180017948150635 0.9733906984329224 -0.22548460960388184 0.03221137076616287 0.025094015523791313
stairs/seq-04/frame-000282.color.png -0.08363588154315948 -0.9430150985717773 0.517333984375 0.9736757278442383 -0.22380250692367554 0.03482932224869728 0.02558998577296734
stairs/seq-04/frame-000283.color.png -0.09615790843963623 -0.940040111541748 0.5224736928939819 0.9736707806587219 -0.22426116466522217 0.03236652538180351 0.02498788759112358
stairs/seq-04/frame-000284.color.png -0.09407617151737213 -0.9288057088851929 0.5211503505706787 0.973829984664917 -0.22260499000549316 0.03751807287335396 0.0263558030128479
stairs/seq-04/frame-000285.color.png -0.13781169056892395 -0.903253436088562 0.5277848839759827 0.9748318791389465 -0.2165401428937912 0.04501362890005112 0.028053173795342445
stairs/seq-04/frame-000286.color.png -0.13287636637687683 -0.894618570804596 0.5400006771087646 0.9758023619651794 -0.2130052000284195 0.04124949499964714 0.02714829333126545
stairs/seq-04/frame-000287.color.png -0.13696151971817017 -0.9042114615440369 0.5367382168769836 0.974312961101532 -0.21711473166942596 0.05209976062178612 0.029342999681830406
stairs/seq-04/frame-000288.color.png -0.12421509623527527 -0.8951178193092346 0.5126201510429382 0.9756202697753906 -0.21003703773021698 0.0568511076271534 0.028592005372047424
stairs/seq-04/frame-000289.color.png -0.10554814338684082 -0.8843718767166138 0.501803457736969 0.9759623408317566 -0.20803849399089813 0.05860770121216774 0.0279756598174572
stairs/seq-04/frame-000290.color.png -0.10067202150821686 -0.8686176538467407 0.4771287441253662 0.9761693477630615 -0.20582810044288635 0.06243455037474632 0.02880941331386566
stairs/seq-04/frame-000291.color.png -0.11582724750041962 -0.8793872594833374 0.4844856560230255 0.9758576154708862 -0.20655317604541779 0.06536631286144257 0.027656879276037216
stairs/seq-04/frame-000292.color.png -0.106545090675354 -0.8781026005744934 0.49411875009536743 0.9757972955703735 -0.20571845769882202 0.0684012696146965 0.028648048639297485
stairs/seq-04/frame-000293.color.png -0.1012822836637497 -0.8779147267341614 0.508674681186676 0.9768807291984558 -0.1993325799703598 0.07236862182617188 0.02707832120358944
stairs/seq-04/frame-000294.color.png -0.10388132929801941 -0.8713098764419556 0.4917738437652588 0.9764882922172546 -0.20162853598594666 0.07102572917938232 0.02778363786637783
stairs/seq-04/frame-000295.color.png -0.11017993092536926 -0.8773402571678162 0.48889225721359253 0.9767857789993286 -0.20058941841125488 0.0702342540025711 0.026840681210160255
stairs/seq-04/frame-000296.color.png -0.11169883608818054 -0.8720606565475464 0.4926246404647827 0.9765120148658752 -0.20269447565078735 0.06804300844669342 0.02663697488605976
stairs/seq-04/frame-000297.color.png -0.12415269017219543 -0.8753233551979065 0.5145506262779236 0.9759135842323303 -0.20521239936351776 0.0687674880027771 0.02741662599146366
stairs/seq-04/frame-000298.color.png -0.09556978940963745 -0.8885164260864258 0.5060920715332031 0.9759110808372498 -0.20603178441524506 0.06619223207235336 0.027691148221492767
stairs/seq-04/frame-000299.color.png -0.1097969114780426 -0.8883482813835144 0.5197125673294067 0.9763665795326233 -0.20569759607315063 0.06096228212118149 0.02607952430844307
stairs/seq-04/frame-000300.color.png -0.1306171715259552 -0.8851513862609863 0.5139531493186951 0.9762491583824158 -0.20752757787704468 0.057139791548252106 0.024596238508820534
stairs/seq-04/frame-000301.color.png -0.10749529302120209 -0.9192124009132385 0.5652560591697693 0.9781795144081116 -0.20137031376361847 0.046944186091423035 0.020273994654417038
stairs/seq-04/frame-000302.color.png -0.0901222676038742 -0.9357451796531677 0.5902944803237915 0.9795541763305664 -0.19308416545391083 0.05276119336485863 0.020212499424815178
stairs/seq-04/frame-000303.color.png -0.13082152605056763 -0.9275845289230347 0.6301277875900269 0.9787651896476746 -0.19875067472457886 0.044422902166843414 0.02331540919840336
stairs/seq-04/frame-000304.color.png -0.1255749762058258 -0.9013144969940186 0.5672294497489929 0.9778016805648804 -0.2049081027507782 0.03738649562001228 0.022778190672397614
stairs/seq-04/frame-000305.color.png -0.06824584305286407 -0.9502077698707581 0.5665630102157593 0.9775089621543884 -0.2045573741197586 0.04507977142930031 0.024501221254467964
stairs/seq-04/frame-000306.color.png -0.08119763433933258 -0.9489772915840149 0.5729475617408752 0.9767231345176697 -0.20847304165363312 0.04338682442903519 0.025856096297502518
stairs/seq-04/frame-000307.color.png -0.08033639192581177 -0.9451930522918701 0.5902727246284485 0.9770394563674927 -0.20814485847949982 0.038480244576931 0.024263005703687668
stairs/seq-04/frame-000308.color.png -0.09934617578983307 -0.9104247689247131 0.5647172331809998 0.97642982006073 -0.21202056109905243 0.033171676099300385 0.023057088255882263
stairs/seq-04/frame-000309.color.png -0.10358145833015442 -0.9200950860977173 0.6175877451896667 0.9774830341339111 -0.2075187861919403 0.03210025653243065 0.02079443261027336
stairs/seq-04/frame-000310.color.png -0.11673440039157867 -0.9050935506820679 0.5805923342704773 0.9775728583335876 -0.20572079718112946 0.039851631969213486 0.021025195717811584
stairs/seq-04/frame-000311.color.png -0.13194574415683746 -0.8958635330200195 0.5174835324287415 0.9781032204627991 -0.20473997294902802 0.031630877405405045 0.01987338997423649
stairs/seq-04/frame-000312.color.png -0.13902100920677185 -0.8830726146697998 0.5080408453941345 0.977423906326294 -0.2093944549560547 0.022592445835471153 0.016907572746276855
stairs/seq-04/frame-000313.color.png -0.1210448145866394 -0.8858242630958557 0.5227307677268982 0.9785455465316772 -0.20442652702331543 0.018618062138557434 0.017653681337833405
stairs/seq-04/frame-000314.color.png -0.1104552149772644 -0.8879076838493347 0.518992006778717 0.977941632270813 -0.20736537873744965 0.01707974262535572 0.018383683636784554
stairs/seq-04/frame-000315.color.png -0.11152142286300659 -0.8977692127227783 0.5168107151985168 0.9787530303001404 -0.20365723967552185 0.016686037182807922 0.016966644674539566
stairs/seq-04/frame-000316.color.png -0.12063777446746826 -0.8972153067588806 0.5226762294769287 0.9793465733528137 -0.20126143097877502 0.01276765950024128 0.014533117413520813
stairs/seq-04/frame-000317.color.png -0.10672596096992493 -0.8935191035270691 0.5284879207611084 0.9785490036010742 -0.2046227753162384 0.0167081356048584 0.01709599792957306
stairs/seq-04/frame-000318.color.png -0.11094450950622559 -0.9040150046348572 0.532872200012207 0.9791783094406128 -0.20193873345851898 0.01564759947359562 0.013624136336147785
stairs/seq-04/frame-000319.color.png -0.07476550340652466 -0.925938069820404 0.5853927731513977 0.9791882038116455 -0.2019003927707672 0.01222394872456789 0.01665365695953369
stairs/seq-04/frame-000320.color.png -0.06272523105144501 -0.8937089443206787 0.5739130973815918 0.9778825640678406 -0.20820800960063934 0.012005014345049858 0.015839310362935066
stairs/seq-04/frame-000321.color.png -0.08400920033454895 -0.884921669960022 0.5820066332817078 0.9787667989730835 -0.20398136973381042 0.011000744067132473 0.016910778358578682
stairs/seq-04/frame-000322.color.png -0.0688861757516861 -0.905511200428009 0.5772917866706848 0.9799526929855347 -0.19813580811023712 0.011184419505298138 0.0176077950745821
stairs/seq-04/frame-000323.color.png -0.04684581235051155 -0.8995618224143982 0.5862502455711365 0.9798665046691895 -0.1982889324426651 0.014655138365924358 0.018123196437954903
stairs/seq-04/frame-000324.color.png -0.045429814606904984 -0.8884287476539612 0.5482993721961975 0.9794509410858154 -0.20047566294670105 0.012736431322991848 0.017969761043787003
stairs/seq-04/frame-000325.color.png -0.05495144799351692 -0.9151589870452881 0.6004614233970642 0.9794729948043823 -0.20045550167560577 0.012178768403828144 0.017376970499753952
stairs/seq-04/frame-000326.color.png -0.04597671702504158 -0.8875880241394043 0.5527274012565613 0.9803322553634644 -0.19608347117900848 0.013574796728789806 0.017763379961252213
stairs/seq-04/frame-000327.color.png -0.04633978381752968 -0.9069388508796692 0.5809677243232727 0.9775890707969666 -0.20893594622612 0.019385339692234993 0.017016712576150894
stairs/seq-04/frame-000328.color.png -0.04154996946454048 -0.9076820611953735 0.5874574780464172 0.9776665568351746 -0.20759062469005585 0.027159912511706352 0.018347809091210365
stairs/seq-04/frame-000329.color.png -0.03267877921462059 -0.9283016324043274 0.6006296277046204 0.9787405729293823 -0.20279227197170258 0.02686990424990654 0.014836703427135944
stairs/seq-04/frame-000330.color.png -0.03697947785258293 -0.9698485732078552 0.6359961032867432 0.9788752198219299 -0.2020644247531891 0.026673153042793274 0.016174226999282837
stairs/seq-04/frame-000331.color.png -0.030585691332817078 -0.9287808537483215 0.591338574886322 0.978792130947113 -0.2025572806596756 0.025961859151721 0.01620228961110115
stairs/seq-04/frame-000332.color.png -0.05852310732007027 -0.9399484992027283 0.6374828815460205 0.9788554906845093 -0.20265279710292816 0.023936407640576363 0.014179541729390621
stairs/seq-04/frame-000333.color.png -0.05093202367424965 -0.9256018996238708 0.5796376466751099 0.9796518683433533 -0.19902817904949188 0.022923583164811134 0.012017956003546715
stairs/seq-04/frame-000334.color.png -0.03579966723918915 -0.9110148549079895 0.5740391612052917 0.9803110957145691 -0.1949559599161148 0.029004890471696854 0.011878051795065403
stairs/seq-04/frame-000335.color.png -0.05074984207749367 -0.8914440274238586 0.5556355118751526 0.9798409938812256 -0.19755209982395172 0.026734519749879837 0.01303602010011673
stairs/seq-04/frame-000336.color.png -0.06607773900032043 -0.8789682984352112 0.48551222681999207 0.9813922643661499 -0.18960511684417725 0.028708595782518387 0.009745629504323006
stairs/seq-04/frame-000337.color.png -0.07159258425235748 -0.885706901550293 0.5130962133407593 0.9815298914909363 -0.18909147381782532 0.027494188398122787 0.009362381882965565
stairs/seq-04/frame-000338.color.png -0.06492765247821808 -0.9074639678001404 0.5401389598846436 0.9821575284004211 -0.18606886267662048 0.026002448052167892 0.008312903344631195
stairs/seq-04/frame-000339.color.png -0.06326200067996979 -0.8950567841529846 0.51772540807724 0.9805974364280701 -0.1941574364900589 0.025309696793556213 0.009542029350996017
stairs/seq-04/frame-000340.color.png -0.036110468208789825 -0.9175118803977966 0.5502797365188599 0.9810851812362671 -0.19182570278644562 0.024782786145806313 0.0077819181606173515
stairs/seq-04/frame-000341.color.png -0.029381468892097473 -0.9458605051040649 0.5932809710502625 0.9801130890846252 -0.19724971055984497 0.019549809396266937 0.009424409829080105
stairs/seq-04/frame-000342.color.png -0.04433877393603325 -0.9563854932785034 0.6328481435775757 0.9802022576332092 -0.1970985382795334 0.017190663143992424 0.007777500431984663
stairs/seq-04/frame-000343.color.png -0.04240622743964195 -0.9883172512054443 0.6811557412147522 0.9794418215751648 -0.2012133002281189 0.01267628651112318 0.006792432628571987
stairs/seq-04/frame-000344.color.png -0.03923669829964638 -0.9847050309181213 0.6900802850723267 0.9803632497787476 -0.19656981527805328 0.014549138955771923 0.006027055438607931
stairs/seq-04/frame-000345.color.png -0.025828290730714798 -0.9767022728919983 0.678338348865509 0.9815420508384705 -0.19087263941764832 0.011137536726891994 0.004332239273935556
stairs/seq-04/frame-000346.color.png -0.03374514728784561 -0.9566547870635986 0.6678526997566223 0.9836043119430542 -0.17969800531864166 0.015048656612634659 0.002175502944737673
stairs/seq-04/frame-000347.color.png -0.038475703448057175 -0.9589047431945801 0.6491560935974121 0.9833968281745911 -0.18100982904434204 0.012831213884055614 0.0012019715504720807
stairs/seq-04/frame-000348.color.png -0.03943188488483429 -0.953630805015564 0.663064181804657 0.9830927848815918 -0.18279987573623657 0.010627925395965576 -6.797593232477084e-05
stairs/seq-04/frame-000349.color.png -0.0681111067533493 -0.9174700975418091 0.6351960897445679 0.9829664826393127 -0.18342716991901398 0.011425559408962727 -0.0008892471087165177
stairs/seq-04/frame-000350.color.png -0.04999126121401787 -0.9700445532798767 0.6954823732376099 0.9834846258163452 -0.18051286041736603 0.013157580979168415 0.00018359581008553505
stairs/seq-04/frame-000351.color.png -0.03982241824269295 -0.9544676542282104 0.649933397769928 0.983161211013794 -0.18213477730751038 0.014846723526716232 0.0007204104913398623
stairs/seq-04/frame-000352.color.png -0.056989941745996475 -0.9916311502456665 0.7319819331169128 0.9820692539215088 -0.18817953765392303 0.010796626098453999 0.003449068870395422
stairs/seq-04/frame-000353.color.png -0.06825084984302521 -1.0088317394256592 0.7531118988990784 0.9815860986709595 -0.19043105840682983 0.013638288713991642 0.0062384228222072124
stairs/seq-04/frame-000354.color.png -0.06369702517986298 -1.0124542713165283 0.7607872486114502 0.9802181720733643 -0.19737865030765533 0.011840933933854103 0.008595576509833336
stairs/seq-04/frame-000355.color.png -0.04316696152091026 -1.005919337272644 0.7271155714988708 0.9796744585037231 -0.19956234097480774 0.018543511629104614 0.008308458141982555
stairs/seq-04/frame-000356.color.png -0.041189271956682205 -1.0383418798446655 0.7594696283340454 0.9808909893035889 -0.19294509291648865 0.023708034306764603 0.007944694720208645
stairs/seq-04/frame-000357.color.png -0.05639355257153511 -0.9761127829551697 0.6946766972541809 0.9805386662483215 -0.19463446736335754 0.024194005876779556 0.008722168393433094
stairs/seq-04/frame-000358.color.png -0.0788441151380539 -1.0185754299163818 0.7753368616104126 0.9793588519096375 -0.20066142082214355 0.022766754031181335 0.008534648455679417
stairs/seq-04/frame-000359.color.png -0.06403520703315735 -1.0356097221374512 0.792059063911438 0.9792726635932922 -0.20118147134780884 0.021953899413347244 0.008309191092848778
stairs/seq-04/frame-000360.color.png -0.09103074669837952 -0.9961717128753662 0.7434313893318176 0.9786840081214905 -0.20442327857017517 0.01544409804046154 0.012260611169040203
stairs/seq-04/frame-000361.color.png -0.0673564225435257 -1.0777531862258911 0.862202525138855 0.9776008725166321 -0.20927368104457855 0.018635325133800507 0.012403411790728569
stairs/seq-04/frame-000362.color.png -0.08053918182849884 -1.0809292793273926 0.8669697046279907 0.9777498245239258 -0.20852699875831604 0.018754923716187477 0.013032305054366589
stairs/seq-04/frame-000363.color.png -0.07193906605243683 -1.0677217245101929 0.8626828789710999 0.9772851467132568 -0.21112290024757385 0.012735518626868725 0.013368954882025719
stairs/seq-04/frame-000364.color.png -0.054508041590452194 -1.0995310544967651 0.8950029611587524 0.9788454174995422 -0.20387832820415497 0.013452976942062378 0.010690102353692055
stairs/seq-04/frame-000365.color.png -0.038249555975198746 -1.0161123275756836 0.7404842972755432 0.9790909290313721 -0.20269237458705902 0.015356899239122868 0.007812971249222755
stairs/seq-04/frame-000366.color.png -0.03380011022090912 -1.0648908615112305 0.82747882604599 0.9770381450653076 -0.21272122859954834 0.009080409072339535 0.00798243097960949
stairs/seq-04/frame-000367.color.png -0.027790095657110214 -1.079793095588684 0.861291229724884 0.977534294128418 -0.2100510150194168 0.015150869265198708 0.008701267652213573
stairs/seq-04/frame-000368.color.png -0.02866712585091591 -1.0791380405426025 0.8565927147865295 0.9773502349853516 -0.2108680009841919 0.015384837053716183 0.009185880422592163
stairs/seq-04/frame-000369.color.png -0.022921349853277206 -1.0775258541107178 0.8541838526725769 0.9771555066108704 -0.21197503805160522 0.012968942523002625 0.008093761280179024
stairs/seq-04/frame-000370.color.png -0.028651829808950424 -1.0864607095718384 0.8729687929153442 0.9788724780082703 -0.2034890353679657 0.017467906698584557 0.009788059629499912
stairs/seq-04/frame-000371.color.png -0.03563283011317253 -1.0917450189590454 0.8699285984039307 0.9783614277839661 -0.20592445135116577 0.01753374934196472 0.009842217899858952
stairs/seq-04/frame-000372.color.png -0.02904614433646202 -1.1050682067871094 0.888520359992981 0.9779185056686401 -0.2082723081111908 0.014619197696447372 0.00917226541787386
stairs/seq-04/frame-000373.color.png -0.024152297526597977 -1.105614185333252 0.8942670822143555 0.9792255163192749 -0.2023279219865799 0.010799027979373932 0.00800673570483923
stairs/seq-04/frame-000374.color.png -0.01839607208967209 -1.1107096672058105 0.8934538960456848 0.9790151715278625 -0.20320233702659607 0.01271052099764347 0.008751248940825462
stairs/seq-04/frame-000375.color.png -0.018749799579381943 -1.0878161191940308 0.8643736839294434 0.9783137440681458 -0.20675726234912872 0.009844410233199596 0.007541843689978123
stairs/seq-04/frame-000376.color.png -0.012549635022878647 -1.1011730432510376 0.8924263119697571 0.9782546758651733 -0.2071966826915741 0.006976907607167959 0.00622287392616272
stairs/seq-04/frame-000377.color.png -0.024860437959432602 -1.0780928134918213 0.8593503832817078 0.9789637923240662 -0.20368380844593048 0.009880779311060905 0.006710628513246775
stairs/seq-04/frame-000378.color.png -0.03295198082923889 -1.0295205116271973 0.8010307550430298 0.9786128401756287 -0.20570693910121918 0.0011511024786159396 0.00032532293698750436
stairs/seq-04/frame-000379.color.png -0.030790165066719055 -0.9940974712371826 0.7483357191085815 0.9788745045661926 -0.20441432297229767 -0.003089043078944087 -0.00312430621124804
stairs/seq-04/frame-000380.color.png -0.04756873473525047 -0.9824390411376953 0.7322263717651367 0.978919267654419 -0.20396053791046143 -0.00885620154440403 -0.006223834119737148
stairs/seq-04/frame-000381.color.png -0.039994414895772934 -1.009779691696167 0.7794557213783264 0.9780261516571045 -0.2082798331975937 -0.008699435740709305 -0.002934691496193409
stairs/seq-04/frame-000382.color.png -0.046544481068849564 -0.9959748983383179 0.7625013589859009 0.9771662354469299 -0.21208509802818298 -0.012594686821103096 -0.0027625884395092726
stairs/seq-04/frame-000383.color.png -0.03501175343990326 -1.0296930074691772 0.7911004424095154 0.9774575233459473 -0.21049362421035767 -0.01575971581041813 -0.0045699928887188435
stairs/seq-04/frame-000384.color.png -0.03972987085580826 -0.9847186803817749 0.7328472137451172 0.9767787456512451 -0.21372810006141663 -0.013590751215815544 -0.006224532146006823
stairs/seq-04/frame-000385.color.png -0.03709321841597557 -0.9844493269920349 0.7170695662498474 0.9765791893005371 -0.21417634189128876 -0.0182922575622797 -0.00932372733950615
stairs/seq-04/frame-000386.color.png -0.04485012963414192 -0.9853891134262085 0.7342008948326111 0.9767267107963562 -0.21310748159885406 -0.02211649902164936 -0.01006012037396431
stairs/seq-04/frame-000387.color.png -0.03822580352425575 -0.9964940547943115 0.7412881255149841 0.9775356650352478 -0.20932939648628235 -0.022176865488290787 -0.010653168894350529
stairs/seq-04/frame-000388.color.png -0.030171602964401245 -0.9585167169570923 0.6941275000572205 0.977438747882843 -0.20860734581947327 -0.030277270823717117 -0.013415643014013767
stairs/seq-04/frame-000389.color.png -0.018112357705831528 -0.9863529205322266 0.724480390548706 0.9774996638298035 -0.20819832384586334 -0.03094327449798584 -0.013799537904560566
stairs/seq-04/frame-000390.color.png -0.028146635740995407 -0.9748014211654663 0.7389435172080994 0.9770547747612 -0.21062584221363068 -0.02899632789194584 -0.012647557072341442
stairs/seq-04/frame-000391.color.png -0.0184653177857399 -1.0038223266601562 0.7795297503471375 0.9742120504379272 -0.22318729758262634 -0.031054312363266945 -0.011570434086024761
stairs/seq-04/frame-000392.color.png -0.01524335891008377 -1.0084184408187866 0.7839255928993225 0.9741089344024658 -0.2233109027147293 -0.03292763605713844 -0.01263859961181879
stairs/seq-04/frame-000393.color.png -0.01598959043622017 -1.012602686882019 0.8001922965049744 0.9747583866119385 -0.22069941461086273 -0.031377214938402176 -0.012386640533804893
stairs/seq-04/frame-000394.color.png -0.019687972962856293 -1.0173734426498413 0.7609818577766418 0.9760676622390747 -0.21443961560726166 -0.03423372656106949 -0.011640225537121296
stairs/seq-04/frame-000395.color.png -0.019679654389619827 -1.0369532108306885 0.7776610255241394 0.9749340415000916 -0.21849721670150757 -0.04004478454589844 -0.012610635720193386
stairs/seq-04/frame-000396.color.png -0.030253253877162933 -1.0166281461715698 0.7648431062698364 0.9739530086517334 -0.22519217431545258 -0.024665068835020065 -0.009779015555977821
stairs/seq-04/frame-000397.color.png -0.02219943329691887 -1.036028265953064 0.7793362140655518 0.9740205407142639 -0.22449594736099243 -0.028509411960840225 -0.008529932238161564
stairs/seq-04/frame-000398.color.png -0.021847043186426163 -1.0279853343963623 0.7762007713317871 0.9746386408805847 -0.22097982466220856 -0.033403363078832626 -0.011481300927698612
stairs/seq-04/frame-000399.color.png -0.016063567250967026 -1.016735315322876 0.7560182809829712 0.9748126268386841 -0.220185324549675 -0.03377915173768997 -0.010850450024008751
stairs/seq-04/frame-000400.color.png -0.020313799381256104 -1.031206727027893 0.7928342223167419 0.9739774465560913 -0.22415420413017273 -0.03168460354208946 -0.010908902622759342
stairs/seq-04/frame-000401.color.png -0.023838050663471222 -1.0123767852783203 0.7917183637619019 0.9736267328262329 -0.2262835055589676 -0.026914222165942192 -0.011065704748034477
stairs/seq-04/frame-000402.color.png -0.03278885409235954 -1.0494728088378906 0.8400411009788513 0.9727522134780884 -0.22991128265857697 -0.02802193909883499 -0.010424208827316761
stairs/seq-04/frame-000403.color.png -0.02858791872859001 -1.0681860446929932 0.8659802675247192 0.9740699529647827 -0.2244972288608551 -0.026057299226522446 -0.010481340810656548
stairs/seq-04/frame-000404.color.png -0.01695265993475914 -1.0751885175704956 0.8787005543708801 0.9738873243331909 -0.22487816214561462 -0.029162773862481117 -0.011088661849498749
stairs/seq-04/frame-000405.color.png -0.018238820135593414 -1.078350305557251 0.8736758828163147 0.9751848578453064 -0.2198696732521057 -0.023555979132652283 -0.010809313505887985
stairs/seq-04/frame-000406.color.png -0.009021826088428497 -1.0845434665679932 0.8797866702079773 0.9749135375022888 -0.22144754230976105 -0.020660623908042908 -0.008821284398436546
stairs/seq-04/frame-000407.color.png -0.007603485137224197 -1.0932188034057617 0.8810046315193176 0.9748338460922241 -0.22152259945869446 -0.023194829002022743 -0.009421045891940594
stairs/seq-04/frame-000408.color.png -0.006127685308456421 -1.0952661037445068 0.8880978226661682 0.9752818942070007 -0.2198057621717453 -0.02073846384882927 -0.00897789467126131
stairs/seq-04/frame-000409.color.png -0.013203766196966171 -1.1005887985229492 0.8979383111000061 0.9755713939666748 -0.21911367774009705 -0.014126713387668133 -0.007081927731633186
stairs/seq-04/frame-000410.color.png -0.009329818189144135 -1.1107264757156372 0.8987460732460022 0.9748522043228149 -0.22163815796375275 -0.02194579690694809 -0.007615319453179836
stairs/seq-04/frame-000411.color.png -0.02141343429684639 -1.1066887378692627 0.9176763892173767 0.9742011427879333 -0.22451288998126984 -0.022342493757605553 -0.0051886956207454205
stairs/seq-04/frame-000412.color.png -0.015108436346054077 -1.1142932176589966 0.9160577058792114 0.9736804962158203 -0.2262832522392273 -0.026708001270890236 -0.005381891503930092
stairs/seq-04/frame-000413.color.png -0.016812320798635483 -1.1207833290100098 0.9189195036888123 0.9732038974761963 -0.2289869785308838 -0.020124154165387154 -0.005840644706040621
stairs/seq-04/frame-000414.color.png -0.01630403846502304 -1.1309274435043335 0.9526000618934631 0.973987877368927 -0.22528591752052307 -0.02367902547121048 -0.005761697888374329
stairs/seq-04/frame-000415.color.png -0.0162777379155159 -1.1277061700820923 0.9468958973884583 0.974010705947876 -0.22504830360412598 -0.025040235370397568 -0.005421027075499296
stairs/seq-04/frame-000416.color.png -0.01761433854699135 -1.1220284700393677 0.9437844157218933 0.9739157557487488 -0.22567476332187653 -0.02319892682135105 -0.004574529826641083
stairs/seq-04/frame-000417.color.png -0.02497168257832527 -1.1463321447372437 0.9784894585609436 0.9736940860748291 -0.2260037213563919 -0.028717223554849625 -0.004172885324805975
stairs/seq-04/frame-000418.color.png -0.02461106702685356 -1.1392072439193726 0.9706897735595703 0.9743903875350952 -0.22319965064525604 -0.027047062292695045 -0.003702411660924554
stairs/seq-04/frame-000419.color.png -0.01659361645579338 -1.1356006860733032 0.9625129103660583 0.9738229513168335 -0.2261890470981598 -0.022331412881612778 -0.002993857953697443
stairs/seq-04/frame-000420.color.png -0.01767488569021225 -1.1216233968734741 0.9637562036514282 0.9749570488929749 -0.22033457458019257 -0.030066682025790215 -0.002706678118556738
stairs/seq-04/frame-000421.color.png -0.015122249722480774 -1.1459758281707764 0.9849610924720764 0.9748638272285461 -0.2207699865102768 -0.029871677979826927 -0.0029899845831096172
stairs/seq-04/frame-000422.color.png -0.020725179463624954 -1.1453949213027954 0.9863243699073792 0.9746910333633423 -0.22145144641399384 -0.03042755089700222 -0.003279188647866249
stairs/seq-04/frame-000423.color.png -0.009922627359628677 -1.1350409984588623 0.9809280633926392 0.9751331210136414 -0.2191271334886551 -0.03299739956855774 -0.0031216484494507313
stairs/seq-04/frame-000424.color.png -0.0009695887565612793 -1.1599152088165283 1.0027436017990112 0.9753482341766357 -0.2194678783416748 -0.022911932319402695 -0.002144936937838793
stairs/seq-04/frame-000425.color.png -0.0055670663714408875 -1.1469265222549438 0.9853497743606567 0.9746750593185425 -0.22223201394081116 -0.024747172370553017 -0.0029631603974848986
stairs/seq-04/frame-000426.color.png -0.004437603056430817 -1.1426361799240112 0.9746142029762268 0.9743818640708923 -0.2240867018699646 -0.018865175545215607 -0.003008263884112239
stairs/seq-04/frame-000427.color.png -0.01056581735610962 -1.1644247770309448 0.9937512278556824 0.9734359979629517 -0.22858887910842896 -0.012978739105165005 -0.000942885410040617
stairs/seq-04/frame-000428.color.png -0.009224258363246918 -1.1576650142669678 0.9870769381523132 0.9736534357070923 -0.22762428224086761 -0.013637008145451546 -0.000524476170539856
stairs/seq-04/frame-000429.color.png -0.013240445405244827 -1.1565563678741455 0.9889295697212219 0.9739780426025391 -0.22612619400024414 -0.015244624577462673 -0.0011627384228631854
stairs/seq-04/frame-000430.color.png -0.006595266982913017 -1.1531912088394165 0.9855211973190308 0.9744946360588074 -0.22379836440086365 -0.016566144302487373 -0.00010138377547264099
stairs/seq-04/frame-000431.color.png -0.0015212967991828918 -1.1658331155776978 0.998757541179657 0.9738861918449402 -0.22647127509117126 -0.016011906787753105 -0.0005325041711330414
stairs/seq-04/frame-000432.color.png 0.0006358623504638672 -1.1450563669204712 0.9808745980262756 0.9744197726249695 -0.22414346039295197 -0.01625874638557434 -0.001182834035716951
stairs/seq-04/frame-000433.color.png -0.00883135199546814 -1.154762864112854 0.9938058257102966 0.9754708409309387 -0.21923568844795227 -0.019752588123083115 0.0014471296453848481
stairs/seq-04/frame-000434.color.png -0.002866724506020546 -1.1630181074142456 1.0041053295135498 0.9750810861587524 -0.2214297354221344 -0.01333881076425314 0.0028137105982750654
stairs/seq-04/frame-000435.color.png -0.0006070993840694427 -1.158195972442627 1.007836937904358 0.9743709564208984 -0.2246643304824829 -0.010867839679121971 0.0030109200160950422
stairs/seq-04/frame-000436.color.png -0.021264780312776566 -1.1391897201538086 0.9946479201316833 0.9731490015983582 -0.23010815680027008 -0.0052699376828968525 0.0018759452505037189
stairs/seq-04/frame-000437.color.png -0.0024617575109004974 -1.1601369380950928 1.00802481174469 0.9725255966186523 -0.23242811858654022 -0.01277613639831543 0.0027712483424693346
stairs/seq-04/frame-000438.color.png -0.009848307818174362 -1.1696596145629883 1.033748745918274 0.9737335443496704 -0.22689615190029144 -0.018623510375618935 0.003772975876927376
stairs/seq-04/frame-000439.color.png -0.017164375633001328 -1.1596405506134033 1.0235596895217896 0.9725401401519775 -0.23247654736042023 -0.010213903151452541 0.004001971799880266
stairs/seq-04/frame-000440.color.png -0.010303124785423279 -1.1872209310531616 1.0561728477478027 0.9730809330940247 -0.230083167552948 -0.012240882031619549 0.005054488778114319
stairs/seq-04/frame-000441.color.png -0.009021524339914322 -1.1728830337524414 1.0349184274673462 0.9724687933921814 -0.23279806971549988 -0.00803106464445591 0.006712188944220543
stairs/seq-04/frame-000442.color.png -0.010698672384023666 -1.1633433103561401 1.0167572498321533 0.9722240567207336 -0.2338208556175232 -0.007767251692712307 0.00691504729911685
stairs/seq-04/frame-000443.color.png -0.011750727891921997 -1.1564213037490845 1.0027966499328613 0.9712784886360168 -0.23754629492759705 -0.012402107007801533 0.005997779779136181
stairs/seq-04/frame-000444.color.png -0.0007311925292015076 -1.2023818492889404 1.0498358011245728 0.9709076881408691 -0.23893244564533234 -0.014546017162501812 0.006160336080938578
stairs/seq-04/frame-000445.color.png -0.0025185272097587585 -1.2004035711288452 1.0564522743225098 0.9705702662467957 -0.24031193554401398 -0.013574056327342987 0.007722916547209024
stairs/seq-04/frame-000446.color.png -0.0016391314566135406 -1.1711163520812988 1.0098074674606323 0.9712908267974854 -0.23759396374225616 -0.008778804913163185 0.008136843331158161
stairs/seq-04/frame-000447.color.png 0.004072166979312897 -1.1823539733886719 1.0270839929580688 0.9720736742019653 -0.23395924270153046 -0.016878193244338036 0.007125668227672577
stairs/seq-04/frame-000448.color.png -0.0014965496957302094 -1.1882622241973877 1.0380302667617798 0.9717440009117126 -0.23554812371730804 -0.013235011138021946 0.007447570096701384
stairs/seq-04/frame-000449.color.png -0.006807373836636543 -1.1764737367630005 1.029710054397583 0.9705229997634888 -0.24061380326747894 -0.011557251214981079 0.0075302729383111
stairs/seq-04/frame-000450.color.png -0.006118886172771454 -1.1901201009750366 1.0330491065979004 0.9722996354103088 -0.23339076340198517 -0.009763357229530811 0.008170198649168015
stairs/seq-04/frame-000451.color.png -0.00963205099105835 -1.1745201349258423 1.0193527936935425 0.971000075340271 -0.23885944485664368 -0.00485789543017745 0.00902903638780117
stairs/seq-04/frame-000452.color.png -0.012100324034690857 -1.174010157585144 1.0090746879577637 0.9714917540550232 -0.23670099675655365 -0.00771311717107892 0.010816920548677444
stairs/seq-04/frame-000453.color.png -0.01541740819811821 -1.171264886856079 1.0170272588729858 0.971668541431427 -0.23588356375694275 -0.008965377695858479 0.011781732551753521
stairs/seq-04/frame-000454.color.png -0.01704392582178116 -1.1871956586837769 1.0450762510299683 0.9721836447715759 -0.23366546630859375 -0.011282665655016899 0.0114997997879982
stairs/seq-04/frame-000455.color.png -0.020784903317689896 -1.2060481309890747 1.0692070722579956 0.971676766872406 -0.23586434125900269 -0.008969487622380257 0.011484246701002121
stairs/seq-04/frame-000456.color.png -0.014312457293272018 -1.1885195970535278 1.0354923009872437 0.9722750186920166 -0.233287051320076 -0.010252170264720917 0.012380811385810375
stairs/seq-04/frame-000457.color.png -0.018120039254426956 -1.190783143043518 1.0507614612579346 0.9707559943199158 -0.23948000371456146 -0.010701701045036316 0.012944548390805721
stairs/seq-04/frame-000458.color.png -0.021124545484781265 -1.197068691253662 1.0582159757614136 0.9701287746429443 -0.24189557135105133 -0.012561779469251633 0.01337459310889244
stairs/seq-04/frame-000459.color.png -0.021609384566545486 -1.1986382007598877 1.0728228092193604 0.9702308177947998 -0.24140627682209015 -0.013225264847278595 0.014151208102703094
stairs/seq-04/frame-000460.color.png -0.01809528097510338 -1.2214667797088623 1.0917872190475464 0.970443606376648 -0.2406846135854721 -0.01120090764015913 0.013592354021966457
stairs/seq-04/frame-000461.color.png -0.021890822798013687 -1.1946351528167725 1.0378438234329224 0.9705425500869751 -0.2405547946691513 -0.011147876270115376 0.007512115873396397
stairs/seq-04/frame-000462.color.png -0.019505616277456284 -1.2122045755386353 1.0626482963562012 0.9714323878288269 -0.23713961243629456 -0.0021415066439658403 0.008912602439522743
stairs/seq-04/frame-000463.color.png -0.015110421925783157 -1.2162195444107056 1.0668007135391235 0.9713876247406006 -0.23719152808189392 -0.006963648833334446 0.009893168695271015
stairs/seq-04/frame-000464.color.png -0.017245128750801086 -1.2283387184143066 1.1022605895996094 0.9709246754646301 -0.23913168907165527 -0.00440310500562191 0.01009813230484724
stairs/seq-04/frame-000465.color.png -0.014764823019504547 -1.2366399765014648 1.1200096607208252 0.9708899259567261 -0.23927506804466248 0.000936620170250535 0.010918623767793179
stairs/seq-04/frame-000466.color.png -0.017888665199279785 -1.2301502227783203 1.1177177429199219 0.9705641269683838 -0.24057190120220184 0.0014862286625429988 0.011326692998409271
stairs/seq-04/frame-000467.color.png -0.019949711859226227 -1.2280194759368896 1.1200741529464722 0.971045196056366 -0.23841112852096558 0.008008747361600399 0.012931841425597668
stairs/seq-04/frame-000468.color.png -0.004624757915735245 -1.2390743494033813 1.123044729232788 0.9717233777046204 -0.2357083261013031 -0.0005519398837350309 0.013960319571197033
stairs/seq-04/frame-000469.color.png -0.0015348270535469055 -1.2405093908309937 1.1217986345291138 0.9708383679389954 -0.23922044038772583 0.0008205327903851867 0.015681367367506027
stairs/seq-04/frame-000470.color.png -0.009775463491678238 -1.2459568977355957 1.1425210237503052 0.9702259302139282 -0.2416473925113678 0.0073031592182815075 0.0146630322560668
stairs/seq-04/frame-000471.color.png -0.007653132081031799 -1.2274266481399536 1.1212173700332642 0.9707298278808594 -0.2396734058856964 0.0024053759407252073 0.015313887037336826
stairs/seq-04/frame-000472.color.png 0.0007727853953838348 -1.2234091758728027 1.1212007999420166 0.9716936349868774 -0.23581819236278534 -0.004661455750465393 0.013400783762335777
stairs/seq-04/frame-000473.color.png -0.015846963971853256 -1.2464964389801025 1.1519557237625122 0.9709370732307434 -0.23882751166820526 -0.0008149136556312442 0.015561316162347794
stairs/seq-04/frame-000474.color.png -0.00870458409190178 -1.2344862222671509 1.131858468055725 0.9705214500427246 -0.24029672145843506 0.007289082743227482 0.01710423082113266
stairs/seq-04/frame-000475.color.png -0.009993772953748703 -1.235042691230774 1.1361836194992065 0.9715879559516907 -0.23617708683013916 -0.005842792801558971 0.014255656860768795
stairs/seq-04/frame-000476.color.png -0.008220236748456955 -1.2346522808074951 1.1423462629318237 0.9717796444892883 -0.23548738658428192 -0.002130173845216632 0.013610818423330784
stairs/seq-04/frame-000477.color.png -0.004827231168746948 -1.230058193206787 1.1363011598587036 0.9708972573280334 -0.23906278610229492 0.0009693591273389757 0.014370224438607693
stairs/seq-04/frame-000478.color.png -0.009787477552890778 -1.2317352294921875 1.1504775285720825 0.9724187254905701 -0.2327396422624588 0.0026678750291466713 0.015062001533806324
stairs/seq-04/frame-000479.color.png -0.014714311808347702 -1.2410646677017212 1.136459231376648 0.9713302254676819 -0.23711007833480835 0.005409175530076027 0.016351254656910896
stairs/seq-04/frame-000480.color.png -0.013059880584478378 -1.232495903968811 1.127174735069275 0.9723482131958008 -0.2326856553554535 0.006867352873086929 0.01868554763495922
stairs/seq-04/frame-000481.color.png -0.012639563530683517 -1.2174911499023438 1.1143683195114136 0.971112847328186 -0.23778606951236725 0.007608634419739246 0.01843404956161976
stairs/seq-04/frame-000482.color.png -0.00871843472123146 -1.215827226638794 1.109894037246704 0.9716617465019226 -0.2356085181236267 0.005725255236029625 0.018141722306609154
stairs/seq-04/frame-000483.color.png -0.0076416004449129105 -1.2156425714492798 1.119149923324585 0.971831202507019 -0.23486097157001495 0.005014583934098482 0.018956972286105156
stairs/seq-04/frame-000484.color.png -0.014442246407270432 -1.2098726034164429 1.1058090925216675 0.9721910357475281 -0.23290883004665375 0.013088412582874298 0.020659957081079483
stairs/seq-04/frame-000485.color.png -0.028252508491277695 -1.1745473146438599 1.0726420879364014 0.9711177945137024 -0.23785895109176636 0.005782910156995058 0.01788829267024994
stairs/seq-04/frame-000486.color.png -0.02471150830388069 -1.193115234375 1.0944534540176392 0.9718140959739685 -0.23471935093402863 0.0008830692968331277 0.021985985338687897
stairs/seq-04/frame-000487.color.png -0.022400766611099243 -1.1858316659927368 1.0804142951965332 0.9710476994514465 -0.23811642825603485 0.003650062484666705 0.018801961094141006
stairs/seq-04/frame-000488.color.png -0.028385203331708908 -1.1934113502502441 1.0859497785568237 0.970856785774231 -0.23876911401748657 0.004929554183036089 0.020056569948792458
stairs/seq-04/frame-000489.color.png -0.030607905238866806 -1.192886233329773 1.0879384279251099 0.9706395268440247 -0.23996436595916748 0.0024806931614875793 0.01643027924001217
stairs/seq-04/frame-000490.color.png -0.03196972981095314 -1.1740144491195679 1.0731154680252075 0.9704827070236206 -0.24070897698402405 0.0024096560664474964 0.014713232405483723
stairs/seq-04/frame-000491.color.png -0.029986456036567688 -1.2070175409317017 1.1045809984207153 0.9714083075523376 -0.23638492822647095 0.013466279953718185 0.01751181110739708
stairs/seq-04/frame-000492.color.png -0.026076525449752808 -1.213972568511963 1.118810772895813 0.9717554450035095 -0.23505885899066925 0.007950907573103905 0.019379563629627228
stairs/seq-04/frame-000493.color.png -0.025648102164268494 -1.22347891330719 1.1242375373840332 0.9724273085594177 -0.2323446124792099 0.007821904495358467 0.0184308048337698
stairs/seq-04/frame-000494.color.png -0.028316665440797806 -1.2102028131484985 1.1176750659942627 0.9705008864402771 -0.24061645567417145 0.004913938697427511 0.01440967433154583
stairs/seq-04/frame-000495.color.png -0.022789757698774338 -1.2111796140670776 1.0969716310501099 0.9706476926803589 -0.23977747559547424 0.009972905740141869 0.015823345631361008
stairs/seq-04/frame-000496.color.png -0.026246320456266403 -1.2105896472930908 1.1045535802841187 0.9707912802696228 -0.23932713270187378 0.00593692809343338 0.015859710052609444
stairs/seq-04/frame-000497.color.png -0.021931219846010208 -1.2209981679916382 1.1143327951431274 0.970951497554779 -0.2387179434299469 0.00621190806850791 0.01510536391288042
stairs/seq-04/frame-000498.color.png -0.041938234120607376 -1.2100741863250732 1.113116979598999 0.9713054299354553 -0.2371533215045929 0.0034906964283436537 0.017654389142990112
stairs/seq-04/frame-000499.color.png -0.03272198513150215 -1.2156180143356323 1.1211639642715454 0.9713531136512756 -0.236975759267807 -0.0008765436359681189 0.017742633819580078
