chess/seq-03/frame-000000.color.png -0.010348387062549591 -0.7614144682884216 -0.6910836100578308 46.45252990722656 -7.28142786026001 0.2740931510925293 -0.47806596755981445
chess/seq-03/frame-000001.color.png -0.0071749016642570496 -0.7468383312225342 -0.692428469657898 46.494606018066406 -7.4127092361450195 0.32258081436157227 -0.5912014842033386
chess/seq-03/frame-000002.color.png 0.0003747623413801193 -0.7580203413963318 -0.6958098411560059 46.141075134277344 -7.337730407714844 0.5376789569854736 -0.7933163046836853
chess/seq-03/frame-000003.color.png 5.9626996517181396e-05 -0.7491090297698975 -0.6850147843360901 46.316200256347656 -7.255334854125977 0.6321191191673279 -0.898201584815979
chess/seq-03/frame-000004.color.png -0.0008787382394075394 -0.7487288117408752 -0.6948765516281128 46.15869903564453 -7.066014289855957 0.49286195635795593 -0.9767501354217529
chess/seq-03/frame-000005.color.png -0.004853518679738045 -0.7439720034599304 -0.6897788047790527 46.43305587768555 -7.099063396453857 0.382198691368103 -0.8872907757759094
chess/seq-03/frame-000006.color.png -0.0030663497745990753 -0.758933424949646 -0.6888226270675659 46.43613815307617 -7.227437496185303 0.2482169270515442 -0.8073917627334595
chess/seq-03/frame-000007.color.png -0.012190420180559158 -0.7526494860649109 -0.6798925399780273 46.51845932006836 -7.237188816070557 0.415435254573822 -0.7264912128448486
chess/seq-03/frame-000008.color.png -0.00017768703401088715 -0.7552251219749451 -0.683049738407135 46.39982986450195 -7.253137588500977 0.3243390619754791 -0.7297959923744202
chess/seq-03/frame-000009.color.png 0.0009106118232011795 -0.7527301907539368 -0.6826797127723694 46.43191146850586 -7.246292591094971 0.13030925393104553 -0.710195004940033
chess/seq-03/frame-000010.color.png -0.00442611426115036 -0.7616150975227356 -0.6934413313865662 46.07877731323242 -7.076043128967285 0.29233506321907043 -0.9029325842857361
chess/seq-03/frame-000011.color.png -0.001866467297077179 -0.7631980180740356 -0.6938037276268005 46.18146896362305 -6.801610469818115 0.30778390169143677 -1.017417073249817
chess/seq-03/frame-000012.color.png -0.005897795781493187 -0.7649775743484497 -0.6819030046463013 45.30116653442383 -6.674121856689453 0.316212922334671 -1.0298902988433838
chess/seq-03/frame-000013.color.png -0.01799333468079567 -0.7540023922920227 -0.6455528736114502 45.27101135253906 -6.865286350250244 -0.09916026890277863 -1.2377632856369019
chess/seq-03/frame-000014.color.png -0.017132174223661423 -0.7727431058883667 -0.6561548113822937 45.527259826660156 -6.913332939147949 -0.6635560393333435 -1.146586298942566
chess/seq-03/frame-000015.color.png -0.004677198827266693 -0.7731474041938782 -0.6267077326774597 45.070594787597656 -6.921829700469971 -0.9815383553504944 -1.6065876483917236
chess/seq-03/frame-000016.color.png -0.018191151320934296 -0.7766155004501343 -0.6123849749565125 44.99176788330078 -6.712554931640625 -1.1023972034454346 -1.6455734968185425
chess/seq-03/frame-000017.color.png -0.018112827092409134 -0.7831963896751404 -0.5978859663009644 44.957740783691406 -6.575750350952148 -1.2618036270141602 -1.845615267753601
chess/seq-03/frame-000018.color.png -0.015531305223703384 -0.7863909006118774 -0.5606182813644409 44.75538635253906 -6.893355369567871 -1.6861708164215088 -1.967050313949585
chess/seq-03/frame-000019.color.png -0.0001820642501115799 -0.7783648371696472 -0.558273196220398 44.43939208984375 -6.899810314178467 -1.8589527606964111 -1.9812523126602173
chess/seq-03/frame-000020.color.png 0.004525445401668549 -0.7916519641876221 -0.539297342300415 44.308929443359375 -6.804053783416748 -2.069582939147949 -2.141693353652954
chess/seq-03/frame-000021.color.png 0.003354080021381378 -0.7989547848701477 -0.5288926959037781 44.7818603515625 -6.955265045166016 -2.234588146209717 -2.2983500957489014
chess/seq-03/frame-000022.color.png 0.015562709420919418 -0.7916955947875977 -0.5075825452804565 44.62624740600586 -7.048401355743408 -2.3332364559173584 -2.5489885807037354
chess/seq-03/frame-000023.color.png 0.017549097537994385 -0.8041362166404724 -0.46465814113616943 43.94843292236328 -7.652756690979004 -2.3236024379730225 -2.6258699893951416
chess/seq-03/frame-000024.color.png 0.021780788898468018 -0.8022282123565674 -0.4516492486000061 43.57052230834961 -7.626598358154297 -2.0970022678375244 -2.6377782821655273
chess/seq-03/frame-000025.color.png 0.030931636691093445 -0.8036424517631531 -0.4312892556190491 43.71703338623047 -7.588380336761475 -2.8205184936523438 -2.786764621734619
chess/seq-03/frame-000026.color.png 0.025952689349651337 -0.8015753030776978 -0.40917351841926575 43.48187255859375 -7.552886486053467 -2.3444035053253174 -3.1681830883026123
chess/seq-03/frame-000027.color.png 0.024647008627653122 -0.8214172720909119 -0.39140141010284424 42.94402313232422 -7.671833515167236 -2.568650484085083 -3.3721365928649902
chess/seq-03/frame-000028.color.png 0.03441893309354782 -0.8341769576072693 -0.3749191164970398 43.071041107177734 -7.573011875152588 -3.4726734161376953 -3.2681398391723633
chess/seq-03/frame-000029.color.png 0.03893054276704788 -0.8446882367134094 -0.34706202149391174 42.504730224609375 -8.058494567871094 -4.307674407958984 -3.480506181716919
chess/seq-03/frame-000030.color.png 0.062089703977108 -0.8377925753593445 -0.332848459482193 42.68973159790039 -8.005304336547852 -5.644598484039307 -2.9988863468170166
chess/seq-03/frame-000031.color.png 0.06856135278940201 -0.8400681614875793 -0.31268009543418884 42.90902328491211 -8.095190048217773 -5.516698360443115 -3.50300669670105
chess/seq-03/frame-000032.color.png 0.08403421193361282 -0.856262743473053 -0.2853566110134125 42.53386688232422 -8.009003639221191 -5.505089282989502 -3.8597612380981445
chess/seq-03/frame-000033.color.png 0.08323760330677032 -0.8681191205978394 -0.2696623206138611 43.3460807800293 -7.831404209136963 -6.113837718963623 -3.7553417682647705
chess/seq-03/frame-000034.color.png 0.07477947324514389 -0.883644700050354 -0.23742443323135376 43.55428695678711 -7.487461090087891 -5.2637128829956055 -4.457690715789795
chess/seq-03/frame-000035.color.png 0.07601135969161987 -0.8822044730186462 -0.24382254481315613 43.634334564208984 -7.367463111877441 -5.373852729797363 -4.610133647918701
chess/seq-03/frame-000036.color.png 0.0932953804731369 -0.8872232437133789 -0.23491936922073364 42.881290435791016 -7.664852619171143 -4.465781211853027 -4.311544418334961
chess/seq-03/frame-000037.color.png 0.1181195080280304 -0.9002849459648132 -0.21786054968833923 43.34307098388672 -7.785762786865234 -5.936638355255127 -4.237489223480225
chess/seq-03/frame-000038.color.png 0.11749984323978424 -0.8983571529388428 -0.21027600765228271 42.891693115234375 -7.178816318511963 -5.832314968109131 -4.224619388580322
chess/seq-03/frame-000039.color.png 0.12877286970615387 -0.909744143486023 -0.17849433422088623 43.26439666748047 -6.880780220031738 -5.493399620056152 -4.361329555511475
chess/seq-03/frame-000040.color.png 0.15363045036792755 -0.8988078832626343 -0.1607421338558197 43.03563690185547 -7.218685626983643 -6.111705780029297 -4.0755414962768555
chess/seq-03/frame-000041.color.png 0.1596611887216568 -0.8965652585029602 -0.13920605182647705 43.69282531738281 -7.18678092956543 -6.952005386352539 -3.7732224464416504
chess/seq-03/frame-000042.color.png 0.17224185168743134 -0.8997946977615356 -0.12813779711723328 43.04712677001953 -7.229959487915039 -6.730611324310303 -3.7496743202209473
chess/seq-03/frame-000043.color.png 0.18513479828834534 -0.902105987071991 -0.0994781032204628 41.8663215637207 -7.7377471923828125 -6.508096694946289 -3.57128643989563
chess/seq-03/frame-000044.color.png 0.18750515580177307 -0.9029513597488403 -0.08075400441884995 41.64252471923828 -7.939309597015381 -6.146340370178223 -3.740394353866577
chess/seq-03/frame-000045.color.png 0.20785340666770935 -0.890720009803772 -0.06442706286907196 41.992027282714844 -7.674195289611816 -5.847772598266602 -3.7844300270080566
chess/seq-03/frame-000046.color.png 0.23903457820415497 -0.8923460245132446 -0.05618218332529068 42.94915771484375 -7.354039669036865 -5.041006088256836 -3.752533197402954
chess/seq-03/frame-000047.color.png 0.23829792439937592 -0.9011272192001343 0.007915021851658821 42.47284698486328 -7.875011444091797 -6.581791400909424 -3.3642303943634033
chess/seq-03/frame-000048.color.png 0.2417328655719757 -0.8978109955787659 0.011720219627022743 42.4965705871582 -7.881834030151367 -6.362093448638916 -3.3413238525390625
chess/seq-03/frame-000049.color.png 0.2635273337364197 -0.8850701451301575 0.03443348407745361 41.95683670043945 -7.91745662689209 -4.871486186981201 -3.5068933963775635
chess/seq-03/frame-000050.color.png 0.28598201274871826 -0.8914709091186523 0.04998360574245453 41.25154113769531 -7.46083927154541 -4.733968734741211 -4.037505149841309
chess/seq-03/frame-000051.color.png 0.28549131751060486 -0.8939409852027893 0.06913164258003235 41.61140060424805 -8.132438659667969 -5.825930595397949 -3.3024485111236572
chess/seq-03/frame-000052.color.png 0.3387095332145691 -0.9100750684738159 0.10609854757785797 43.26235580444336 -8.26823902130127 -4.968100547790527 -3.2003440856933594
chess/seq-03/frame-000053.color.png 0.333238422870636 -0.9046037793159485 0.09060204774141312 43.15753173828125 -7.656754016876221 -3.3953044414520264 -3.202059507369995
chess/seq-03/frame-000054.color.png 0.3372810184955597 -0.9074309468269348 0.10297756642103195 43.54216766357422 -7.713439464569092 -2.9097678661346436 -3.1044445037841797
chess/seq-03/frame-000055.color.png 0.3471892178058624 -0.9091237187385559 0.1418064534664154 43.42615509033203 -7.684916973114014 -2.8044095039367676 -3.0479462146759033
chess/seq-03/frame-000056.color.png 0.3624010384082794 -0.9107674360275269 0.1660052239894867 43.33588409423828 -7.627935886383057 -3.5534887313842773 -3.1297051906585693
chess/seq-03/frame-000057.color.png 0.3949526250362396 -0.914175808429718 0.19495204091072083 42.80187225341797 -8.388147354125977 -5.09339714050293 -3.01084041595459
chess/seq-03/frame-000058.color.png 0.4148540198802948 -0.908913254737854 0.18563759326934814 43.26765441894531 -7.954207897186279 -4.555931568145752 -3.054081678390503
chess/seq-03/frame-000059.color.png 0.42403724789619446 -0.9185411930084229 0.1930243968963623 44.0528678894043 -8.195606231689453 -5.211045265197754 -2.4787087440490723
chess/seq-03/frame-000060.color.png 0.45525503158569336 -0.9058151245117188 0.2080090045928955 43.05463790893555 -8.605563163757324 -5.440701484680176 -2.623488426208496
chess/seq-03/frame-000061.color.png 0.4617255926132202 -0.9029889106750488 0.22498637437820435 42.05863952636719 -8.953853607177734 -5.565196514129639 -2.648286819458008
chess/seq-03/frame-000062.color.png 0.47189751267433167 -0.9112874865531921 0.23504501581192017 42.367393493652344 -8.688153266906738 -5.484053134918213 -2.80442476272583
chess/seq-03/frame-000063.color.png 0.49087652564048767 -0.9202625155448914 0.25130560994148254 41.644203186035156 -8.473905563354492 -6.044425010681152 -3.0228312015533447
chess/seq-03/frame-000064.color.png 0.5068151354789734 -0.9161727428436279 0.25000303983688354 42.191017150878906 -8.621190071105957 -7.236898899078369 -2.5925421714782715
chess/seq-03/frame-000065.color.png 0.547598123550415 -0.9161948561668396 0.25531089305877686 41.874412536621094 -8.43394947052002 -7.549875259399414 -2.9881021976470947
chess/seq-03/frame-000066.color.png 0.5713574886322021 -0.9142003059387207 0.2725597023963928 41.99443054199219 -8.44549560546875 -8.156193733215332 -3.181002616882324
chess/seq-03/frame-000067.color.png 0.6068499684333801 -0.8989551067352295 0.2936958968639374 41.12752151489258 -8.02468490600586 -10.342079162597656 -2.90093731880188
chess/seq-03/frame-000068.color.png 0.6186671853065491 -0.8960716128349304 0.2975159287452698 40.99034118652344 -8.079607009887695 -10.912894248962402 -2.977696180343628
chess/seq-03/frame-000069.color.png 0.6486009359359741 -0.8941596746444702 0.31186890602111816 41.497520446777344 -7.897866725921631 -11.524836540222168 -2.9075801372528076
chess/seq-03/frame-000070.color.png 0.656729519367218 -0.8851810097694397 0.32147377729415894 40.58001708984375 -8.035308837890625 -11.489392280578613 -3.187917709350586
chess/seq-03/frame-000071.color.png 0.6722505688667297 -0.8776840567588806 0.3323347866535187 41.03544616699219 -7.959029674530029 -11.524039268493652 -3.642714262008667
chess/seq-03/frame-000072.color.png 0.6978607177734375 -0.8770517706871033 0.3401171863079071 40.333160400390625 -8.037219047546387 -11.927472114562988 -3.6638119220733643
chess/seq-03/frame-000073.color.png 0.7035094499588013 -0.8694224953651428 0.3425685465335846 40.25405502319336 -7.92038106918335 -12.006251335144043 -3.690138339996338
chess/seq-03/frame-000074.color.png 0.7259341478347778 -0.8612152934074402 0.3578962981700897 40.159934997558594 -7.860213756561279 -12.59792709350586 -3.758575439453125
chess/seq-03/frame-000075.color.png 0.7238218784332275 -0.8603732585906982 0.3715988099575043 39.826019287109375 -8.01491928100586 -12.744170188903809 -3.9193944931030273
chess/seq-03/frame-000076.color.png 0.748330295085907 -0.865929901599884 0.3791049122810364 38.79838562011719 -7.744380950927734 -13.00212574005127 -3.729660749435425
chess/seq-03/frame-000077.color.png 0.7585688233375549 -0.8560211658477783 0.388579785823822 38.87896728515625 -7.64847469329834 -13.220969200134277 -3.645739793777466
chess/seq-03/frame-000078.color.png 0.8118768334388733 -0.866219699382782 0.39914000034332275 38.489017486572266 -7.620816707611084 -13.067611694335938 -3.7146718502044678
chess/seq-03/frame-000079.color.png 0.7949528694152832 -0.8566910028457642 0.4087303578853607 38.59406661987305 -7.57310676574707 -13.188797950744629 -3.9218246936798096
chess/seq-03/frame-000080.color.png 0.8180456161499023 -0.867323100566864 0.4251942038536072 38.546138763427734 -7.511321067810059 -13.743959426879883 -3.9011406898498535
chess/seq-03/frame-000081.color.png 0.8423625230789185 -0.849726676940918 0.4417937397956848 38.59507751464844 -7.415975093841553 -14.160066604614258 -3.910935878753662
chess/seq-03/frame-000082.color.png 0.895388126373291 -0.8530616760253906 0.459502249956131 38.292442321777344 -7.026384353637695 -13.925335884094238 -3.9823555946350098
chess/seq-03/frame-000083.color.png 0.9274251461029053 -0.8588882684707642 0.4642019271850586 38.23104476928711 -7.026968955993652 -13.770872116088867 -4.0847039222717285
chess/seq-03/frame-000084.color.png 0.9347850680351257 -0.8517652750015259 0.48584526777267456 38.03892517089844 -7.152899265289307 -14.483470916748047 -4.218777656555176
chess/seq-03/frame-000085.color.png 0.9526053071022034 -0.8535673022270203 0.4838535487651825 37.694602966308594 -7.080507755279541 -14.671557426452637 -3.914702892303467
chess/seq-03/frame-000086.color.png 0.9916918277740479 -0.868674099445343 0.4910278916358948 37.46124267578125 -7.024178504943848 -13.896768569946289 -4.038760185241699
chess/seq-03/frame-000087.color.png 1.0439966917037964 -0.8494518399238586 0.5210912227630615 38.06892395019531 -6.925173282623291 -13.654594421386719 -4.294984340667725
chess/seq-03/frame-000088.color.png 1.0344970226287842 -0.8445922136306763 0.5269520282745361 38.261844635009766 -6.8487982749938965 -14.273763656616211 -4.165139675140381
chess/seq-03/frame-000089.color.png 1.0598376989364624 -0.8410647511482239 0.5310056805610657 38.259395599365234 -6.738931655883789 -14.724203109741211 -4.073795795440674
chess/seq-03/frame-000090.color.png 1.0776969194412231 -0.8444019556045532 0.528712809085846 38.124664306640625 -6.837104320526123 -14.235066413879395 -3.8816921710968018
chess/seq-03/frame-000091.color.png 1.084341049194336 -0.8561760187149048 0.5283656716346741 37.626312255859375 -6.78401517868042 -14.66352367401123 -3.8834850788116455
chess/seq-03/frame-000092.color.png 1.1324213743209839 -0.8621565103530884 0.5097431540489197 37.776123046875 -6.690185070037842 -14.937443733215332 -4.022765636444092
chess/seq-03/frame-000093.color.png 1.147807240486145 -0.8715821504592896 0.49546605348587036 38.17484664916992 -6.761193752288818 -14.789587020874023 -3.9353537559509277
chess/seq-03/frame-000094.color.png 1.200452208518982 -0.8585408926010132 0.49565595388412476 37.970218658447266 -6.998779296875 -14.143010139465332 -4.292346000671387
chess/seq-03/frame-000095.color.png 1.202918529510498 -0.843503475189209 0.4927998185157776 38.271324157714844 -6.758852005004883 -14.202759742736816 -4.419925212860107
chess/seq-03/frame-000096.color.png 1.216059923171997 -0.8236609697341919 0.5113058090209961 38.41349792480469 -6.605417251586914 -14.049249649047852 -4.495098114013672
chess/seq-03/frame-000097.color.png 1.242394208908081 -0.8206791281700134 0.5056248903274536 38.69794464111328 -6.187514305114746 -14.30151081085205 -4.573986530303955
chess/seq-03/frame-000098.color.png 1.2530872821807861 -0.8241263031959534 0.49102526903152466 38.74037551879883 -6.3062005043029785 -14.80003547668457 -4.3528056144714355
chess/seq-03/frame-000099.color.png 1.290373682975769 -0.8007428646087646 0.5162597894668579 37.93684768676758 -6.110533237457275 -15.228129386901855 -4.221627712249756
chess/seq-03/frame-000100.color.png 1.2830719947814941 -0.7973155975341797 0.49012893438339233 38.78193283081055 -6.218535423278809 -14.997008323669434 -4.452210903167725
chess/seq-03/frame-000101.color.png 1.304525375366211 -0.7622887492179871 0.47934669256210327 38.155948638916016 -5.8132147789001465 -15.873327255249023 -4.244829177856445
chess/seq-03/frame-000102.color.png 1.3125696182250977 -0.7538453936576843 0.49424582719802856 38.265419006347656 -5.8291168212890625 -15.734687805175781 -4.318793296813965
chess/seq-03/frame-000103.color.png 1.3154562711715698 -0.7322902679443359 0.5109797120094299 37.99819564819336 -5.643856525421143 -15.660619735717773 -4.128100872039795
chess/seq-03/frame-000104.color.png 1.3283805847167969 -0.7263532876968384 0.5174281597137451 38.016197204589844 -5.441833972930908 -15.828547477722168 -4.044848918914795
chess/seq-03/frame-000105.color.png 1.3472012281417847 -0.7256121635437012 0.5004535913467407 37.438995361328125 -5.213913440704346 -16.151626586914062 -3.8883540630340576
chess/seq-03/frame-000106.color.png 1.341915488243103 -0.7174893021583557 0.4899151921272278 37.178443908691406 -5.402563571929932 -16.21486473083496 -3.930006504058838
chess/seq-03/frame-000107.color.png 1.3382714986801147 -0.692150354385376 0.48615729808807373 37.319053649902344 -5.539639472961426 -16.050701141357422 -3.9857537746429443
chess/seq-03/frame-000108.color.png 1.3308886289596558 -0.6665197014808655 0.4745916724205017 37.94458770751953 -5.025214672088623 -15.955007553100586 -3.8813302516937256
chess/seq-03/frame-000109.color.png 1.321588397026062 -0.6592673659324646 0.45460569858551025 38.68376922607422 -4.705694198608398 -15.541247367858887 -3.9679808616638184
chess/seq-03/frame-000110.color.png 1.3108389377593994 -0.6414073705673218 0.432718962430954 38.88311767578125 -4.5320258140563965 -15.627967834472656 -3.760483741760254
chess/seq-03/frame-000111.color.png 1.2918020486831665 -0.6396176815032959 0.42165836691856384 38.523460388183594 -4.768020153045654 -15.47675609588623 -3.921567678451538
chess/seq-03/frame-000112.color.png 1.2798353433609009 -0.6232027411460876 0.42638906836509705 38.6500244140625 -4.910604953765869 -15.248761177062988 -3.846506357192993
chess/seq-03/frame-000113.color.png 1.2575145959854126 -0.6142500638961792 0.40879932045936584 39.23853302001953 -4.963705539703369 -14.57674503326416 -3.9405715465545654
chess/seq-03/frame-000114.color.png 1.2401715517044067 -0.5977867841720581 0.40091925859451294 38.86823654174805 -4.896729946136475 -14.245586395263672 -3.9844210147857666
chess/seq-03/frame-000115.color.png 1.234620213508606 -0.5862616300582886 0.3936806619167328 40.232154846191406 -5.0182905197143555 -13.868603706359863 -4.039656162261963
chess/seq-03/frame-000116.color.png 1.1990004777908325 -0.5989757776260376 0.3630680441856384 40.26898956298828 -5.246687412261963 -13.901484489440918 -4.113423824310303
chess/seq-03/frame-000117.color.png 1.1836073398590088 -0.5832108855247498 0.3667788803577423 40.29045486450195 -5.4386420249938965 -13.589855194091797 -4.1089887619018555
chess/seq-03/frame-000118.color.png 1.1785862445831299 -0.575609028339386 0.35050851106643677 41.041160583496094 -5.373818397521973 -13.444435119628906 -3.993163585662842
chess/seq-03/frame-000119.color.png 1.1657334566116333 -0.5725867748260498 0.361831933259964 41.15362548828125 -5.206304550170898 -12.43587875366211 -3.848539113998413
chess/seq-03/frame-000120.color.png 1.138715386390686 -0.5576186180114746 0.32082706689834595 41.997249603271484 -5.727570056915283 -12.353736877441406 -3.574329137802124
chess/seq-03/frame-000121.color.png 1.084373950958252 -0.5141197443008423 0.3138215243816376 41.76300811767578 -5.899803161621094 -13.154701232910156 -3.108382225036621
chess/seq-03/frame-000122.color.png 1.086639404296875 -0.5075717568397522 0.32733452320098877 41.81782913208008 -6.198721408843994 -12.385001182556152 -3.0071473121643066
chess/seq-03/frame-000123.color.png 1.1167633533477783 -0.5126901268959045 0.3157897889614105 42.91130828857422 -6.351192951202393 -11.374590873718262 -3.0904955863952637
chess/seq-03/frame-000124.color.png 1.0205081701278687 -0.505095899105072 0.2596074044704437 42.460533142089844 -6.906500339508057 -11.76048755645752 -2.9062180519104004
chess/seq-03/frame-000125.color.png 1.019857406616211 -0.49964696168899536 0.2606029510498047 41.79638671875 -7.095319747924805 -11.589132308959961 -2.943572521209717
chess/seq-03/frame-000126.color.png 1.0347137451171875 -0.4886436462402344 0.24406665563583374 41.40468215942383 -7.1048359870910645 -11.644479751586914 -2.5659902095794678
chess/seq-03/frame-000127.color.png 1.0407763719558716 -0.49167609214782715 0.26552578806877136 40.76395034790039 -7.399057865142822 -11.574640274047852 -2.720095157623291
chess/seq-03/frame-000128.color.png 1.0368330478668213 -0.4726291596889496 0.2539559006690979 41.016693115234375 -7.042255401611328 -11.814311027526855 -2.944586992263794
chess/seq-03/frame-000129.color.png 1.017665982246399 -0.46212702989578247 0.2319716513156891 39.79814147949219 -7.215510368347168 -11.480498313903809 -3.516619920730591
chess/seq-03/frame-000130.color.png 1.0185737609863281 -0.45955559611320496 0.21808487176895142 39.39160919189453 -6.813932418823242 -11.759455680847168 -3.7163844108581543
chess/seq-03/frame-000131.color.png 1.0128493309020996 -0.4375889301300049 0.17140436172485352 38.621185302734375 -7.14247465133667 -12.270395278930664 -3.8922457695007324
chess/seq-03/frame-000132.color.png 1.018600583076477 -0.43376678228378296 0.15690147876739502 38.415164947509766 -6.962235450744629 -12.94692611694336 -4.044500827789307
chess/seq-03/frame-000133.color.png 1.0137591361999512 -0.43663060665130615 0.15281307697296143 38.10325622558594 -6.995285511016846 -12.532966613769531 -3.8525025844573975
chess/seq-03/frame-000134.color.png 1.0392179489135742 -0.44574686884880066 0.11780855804681778 38.03325653076172 -6.737124443054199 -13.776371955871582 -3.8468825817108154
chess/seq-03/frame-000135.color.png 1.0331177711486816 -0.4315670132637024 0.11831256002187729 38.118927001953125 -6.646799564361572 -13.182196617126465 -3.7852373123168945
chess/seq-03/frame-000136.color.png 1.0545657873153687 -0.44290584325790405 0.10982038825750351 37.61933135986328 -6.4859161376953125 -13.062187194824219 -3.5858733654022217
chess/seq-03/frame-000137.color.png 1.075675368309021 -0.4475402235984802 0.09189920872449875 37.04055404663086 -6.644423007965088 -13.072853088378906 -3.520962715148926
chess/seq-03/frame-000138.color.png 1.0710171461105347 -0.43676644563674927 0.07885083556175232 37.274662017822266 -6.549593925476074 -13.035652160644531 -3.5755839347839355
chess/seq-03/frame-000139.color.png 1.0861140489578247 -0.4411490261554718 0.0723501667380333 36.93532943725586 -6.143630504608154 -13.470562934875488 -3.58992075920105
chess/seq-03/frame-000140.color.png 1.0848684310913086 -0.42439234256744385 0.07940737158060074 37.914894104003906 -5.698990345001221 -13.434264183044434 -3.6697638034820557
chess/seq-03/frame-000141.color.png 1.1035711765289307 -0.4302161633968353 0.06338902562856674 37.5611572265625 -5.993102550506592 -12.600693702697754 -3.3257744312286377
chess/seq-03/frame-000142.color.png 1.071887731552124 -0.415403813123703 0.026212617754936218 38.043861389160156 -5.780840873718262 -13.30175495147705 -2.997624635696411
chess/seq-03/frame-000143.color.png 1.0645323991775513 -0.40018901228904724 0.04515145719051361 38.15302658081055 -5.641217231750488 -12.100966453552246 -2.6472761631011963
chess/seq-03/frame-000144.color.png 1.0222357511520386 -0.41110506653785706 -0.025702059268951416 39.910430908203125 -6.072752952575684 -11.297256469726562 -2.5477805137634277
chess/seq-03/frame-000145.color.png 0.981818437576294 -0.40740638971328735 -0.03932461142539978 40.20954132080078 -5.779090404510498 -11.174891471862793 -2.2809975147247314
chess/seq-03/frame-000146.color.png 0.9579805731773376 -0.40344780683517456 -0.0320320650935173 41.1800651550293 -6.124807357788086 -10.331212043762207 -2.1583526134490967
chess/seq-03/frame-000147.color.png 0.8930217623710632 -0.3839664161205292 0.00426136702299118 41.34545135498047 -5.448940753936768 -10.156526565551758 -1.6119753122329712
chess/seq-03/frame-000148.color.png 0.8293329477310181 -0.387914776802063 0.009675795212388039 41.48450469970703 -5.468258380889893 -10.236665725708008 -1.6984435319900513
chess/seq-03/frame-000149.color.png 0.8261696696281433 -0.38085317611694336 0.032731421291828156 41.52052688598633 -5.428922176361084 -9.882552146911621 -1.7561299800872803
chess/seq-03/frame-000150.color.png 0.86892169713974 -0.4071030914783478 0.07151730358600616 41.40910720825195 -5.325479507446289 -9.039148330688477 -1.5822629928588867
chess/seq-03/frame-000151.color.png 0.834952712059021 -0.4307824969291687 0.09064973145723343 42.509307861328125 -5.120152473449707 -8.320938110351562 -1.2203539609909058
chess/seq-03/frame-000152.color.png 0.8259482979774475 -0.4207671880722046 0.0832437202334404 43.473445892333984 -5.200679302215576 -8.26208209991455 -1.3958027362823486
chess/seq-03/frame-000153.color.png 0.8447936177253723 -0.40764015913009644 0.07372889667749405 41.66469955444336 -4.576131343841553 -8.786236763000488 -1.318925380706787
chess/seq-03/frame-000154.color.png 0.8557049632072449 -0.4222656190395355 0.08349878340959549 43.17247009277344 -5.426284313201904 -8.532142639160156 -1.383284330368042
chess/seq-03/frame-000155.color.png 0.8993715047836304 -0.43166443705558777 0.12347803264856339 42.378536224365234 -5.594115734100342 -9.480569839477539 -1.332424283027649
chess/seq-03/frame-000156.color.png 0.9636662006378174 -0.432284951210022 0.16388779878616333 42.75093078613281 -5.663961887359619 -9.5698881149292 -1.2848080396652222
chess/seq-03/frame-000157.color.png 0.9733685255050659 -0.42880871891975403 0.18145132064819336 42.871376037597656 -5.627851963043213 -9.644031524658203 -1.473562240600586
chess/seq-03/frame-000158.color.png 0.9022253155708313 -0.41700103878974915 0.1134619489312172 42.846458435058594 -5.475917339324951 -8.902852058410645 -1.5059540271759033
chess/seq-03/frame-000159.color.png 0.8445250988006592 -0.40601491928100586 0.1150062307715416 40.742103576660156 -5.462655544281006 -8.397842407226562 -1.4858083724975586
chess/seq-03/frame-000160.color.png 0.8232120871543884 -0.4298040270805359 0.08663360029459 40.008365631103516 -5.6015944480896 -9.159632682800293 -1.746342658996582
chess/seq-03/frame-000161.color.png 0.8636672496795654 -0.42294612526893616 0.0803859606385231 40.32901382446289 -6.527409076690674 -9.240062713623047 -1.786611557006836
chess/seq-03/frame-000162.color.png 0.9001986980438232 -0.40973249077796936 0.07956577837467194 40.325164794921875 -6.571141719818115 -9.226469039916992 -1.9393157958984375
chess/seq-03/frame-000163.color.png 0.8988061547279358 -0.41255879402160645 0.04702667519450188 40.17822265625 -7.096750259399414 -9.439745903015137 -2.0883142948150635
chess/seq-03/frame-000164.color.png 0.9579933285713196 -0.41571569442749023 0.06586181372404099 39.458526611328125 -7.116125106811523 -10.847343444824219 -2.1316587924957275
chess/seq-03/frame-000165.color.png 0.9811937808990479 -0.41301727294921875 0.045968107879161835 38.50996780395508 -6.86224889755249 -11.29712963104248 -2.345996856689453
chess/seq-03/frame-000166.color.png 1.0415765047073364 -0.4318452477455139 0.005537189543247223 38.148311614990234 -7.156904220581055 -11.29893970489502 -2.433837890625
chess/seq-03/frame-000167.color.png 1.0455738306045532 -0.4555625021457672 0.04707738384604454 36.25450134277344 -7.5312724113464355 -12.091850280761719 -2.2967512607574463
chess/seq-03/frame-000168.color.png 1.029666781425476 -0.43835532665252686 0.0427897647023201 36.79461669921875 -7.404000759124756 -11.554004669189453 -3.2789509296417236
chess/seq-03/frame-000169.color.png 1.027663230895996 -0.45158109068870544 0.03379685804247856 34.0637321472168 -7.35044002532959 -12.638030052185059 -2.849142074584961
chess/seq-03/frame-000170.color.png 1.0161341428756714 -0.4508599042892456 0.05034398287534714 33.92194366455078 -7.458536624908447 -12.834842681884766 -3.3155601024627686
chess/seq-03/frame-000171.color.png 1.0361618995666504 -0.46001169085502625 0.050497911870479584 32.15782165527344 -7.540979862213135 -13.112136840820312 -3.2040762901306152
chess/seq-03/frame-000172.color.png 1.0345348119735718 -0.46429333090782166 0.04398024082183838 33.03927230834961 -7.55522346496582 -13.535318374633789 -3.6506683826446533
chess/seq-03/frame-000173.color.png 1.0386128425598145 -0.47809621691703796 0.044379718601703644 32.49032211303711 -7.345770359039307 -13.73723316192627 -4.106848239898682
chess/seq-03/frame-000174.color.png 1.0588279962539673 -0.5075392127037048 0.07770459353923798 31.879343032836914 -7.411722660064697 -12.991598129272461 -4.99754524230957
chess/seq-03/frame-000175.color.png 1.063010334968567 -0.5122259855270386 0.11814647167921066 31.138572692871094 -8.158867835998535 -13.428544998168945 -5.174739360809326
chess/seq-03/frame-000176.color.png 1.0894064903259277 -0.5626315474510193 0.1733059585094452 30.796899795532227 -7.83364725112915 -12.50383472442627 -5.556314468383789
chess/seq-03/frame-000177.color.png 1.0951353311538696 -0.6084332466125488 0.21420833468437195 29.630367279052734 -7.785094738006592 -13.052955627441406 -5.73983907699585
chess/seq-03/frame-000178.color.png 1.1160084009170532 -0.6216979622840881 0.204689621925354 30.352218627929688 -7.782784461975098 -12.7479887008667 -6.123890399932861
chess/seq-03/frame-000179.color.png 1.149606704711914 -0.6884264945983887 0.2363027036190033 28.80833625793457 -7.068437576293945 -12.369233131408691 -6.652510166168213
chess/seq-03/frame-000180.color.png 1.1227343082427979 -0.6905876398086548 0.21695661544799805 29.24079704284668 -7.327450275421143 -13.05328369140625 -6.515765190124512
chess/seq-03/frame-000181.color.png 1.1466342210769653 -0.7212168574333191 0.25987282395362854 31.45574951171875 -7.211257457733154 -14.181355476379395 -6.561158180236816
chess/seq-03/frame-000182.color.png 1.179153323173523 -0.7453880906105042 0.2868127226829529 29.94990348815918 -7.058760643005371 -13.57198715209961 -6.731683254241943
chess/seq-03/frame-000183.color.png 1.1899207830429077 -0.7721928954124451 0.29537999629974365 30.79998779296875 -7.036521911621094 -14.21363639831543 -7.008273124694824
chess/seq-03/frame-000184.color.png 1.2008038759231567 -0.8464849591255188 0.28519949316978455 31.499343872070312 -6.74049711227417 -13.437055587768555 -7.359489917755127
chess/seq-03/frame-000185.color.png 1.2015252113342285 -0.8637480139732361 0.3030146658420563 31.193470001220703 -7.054877758026123 -13.138700485229492 -7.542542934417725
chess/seq-03/frame-000186.color.png 1.2049806118011475 -0.9001210927963257 0.3299744725227356 31.22322654724121 -7.24074125289917 -13.367708206176758 -7.779571533203125
chess/seq-03/frame-000187.color.png 1.2148171663284302 -0.9218965768814087 0.33867645263671875 30.99534797668457 -7.439539432525635 -13.98589038848877 -7.753316402435303
chess/seq-03/frame-000188.color.png 1.197340488433838 -0.932983934879303 0.3266040086746216 30.312362670898438 -6.960262775421143 -12.746075630187988 -8.219346046447754
chess/seq-03/frame-000189.color.png 1.1964322328567505 -0.9456243515014648 0.3499794006347656 30.489301681518555 -7.188786506652832 -13.239664077758789 -8.064950942993164
chess/seq-03/frame-000190.color.png 1.1838513612747192 -0.9558931589126587 0.3719843029975891 30.19916343688965 -7.5438947677612305 -13.561692237854004 -8.294662475585938
chess/seq-03/frame-000191.color.png 1.2048105001449585 -0.9730456471443176 0.40240103006362915 30.256446838378906 -7.788771629333496 -13.939623832702637 -8.501009941101074
chess/seq-03/frame-000192.color.png 1.203801155090332 -0.9847102761268616 0.39608272910118103 30.393545150756836 -7.6526360511779785 -14.18857192993164 -8.680707931518555
chess/seq-03/frame-000193.color.png 1.2190358638763428 -0.9711644649505615 0.44430992007255554 29.615646362304688 -7.566689491271973 -14.398420333862305 -8.520099639892578
chess/seq-03/frame-000194.color.png 1.2183732986450195 -0.9815941452980042 0.4763526916503906 29.090974807739258 -7.123719692230225 -14.62744140625 -9.114500045776367
chess/seq-03/frame-000195.color.png 1.2465097904205322 -0.9780976176261902 0.5203731060028076 28.783769607543945 -6.914450645446777 -14.45728588104248 -9.503182411193848
chess/seq-03/frame-000196.color.png 1.2309635877609253 -0.9580209851264954 0.569901704788208 28.468130111694336 -6.507993221282959 -15.01768970489502 -9.814934730529785
chess/seq-03/frame-000197.color.png 1.2395946979522705 -0.9599452018737793 0.5840428471565247 28.04983901977539 -6.505834579467773 -15.260892868041992 -9.85888385772705
chess/seq-03/frame-000198.color.png 1.2676808834075928 -0.9859106540679932 0.6328698396682739 26.58045768737793 -5.307218074798584 -15.547924041748047 -10.33461856842041
chess/seq-03/frame-000199.color.png 1.2785933017730713 -0.975640058517456 0.6521517634391785 26.47598648071289 -5.430549144744873 -15.764044761657715 -10.340743064880371
chess/seq-03/frame-000200.color.png 1.2972302436828613 -0.9678448438644409 0.6667282581329346 25.918882369995117 -4.961742877960205 -15.527318000793457 -10.614383697509766
chess/seq-03/frame-000201.color.png 1.2989447116851807 -0.9654436111450195 0.6765810251235962 26.25764274597168 -4.973264217376709 -15.270835876464844 -11.092674255371094
chess/seq-03/frame-000202.color.png 1.3124945163726807 -0.9631928205490112 0.6804531812667847 25.732227325439453 -5.084768772125244 -15.598173141479492 -11.008788108825684
chess/seq-03/frame-000203.color.png 1.3098366260528564 -0.9723552465438843 0.7069229483604431 26.08594512939453 -4.658729076385498 -15.118635177612305 -11.597468376159668
chess/seq-03/frame-000204.color.png 1.2999836206436157 -0.9800792336463928 0.70182204246521 25.493284225463867 -4.635775089263916 -14.898127555847168 -11.602167129516602
chess/seq-03/frame-000205.color.png 1.3162347078323364 -0.9671903848648071 0.7116411924362183 26.503307342529297 -4.905263423919678 -15.967876434326172 -11.388199806213379
chess/seq-03/frame-000206.color.png 1.307113766670227 -0.972917914390564 0.707930326461792 26.307355880737305 -5.03220796585083 -15.811912536621094 -11.438095092773438
chess/seq-03/frame-000207.color.png 1.3172687292099 -0.9618621468544006 0.703080952167511 25.73269271850586 -4.825267791748047 -15.431839942932129 -11.525153160095215
chess/seq-03/frame-000208.color.png 1.3023546934127808 -0.9576150178909302 0.6976838111877441 26.08547592163086 -4.8599324226379395 -15.123842239379883 -11.33314323425293
chess/seq-03/frame-000209.color.png 1.3052579164505005 -0.9592617750167847 0.7208686470985413 26.42280387878418 -4.7240376472473145 -15.244132995605469 -11.444034576416016
chess/seq-03/frame-000210.color.png 1.2545971870422363 -0.9666953086853027 0.7313852906227112 26.45172882080078 -3.95222806930542 -13.873271942138672 -11.327129364013672
chess/seq-03/frame-000211.color.png 1.3024178743362427 -0.9552754759788513 0.7394845485687256 26.7606258392334 -4.345138072967529 -15.477556228637695 -11.475089073181152
chess/seq-03/frame-000212.color.png 1.293457269668579 -0.9574006795883179 0.7286640405654907 25.939376831054688 -4.4454827308654785 -16.107181549072266 -10.783226013183594
chess/seq-03/frame-000213.color.png 1.2833820581436157 -0.9529913663864136 0.7148416042327881 26.78078269958496 -4.930971622467041 -16.308853149414062 -11.261185646057129
chess/seq-03/frame-000214.color.png 1.2618483304977417 -0.9483321905136108 0.7275786399841309 24.97463035583496 -5.104402542114258 -15.236839294433594 -10.799324989318848
chess/seq-03/frame-000215.color.png 1.224929690361023 -0.9520042538642883 0.7524673938751221 26.701690673828125 -4.925647735595703 -16.564125061035156 -10.817668914794922
chess/seq-03/frame-000216.color.png 1.230818748474121 -0.9496020674705505 0.7427158951759338 26.873943328857422 -4.377285957336426 -18.264692306518555 -10.492189407348633
chess/seq-03/frame-000217.color.png 1.202433705329895 -0.9483779072761536 0.7519304156303406 27.505495071411133 -4.8216423988342285 -18.293527603149414 -10.938360214233398
chess/seq-03/frame-000218.color.png 1.1944050788879395 -0.9416155219078064 0.7591503262519836 28.473630905151367 -4.183253765106201 -18.161096572875977 -10.854693412780762
chess/seq-03/frame-000219.color.png 1.1528713703155518 -0.9578887820243835 0.7016046047210693 28.216432571411133 -4.888667583465576 -18.996362686157227 -10.635902404785156
chess/seq-03/frame-000220.color.png 1.1166588068008423 -0.9491017460823059 0.7125753164291382 28.20842933654785 -4.72821569442749 -18.55921745300293 -10.600820541381836
chess/seq-03/frame-000221.color.png 1.1552168130874634 -0.9480945467948914 0.7135081887245178 28.951553344726562 -4.874864101409912 -18.441259384155273 -10.179834365844727
chess/seq-03/frame-000222.color.png 1.1595993041992188 -0.9598371386528015 0.7332159876823425 27.771814346313477 -4.467128753662109 -18.254344940185547 -10.38356876373291
chess/seq-03/frame-000223.color.png 1.1309573650360107 -0.9608384966850281 0.6958503723144531 27.492345809936523 -4.814072132110596 -18.665555953979492 -10.376527786254883
chess/seq-03/frame-000224.color.png 1.1821438074111938 -0.9390297532081604 0.7234370708465576 26.617197036743164 -4.659817695617676 -19.423433303833008 -10.88531494140625
chess/seq-03/frame-000225.color.png 1.1778383255004883 -0.9440654516220093 0.7253201007843018 27.066936492919922 -4.723429203033447 -19.596702575683594 -10.682184219360352
chess/seq-03/frame-000226.color.png 1.2148141860961914 -0.9432058334350586 0.747632622718811 26.875978469848633 -5.321510314941406 -19.385339736938477 -10.824742317199707
chess/seq-03/frame-000227.color.png 1.188902497291565 -0.9507887959480286 0.7438247799873352 26.290435791015625 -4.714076519012451 -19.14931297302246 -10.203003883361816
chess/seq-03/frame-000228.color.png 1.1691794395446777 -0.9725874066352844 0.708198070526123 26.283309936523438 -5.1046881675720215 -19.108163833618164 -10.496322631835938
chess/seq-03/frame-000229.color.png 1.1816749572753906 -0.9644650816917419 0.7288453578948975 25.926240921020508 -4.850106716156006 -19.355527877807617 -10.202094078063965
chess/seq-03/frame-000230.color.png 1.2075423002243042 -0.9634130597114563 0.7992156744003296 25.316665649414062 -4.137600421905518 -19.701698303222656 -9.507952690124512
chess/seq-03/frame-000231.color.png 1.2282278537750244 -0.9505491852760315 0.8446726202964783 25.28107452392578 -4.203283786773682 -20.518272399902344 -8.651637077331543
chess/seq-03/frame-000232.color.png 1.2513549327850342 -0.9353623986244202 0.8465163707733154 26.120012283325195 -3.6009247303009033 -20.848188400268555 -8.475391387939453
chess/seq-03/frame-000233.color.png 1.255963921546936 -0.9439188838005066 0.8360419869422913 25.850879669189453 -3.698129415512085 -21.152854919433594 -8.517992973327637
chess/seq-03/frame-000234.color.png 1.2156591415405273 -0.943786084651947 0.8475252985954285 25.492923736572266 -3.826885938644409 -20.656435012817383 -7.939347267150879
chess/seq-03/frame-000235.color.png 1.2206366062164307 -0.9269180297851562 0.8538536429405212 25.551233291625977 -3.8545899391174316 -20.63377571105957 -7.56943941116333
chess/seq-03/frame-000236.color.png 1.2329035997390747 -0.8940557241439819 0.834496021270752 26.70665168762207 -3.7559704780578613 -20.91810417175293 -7.708320140838623
chess/seq-03/frame-000237.color.png 1.1993210315704346 -0.8904282450675964 0.8157005310058594 26.74689292907715 -3.9232559204101562 -21.01347541809082 -7.836606025695801
chess/seq-03/frame-000238.color.png 1.1576439142227173 -0.888677716255188 0.7831765413284302 26.5391788482666 -4.047852993011475 -20.8580322265625 -7.574029445648193
chess/seq-03/frame-000239.color.png 1.1372337341308594 -0.8890337944030762 0.7682172656059265 26.91461181640625 -3.7061407566070557 -20.93568229675293 -7.389062404632568
chess/seq-03/frame-000240.color.png 1.1281001567840576 -0.8803556561470032 0.7791383266448975 27.98482894897461 -3.2386868000030518 -20.348094940185547 -7.119499683380127
chess/seq-03/frame-000241.color.png 1.1355657577514648 -0.8764551281929016 0.7466546297073364 26.758581161499023 -3.2927796840667725 -20.112516403198242 -7.213348865509033
chess/seq-03/frame-000242.color.png 1.1505249738693237 -0.8862374424934387 0.7241374254226685 25.670934677124023 -3.4405930042266846 -19.94350242614746 -7.324725151062012
chess/seq-03/frame-000243.color.png 1.1740893125534058 -0.8915165066719055 0.731255292892456 27.337360382080078 -2.9185633659362793 -19.555940628051758 -6.836128234863281
chess/seq-03/frame-000244.color.png 1.1629393100738525 -0.8786165118217468 0.6873747706413269 28.7370548248291 -2.72672176361084 -19.80755043029785 -7.570472240447998
chess/seq-03/frame-000245.color.png 1.1368952989578247 -0.8713656067848206 0.6384000778198242 28.45780372619629 -3.472571611404419 -19.12989616394043 -7.80911922454834
chess/seq-03/frame-000246.color.png 1.1623003482818604 -0.862121045589447 0.653042197227478 29.281888961791992 -3.032869577407837 -19.425413131713867 -7.387196063995361
chess/seq-03/frame-000247.color.png 1.1631488800048828 -0.8674235939979553 0.6309226155281067 30.406063079833984 -3.2846384048461914 -19.164871215820312 -7.825406074523926
chess/seq-03/frame-000248.color.png 1.160453200340271 -0.8516039252281189 0.6187122464179993 31.10570526123047 -2.8401525020599365 -19.14256477355957 -7.328656196594238
chess/seq-03/frame-000249.color.png 1.1401678323745728 -0.8488188982009888 0.5830996036529541 30.102628707885742 -3.3539865016937256 -19.533428192138672 -6.7941484451293945
chess/seq-03/frame-000250.color.png 1.1404823064804077 -0.8549990653991699 0.5697994828224182 29.316646575927734 -3.5468318462371826 -19.722719192504883 -6.906054973602295
chess/seq-03/frame-000251.color.png 1.1246471405029297 -0.8213174939155579 0.5393388867378235 30.547550201416016 -3.655945062637329 -19.76395034790039 -6.822165489196777
chess/seq-03/frame-000252.color.png 1.0930180549621582 -0.8342869877815247 0.5011763572692871 29.533296585083008 -3.905153512954712 -18.789451599121094 -6.7556233406066895
chess/seq-03/frame-000253.color.png 1.0863820314407349 -0.8361767530441284 0.47945404052734375 30.71622085571289 -4.251586437225342 -18.902376174926758 -6.950692653656006
chess/seq-03/frame-000254.color.png 0.9639336466789246 -0.8482551574707031 0.42182302474975586 31.195486068725586 -3.853050947189331 -18.710025787353516 -6.878937721252441
chess/seq-03/frame-000255.color.png 0.8537876009941101 -0.8704609274864197 0.39225083589553833 29.584800720214844 -4.059122562408447 -18.139951705932617 -6.032730579376221
chess/seq-03/frame-000256.color.png 0.8521807789802551 -0.8526515364646912 0.3422706425189972 28.663148880004883 -4.453007221221924 -18.528806686401367 -5.578686237335205
chess/seq-03/frame-000257.color.png 0.8936641812324524 -0.885827898979187 0.3514057993888855 29.974903106689453 -4.9239630699157715 -18.641145706176758 -6.774919033050537
chess/seq-03/frame-000258.color.png 0.8790332674980164 -0.8803269863128662 0.332604318857193 30.92292594909668 -5.590798377990723 -17.551105499267578 -7.140311241149902
chess/seq-03/frame-000259.color.png 0.9158174395561218 -0.8763459324836731 0.3383839428424835 30.757299423217773 -5.731256008148193 -17.5308895111084 -7.303372859954834
chess/seq-03/frame-000260.color.png 0.9265181422233582 -0.8164093494415283 0.31970295310020447 30.244274139404297 -5.437357425689697 -17.320323944091797 -6.82061767578125
chess/seq-03/frame-000261.color.png 0.9204350113868713 -0.8202580809593201 0.3265262544155121 30.528209686279297 -6.229349613189697 -16.6311092376709 -7.785905361175537
chess/seq-03/frame-000262.color.png 0.869351327419281 -0.8188119530677795 0.277932733297348 31.069318771362305 -6.442214488983154 -16.64056396484375 -7.4393768310546875
chess/seq-03/frame-000263.color.png 0.845018208026886 -0.8175013065338135 0.2646891176700592 30.302675247192383 -6.235286235809326 -15.424737930297852 -8.016554832458496
chess/seq-03/frame-000264.color.png 0.8058047294616699 -0.8026812076568604 0.2197742760181427 31.187179565429688 -5.626001834869385 -15.200077056884766 -7.53930139541626
chess/seq-03/frame-000265.color.png 0.7884038090705872 -0.8171707987785339 0.2309107780456543 32.199527740478516 -6.1669464111328125 -15.46760082244873 -7.982052326202393
chess/seq-03/frame-000266.color.png 0.8222836852073669 -0.7593663334846497 0.17678382992744446 32.69409942626953 -6.419600009918213 -15.115442276000977 -8.021202087402344
chess/seq-03/frame-000267.color.png 0.7554799914360046 -0.7590084075927734 0.13354641199111938 33.55830383300781 -6.447904586791992 -15.1715087890625 -8.077658653259277
chess/seq-03/frame-000268.color.png 0.776500403881073 -0.7549792528152466 0.09682372957468033 34.053768157958984 -6.895355224609375 -14.720369338989258 -8.22394847869873
chess/seq-03/frame-000269.color.png 0.7404342889785767 -0.7190072536468506 0.06200553476810455 34.02017593383789 -7.188392639160156 -14.584056854248047 -7.411208152770996
chess/seq-03/frame-000270.color.png 0.7384404540061951 -0.7171019911766052 0.029852163046598434 34.3558464050293 -7.035872459411621 -14.383699417114258 -7.337038516998291
chess/seq-03/frame-000271.color.png 0.7354753017425537 -0.7009610533714294 0.003962980583310127 34.31825637817383 -7.4607954025268555 -13.391810417175293 -6.63466739654541
chess/seq-03/frame-000272.color.png 0.7500634789466858 -0.710519552230835 -0.0810876414179802 35.395606994628906 -7.341127872467041 -13.308964729309082 -5.8511528968811035
chess/seq-03/frame-000273.color.png 0.7331373691558838 -0.6995959281921387 -0.12278187274932861 36.1578254699707 -7.291240215301514 -13.565217971801758 -5.473629951477051
chess/seq-03/frame-000274.color.png 0.7786821722984314 -0.6887450814247131 -0.1612931787967682 35.29790496826172 -7.049799919128418 -13.877506256103516 -4.843760967254639
chess/seq-03/frame-000275.color.png 0.8132274746894836 -0.6841930747032166 -0.2256045937538147 34.395301818847656 -6.91412353515625 -13.613462448120117 -4.657604217529297
chess/seq-03/frame-000276.color.png 0.7794442772865295 -0.6670446395874023 -0.24672293663024902 36.869815826416016 -6.8546528816223145 -13.14267635345459 -4.3867950439453125
chess/seq-03/frame-000277.color.png 0.7854682207107544 -0.6664263606071472 -0.3325241208076477 36.82754135131836 -6.3779377937316895 -13.110994338989258 -4.245137691497803
chess/seq-03/frame-000278.color.png 0.8049262166023254 -0.6616315841674805 -0.3271624743938446 36.867027282714844 -6.686940670013428 -12.879621505737305 -4.431823253631592
chess/seq-03/frame-000279.color.png 0.8406075239181519 -0.6528555154800415 -0.315635621547699 37.3290901184082 -6.497580528259277 -13.04195785522461 -4.497591495513916
chess/seq-03/frame-000280.color.png 0.800115704536438 -0.6553821563720703 -0.36955973505973816 36.49102783203125 -6.281147003173828 -12.679803848266602 -4.181283950805664
chess/seq-03/frame-000281.color.png 0.7840544581413269 -0.6527467370033264 -0.3926561772823334 37.29093551635742 -6.603496074676514 -13.068453788757324 -3.9091439247131348
chess/seq-03/frame-000282.color.png 0.8002762198448181 -0.6419578194618225 -0.38523444533348083 37.15086364746094 -6.562319278717041 -13.008842468261719 -4.008981227874756
chess/seq-03/frame-000283.color.png 0.8054879903793335 -0.633886992931366 -0.4172605574131012 36.54163360595703 -6.650657653808594 -11.658856391906738 -4.085831642150879
chess/seq-03/frame-000284.color.png 0.7515482902526855 -0.6131394505500793 -0.4659101963043213 35.7570915222168 -6.686659812927246 -12.395354270935059 -4.057374477386475
chess/seq-03/frame-000285.color.png 0.7445104122161865 -0.6221557259559631 -0.4532455503940582 35.775177001953125 -6.95105504989624 -12.130566596984863 -4.345404148101807
chess/seq-03/frame-000286.color.png 0.6975216269493103 -0.6329669952392578 -0.49031126499176025 36.8450813293457 -7.204639911651611 -10.455114364624023 -4.325991630554199
chess/seq-03/frame-000287.color.png 0.6615420579910278 -0.6307248473167419 -0.5096915364265442 37.40971374511719 -7.299630165100098 -9.969072341918945 -4.113379955291748
chess/seq-03/frame-000288.color.png 0.6557043790817261 -0.6261252164840698 -0.537466824054718 38.01041793823242 -7.407090663909912 -9.560079574584961 -4.14634370803833
chess/seq-03/frame-000289.color.png 0.6047747731208801 -0.6115192174911499 -0.5391650795936584 36.39081954956055 -7.110235214233398 -9.114060401916504 -3.988560676574707
chess/seq-03/frame-000290.color.png 0.5397729277610779 -0.6033080220222473 -0.5300014019012451 38.02500915527344 -7.5642523765563965 -9.724512100219727 -3.9601383209228516
chess/seq-03/frame-000291.color.png 0.5448743104934692 -0.6151102781295776 -0.5583000779151917 38.34650802612305 -7.7608160972595215 -9.479120254516602 -3.972492218017578
chess/seq-03/frame-000292.color.png 0.49412477016448975 -0.6242803335189819 -0.572708010673523 37.857730865478516 -7.668594837188721 -8.850018501281738 -4.209803581237793
chess/seq-03/frame-000293.color.png 0.5145972371101379 -0.6177557110786438 -0.5677282214164734 38.167396545410156 -7.492222309112549 -8.11181354522705 -4.258123874664307
chess/seq-03/frame-000294.color.png 0.4906550943851471 -0.6412649750709534 -0.593964695930481 38.31031799316406 -7.461470127105713 -8.388901710510254 -4.256637096405029
chess/seq-03/frame-000295.color.png 0.4954432249069214 -0.6396116614341736 -0.6299031972885132 38.60704803466797 -7.220132827758789 -8.426681518554688 -4.135234355926514
chess/seq-03/frame-000296.color.png 0.45201966166496277 -0.6382640600204468 -0.6618003249168396 38.707454681396484 -7.050660610198975 -8.110428810119629 -4.271520137786865
chess/seq-03/frame-000297.color.png 0.41264650225639343 -0.6332985162734985 -0.6853055953979492 38.47319412231445 -7.064846515655518 -8.881500244140625 -4.106756210327148
chess/seq-03/frame-000298.color.png 0.3985908329486847 -0.6264257431030273 -0.7087308168411255 39.61345291137695 -7.115811347961426 -8.036951065063477 -4.192185401916504
chess/seq-03/frame-000299.color.png 0.3783399760723114 -0.6107773184776306 -0.7243658304214478 40.41757583618164 -7.01082706451416 -7.834565162658691 -4.0347185134887695
chess/seq-03/frame-000300.color.png 0.34481847286224365 -0.6389418244361877 -0.7228905558586121 39.7956428527832 -6.771775245666504 -7.056934356689453 -3.8209879398345947
chess/seq-03/frame-000301.color.png 0.33020684123039246 -0.615554690361023 -0.726806104183197 40.543304443359375 -6.582179069519043 -7.75196647644043 -3.8277719020843506
chess/seq-03/frame-000302.color.png 0.3005618155002594 -0.6509457230567932 -0.74117112159729 40.08858871459961 -6.240594387054443 -5.9875712394714355 -3.7154958248138428
chess/seq-03/frame-000303.color.png 0.2900789976119995 -0.6444759368896484 -0.7432994246482849 41.748382568359375 -6.230325698852539 -5.819754123687744 -3.6633079051971436
chess/seq-03/frame-000304.color.png 0.21617534756660461 -0.6670916676521301 -0.743446946144104 42.267635345458984 -6.243698596954346 -5.193540573120117 -3.5168330669403076
chess/seq-03/frame-000305.color.png 0.2198256403207779 -0.6884307265281677 -0.7428964376449585 42.406063079833984 -6.363246917724609 -5.436744689941406 -3.1355032920837402
chess/seq-03/frame-000306.color.png 0.2397763431072235 -0.6543950438499451 -0.7349198460578918 42.484859466552734 -6.594606399536133 -6.203599452972412 -3.1079399585723877
chess/seq-03/frame-000307.color.png 0.18207505345344543 -0.6862363815307617 -0.7309408783912659 42.48509979248047 -6.308360576629639 -6.989432334899902 -3.0823752880096436
chess/seq-03/frame-000308.color.png 0.16209904849529266 -0.7067071795463562 -0.7551854848861694 42.27177810668945 -6.540189266204834 -6.992555141448975 -2.9490091800689697
chess/seq-03/frame-000309.color.png 0.16558757424354553 -0.7158286571502686 -0.7282480001449585 42.25751495361328 -6.624765396118164 -6.403857231140137 -3.458934783935547
chess/seq-03/frame-000310.color.png 0.13152937591075897 -0.711286187171936 -0.7038246989250183 42.49359893798828 -6.6642327308654785 -6.539859294891357 -3.508023738861084
chess/seq-03/frame-000311.color.png 0.11193090677261353 -0.7083567976951599 -0.6958485841751099 42.59123992919922 -6.522351264953613 -7.088729381561279 -3.7216343879699707
chess/seq-03/frame-000312.color.png 0.0974998027086258 -0.7034894227981567 -0.6917446851730347 41.812992095947266 -6.569407939910889 -7.117511749267578 -3.7306525707244873
chess/seq-03/frame-000313.color.png 0.07964088022708893 -0.713272213935852 -0.695655107498169 42.8608283996582 -6.834066867828369 -7.473752498626709 -3.6097443103790283
chess/seq-03/frame-000314.color.png 0.02742169052362442 -0.7027765512466431 -0.6507071256637573 42.00871276855469 -6.642674922943115 -8.267316818237305 -3.261418342590332
chess/seq-03/frame-000315.color.png 0.028698913753032684 -0.7064081430435181 -0.6407305598258972 41.912025451660156 -6.6564178466796875 -8.679688453674316 -3.435539960861206
chess/seq-03/frame-000316.color.png 0.009995609521865845 -0.7165324687957764 -0.6208215355873108 42.33486557006836 -6.728281497955322 -9.01667308807373 -3.005460500717163
chess/seq-03/frame-000317.color.png 0.005773827433586121 -0.7125791907310486 -0.6056613326072693 42.290225982666016 -6.4597063064575195 -9.177597045898438 -3.1635560989379883
chess/seq-03/frame-000318.color.png -0.013333465903997421 -0.7009478807449341 -0.5668731927871704 42.81088638305664 -6.692508697509766 -9.735054016113281 -3.0351028442382812
chess/seq-03/frame-000319.color.png -0.01905352994799614 -0.7282448410987854 -0.5424694418907166 42.77016830444336 -6.252646446228027 -9.977818489074707 -3.135742664337158
chess/seq-03/frame-000320.color.png -0.02073241025209427 -0.7142869234085083 -0.5519601702690125 42.02543640136719 -6.033705234527588 -10.37977123260498 -3.1198625564575195
chess/seq-03/frame-000321.color.png -0.04930787906050682 -0.7595984935760498 -0.4910277724266052 40.96700668334961 -5.630620002746582 -10.232162475585938 -3.2513656616210938
chess/seq-03/frame-000322.color.png -0.07431371510028839 -0.7682439088821411 -0.5285425186157227 41.048194885253906 -5.3602070808410645 -10.184048652648926 -3.3330092430114746
chess/seq-03/frame-000323.color.png -0.11067186295986176 -0.7740391492843628 -0.509000837802887 40.728057861328125 -4.741324424743652 -10.652267456054688 -3.7844667434692383
chess/seq-03/frame-000324.color.png -0.11951179802417755 -0.7756897807121277 -0.509782612323761 40.634666442871094 -4.639607906341553 -10.575610160827637 -3.813035488128662
chess/seq-03/frame-000325.color.png -0.10398943722248077 -0.8032110929489136 -0.4599878787994385 41.032264709472656 -4.7036848068237305 -11.292729377746582 -3.915275812149048
chess/seq-03/frame-000326.color.png -0.09935937821865082 -0.7992303371429443 -0.46721315383911133 40.764556884765625 -4.846998691558838 -11.79033374786377 -3.8397164344787598
chess/seq-03/frame-000327.color.png -0.1063409149646759 -0.798736572265625 -0.4425927996635437 41.06854248046875 -4.354709625244141 -11.434636116027832 -4.27401876449585
chess/seq-03/frame-000328.color.png -0.11221972107887268 -0.7940478324890137 -0.42926323413848877 40.83829116821289 -4.324512481689453 -11.657022476196289 -4.382427215576172
chess/seq-03/frame-000329.color.png -0.10902711749076843 -0.8182633519172668 -0.41075098514556885 40.38428497314453 -4.681419372558594 -11.805534362792969 -4.642816066741943
chess/seq-03/frame-000330.color.png -0.11943358182907104 -0.8133887052536011 -0.4183170795440674 40.245849609375 -4.236900806427002 -11.235215187072754 -4.511214733123779
chess/seq-03/frame-000331.color.png -0.11717912554740906 -0.80549156665802 -0.4240744709968567 39.96331024169922 -4.024814128875732 -11.546436309814453 -4.762650012969971
chess/seq-03/frame-000332.color.png -0.10414564609527588 -0.8037272691726685 -0.429682195186615 40.30214309692383 -4.0212178230285645 -11.604242324829102 -5.002562522888184
chess/seq-03/frame-000333.color.png -0.11302803456783295 -0.8233848214149475 -0.37074342370033264 40.06333923339844 -4.063814640045166 -11.364660263061523 -4.891117572784424
chess/seq-03/frame-000334.color.png -0.12105613946914673 -0.8154457211494446 -0.3279047906398773 39.287445068359375 -4.009084701538086 -11.475455284118652 -4.897700786590576
chess/seq-03/frame-000335.color.png -0.12279298901557922 -0.8269308805465698 -0.3125271201133728 39.243064880371094 -4.134642124176025 -11.532491683959961 -5.002288341522217
chess/seq-03/frame-000336.color.png -0.1512126922607422 -0.8124561309814453 -0.2654697000980377 38.660823822021484 -3.7749195098876953 -11.038147926330566 -5.246031284332275
chess/seq-03/frame-000337.color.png -0.15379109978675842 -0.809049665927887 -0.27163347601890564 39.17256164550781 -3.948439598083496 -10.956748008728027 -5.116598129272461
chess/seq-03/frame-000338.color.png -0.1447952538728714 -0.8120922446250916 -0.23176145553588867 39.466243743896484 -3.929506301879883 -11.030323028564453 -5.309389591217041
chess/seq-03/frame-000339.color.png -0.14818896353244781 -0.8102974891662598 -0.24631810188293457 39.68068313598633 -4.339386940002441 -11.18130111694336 -5.038127422332764
chess/seq-03/frame-000340.color.png -0.1542925238609314 -0.8123367428779602 -0.22055983543395996 39.79901123046875 -3.912775754928589 -10.199819564819336 -4.6454644203186035
chess/seq-03/frame-000341.color.png -0.17282938957214355 -0.8062562942504883 -0.21682459115982056 40.27675247192383 -3.609900712966919 -9.611186027526855 -4.325888633728027
chess/seq-03/frame-000342.color.png -0.16697150468826294 -0.8084912896156311 -0.21774211525917053 40.21179962158203 -3.4315345287323 -9.529169082641602 -4.443537712097168
chess/seq-03/frame-000343.color.png -0.1873602271080017 -0.808868944644928 -0.15924173593521118 40.23746109008789 -3.4312779903411865 -9.611165046691895 -4.307076930999756
chess/seq-03/frame-000344.color.png -0.19077326357364655 -0.80617356300354 -0.1752314269542694 41.049678802490234 -3.4614012241363525 -9.442608833312988 -4.277146816253662
chess/seq-03/frame-000345.color.png -0.19513817131519318 -0.8010274767875671 -0.1814693808555603 41.297279357910156 -3.422144889831543 -9.4016752243042 -4.345151424407959
chess/seq-03/frame-000346.color.png -0.20185768604278564 -0.8138750791549683 -0.12402700632810593 41.95603942871094 -3.5522944927215576 -9.37227725982666 -4.050629615783691
chess/seq-03/frame-000347.color.png -0.21920153498649597 -0.8132336139678955 -0.09081443399190903 42.511329650878906 -3.7270638942718506 -9.524246215820312 -4.0455851554870605
chess/seq-03/frame-000348.color.png -0.21535542607307434 -0.8153775930404663 -0.10203801840543747 43.946556091308594 -3.6275815963745117 -7.898536682128906 -3.0157623291015625
chess/seq-03/frame-000349.color.png -0.23448249697685242 -0.8195595145225525 -0.08194451034069061 43.96982192993164 -4.026613235473633 -8.067692756652832 -3.0511484146118164
chess/seq-03/frame-000350.color.png -0.2388443946838379 -0.8161762356758118 -0.03910693898797035 43.723419189453125 -3.9143190383911133 -8.027342796325684 -3.0750160217285156
chess/seq-03/frame-000351.color.png -0.23434695601463318 -0.8183839917182922 -0.05188684165477753 43.70522689819336 -4.174376964569092 -8.531109809875488 -2.9740707874298096
chess/seq-03/frame-000352.color.png -0.24713027477264404 -0.8174759149551392 -0.06720723956823349 44.352054595947266 -4.079245090484619 -7.760819911956787 -2.397796154022217
chess/seq-03/frame-000353.color.png -0.2486523985862732 -0.8355838060379028 -0.029577922075986862 44.65851974487305 -4.121694087982178 -6.615968227386475 -2.134763479232788
chess/seq-03/frame-000354.color.png -0.2474307119846344 -0.8469164967536926 -0.0300702303647995 44.251590728759766 -4.383958339691162 -6.366510391235352 -2.62502121925354
chess/seq-03/frame-000355.color.png -0.2660506069660187 -0.8477203845977783 0.0012910235673189163 44.67290496826172 -4.202946186065674 -6.665503978729248 -2.649148464202881
chess/seq-03/frame-000356.color.png -0.25318098068237305 -0.8521945476531982 0.024471834301948547 45.22850799560547 -4.729206562042236 -6.21405553817749 -2.7052831649780273
chess/seq-03/frame-000357.color.png -0.23345857858657837 -0.8512573838233948 0.049613066017627716 45.27615737915039 -4.900455474853516 -6.250704288482666 -2.6422994136810303
chess/seq-03/frame-000358.color.png -0.23331648111343384 -0.855830729007721 0.06064692139625549 45.453548431396484 -5.108907222747803 -6.631944179534912 -2.4862160682678223
chess/seq-03/frame-000359.color.png -0.25210854411125183 -0.8588162064552307 0.07486236095428467 46.34434509277344 -5.391317844390869 -5.559253692626953 -2.2695770263671875
chess/seq-03/frame-000360.color.png -0.21965964138507843 -0.8577163815498352 0.08867498487234116 46.274803161621094 -5.205012798309326 -5.047082424163818 -2.1163322925567627
chess/seq-03/frame-000361.color.png -0.23018187284469604 -0.8542772531509399 0.11183678358793259 46.78951644897461 -5.390140533447266 -4.811206817626953 -1.8221250772476196
chess/seq-03/frame-000362.color.png -0.2340412139892578 -0.8552092909812927 0.13381582498550415 47.10013961791992 -6.111393928527832 -4.097845554351807 -1.5790293216705322
chess/seq-03/frame-000363.color.png -0.2373693585395813 -0.8496624827384949 0.15048334002494812 47.10179901123047 -5.715527057647705 -3.6534862518310547 -1.7715154886245728
chess/seq-03/frame-000364.color.png -0.22276003658771515 -0.8474597334861755 0.15512186288833618 46.66934585571289 -6.136028289794922 -3.361222267150879 -1.677254557609558
chess/seq-03/frame-000365.color.png -0.2357606589794159 -0.8567017912864685 0.19974154233932495 46.894039154052734 -6.27768087387085 -2.4856975078582764 -1.904186487197876
chess/seq-03/frame-000366.color.png -0.2211524099111557 -0.8505273461341858 0.20569559931755066 46.883731842041016 -6.576669216156006 -2.834446907043457 -1.8081622123718262
chess/seq-03/frame-000367.color.png -0.21108166873455048 -0.8663089871406555 0.2218831479549408 47.357818603515625 -6.488606929779053 -3.412135362625122 -1.5673186779022217
chess/seq-03/frame-000368.color.png -0.20686328411102295 -0.8650781512260437 0.22493943572044373 47.09168243408203 -7.272388935089111 -3.63752818107605 -1.245332956314087
chess/seq-03/frame-000369.color.png -0.2057853639125824 -0.8625052571296692 0.24233931303024292 45.967315673828125 -6.821628093719482 -2.024888753890991 -1.224540114402771
chess/seq-03/frame-000370.color.png -0.20922648906707764 -0.8636255264282227 0.2500231862068176 45.86267852783203 -7.209558486938477 -2.7786881923675537 -0.9758251309394836
chess/seq-03/frame-000371.color.png -0.20890489220619202 -0.87380051612854 0.2608414888381958 46.00197219848633 -7.500546932220459 -2.1188056468963623 -0.966046154499054
chess/seq-03/frame-000372.color.png -0.20083177089691162 -0.8659589290618896 0.24163571000099182 45.89280700683594 -7.725187301635742 -2.506556272506714 -1.0534555912017822
chess/seq-03/frame-000373.color.png -0.2057773768901825 -0.8841651678085327 0.271020770072937 44.96730041503906 -7.722860813140869 -2.5110318660736084 -0.7225757837295532
chess/seq-03/frame-000374.color.png -0.21355566382408142 -0.882605791091919 0.28549668192863464 44.73363494873047 -7.473227500915527 -1.7875034809112549 -0.9573180079460144
chess/seq-03/frame-000375.color.png -0.2217808961868286 -0.8819499015808105 0.3172540068626404 43.2528190612793 -8.023002624511719 -0.08009104430675507 -1.0766812562942505
chess/seq-03/frame-000376.color.png -0.24406027793884277 -0.8948907256126404 0.3224417567253113 44.13734436035156 -8.378450393676758 -0.7810008525848389 -1.0293642282485962
chess/seq-03/frame-000377.color.png -0.19713054597377777 -0.900587260723114 0.3209465742111206 43.21275329589844 -9.186352729797363 -0.9569805860519409 -0.10966673493385315
chess/seq-03/frame-000378.color.png -0.15780127048492432 -0.9051269292831421 0.3492313623428345 43.46259307861328 -9.221426010131836 -0.39260682463645935 -0.044913116842508316
chess/seq-03/frame-000379.color.png -0.16440808773040771 -0.8825315833091736 0.3598562479019165 42.86360168457031 -9.673215866088867 -0.37558406591415405 -0.08111059665679932
chess/seq-03/frame-000380.color.png -0.17359986901283264 -0.8899340033531189 0.3400912284851074 41.93701934814453 -10.312332153320312 -0.08705967664718628 -0.1583680808544159
chess/seq-03/frame-000381.color.png -0.1833300143480301 -0.8714728355407715 0.3590694069862366 43.40502166748047 -10.185625076293945 -0.05328861624002457 0.02913711592555046
chess/seq-03/frame-000382.color.png -0.13228026032447815 -0.8904315829277039 0.3198855519294739 41.30513000488281 -11.253317832946777 -0.19039827585220337 0.2739599943161011
chess/seq-03/frame-000383.color.png -0.1407250314950943 -0.8720727562904358 0.3435479402542114 39.18069839477539 -11.884259223937988 -0.2487497329711914 1.0201306343078613
chess/seq-03/frame-000384.color.png -0.11717188358306885 -0.8976089954376221 0.33418887853622437 38.83613586425781 -11.980550765991211 1.0870509147644043 0.345630943775177
chess/seq-03/frame-000385.color.png -0.11408670246601105 -0.8791086077690125 0.33276328444480896 38.17692565917969 -12.367766380310059 0.9515738487243652 0.5167033076286316
chess/seq-03/frame-000386.color.png -0.1330452561378479 -0.8676502704620361 0.3684464693069458 37.4238395690918 -12.69739818572998 0.9855368733406067 1.0843455791473389
chess/seq-03/frame-000387.color.png -0.08776235580444336 -0.8618825078010559 0.32111111283302307 36.491722106933594 -13.136213302612305 0.7910056710243225 1.3316285610198975
chess/seq-03/frame-000388.color.png -0.09297341108322144 -0.8547908663749695 0.36713674664497375 35.31645584106445 -13.263449668884277 0.760935366153717 1.632514476776123
chess/seq-03/frame-000389.color.png -0.07573758065700531 -0.8580008149147034 0.35270819067955017 34.43675994873047 -13.4454984664917 0.7038452625274658 1.601728081703186
chess/seq-03/frame-000390.color.png -0.10111382603645325 -0.8763590455055237 0.36891111731529236 33.95719528198242 -13.393342018127441 1.279619812965393 1.3898998498916626
chess/seq-03/frame-000391.color.png -0.10229137539863586 -0.8557884097099304 0.3669680655002594 34.27690124511719 -13.194003105163574 1.2856166362762451 1.5033166408538818
chess/seq-03/frame-000392.color.png -0.0895514041185379 -0.8343586325645447 0.3728395104408264 34.26103973388672 -13.181577682495117 2.018085479736328 1.6508822441101074
chess/seq-03/frame-000393.color.png -0.15711098909378052 -0.7880638837814331 0.3575635552406311 32.08832931518555 -12.437199592590332 2.167477607727051 1.0712611675262451
chess/seq-03/frame-000394.color.png -0.13446137309074402 -0.8040839433670044 0.3692500591278076 31.466175079345703 -12.816549301147461 1.6795954704284668 1.3094652891159058
chess/seq-03/frame-000395.color.png -0.09173724055290222 -0.816559910774231 0.3776322603225708 31.9221248626709 -13.000164031982422 1.1595253944396973 1.7273497581481934
chess/seq-03/frame-000396.color.png -0.06000291183590889 -0.8374747037887573 0.4194640815258026 31.343660354614258 -13.010628700256348 1.405540108680725 1.5103000402450562
chess/seq-03/frame-000397.color.png -0.04865584149956703 -0.8418768048286438 0.42393311858177185 28.904870986938477 -12.113116264343262 1.6496392488479614 1.0912604331970215
chess/seq-03/frame-000398.color.png -0.0728924423456192 -0.8267295956611633 0.4463101625442505 29.736133575439453 -12.244747161865234 1.524689793586731 1.440009593963623
chess/seq-03/frame-000399.color.png -0.07716493308544159 -0.8217774033546448 0.4266381859779358 29.04518699645996 -11.963236808776855 1.680351734161377 1.2244844436645508
chess/seq-03/frame-000400.color.png -0.08863174915313721 -0.8254753947257996 0.41656187176704407 29.757286071777344 -12.144538879394531 1.8564401865005493 1.772304654121399
chess/seq-03/frame-000401.color.png -0.08773024380207062 -0.822450578212738 0.4472370743751526 29.474519729614258 -11.857930183410645 2.0175843238830566 2.0365219116210938
chess/seq-03/frame-000402.color.png -0.07552506029605865 -0.8189527988433838 0.44268476963043213 29.26938247680664 -11.400668144226074 2.2424020767211914 2.0342676639556885
chess/seq-03/frame-000403.color.png -0.07935695350170135 -0.8187388181686401 0.43123069405555725 29.40641975402832 -11.768709182739258 2.0541865825653076 2.004892110824585
chess/seq-03/frame-000404.color.png -0.07505832612514496 -0.8149930238723755 0.42172345519065857 29.932382583618164 -12.137577056884766 1.9212791919708252 1.9208078384399414
chess/seq-03/frame-000405.color.png -0.08690667152404785 -0.8006723523139954 0.4144979417324066 30.602657318115234 -11.706809997558594 2.0074892044067383 2.38376784324646
chess/seq-03/frame-000406.color.png -0.0893561989068985 -0.8005216717720032 0.41062870621681213 32.28046798706055 -12.043373107910156 1.9215580224990845 2.6399264335632324
chess/seq-03/frame-000407.color.png -0.09187118709087372 -0.8050662875175476 0.4096970558166504 31.553342819213867 -12.024903297424316 1.7971887588500977 2.420907974243164
chess/seq-03/frame-000408.color.png -0.0808551162481308 -0.8193405270576477 0.40943682193756104 30.748004913330078 -12.12893009185791 1.6566555500030518 2.235365867614746
chess/seq-03/frame-000409.color.png -0.08956539630889893 -0.8240970373153687 0.39046159386634827 31.33338165283203 -12.033416748046875 1.7978790998458862 2.4419190883636475
chess/seq-03/frame-000410.color.png -0.09055645763874054 -0.8220470547676086 0.3848559856414795 31.545705795288086 -12.13173770904541 1.6983323097229004 2.567427635192871
chess/seq-03/frame-000411.color.png -0.08061416447162628 -0.8243568539619446 0.38656383752822876 31.109827041625977 -12.011822700500488 1.9193073511123657 2.462662696838379
chess/seq-03/frame-000412.color.png -0.07834585011005402 -0.8178020715713501 0.3735281825065613 31.48670196533203 -12.168180465698242 1.8176780939102173 2.5497663021087646
chess/seq-03/frame-000413.color.png -0.08084584772586823 -0.8280335068702698 0.35567620396614075 31.319744110107422 -12.306869506835938 1.6346664428710938 2.4680867195129395
chess/seq-03/frame-000414.color.png -0.1006840169429779 -0.8341361284255981 0.3526466190814972 30.735395431518555 -12.081304550170898 1.5490642786026 2.267183542251587
chess/seq-03/frame-000415.color.png -0.10601997375488281 -0.833652675151825 0.3400627374649048 31.33542251586914 -12.116538047790527 1.482330083847046 2.625699996948242
chess/seq-03/frame-000416.color.png -0.09951159358024597 -0.8388947248458862 0.3248845636844635 31.618579864501953 -12.030035972595215 1.5521396398544312 2.8870015144348145
chess/seq-03/frame-000417.color.png -0.10288113355636597 -0.8279221057891846 0.32409682869911194 31.510147094726562 -11.827131271362305 1.7042056322097778 2.9059252738952637
chess/seq-03/frame-000418.color.png -0.1083173155784607 -0.8217607140541077 0.3038060665130615 30.573719024658203 -11.63223648071289 1.9557965993881226 2.612168073654175
chess/seq-03/frame-000419.color.png -0.09053300321102142 -0.8450786471366882 0.30158770084381104 30.446279525756836 -11.527506828308105 1.9522901773452759 2.666712760925293
chess/seq-03/frame-000420.color.png -0.09154443442821503 -0.8389868140220642 0.29762744903564453 30.958833694458008 -11.60488224029541 2.050201416015625 2.7483747005462646
chess/seq-03/frame-000421.color.png -0.09062197804450989 -0.8370603919029236 0.2899346947669983 31.962499618530273 -11.904541969299316 1.9032849073410034 3.0263454914093018
chess/seq-03/frame-000422.color.png -0.09268568456172943 -0.8448835611343384 0.2748708724975586 31.600414276123047 -11.633544921875 1.96500563621521 3.072413206100464
chess/seq-03/frame-000423.color.png -0.12907183170318604 -0.8542059659957886 0.2620011568069458 28.47850799560547 -10.81598949432373 1.9158648252487183 2.292931318283081
chess/seq-03/frame-000424.color.png -0.12409457564353943 -0.8590816259384155 0.2384660243988037 29.233552932739258 -11.020980834960938 2.0135738849639893 2.5771143436431885
chess/seq-03/frame-000425.color.png -0.1061418354511261 -0.8624253869056702 0.23440426588058472 30.0550479888916 -11.557948112487793 2.1084296703338623 2.5219509601593018
chess/seq-03/frame-000426.color.png -0.10036341845989227 -0.8668685555458069 0.22677293419837952 30.694725036621094 -11.673977851867676 1.9773069620132446 2.6237142086029053
chess/seq-03/frame-000427.color.png -0.10864001512527466 -0.871451735496521 0.20020484924316406 31.046001434326172 -11.485893249511719 2.2544918060302734 2.687864065170288
chess/seq-03/frame-000428.color.png -0.10884414613246918 -0.8749995827674866 0.20347198843955994 31.864049911499023 -11.59135627746582 2.197737693786621 2.913179397583008
chess/seq-03/frame-000429.color.png -0.11722517013549805 -0.8815779089927673 0.19543933868408203 31.054075241088867 -11.330839157104492 2.3149240016937256 2.899034261703491
chess/seq-03/frame-000430.color.png -0.10875359177589417 -0.8780360817909241 0.18677771091461182 31.06300163269043 -11.54233169555664 2.3206536769866943 2.8926684856414795
chess/seq-03/frame-000431.color.png -0.09940193593502045 -0.8876057267189026 0.15555518865585327 31.041929244995117 -11.692405700683594 1.9707450866699219 2.8882012367248535
chess/seq-03/frame-000432.color.png -0.10823960602283478 -0.8904436230659485 0.16575637459754944 30.942153930664062 -11.900259971618652 2.0528459548950195 2.8002336025238037
chess/seq-03/frame-000433.color.png -0.1071878969669342 -0.8893915414810181 0.17248567938804626 31.540822982788086 -11.905620574951172 2.2151267528533936 2.7351653575897217
chess/seq-03/frame-000434.color.png -0.11913549900054932 -0.8848882913589478 0.15659627318382263 32.351070404052734 -12.111769676208496 2.1831841468811035 2.9438233375549316
chess/seq-03/frame-000435.color.png -0.12061181664466858 -0.8904163241386414 0.16962936520576477 32.0402717590332 -11.851045608520508 2.140836715698242 3.013679265975952
chess/seq-03/frame-000436.color.png -0.11350607872009277 -0.9041810631752014 0.1493103802204132 32.05687713623047 -11.931774139404297 2.07405161857605 2.925467014312744
chess/seq-03/frame-000437.color.png -0.11704699695110321 -0.9007782340049744 0.13684996962547302 32.60177993774414 -12.333725929260254 2.0987327098846436 2.5488924980163574
chess/seq-03/frame-000438.color.png -0.10444265604019165 -0.8992399573326111 0.126790851354599 32.957664489746094 -12.429795265197754 2.0120396614074707 2.506054162979126
chess/seq-03/frame-000439.color.png -0.09623689949512482 -0.9116674661636353 0.11255180090665817 33.002716064453125 -12.402116775512695 1.9491626024246216 2.5515100955963135
chess/seq-03/frame-000440.color.png -0.0734039843082428 -0.9127634763717651 0.10198508948087692 33.52788162231445 -12.798060417175293 1.6245707273483276 2.4279592037200928
chess/seq-03/frame-000441.color.png -0.07524468004703522 -0.9053157567977905 0.09023835510015488 34.196014404296875 -13.005200386047363 1.578914761543274 2.184615135192871
chess/seq-03/frame-000442.color.png -0.09179438650608063 -0.9111589193344116 0.059911079704761505 34.550907135009766 -13.094667434692383 1.585412621498108 1.9049861431121826
chess/seq-03/frame-000443.color.png -0.0883551836013794 -0.9043706655502319 0.04299125447869301 33.85054016113281 -12.998126983642578 1.4739609956741333 1.7996746301651
chess/seq-03/frame-000444.color.png -0.06553207337856293 -0.929387092590332 0.0156564861536026 34.43586730957031 -13.07650089263916 0.9016150832176208 1.4107146263122559
chess/seq-03/frame-000445.color.png -0.05871965363621712 -0.9303069710731506 0.0017854217439889908 35.76992416381836 -13.122269630432129 0.8125532269477844 1.209064245223999
chess/seq-03/frame-000446.color.png -0.050342414528131485 -0.9517696499824524 -0.0077436696738004684 35.755157470703125 -13.1930513381958 0.7765113711357117 1.1704250574111938
chess/seq-03/frame-000447.color.png -0.06741780042648315 -0.950586199760437 -0.040094442665576935 36.28634262084961 -13.07020378112793 0.6755617260932922 1.0373140573501587
chess/seq-03/frame-000448.color.png -0.036462172865867615 -0.9647356271743774 -0.04498344287276268 36.74908447265625 -13.496707916259766 -0.46391811966896057 0.2910805344581604
chess/seq-03/frame-000449.color.png -0.03476446121931076 -0.9701743721961975 -0.03240956366062164 35.967987060546875 -13.32227897644043 -0.09019823372364044 -0.10073615610599518
chess/seq-03/frame-000450.color.png -0.022583097219467163 -0.9752421379089355 -0.026433944702148438 37.47794723510742 -13.036571502685547 -0.40282270312309265 -0.3196913003921509
chess/seq-03/frame-000451.color.png -0.0147939994931221 -0.9904265403747559 -0.036844708025455475 37.52269744873047 -12.308365821838379 -0.2873622477054596 -1.0651655197143555
chess/seq-03/frame-000452.color.png -0.01440739631652832 -0.9715451598167419 -0.047857433557510376 37.711299896240234 -12.00914478302002 -0.9721575379371643 -1.5828962326049805
chess/seq-03/frame-000453.color.png 0.0022889338433742523 -0.9639766216278076 -0.04613471403717995 37.511417388916016 -11.899035453796387 -1.1923599243164062 -1.9376400709152222
chess/seq-03/frame-000454.color.png -0.01571505144238472 -0.966472327709198 -0.07457457482814789 37.09678649902344 -10.75356674194336 -0.6582797169685364 -3.065464496612549
chess/seq-03/frame-000455.color.png -0.018626786768436432 -0.9665058255195618 -0.0940852239727974 37.0921745300293 -11.08091926574707 -1.3945993185043335 -3.060349225997925
chess/seq-03/frame-000456.color.png -0.021266501396894455 -0.9645593166351318 -0.09597407281398773 36.55965805053711 -10.481219291687012 -1.0409015417099 -3.7686870098114014
chess/seq-03/frame-000457.color.png -0.044567834585905075 -0.9511739611625671 -0.11989972740411758 35.66059112548828 -9.451045036315918 -0.8359966278076172 -4.468176364898682
chess/seq-03/frame-000458.color.png -0.04566340520977974 -0.9352661967277527 -0.12054410576820374 36.75944137573242 -9.8643159866333 -1.021446943283081 -4.388731479644775
chess/seq-03/frame-000459.color.png -0.06639750301837921 -0.9638223648071289 -0.1255742758512497 36.90269470214844 -8.483413696289062 -1.640141248703003 -5.253466606140137
chess/seq-03/frame-000460.color.png -0.061795663088560104 -0.9575737714767456 -0.1503908932209015 36.55723190307617 -8.649900436401367 -2.1990857124328613 -5.430876731872559
chess/seq-03/frame-000461.color.png -0.09071947634220123 -0.9545483589172363 -0.15515294671058655 35.129066467285156 -7.770511150360107 -1.1645545959472656 -6.067334175109863
chess/seq-03/frame-000462.color.png -0.08258382976055145 -0.9317014813423157 -0.1749107539653778 35.18934631347656 -8.077072143554688 -2.068325996398926 -6.31339693069458
chess/seq-03/frame-000463.color.png -0.10496269166469574 -0.9601381421089172 -0.20128479599952698 35.179443359375 -8.040761947631836 -3.2439215183258057 -6.684631824493408
chess/seq-03/frame-000464.color.png -0.12262903153896332 -0.9284846782684326 -0.20174923539161682 35.31800842285156 -7.653565883636475 -3.8145458698272705 -6.901983737945557
chess/seq-03/frame-000465.color.png -0.10710380971431732 -0.9366593956947327 -0.23241862654685974 36.196990966796875 -6.650235652923584 -5.192110061645508 -7.368314743041992
chess/seq-03/frame-000466.color.png -0.10639432072639465 -0.9341990947723389 -0.23383525013923645 35.848628997802734 -7.296932220458984 -5.756160259246826 -7.219196796417236
chess/seq-03/frame-000467.color.png -0.10174459218978882 -0.9374521970748901 -0.22856289148330688 35.49767303466797 -6.591212272644043 -6.331793785095215 -7.326477527618408
chess/seq-03/frame-000468.color.png -0.11594617366790771 -0.9385430812835693 -0.2100430130958557 35.70637893676758 -6.160006523132324 -7.660292148590088 -7.21360445022583
chess/seq-03/frame-000469.color.png -0.14650997519493103 -0.8675943613052368 -0.14704295992851257 35.29987335205078 -6.2279181480407715 -9.08691692352295 -6.759631156921387
chess/seq-03/frame-000470.color.png -0.16249889135360718 -0.8381428122520447 -0.1207752600312233 36.05356979370117 -6.780966281890869 -9.392792701721191 -6.181889057159424
chess/seq-03/frame-000471.color.png -0.14048829674720764 -0.8415189385414124 -0.2076384425163269 37.92377471923828 -6.7335381507873535 -11.304057121276855 -6.269993782043457
chess/seq-03/frame-000472.color.png -0.09839212894439697 -0.8205319046974182 -0.1874285638332367 33.84868240356445 -4.9596943855285645 -11.012367248535156 -6.374465465545654
chess/seq-03/frame-000473.color.png -0.11233504116535187 -0.8600187301635742 -0.23740491271018982 33.86320877075195 -4.639920711517334 -10.539886474609375 -6.11781644821167
chess/seq-03/frame-000474.color.png -0.09758685529232025 -0.8377671837806702 -0.3167782127857208 35.552425384521484 -4.867071151733398 -13.221391677856445 -6.59918737411499
chess/seq-03/frame-000475.color.png -0.11114028096199036 -0.8692664504051208 -0.332821249961853 36.80765151977539 -5.233095645904541 -13.805525779724121 -6.559077262878418
chess/seq-03/frame-000476.color.png -0.05678068473935127 -0.8564193248748779 -0.27072158455848694 36.545623779296875 -4.521151065826416 -13.127537727355957 -6.6532416343688965
chess/seq-03/frame-000477.color.png -0.05653708055615425 -0.8373070359230042 -0.28692635893821716 36.688720703125 -4.353903293609619 -14.718090057373047 -6.3768839836120605
chess/seq-03/frame-000478.color.png -0.051221463829278946 -0.8429359793663025 -0.2888818681240082 36.70750427246094 -4.2863335609436035 -14.289085388183594 -6.630796909332275
chess/seq-03/frame-000479.color.png -0.043728385120630264 -0.8303751945495605 -0.30173802375793457 35.8641471862793 -3.8676717281341553 -14.957571983337402 -6.6172637939453125
chess/seq-03/frame-000480.color.png -0.04654807224869728 -0.8147265315055847 -0.2925485670566559 34.33311462402344 -3.645935535430908 -15.296976089477539 -6.677536964416504
chess/seq-03/frame-000481.color.png -0.03847195953130722 -0.8293272852897644 -0.306326687335968 34.1611442565918 -3.401765823364258 -14.676607131958008 -6.944359302520752
chess/seq-03/frame-000482.color.png -0.036171071231365204 -0.8150171041488647 -0.31879860162734985 33.747920989990234 -3.070753812789917 -15.051188468933105 -6.926785469055176
chess/seq-03/frame-000483.color.png -0.03432736545801163 -0.8208370804786682 -0.3792523443698883 34.6900520324707 -3.465879440307617 -16.660655975341797 -6.9043684005737305
chess/seq-03/frame-000484.color.png -0.003105517476797104 -0.8217792510986328 -0.41538599133491516 33.798030853271484 -3.2653114795684814 -16.138309478759766 -6.502237319946289
chess/seq-03/frame-000485.color.png 0.03889881446957588 -0.7946626543998718 -0.4084552228450775 34.39297866821289 -3.8806045055389404 -16.683652877807617 -6.885461330413818
chess/seq-03/frame-000486.color.png 0.059350594878196716 -0.8033225536346436 -0.4954434633255005 35.49075698852539 -4.101038455963135 -16.939668655395508 -6.480134963989258
chess/seq-03/frame-000487.color.png 0.08354964107275009 -0.7825585007667542 -0.5097987651824951 36.098453521728516 -3.996412515640259 -16.966928482055664 -6.627072334289551
chess/seq-03/frame-000488.color.png 0.05158158019185066 -0.7923629283905029 -0.513678252696991 37.522613525390625 -4.362060070037842 -16.60601043701172 -6.070250511169434
chess/seq-03/frame-000489.color.png 0.08666084706783295 -0.7980003952980042 -0.5409684181213379 37.230079650878906 -4.549651622772217 -16.05377197265625 -5.802751541137695
chess/seq-03/frame-000490.color.png 0.1018001139163971 -0.7956882119178772 -0.515583336353302 38.6097297668457 -4.821969032287598 -15.551790237426758 -5.747409820556641
chess/seq-03/frame-000491.color.png 0.1250055432319641 -0.7970753908157349 -0.42061758041381836 38.50181579589844 -4.606293201446533 -14.81641960144043 -5.321849822998047
chess/seq-03/frame-000492.color.png 0.12883470952510834 -0.7988850474357605 -0.4607117772102356 38.18384552001953 -4.65964937210083 -15.0729341506958 -5.479552268981934
chess/seq-03/frame-000493.color.png 0.12381269037723541 -0.7699598073959351 -0.48387348651885986 38.61924743652344 -4.864299297332764 -14.327408790588379 -5.547966480255127
chess/seq-03/frame-000494.color.png 0.13606534898281097 -0.7841825485229492 -0.48646780848503113 39.02281188964844 -5.25175666809082 -13.277783393859863 -5.441537380218506
chess/seq-03/frame-000495.color.png 0.12407755851745605 -0.7964393496513367 -0.4993278682231903 39.36625289916992 -5.384999752044678 -13.065125465393066 -5.405343055725098
chess/seq-03/frame-000496.color.png 0.15255603194236755 -0.7874796986579895 -0.5019147396087646 40.19028091430664 -5.266684532165527 -12.652522087097168 -5.086479187011719
chess/seq-03/frame-000497.color.png 0.1766870617866516 -0.8031454682350159 -0.5093615055084229 40.1253547668457 -5.173390865325928 -12.1582612991333 -4.812958240509033
chess/seq-03/frame-000498.color.png 0.16313078999519348 -0.778049647808075 -0.5572816729545593 41.176578521728516 -5.025577545166016 -10.570837020874023 -4.840913772583008
chess/seq-03/frame-000499.color.png 0.1582518219947815 -0.7751870155334473 -0.5777817368507385 41.75244903564453 -5.2472243309021 -9.83118724822998 -4.915100574493408
chess/seq-03/frame-000500.color.png 0.17397397756576538 -0.7664908170700073 -0.6004462838172913 43.541473388671875 -4.937401294708252 -8.565680503845215 -4.564258575439453
chess/seq-03/frame-000501.color.png 0.15811094641685486 -0.75233393907547 -0.6096041798591614 44.17372512817383 -5.044172763824463 -8.553115844726562 -4.099114418029785
chess/seq-03/frame-000502.color.png 0.14172625541687012 -0.7378712296485901 -0.6004546284675598 44.5428581237793 -5.033950328826904 -8.251363754272461 -4.161901950836182
chess/seq-03/frame-000503.color.png 0.14005790650844574 -0.721505880355835 -0.6114879250526428 45.26416015625 -4.9016432762146 -7.898319244384766 -3.8950867652893066
chess/seq-03/frame-000504.color.png 0.1488516628742218 -0.7049009203910828 -0.6279489398002625 46.1963996887207 -4.685710906982422 -6.9424052238464355 -3.727719783782959
chess/seq-03/frame-000505.color.png 0.12942534685134888 -0.6961925625801086 -0.645541787147522 46.30427932739258 -4.795539855957031 -6.378571510314941 -3.2730517387390137
chess/seq-03/frame-000506.color.png 0.11389254033565521 -0.6889365315437317 -0.6470744609832764 45.56319046020508 -4.691037178039551 -5.836872100830078 -3.2735562324523926
chess/seq-03/frame-000507.color.png 0.10090775787830353 -0.6938424110412598 -0.6273217797279358 46.34188461303711 -4.824977874755859 -5.383327484130859 -3.0885536670684814
chess/seq-03/frame-000508.color.png 0.10437075793743134 -0.6812212467193604 -0.6287744045257568 46.31640625 -5.239870071411133 -5.665174961090088 -2.6696841716766357
chess/seq-03/frame-000509.color.png 0.11158119142055511 -0.6637449264526367 -0.6443818211555481 45.93686294555664 -5.061695098876953 -4.8527750968933105 -2.50000262260437
chess/seq-03/frame-000510.color.png 0.0862407386302948 -0.6544614434242249 -0.6341545581817627 45.794769287109375 -5.525460243225098 -4.605321884155273 -2.715928554534912
chess/seq-03/frame-000511.color.png 0.09091722965240479 -0.6746809482574463 -0.6115267872810364 45.8457145690918 -5.653292655944824 -3.921823263168335 -2.7008824348449707
chess/seq-03/frame-000512.color.png 0.08622805774211884 -0.6823021769523621 -0.6152856349945068 46.11931228637695 -5.508668899536133 -4.331928730010986 -2.493164539337158
chess/seq-03/frame-000513.color.png 0.0842585638165474 -0.6686225533485413 -0.6150747537612915 46.187686920166016 -5.404486656188965 -4.37811279296875 -2.6575236320495605
chess/seq-03/frame-000514.color.png 0.07168751955032349 -0.6678124666213989 -0.6110298037528992 45.37129592895508 -5.686043739318848 -3.1578335762023926 -2.9721789360046387
chess/seq-03/frame-000515.color.png 0.07088959217071533 -0.6701074838638306 -0.5889922380447388 45.192405700683594 -5.958434581756592 -2.9382483959198 -3.093616008758545
chess/seq-03/frame-000516.color.png 0.061124976724386215 -0.6661794185638428 -0.5866552591323853 45.62484359741211 -6.0628485679626465 -2.8420138359069824 -3.164536476135254
chess/seq-03/frame-000517.color.png 0.05584999546408653 -0.6723581552505493 -0.5777878165245056 45.159156799316406 -6.46960973739624 -2.3923733234405518 -3.0903453826904297
chess/seq-03/frame-000518.color.png 0.043997786939144135 -0.6677364110946655 -0.5557659268379211 45.46841049194336 -6.409751892089844 -2.9840662479400635 -2.869936466217041
chess/seq-03/frame-000519.color.png 0.03730982169508934 -0.6800721883773804 -0.54660564661026 45.162872314453125 -6.526788234710693 -2.390510320663452 -2.9668490886688232
chess/seq-03/frame-000520.color.png 0.025259096175432205 -0.6715869903564453 -0.5342373251914978 45.44114685058594 -6.686357021331787 -2.8449199199676514 -2.970165967941284
chess/seq-03/frame-000521.color.png 0.022207990288734436 -0.685812771320343 -0.5062499642372131 45.19417190551758 -6.4701128005981445 -2.711038827896118 -3.0408458709716797
chess/seq-03/frame-000522.color.png 0.015063084661960602 -0.6954143643379211 -0.4883550703525543 44.8477668762207 -6.731535911560059 -2.456026315689087 -3.029008150100708
chess/seq-03/frame-000523.color.png -0.019022788852453232 -0.6734680533409119 -0.47445422410964966 44.71267318725586 -6.246461391448975 -2.7929697036743164 -2.9892969131469727
chess/seq-03/frame-000524.color.png -0.04324175789952278 -0.6811524629592896 -0.460779070854187 44.409210205078125 -6.565696716308594 -3.4240798950195312 -2.765503168106079
chess/seq-03/frame-000525.color.png -0.013090156018733978 -0.7303945422172546 -0.3883921504020691 44.84709167480469 -7.129054069519043 -4.174145221710205 -2.95501971244812
chess/seq-03/frame-000526.color.png -0.018824681639671326 -0.7351430654525757 -0.3832358419895172 44.51955032348633 -6.914403438568115 -4.377928733825684 -3.034979820251465
chess/seq-03/frame-000527.color.png -0.08616432547569275 -0.7251449227333069 -0.3735148310661316 44.17706298828125 -6.701927661895752 -4.817546367645264 -2.9310266971588135
chess/seq-03/frame-000528.color.png -0.08594226837158203 -0.7310271263122559 -0.35708916187286377 45.042423248291016 -6.832504749298096 -4.772713661193848 -2.7116947174072266
chess/seq-03/frame-000529.color.png -0.07139512896537781 -0.7414751648902893 -0.3245915174484253 44.04619216918945 -7.606799602508545 -5.2059407234191895 -2.6931567192077637
chess/seq-03/frame-000530.color.png -0.06964780390262604 -0.7318484783172607 -0.30171456933021545 44.25672912597656 -7.562359809875488 -5.586255073547363 -2.8009331226348877
chess/seq-03/frame-000531.color.png -0.08716447651386261 -0.7462694048881531 -0.3044392168521881 43.875301361083984 -7.5055694580078125 -5.611250400543213 -2.7056028842926025
chess/seq-03/frame-000532.color.png -0.09925729036331177 -0.7555806040763855 -0.287739634513855 43.56355285644531 -8.010489463806152 -6.61897611618042 -2.264164447784424
chess/seq-03/frame-000533.color.png -0.07131081819534302 -0.7598620653152466 -0.2576372027397156 43.74520492553711 -8.276189804077148 -6.437408447265625 -2.442814826965332
chess/seq-03/frame-000534.color.png -0.08128716051578522 -0.7667704224586487 -0.24795258045196533 43.5850830078125 -8.22685432434082 -5.967559337615967 -2.701784133911133
chess/seq-03/frame-000535.color.png -0.0976995974779129 -0.7663212418556213 -0.22154131531715393 44.2581672668457 -8.092253684997559 -6.130555629730225 -2.481498956680298
chess/seq-03/frame-000536.color.png -0.09660972654819489 -0.7703996300697327 -0.20452949404716492 44.17746353149414 -8.212647438049316 -6.350520610809326 -2.257917881011963
chess/seq-03/frame-000537.color.png -0.09878446161746979 -0.7781676054000854 -0.1844327449798584 44.00505447387695 -8.137917518615723 -6.026321887969971 -2.168132781982422
chess/seq-03/frame-000538.color.png -0.10725018382072449 -0.7723092436790466 -0.15962740778923035 43.89191818237305 -8.135204315185547 -5.997958660125732 -2.185084342956543
chess/seq-03/frame-000539.color.png -0.11950547993183136 -0.7733975648880005 -0.15002253651618958 44.27314758300781 -7.735255718231201 -6.011200904846191 -2.2202367782592773
chess/seq-03/frame-000540.color.png -0.1353861540555954 -0.779941737651825 -0.14085450768470764 43.713932037353516 -8.215245246887207 -5.95721435546875 -1.7907986640930176
chess/seq-03/frame-000541.color.png -0.11981576681137085 -0.800373911857605 -0.11378844082355499 43.53050994873047 -7.846353530883789 -5.91314172744751 -1.8189117908477783
chess/seq-03/frame-000542.color.png -0.13417834043502808 -0.8015091419219971 -0.10301066190004349 44.13698196411133 -7.683514595031738 -6.157595634460449 -1.9007775783538818
chess/seq-03/frame-000543.color.png -0.14928704500198364 -0.7903167009353638 -0.08405007421970367 43.8961067199707 -7.8653717041015625 -6.850210666656494 -2.005714178085327
chess/seq-03/frame-000544.color.png -0.16336753964424133 -0.7991841435432434 -0.08319754153490067 44.612125396728516 -7.317671298980713 -7.307937145233154 -2.36271333694458
chess/seq-03/frame-000545.color.png -0.17387433350086212 -0.8085126280784607 -0.06871326267719269 44.18212890625 -7.916900157928467 -6.4356255531311035 -2.0467214584350586
chess/seq-03/frame-000546.color.png -0.1794995665550232 -0.8086826801300049 -0.037207819521427155 44.514854431152344 -8.342495918273926 -6.023130893707275 -1.5074748992919922
chess/seq-03/frame-000547.color.png -0.18846994638442993 -0.8180591464042664 -0.021671606227755547 43.879817962646484 -8.39161205291748 -6.020712852478027 -1.5866663455963135
chess/seq-03/frame-000548.color.png -0.17775991559028625 -0.8095247745513916 -0.006733618676662445 44.447059631347656 -8.474569320678711 -5.88641881942749 -1.6924777030944824
chess/seq-03/frame-000549.color.png -0.172062486410141 -0.8226701021194458 0.01630362495779991 44.35147476196289 -8.50677490234375 -6.383472919464111 -1.7312029600143433
chess/seq-03/frame-000550.color.png -0.16482844948768616 -0.822839617729187 0.042889080941677094 43.266849517822266 -8.795084953308105 -6.461470127105713 -1.4524585008621216
chess/seq-03/frame-000551.color.png -0.17429569363594055 -0.8154182434082031 0.09177133440971375 43.708763122558594 -8.732742309570312 -6.146470546722412 -1.2716968059539795
chess/seq-03/frame-000552.color.png -0.1567200869321823 -0.827966034412384 0.0846848338842392 42.74341583251953 -9.228758811950684 -5.428038597106934 -1.2506030797958374
chess/seq-03/frame-000553.color.png -0.1609625220298767 -0.8333392143249512 0.09415086358785629 43.908878326416016 -8.424272537231445 -4.520466327667236 -1.728188395500183
chess/seq-03/frame-000554.color.png -0.15355324745178223 -0.8272284269332886 0.12914982438087463 44.03410339355469 -8.798738479614258 -5.615622043609619 -1.5445722341537476
chess/seq-03/frame-000555.color.png -0.15014807879924774 -0.8177444934844971 0.1377885639667511 44.38607406616211 -8.989887237548828 -5.004977226257324 -1.4626647233963013
chess/seq-03/frame-000556.color.png -0.1340034306049347 -0.8320125341415405 0.12932240962982178 43.98126983642578 -8.737768173217773 -4.088008403778076 -1.8096261024475098
chess/seq-03/frame-000557.color.png -0.13499893248081207 -0.8232790231704712 0.15233293175697327 43.46424102783203 -8.683717727661133 -3.794983386993408 -1.720952033996582
chess/seq-03/frame-000558.color.png -0.13276463747024536 -0.8176530599594116 0.176165372133255 44.697731018066406 -8.26997184753418 -3.56013822555542 -1.674971103668213
chess/seq-03/frame-000559.color.png -0.1378667801618576 -0.8188562989234924 0.18074774742126465 44.75651550292969 -8.408970832824707 -4.2943196296691895 -1.6368943452835083
chess/seq-03/frame-000560.color.png -0.13519981503486633 -0.8192085027694702 0.20512285828590393 43.578285217285156 -9.077410697937012 -3.9468209743499756 -1.6795895099639893
chess/seq-03/frame-000561.color.png -0.12354066967964172 -0.8158448338508606 0.20191070437431335 43.620914459228516 -8.974223136901855 -3.6439030170440674 -1.9279996156692505
chess/seq-03/frame-000562.color.png -0.12829679250717163 -0.8221535682678223 0.215257465839386 43.53803253173828 -9.491720199584961 -4.406836986541748 -1.4057090282440186
chess/seq-03/frame-000563.color.png -0.13294699788093567 -0.8325372338294983 0.23498165607452393 43.377864837646484 -8.846051216125488 -5.476323127746582 -1.2539349794387817
chess/seq-03/frame-000564.color.png -0.1315011978149414 -0.830172061920166 0.24981620907783508 43.741065979003906 -9.150546073913574 -3.652371883392334 -1.6859928369522095
chess/seq-03/frame-000565.color.png -0.10565948486328125 -0.8251352906227112 0.24969160556793213 42.7685432434082 -9.138863563537598 -3.6370136737823486 -1.8400366306304932
chess/seq-03/frame-000566.color.png -0.11528986692428589 -0.8159133791923523 0.2868322730064392 43.46038055419922 -9.110103607177734 -4.528303623199463 -1.853541374206543
chess/seq-03/frame-000567.color.png -0.1068853884935379 -0.8184748888015747 0.3242252469062805 44.054195404052734 -9.178130149841309 -4.490197658538818 -1.6650446653366089
chess/seq-03/frame-000568.color.png -0.09972876310348511 -0.8259727358818054 0.366582989692688 43.092716217041016 -9.091343879699707 -4.716606616973877 -1.5147721767425537
chess/seq-03/frame-000569.color.png -0.10494707524776459 -0.8266271948814392 0.3808301091194153 42.93861770629883 -9.255600929260254 -5.5101141929626465 -1.55597722530365
chess/seq-03/frame-000570.color.png -0.11302867531776428 -0.8338914513587952 0.39293259382247925 42.28702163696289 -9.011564254760742 -5.744314670562744 -1.7646604776382446
chess/seq-03/frame-000571.color.png -0.10513585805892944 -0.8285806775093079 0.4119260013103485 42.78247833251953 -9.507038116455078 -5.843066692352295 -1.8399711847305298
chess/seq-03/frame-000572.color.png -0.09969641268253326 -0.8321152925491333 0.4314019978046417 42.65528106689453 -9.757519721984863 -6.04576301574707 -1.538175344467163
chess/seq-03/frame-000573.color.png -0.09556519985198975 -0.8341294527053833 0.45184561610221863 42.36519241333008 -9.627334594726562 -5.628975868225098 -1.7388429641723633
chess/seq-03/frame-000574.color.png -0.08467629551887512 -0.8313325047492981 0.48135560750961304 42.93921661376953 -9.955456733703613 -5.583047866821289 -1.9176000356674194
chess/seq-03/frame-000575.color.png -0.08214196562767029 -0.8285161852836609 0.49596428871154785 42.944122314453125 -9.815899848937988 -6.234858989715576 -2.1039507389068604
chess/seq-03/frame-000576.color.png -0.06444187462329865 -0.8360925912857056 0.5238442420959473 42.67656326293945 -10.021607398986816 -5.777095317840576 -1.9611395597457886
chess/seq-03/frame-000577.color.png -0.051514167338609695 -0.8359293341636658 0.5489664673805237 42.20179748535156 -9.955769538879395 -5.419759750366211 -2.1186482906341553
chess/seq-03/frame-000578.color.png -0.049609798938035965 -0.8345741629600525 0.5620240569114685 42.354373931884766 -10.136820793151855 -6.39656400680542 -1.827439785003662
chess/seq-03/frame-000579.color.png -0.01999548077583313 -0.8334355354309082 0.5547756552696228 42.21535110473633 -10.233654975891113 -6.367530345916748 -2.1981301307678223
chess/seq-03/frame-000580.color.png -0.02023957669734955 -0.8412919044494629 0.562707781791687 42.55664825439453 -10.137960433959961 -6.42848539352417 -2.254990339279175
chess/seq-03/frame-000581.color.png -0.013891074806451797 -0.8393420577049255 0.5850381851196289 41.988983154296875 -10.228972434997559 -6.148341655731201 -2.2484383583068848
chess/seq-03/frame-000582.color.png 0.00454258918762207 -0.8351381421089172 0.597832977771759 42.5286865234375 -9.954371452331543 -5.983545303344727 -2.096471071243286
chess/seq-03/frame-000583.color.png 0.01398053765296936 -0.8367772698402405 0.5935068726539612 41.99275588989258 -10.174832344055176 -6.39661979675293 -1.7408041954040527
chess/seq-03/frame-000584.color.png 0.028905529528856277 -0.8384442329406738 0.6284987330436707 42.419464111328125 -10.21331787109375 -6.151683330535889 -1.923585057258606
chess/seq-03/frame-000585.color.png 0.056384120136499405 -0.849254310131073 0.619225025177002 42.733585357666016 -9.86158275604248 -5.785475730895996 -2.222261428833008
chess/seq-03/frame-000586.color.png 0.04931282624602318 -0.8450527191162109 0.6256585121154785 43.01103591918945 -9.32480525970459 -6.112198352813721 -2.824749708175659
chess/seq-03/frame-000587.color.png 0.04729030653834343 -0.852804958820343 0.6242747902870178 42.61487579345703 -9.550636291503906 -5.628831386566162 -2.876138687133789
chess/seq-03/frame-000588.color.png 0.05231102928519249 -0.8527942895889282 0.6293877959251404 42.79182815551758 -9.609431266784668 -5.810849189758301 -2.788494348526001
chess/seq-03/frame-000589.color.png 0.05447980761528015 -0.8540337681770325 0.6374860405921936 42.373172760009766 -9.409062385559082 -5.552167892456055 -3.0397303104400635
chess/seq-03/frame-000590.color.png 0.05500100553035736 -0.8490721583366394 0.6422989368438721 43.307979583740234 -8.868636131286621 -5.825439453125 -2.959961414337158
chess/seq-03/frame-000591.color.png 0.07413923740386963 -0.8510813117027283 0.665382981300354 43.35887145996094 -8.874848365783691 -5.41758394241333 -3.2573206424713135
chess/seq-03/frame-000592.color.png 0.11241020262241364 -0.8606101274490356 0.6536116003990173 43.323944091796875 -9.409858703613281 -5.194672107696533 -3.161353349685669
chess/seq-03/frame-000593.color.png 0.13356903195381165 -0.8442658185958862 0.6626774072647095 42.72144317626953 -9.336772918701172 -4.2800188064575195 -3.491642475128174
chess/seq-03/frame-000594.color.png 0.13012146949768066 -0.8557425141334534 0.6733987331390381 43.197021484375 -9.391265869140625 -4.325132369995117 -3.355339527130127
chess/seq-03/frame-000595.color.png 0.13623476028442383 -0.8624782562255859 0.6682199239730835 42.9344367980957 -9.27529239654541 -4.604832649230957 -3.312140703201294
chess/seq-03/frame-000596.color.png 0.14259777963161469 -0.8659716248512268 0.6922736763954163 43.13791275024414 -9.218246459960938 -4.548266410827637 -3.038687229156494
chess/seq-03/frame-000597.color.png 0.15331023931503296 -0.8629009127616882 0.6844609379768372 43.07115173339844 -9.462393760681152 -4.683335304260254 -2.952077627182007
chess/seq-03/frame-000598.color.png 0.15069738030433655 -0.862578809261322 0.6778957843780518 42.454139709472656 -9.61614990234375 -4.734981060028076 -3.0733559131622314
chess/seq-03/frame-000599.color.png 0.19946980476379395 -0.853629469871521 0.6784656047821045 42.275238037109375 -9.628974914550781 -5.1389946937561035 -3.244641065597534
chess/seq-03/frame-000600.color.png 0.22531959414482117 -0.8615854978561401 0.6831050515174866 42.465660095214844 -9.527772903442383 -5.069095134735107 -3.435940980911255
chess/seq-03/frame-000601.color.png 0.24658164381980896 -0.8648972511291504 0.6805222034454346 42.548492431640625 -9.405900955200195 -4.982059478759766 -3.553844690322876
chess/seq-03/frame-000602.color.png 0.27143505215644836 -0.8560293912887573 0.6948138475418091 42.565704345703125 -9.380711555480957 -5.35518741607666 -3.724484443664551
chess/seq-03/frame-000603.color.png 0.3005950152873993 -0.8632398247718811 0.6948214173316956 42.471641540527344 -9.132368087768555 -6.011317729949951 -3.497921943664551
chess/seq-03/frame-000604.color.png 0.3131863474845886 -0.8650657534599304 0.6866411566734314 42.51103591918945 -9.161582946777344 -6.277495861053467 -3.5627715587615967
chess/seq-03/frame-000605.color.png 0.3484538197517395 -0.8444898724555969 0.7058336734771729 42.608306884765625 -9.387065887451172 -5.6429524421691895 -3.7586510181427
chess/seq-03/frame-000606.color.png 0.37783733010292053 -0.8420264720916748 0.6953452825546265 41.9395637512207 -9.536520957946777 -6.2355427742004395 -3.26899790763855
chess/seq-03/frame-000607.color.png 0.37862399220466614 -0.8351972699165344 0.6990100145339966 41.212223052978516 -9.413864135742188 -5.963734149932861 -3.7207722663879395
chess/seq-03/frame-000608.color.png 0.3840535283088684 -0.8396924734115601 0.7077717781066895 40.85050964355469 -9.920892715454102 -6.842921733856201 -3.5457019805908203
chess/seq-03/frame-000609.color.png 0.4366428554058075 -0.818953812122345 0.7052022814750671 39.8292236328125 -10.273043632507324 -7.545764446258545 -3.517223358154297
chess/seq-03/frame-000610.color.png 0.462298721075058 -0.8218103051185608 0.7170404195785522 39.317420959472656 -10.106328010559082 -7.691440582275391 -3.995889186859131
chess/seq-03/frame-000611.color.png 0.4797411561012268 -0.8262724280357361 0.6997559070587158 39.51097869873047 -9.89669418334961 -8.088265419006348 -4.0451178550720215
chess/seq-03/frame-000612.color.png 0.5093300342559814 -0.8201789259910583 0.695878267288208 38.93266677856445 -9.721149444580078 -9.241779327392578 -4.251906871795654
chess/seq-03/frame-000613.color.png 0.5229366421699524 -0.8159875869750977 0.6988999843597412 38.815185546875 -10.081249237060547 -9.226629257202148 -3.917248249053955
chess/seq-03/frame-000614.color.png 0.5669592618942261 -0.7933840751647949 0.7070109248161316 39.558616638183594 -9.816625595092773 -10.404285430908203 -3.7491025924682617
chess/seq-03/frame-000615.color.png 0.5982578992843628 -0.7914301156997681 0.7209329009056091 40.25689697265625 -9.72916316986084 -10.568547248840332 -3.5899970531463623
chess/seq-03/frame-000616.color.png 0.5940586924552917 -0.7909103631973267 0.7167000770568848 39.37874984741211 -9.721741676330566 -11.080275535583496 -3.3821868896484375
chess/seq-03/frame-000617.color.png 0.6380118727684021 -0.7883945107460022 0.7384299039840698 39.194156646728516 -9.573738098144531 -11.799819946289062 -3.3270986080169678
chess/seq-03/frame-000618.color.png 0.6575840711593628 -0.7680495977401733 0.7616629600524902 39.106292724609375 -9.38952350616455 -12.079345703125 -3.0375068187713623
chess/seq-03/frame-000619.color.png 0.6857737898826599 -0.7785465121269226 0.7494704127311707 38.90660095214844 -9.339622497558594 -12.230093002319336 -3.2336313724517822
chess/seq-03/frame-000620.color.png 0.7006371021270752 -0.7705138325691223 0.770379364490509 38.44749069213867 -9.017265319824219 -12.188828468322754 -3.2103869915008545
chess/seq-03/frame-000621.color.png 0.7240923047065735 -0.7634534239768982 0.7859179973602295 38.60760498046875 -8.602911949157715 -12.890965461730957 -3.169177532196045
chess/seq-03/frame-000622.color.png 0.7663847804069519 -0.7535616755485535 0.7916671633720398 38.465599060058594 -8.720623016357422 -13.151163101196289 -3.2893919944763184
chess/seq-03/frame-000623.color.png 0.7889371514320374 -0.7485583424568176 0.8070134520530701 38.918827056884766 -8.572197914123535 -13.377120018005371 -3.212552785873413
chess/seq-03/frame-000624.color.png 0.801639199256897 -0.7538983225822449 0.815488874912262 38.29107666015625 -8.478327751159668 -13.45730972290039 -3.251800060272217
chess/seq-03/frame-000625.color.png 0.8304120898246765 -0.750966489315033 0.8063874244689941 38.38691711425781 -8.065452575683594 -14.13371467590332 -3.0764145851135254
chess/seq-03/frame-000626.color.png 0.8580338358879089 -0.7442845702171326 0.803676187992096 38.03639602661133 -8.02159309387207 -14.086382865905762 -3.02361798286438
chess/seq-03/frame-000627.color.png 0.8778336048126221 -0.7482056021690369 0.8186572790145874 39.05284881591797 -8.058454513549805 -13.562301635742188 -3.16873836517334
chess/seq-03/frame-000628.color.png 0.8922491073608398 -0.7437964677810669 0.8219354152679443 38.73539733886719 -8.195211410522461 -13.48488998413086 -3.149601697921753
chess/seq-03/frame-000629.color.png 0.9061534404754639 -0.743506908416748 0.8289618492126465 39.08390808105469 -7.94066047668457 -13.644755363464355 -3.018610715866089
chess/seq-03/frame-000630.color.png 0.9404492974281311 -0.7516911625862122 0.8274160027503967 38.15361022949219 -7.761045932769775 -14.304381370544434 -3.3998119831085205
chess/seq-03/frame-000631.color.png 0.9481338858604431 -0.7527031898498535 0.8305840492248535 38.515586853027344 -7.572702407836914 -14.177887916564941 -3.4068422317504883
chess/seq-03/frame-000632.color.png 1.021835446357727 -0.7390068769454956 0.8316279649734497 38.5580940246582 -7.438601016998291 -14.194618225097656 -3.0832250118255615
chess/seq-03/frame-000633.color.png 1.0383325815200806 -0.7280944585800171 0.8323831558227539 37.78001022338867 -7.229811191558838 -14.176337242126465 -2.905399799346924
chess/seq-03/frame-000634.color.png 1.0858352184295654 -0.7208340764045715 0.8314189314842224 37.44428253173828 -7.065666198730469 -14.319668769836426 -2.7479820251464844
chess/seq-03/frame-000635.color.png 1.1038943529129028 -0.7267534732818604 0.8116452693939209 38.171356201171875 -6.973095893859863 -14.11371898651123 -2.8365912437438965
chess/seq-03/frame-000636.color.png 1.1372206211090088 -0.7161996364593506 0.8327058553695679 37.69535827636719 -6.928752422332764 -14.242424964904785 -2.857104539871216
chess/seq-03/frame-000637.color.png 1.1602354049682617 -0.7146728038787842 0.8281792998313904 37.669132232666016 -6.827856063842773 -14.32900619506836 -2.8245689868927
chess/seq-03/frame-000638.color.png 1.204806923866272 -0.7116329669952393 0.8285129070281982 37.507484436035156 -6.809174537658691 -14.7561674118042 -2.9937453269958496
chess/seq-03/frame-000639.color.png 1.2232173681259155 -0.7051810622215271 0.8289238214492798 37.41117477416992 -6.8069987297058105 -14.632068634033203 -3.0328667163848877
chess/seq-03/frame-000640.color.png 1.275504231452942 -0.7027381658554077 0.8427035212516785 37.111488342285156 -6.601630687713623 -14.808377265930176 -3.182420492172241
chess/seq-03/frame-000641.color.png 1.2757635116577148 -0.6968557834625244 0.8453213572502136 36.566253662109375 -6.57631778717041 -14.87183952331543 -3.0957367420196533
chess/seq-03/frame-000642.color.png 1.3005534410476685 -0.6907809972763062 0.8518852591514587 36.45596694946289 -6.517388343811035 -15.060568809509277 -3.08764386177063
chess/seq-03/frame-000643.color.png 1.3329464197158813 -0.679724395275116 0.8308163285255432 35.35038375854492 -5.835487365722656 -15.488241195678711 -2.608130693435669
chess/seq-03/frame-000644.color.png 1.342232584953308 -0.6743112802505493 0.83830726146698 35.321651458740234 -6.021847248077393 -15.227680206298828 -2.794606924057007
chess/seq-03/frame-000645.color.png 1.3565328121185303 -0.6619868278503418 0.8342992067337036 34.991004943847656 -5.967648983001709 -15.533064842224121 -2.8419647216796875
chess/seq-03/frame-000646.color.png 1.3765013217926025 -0.6679820418357849 0.8258244395256042 35.42400360107422 -5.786425590515137 -15.585189819335938 -3.0616343021392822
chess/seq-03/frame-000647.color.png 1.3754738569259644 -0.6700036525726318 0.8381719589233398 35.514564514160156 -5.451438903808594 -16.372203826904297 -2.783940076828003
chess/seq-03/frame-000648.color.png 1.3809758424758911 -0.6200079917907715 0.8677869439125061 34.10945510864258 -5.464865207672119 -15.86666488647461 -2.516176223754883
chess/seq-03/frame-000649.color.png 1.3939234018325806 -0.6080922484397888 0.8755624294281006 33.0373649597168 -4.947385311126709 -15.641438484191895 -2.1877384185791016
chess/seq-03/frame-000650.color.png 1.3882513046264648 -0.5608835220336914 0.8735029101371765 34.19622039794922 -5.0749192237854 -15.195454597473145 -2.4228336811065674
chess/seq-03/frame-000651.color.png 1.412662148475647 -0.5598028898239136 0.8813483715057373 33.95066833496094 -4.414334774017334 -15.613252639770508 -1.9068561792373657
chess/seq-03/frame-000652.color.png 1.398828387260437 -0.5211203098297119 0.8680905699729919 31.924196243286133 -4.048105239868164 -14.868459701538086 -1.9375985860824585
chess/seq-03/frame-000653.color.png 1.3928468227386475 -0.528684675693512 0.8756117224693298 32.02925491333008 -3.301575183868408 -15.017212867736816 -1.7269978523254395
chess/seq-03/frame-000654.color.png 1.4005321264266968 -0.5196858644485474 0.8746746778488159 32.14649963378906 -3.2608463764190674 -14.883151054382324 -1.5689383745193481
chess/seq-03/frame-000655.color.png 1.4053785800933838 -0.4816991686820984 0.8869344592094421 31.324689865112305 -2.8584401607513428 -14.535293579101562 -1.4962124824523926
chess/seq-03/frame-000656.color.png 1.3772417306900024 -0.5340789556503296 0.8892582058906555 31.438777923583984 -2.6455485820770264 -14.525398254394531 -1.722930669784546
chess/seq-03/frame-000657.color.png 1.3860961198806763 -0.47342392802238464 0.9227840900421143 31.990339279174805 -3.3893840312957764 -14.096328735351562 -1.7597053050994873
chess/seq-03/frame-000658.color.png 1.3843188285827637 -0.465666264295578 0.9093446731567383 31.231088638305664 -2.881688356399536 -13.994855880737305 -1.560614824295044
chess/seq-03/frame-000659.color.png 1.3573215007781982 -0.5015555024147034 0.9171715974807739 31.058143615722656 -2.966130256652832 -14.158036231994629 -1.742392897605896
chess/seq-03/frame-000660.color.png 1.3175859451293945 -0.47668421268463135 0.8989984393119812 32.60111618041992 -3.182609796524048 -14.38453483581543 -1.738097071647644
chess/seq-03/frame-000661.color.png 1.3370590209960938 -0.4875795245170593 0.9188058376312256 32.23454284667969 -3.3150107860565186 -14.171160697937012 -1.5697441101074219
chess/seq-03/frame-000662.color.png 1.3323760032653809 -0.4545566737651825 0.8900694251060486 32.950042724609375 -3.3534090518951416 -14.332748413085938 -1.8105826377868652
chess/seq-03/frame-000663.color.png 1.3291095495224 -0.46264830231666565 0.8953474760055542 33.04469299316406 -3.340200185775757 -14.197685241699219 -2.1672089099884033
chess/seq-03/frame-000664.color.png 1.335976481437683 -0.442388117313385 0.9011754989624023 31.941020965576172 -3.384967803955078 -14.022750854492188 -2.140824556350708
chess/seq-03/frame-000665.color.png 1.345088005065918 -0.4444912075996399 0.8993114829063416 31.13096046447754 -3.195338487625122 -13.774044036865234 -2.0188920497894287
chess/seq-03/frame-000666.color.png 1.3409851789474487 -0.4296096861362457 0.8965915441513062 31.15006446838379 -3.0904667377471924 -13.869165420532227 -2.2776639461517334
chess/seq-03/frame-000667.color.png 1.3266128301620483 -0.4188215732574463 0.8800877928733826 31.430374145507812 -3.3670289516448975 -14.049689292907715 -2.589094638824463
chess/seq-03/frame-000668.color.png 1.3336113691329956 -0.4178822934627533 0.906976580619812 32.02770233154297 -3.082979679107666 -14.359189987182617 -2.2700657844543457
chess/seq-03/frame-000669.color.png 1.3062549829483032 -0.3987131416797638 0.8710415363311768 30.947040557861328 -3.237264394760132 -14.219337463378906 -2.7377798557281494
chess/seq-03/frame-000670.color.png 1.3344900608062744 -0.4018004834651947 0.884378969669342 30.30542755126953 -3.7385523319244385 -13.448185920715332 -2.8592183589935303
chess/seq-03/frame-000671.color.png 1.3291727304458618 -0.4027087986469269 0.8777925968170166 29.7474308013916 -3.0620408058166504 -13.445892333984375 -2.64836049079895
chess/seq-03/frame-000672.color.png 1.3145205974578857 -0.4017569124698639 0.8662319779396057 30.36260414123535 -3.4321322441101074 -13.526726722717285 -2.9606008529663086
chess/seq-03/frame-000673.color.png 1.3271018266677856 -0.3921995759010315 0.8618853092193604 30.533334732055664 -3.3385794162750244 -13.655893325805664 -2.9677603244781494
chess/seq-03/frame-000674.color.png 1.309448480606079 -0.3663851320743561 0.8728286623954773 29.89217185974121 -3.369737148284912 -13.239786148071289 -2.8885624408721924
chess/seq-03/frame-000675.color.png 1.3130319118499756 -0.38223397731781006 0.8615506291389465 29.87377166748047 -3.2289927005767822 -13.636820793151855 -2.8615942001342773
chess/seq-03/frame-000676.color.png 1.3067055940628052 -0.3728143274784088 0.8528567552566528 28.366361618041992 -3.1097021102905273 -12.422772407531738 -2.9037539958953857
chess/seq-03/frame-000677.color.png 1.301169991493225 -0.35619568824768066 0.8729905486106873 28.403961181640625 -2.932121515274048 -12.83203411102295 -2.973376989364624
chess/seq-03/frame-000678.color.png 1.3039073944091797 -0.35014253854751587 0.8721536993980408 28.71259117126465 -2.9187800884246826 -12.697354316711426 -2.9388227462768555
chess/seq-03/frame-000679.color.png 1.2984803915023804 -0.3652315139770508 0.8593582510948181 28.56141471862793 -2.784514904022217 -12.62673282623291 -2.9792604446411133
chess/seq-03/frame-000680.color.png 1.2895410060882568 -0.3611776828765869 0.8679053783416748 28.21088409423828 -2.7335405349731445 -12.61678695678711 -3.0532712936401367
chess/seq-03/frame-000681.color.png 1.3005074262619019 -0.3457287549972534 0.8551083207130432 28.24637794494629 -2.5492324829101562 -12.77995491027832 -3.183213710784912
chess/seq-03/frame-000682.color.png 1.292134404182434 -0.36045318841934204 0.8486084938049316 28.740707397460938 -2.6769416332244873 -13.234406471252441 -3.3285157680511475
chess/seq-03/frame-000683.color.png 1.2940822839736938 -0.3608534634113312 0.8478076457977295 29.626253128051758 -2.693037986755371 -13.70129680633545 -3.4763975143432617
chess/seq-03/frame-000684.color.png 1.2958678007125854 -0.3560945987701416 0.8552329540252686 28.559823989868164 -2.7130014896392822 -12.757396697998047 -3.3300890922546387
chess/seq-03/frame-000685.color.png 1.2991020679473877 -0.3648122251033783 0.8563963174819946 29.300600051879883 -2.6754322052001953 -13.269071578979492 -3.3277716636657715
chess/seq-03/frame-000686.color.png 1.300018548965454 -0.38441669940948486 0.8504946827888489 29.045469284057617 -2.6410515308380127 -12.805723190307617 -3.0039334297180176
chess/seq-03/frame-000687.color.png 1.302311658859253 -0.3938376009464264 0.8383620381355286 30.625913619995117 -2.920107126235962 -13.888449668884277 -3.1116151809692383
chess/seq-03/frame-000688.color.png 1.3023395538330078 -0.38060712814331055 0.8420165181159973 30.95945167541504 -2.6507375240325928 -13.794706344604492 -3.0725066661834717
chess/seq-03/frame-000689.color.png 1.2863906621932983 -0.397558331489563 0.8399076461791992 30.815654754638672 -2.835827112197876 -13.576702117919922 -2.932485580444336
chess/seq-03/frame-000690.color.png 1.3070592880249023 -0.3994021415710449 0.8405689597129822 30.8281192779541 -2.784984827041626 -13.04210090637207 -2.7504489421844482
chess/seq-03/frame-000691.color.png 1.3201981782913208 -0.4267270863056183 0.8165448904037476 32.46324157714844 -2.8982973098754883 -13.549126625061035 -2.576193332672119
chess/seq-03/frame-000692.color.png 1.3419203758239746 -0.41857293248176575 0.826911211013794 31.98683738708496 -3.0450093746185303 -13.786092758178711 -2.6224288940429688
chess/seq-03/frame-000693.color.png 1.3378444910049438 -0.4447641968727112 0.7840933203697205 32.030311584472656 -2.681291103363037 -12.911961555480957 -2.6022958755493164
chess/seq-03/frame-000694.color.png 1.3389451503753662 -0.4725174009799957 0.8027190566062927 30.434816360473633 -2.796839475631714 -12.346517562866211 -2.417226552963257
chess/seq-03/frame-000695.color.png 1.3561286926269531 -0.4625336527824402 0.7945743203163147 30.34000015258789 -2.794701337814331 -12.730971336364746 -2.124514102935791
chess/seq-03/frame-000696.color.png 1.3460572957992554 -0.4986400008201599 0.7353641390800476 34.22153854370117 -2.2799036502838135 -13.441810607910156 -2.373509407043457
chess/seq-03/frame-000697.color.png 1.3679722547531128 -0.5627952218055725 0.7117769718170166 32.48242950439453 -2.842116355895996 -12.901362419128418 -1.8075124025344849
chess/seq-03/frame-000698.color.png 1.37632417678833 -0.5501068234443665 0.72975754737854 32.858131408691406 -2.2349212169647217 -14.013769149780273 -1.932768702507019
chess/seq-03/frame-000699.color.png 1.3636058568954468 -0.5662878751754761 0.7472875118255615 33.4767951965332 -2.118440628051758 -13.774711608886719 -1.8219828605651855
chess/seq-03/frame-000700.color.png 1.4092148542404175 -0.5926774740219116 0.742560088634491 34.528106689453125 -2.8774588108062744 -13.744519233703613 -1.6231297254562378
chess/seq-03/frame-000701.color.png 1.4095370769500732 -0.6132776737213135 0.7404066324234009 35.154239654541016 -2.9182372093200684 -14.092982292175293 -1.6492431163787842
chess/seq-03/frame-000702.color.png 1.3738435506820679 -0.6787697076797485 0.7842904329299927 36.52138900756836 -3.251084804534912 -13.606226921081543 -1.6434530019760132
chess/seq-03/frame-000703.color.png 1.3715980052947998 -0.6761919260025024 0.741613507270813 37.23154067993164 -3.047264337539673 -14.320760726928711 -1.8450759649276733
chess/seq-03/frame-000704.color.png 1.3661338090896606 -0.6990081667900085 0.7321246862411499 36.30397415161133 -3.0806407928466797 -14.363115310668945 -1.988420009613037
chess/seq-03/frame-000705.color.png 1.3655873537063599 -0.7489731311798096 0.729265570640564 36.74221420288086 -2.893066883087158 -14.125083923339844 -2.0110418796539307
chess/seq-03/frame-000706.color.png 1.3695809841156006 -0.7628943920135498 0.7437711358070374 38.022335052490234 -3.3604962825775146 -14.255172729492188 -2.1700329780578613
chess/seq-03/frame-000707.color.png 1.3919929265975952 -0.7905939817428589 0.727952241897583 38.0353889465332 -3.123236894607544 -15.077615737915039 -2.526824951171875
chess/seq-03/frame-000708.color.png 1.381372332572937 -0.8215345144271851 0.7147445678710938 37.22447204589844 -3.204662799835205 -14.540653228759766 -2.987565517425537
chess/seq-03/frame-000709.color.png 1.4314457178115845 -0.8278376460075378 0.7579469084739685 37.89487075805664 -3.329587459564209 -14.645647048950195 -3.04966402053833
chess/seq-03/frame-000710.color.png 1.4297246932983398 -0.8217647671699524 0.6668642163276672 37.02442169189453 -3.6373167037963867 -15.458118438720703 -2.9759955406188965
chess/seq-03/frame-000711.color.png 1.4511030912399292 -0.7993686199188232 0.6909295916557312 37.56782531738281 -4.20324182510376 -15.60448932647705 -3.4238319396972656
chess/seq-03/frame-000712.color.png 1.431823968887329 -0.8248123526573181 0.6764594316482544 36.79032516479492 -4.5626540184021 -15.374711990356445 -3.512117624282837
chess/seq-03/frame-000713.color.png 1.426122784614563 -0.817397952079773 0.6834601759910583 36.05412673950195 -4.4735517501831055 -15.865739822387695 -3.6033315658569336
chess/seq-03/frame-000714.color.png 1.4079371690750122 -0.8219338655471802 0.6682695150375366 36.78879928588867 -4.207461357116699 -16.236385345458984 -3.9193978309631348
chess/seq-03/frame-000715.color.png 1.392610788345337 -0.8465440273284912 0.6102800965309143 35.61481857299805 -3.917355537414551 -15.994572639465332 -3.980534553527832
chess/seq-03/frame-000716.color.png 1.3858742713928223 -0.8345069885253906 0.6231520771980286 36.61111831665039 -4.503082275390625 -16.66883087158203 -4.192513942718506
chess/seq-03/frame-000717.color.png 1.3783373832702637 -0.8368192315101624 0.6150127053260803 36.75893783569336 -4.265316963195801 -17.03998374938965 -4.424013614654541
chess/seq-03/frame-000718.color.png 1.3624783754348755 -0.8447458744049072 0.579766571521759 36.39815902709961 -3.9936091899871826 -17.233232498168945 -4.720458507537842
chess/seq-03/frame-000719.color.png 1.3374691009521484 -0.8290669322013855 0.5774312019348145 37.14185333251953 -4.048129081726074 -17.55080223083496 -4.542485237121582
chess/seq-03/frame-000720.color.png 1.3060848712921143 -0.8293243050575256 0.5726625919342041 35.742919921875 -4.170990467071533 -17.24259376525879 -4.666571617126465
chess/seq-03/frame-000721.color.png 1.2605808973312378 -0.8283154964447021 0.5443645119667053 35.59417724609375 -4.595388889312744 -17.07102394104004 -4.774200916290283
chess/seq-03/frame-000722.color.png 1.2338923215866089 -0.8452976942062378 0.5298068523406982 35.38759231567383 -4.687780857086182 -16.768489837646484 -4.75551700592041
chess/seq-03/frame-000723.color.png 1.1838361024856567 -0.8383154273033142 0.5265804529190063 35.444881439208984 -5.409061908721924 -16.77405548095703 -4.639554500579834
chess/seq-03/frame-000724.color.png 1.150667667388916 -0.85187166929245 0.5184482932090759 36.21049499511719 -5.687249660491943 -16.32370948791504 -4.815099716186523
chess/seq-03/frame-000725.color.png 1.145105004310608 -0.8475621342658997 0.5159967541694641 35.71156311035156 -5.522928237915039 -16.45504379272461 -4.539851665496826
chess/seq-03/frame-000726.color.png 1.1222859621047974 -0.8532016277313232 0.5090939402580261 35.677730560302734 -5.9623284339904785 -16.25982093811035 -4.172858715057373
chess/seq-03/frame-000727.color.png 1.0738496780395508 -0.8510887622833252 0.5199710726737976 35.98046875 -6.444058418273926 -15.580078125 -3.989708423614502
chess/seq-03/frame-000728.color.png 1.0479620695114136 -0.8520166277885437 0.518692672252655 36.747684478759766 -6.673886775970459 -15.371819496154785 -4.215780258178711
chess/seq-03/frame-000729.color.png 1.0391137599945068 -0.8532727956771851 0.5081580281257629 37.369659423828125 -6.550745964050293 -15.259185791015625 -4.185972213745117
chess/seq-03/frame-000730.color.png 0.9866125583648682 -0.858947217464447 0.5284644365310669 36.328765869140625 -6.983150959014893 -15.481822967529297 -4.2522993087768555
chess/seq-03/frame-000731.color.png 0.9733533263206482 -0.8580120801925659 0.5369217991828918 35.946495056152344 -7.180282115936279 -15.58800220489502 -4.1933979988098145
chess/seq-03/frame-000732.color.png 0.9447124600410461 -0.8733075857162476 0.5185765624046326 36.0797233581543 -7.5522894859313965 -15.185688972473145 -4.592043399810791
chess/seq-03/frame-000733.color.png 0.9283832907676697 -0.8768532872200012 0.5085545778274536 35.91582489013672 -8.0888090133667 -14.897744178771973 -4.790802001953125
chess/seq-03/frame-000734.color.png 0.9104405045509338 -0.8764180541038513 0.5299338102340698 34.880855560302734 -8.244263648986816 -14.437105178833008 -4.562526702880859
chess/seq-03/frame-000735.color.png 0.8760743737220764 -0.8757268786430359 0.534148097038269 34.8441162109375 -8.494461059570312 -14.077258110046387 -4.862538814544678
chess/seq-03/frame-000736.color.png 0.8730503916740417 -0.888409435749054 0.5340407490730286 34.958717346191406 -8.827410697937012 -13.791459083557129 -5.171361446380615
chess/seq-03/frame-000737.color.png 0.8397042751312256 -0.8839641809463501 0.529597818851471 34.853790283203125 -8.75131607055664 -14.096064567565918 -5.039719104766846
chess/seq-03/frame-000738.color.png 0.8010885119438171 -0.8935734033584595 0.5487047433853149 34.412288665771484 -9.02321720123291 -13.911995887756348 -5.1026740074157715
chess/seq-03/frame-000739.color.png 0.7883538603782654 -0.8895804286003113 0.5511630177497864 34.88748550415039 -9.07998275756836 -13.550627708435059 -5.2339911460876465
chess/seq-03/frame-000740.color.png 0.782670259475708 -0.8860292434692383 0.5527437925338745 34.9609489440918 -9.192194938659668 -13.559151649475098 -4.834273815155029
chess/seq-03/frame-000741.color.png 0.7567892670631409 -0.8845510482788086 0.5522610545158386 34.96786117553711 -9.236859321594238 -13.79563045501709 -4.885734558105469
chess/seq-03/frame-000742.color.png 0.7198129892349243 -0.8980684280395508 0.5439649820327759 35.121517181396484 -9.115446090698242 -13.679122924804688 -4.872526168823242
chess/seq-03/frame-000743.color.png 0.7025807499885559 -0.8830767273902893 0.5486656427383423 35.40617752075195 -9.117997169494629 -13.192420959472656 -4.796803951263428
chess/seq-03/frame-000744.color.png 0.6756134629249573 -0.9039463996887207 0.5554865002632141 34.78432846069336 -9.75568675994873 -12.509138107299805 -4.805383682250977
chess/seq-03/frame-000745.color.png 0.6538583636283875 -0.8969823122024536 0.5519737601280212 34.928829193115234 -9.951761245727539 -12.087445259094238 -4.651724338531494
chess/seq-03/frame-000746.color.png 0.5975481271743774 -0.8878399133682251 0.5573137998580933 35.24302673339844 -10.291111946105957 -11.809346199035645 -4.805238246917725
chess/seq-03/frame-000747.color.png 0.5879715085029602 -0.8951265811920166 0.5601115822792053 35.646907806396484 -10.468777656555176 -11.552555084228516 -4.608305931091309
chess/seq-03/frame-000748.color.png 0.5576476454734802 -0.8885692954063416 0.5740886926651001 36.45354080200195 -10.322294235229492 -11.355846405029297 -3.9999141693115234
chess/seq-03/frame-000749.color.png 0.5432827472686768 -0.8824256062507629 0.5937434434890747 36.625160217285156 -9.970094680786133 -11.667741775512695 -3.877389430999756
chess/seq-03/frame-000750.color.png 0.5096025466918945 -0.8893594145774841 0.5823996663093567 37.41063690185547 -10.470993995666504 -11.033721923828125 -3.5777533054351807
chess/seq-03/frame-000751.color.png 0.4943532943725586 -0.8809058666229248 0.5935100317001343 35.40385818481445 -10.535670280456543 -10.209458351135254 -3.2101943492889404
chess/seq-03/frame-000752.color.png 0.4746004045009613 -0.8785766959190369 0.605149507522583 35.88374328613281 -10.908543586730957 -9.643153190612793 -3.024096965789795
chess/seq-03/frame-000753.color.png 0.43031421303749084 -0.872759222984314 0.6200082302093506 35.852848052978516 -11.313733100891113 -8.158072471618652 -2.235253095626831
chess/seq-03/frame-000754.color.png 0.39841723442077637 -0.8638776540756226 0.6348698735237122 36.46092224121094 -11.028449058532715 -7.932318687438965 -1.974859595298767
chess/seq-03/frame-000755.color.png 0.39432841539382935 -0.8575814962387085 0.6429678797721863 36.49654769897461 -10.978060722351074 -8.072413444519043 -1.9848368167877197
chess/seq-03/frame-000756.color.png 0.38993486762046814 -0.8427607417106628 0.6474402546882629 36.086944580078125 -11.207784652709961 -7.3180694580078125 -2.118797540664673
chess/seq-03/frame-000757.color.png 0.34729087352752686 -0.8171383738517761 0.6888548731803894 36.77943420410156 -11.606377601623535 -6.801759243011475 -1.5960187911987305
chess/seq-03/frame-000758.color.png 0.3162783086299896 -0.8125563859939575 0.7059585452079773 37.17641830444336 -11.838438034057617 -6.265967845916748 -1.3057788610458374
chess/seq-03/frame-000759.color.png 0.29639825224876404 -0.8071186542510986 0.7220137119293213 37.28639221191406 -11.857264518737793 -6.221895217895508 -1.453060269355774
chess/seq-03/frame-000760.color.png 0.27710890769958496 -0.7902854681015015 0.7484869360923767 36.01738357543945 -12.113301277160645 -5.508800506591797 -0.8929694890975952
chess/seq-03/frame-000761.color.png 0.2973214089870453 -0.7754453420639038 0.7537902593612671 35.496009826660156 -12.220279693603516 -5.125720500946045 -0.9911397099494934
chess/seq-03/frame-000762.color.png 0.27649855613708496 -0.7704300880432129 0.7652554512023926 36.31291580200195 -11.95678997039795 -5.534284591674805 -0.697521984577179
chess/seq-03/frame-000763.color.png 0.2732636034488678 -0.7568378448486328 0.7888249754905701 36.131866455078125 -11.948787689208984 -5.580905914306641 -0.6313823461532593
chess/seq-03/frame-000764.color.png 0.23854485154151917 -0.7673356533050537 0.8063770532608032 35.940277099609375 -12.115520477294922 -5.447092533111572 -0.7884030342102051
chess/seq-03/frame-000765.color.png 0.23183909058570862 -0.7557079792022705 0.8348801136016846 35.41987991333008 -12.225671768188477 -5.248808860778809 -0.797983705997467
chess/seq-03/frame-000766.color.png 0.2192268967628479 -0.7321804761886597 0.8677614331245422 36.45000076293945 -12.151180267333984 -5.007597923278809 -0.6752772927284241
chess/seq-03/frame-000767.color.png 0.22010259330272675 -0.7269731163978577 0.8798102140426636 36.158660888671875 -12.234650611877441 -5.002465724945068 -0.6761721968650818
chess/seq-03/frame-000768.color.png 0.21826821565628052 -0.7278679013252258 0.9002421498298645 36.245208740234375 -12.099668502807617 -5.010078430175781 -0.6393593549728394
chess/seq-03/frame-000769.color.png 0.22333934903144836 -0.7208190560340881 0.92305988073349 36.406822204589844 -12.18187141418457 -4.96816873550415 -0.5687422752380371
chess/seq-03/frame-000770.color.png 0.22475536167621613 -0.7203080058097839 0.9374549388885498 36.41391372680664 -12.14147663116455 -4.881802082061768 -0.2650563418865204
chess/seq-03/frame-000771.color.png 0.22898022830486298 -0.719851016998291 0.9425615668296814 36.115882873535156 -11.983827590942383 -5.088316917419434 -0.2802710235118866
chess/seq-03/frame-000772.color.png 0.22036494314670563 -0.7261201739311218 0.94135981798172 36.51376724243164 -11.912291526794434 -5.183935642242432 -0.18922781944274902
chess/seq-03/frame-000773.color.png 0.24273858964443207 -0.7220337390899658 0.9548460245132446 36.311912536621094 -12.2452974319458 -4.656800746917725 -0.5505286455154419
chess/seq-03/frame-000774.color.png 0.2323843091726303 -0.7138699889183044 0.9815455079078674 36.181785583496094 -12.297028541564941 -4.586184024810791 -0.5130588412284851
chess/seq-03/frame-000775.color.png 0.225920632481575 -0.7123716473579407 0.9714712500572205 36.56308364868164 -12.365363121032715 -4.283427715301514 -0.5436352491378784
chess/seq-03/frame-000776.color.png 0.22010238468647003 -0.7104833722114563 0.9816003441810608 36.359004974365234 -12.466050148010254 -4.087742328643799 -0.43372786045074463
chess/seq-03/frame-000777.color.png 0.20864996314048767 -0.711483895778656 0.9789792895317078 36.79258728027344 -12.142956733703613 -4.548713207244873 -0.21734312176704407
chess/seq-03/frame-000778.color.png 0.2210327833890915 -0.6959646344184875 1.0018426179885864 36.673404693603516 -12.252596855163574 -4.283672332763672 -0.05114663019776344
chess/seq-03/frame-000779.color.png 0.1841939389705658 -0.7077703475952148 1.0099810361862183 36.50635528564453 -12.294654846191406 -4.2413530349731445 -0.049899566918611526
chess/seq-03/frame-000780.color.png 0.19578659534454346 -0.7001336216926575 1.0151753425598145 36.44390106201172 -12.385860443115234 -4.12078857421875 0.07659979164600372
chess/seq-03/frame-000781.color.png 0.19194872677326202 -0.7034198045730591 1.0152689218521118 37.13986587524414 -12.27387523651123 -4.137454509735107 0.17905965447425842
chess/seq-03/frame-000782.color.png 0.19435785710811615 -0.6863398551940918 1.0496494770050049 36.68455505371094 -11.96852970123291 -4.302504539489746 0.6939150094985962
chess/seq-03/frame-000783.color.png 0.20225758850574493 -0.693831205368042 1.0463224649429321 36.29887771606445 -12.09131145477295 -3.835244655609131 0.8826816082000732
chess/seq-03/frame-000784.color.png 0.17307431995868683 -0.6980192065238953 1.025014042854309 36.490814208984375 -12.296055793762207 -3.335783004760742 0.8199935555458069
chess/seq-03/frame-000785.color.png 0.1775399148464203 -0.6877608895301819 1.034978985786438 36.17959976196289 -12.424331665039062 -2.6862268447875977 0.7794538140296936
chess/seq-03/frame-000786.color.png 0.16190949082374573 -0.6809287071228027 1.0554741621017456 35.59238815307617 -12.614274024963379 -2.318887233734131 0.8454649448394775
chess/seq-03/frame-000787.color.png 0.16387209296226501 -0.684626042842865 1.0526478290557861 35.26808547973633 -12.6720609664917 -2.347670555114746 0.9951819181442261
chess/seq-03/frame-000788.color.png 0.17017653584480286 -0.6815629005432129 1.0457265377044678 36.2421760559082 -12.32123851776123 -2.858461618423462 1.2040358781814575
chess/seq-03/frame-000789.color.png 0.15088924765586853 -0.673957884311676 1.065754771232605 36.30183792114258 -12.64883804321289 -2.2557942867279053 1.1076064109802246
chess/seq-03/frame-000790.color.png 0.1748063713312149 -0.6690146327018738 1.0600377321243286 36.603416442871094 -12.503759384155273 -2.1071088314056396 1.1474796533584595
chess/seq-03/frame-000791.color.png 0.15124106407165527 -0.6838707327842712 1.0417423248291016 37.16025924682617 -12.458101272583008 -2.0726189613342285 1.149143934249878
chess/seq-03/frame-000792.color.png 0.1315363645553589 -0.6851748824119568 1.0756926536560059 36.710269927978516 -12.58997631072998 -1.8727644681930542 1.0658271312713623
chess/seq-03/frame-000793.color.png 0.1538686901330948 -0.6732709407806396 1.0835849046707153 36.092857360839844 -12.791958808898926 -1.4110525846481323 1.2326555252075195
chess/seq-03/frame-000794.color.png 0.17704252898693085 -0.675987184047699 1.0927808284759521 36.754756927490234 -12.722247123718262 -1.8411916494369507 1.2688827514648438
chess/seq-03/frame-000795.color.png 0.16460677981376648 -0.655338704586029 1.0979732275009155 36.59608840942383 -12.399332046508789 -1.726454496383667 1.5420351028442383
chess/seq-03/frame-000796.color.png 0.16011705994606018 -0.6675563454627991 1.0865025520324707 36.217857360839844 -12.80170726776123 -1.1405620574951172 1.3950706720352173
chess/seq-03/frame-000797.color.png 0.17737635970115662 -0.6614483594894409 1.1006700992584229 36.075172424316406 -13.044183731079102 -0.9097467064857483 1.1542161703109741
chess/seq-03/frame-000798.color.png 0.18031612038612366 -0.6516823768615723 1.1046607494354248 37.24165344238281 -12.536341667175293 -1.1571687459945679 1.524245023727417
chess/seq-03/frame-000799.color.png 0.17978857457637787 -0.650961697101593 1.1041127443313599 37.28269577026367 -12.472275733947754 -1.0502561330795288 1.5706794261932373
chess/seq-03/frame-000800.color.png 0.16565048694610596 -0.6533729434013367 1.1035164594650269 36.77970504760742 -12.462160110473633 -1.1385490894317627 1.704174518585205
chess/seq-03/frame-000801.color.png 0.16571030020713806 -0.6523872017860413 1.105576515197754 36.703861236572266 -12.59962272644043 -0.710317075252533 1.7278916835784912
chess/seq-03/frame-000802.color.png 0.15370288491249084 -0.6577329039573669 1.1279374361038208 36.90493392944336 -12.594453811645508 -0.7071260213851929 1.7039614915847778
chess/seq-03/frame-000803.color.png 0.1701267957687378 -0.6574428081512451 1.1252061128616333 36.00852584838867 -12.523573875427246 -1.196567177772522 1.7944440841674805
chess/seq-03/frame-000804.color.png 0.16271913051605225 -0.6643339991569519 1.120225429534912 35.93259811401367 -12.711277961730957 -0.22652384638786316 1.565482497215271
chess/seq-03/frame-000805.color.png 0.1659483015537262 -0.6478238105773926 1.1167107820510864 36.74291229248047 -12.683075904846191 -0.2860185205936432 1.557388186454773
chess/seq-03/frame-000806.color.png 0.1533084213733673 -0.6386419534683228 1.0984894037246704 37.01131057739258 -12.386604309082031 -0.7235007286071777 1.7419712543487549
chess/seq-03/frame-000807.color.png 0.1504756361246109 -0.637251615524292 1.0934425592422485 36.644134521484375 -12.518770217895508 -0.6294070482254028 1.6811418533325195
chess/seq-03/frame-000808.color.png 0.1425214260816574 -0.6364234089851379 1.0963653326034546 37.02041244506836 -12.481766700744629 -0.4134017527103424 1.7304744720458984
chess/seq-03/frame-000809.color.png 0.1545974612236023 -0.6368457078933716 1.0975817441940308 37.27518844604492 -12.32790470123291 -0.7231698036193848 1.6286659240722656
chess/seq-03/frame-000810.color.png 0.17176833748817444 -0.6322152614593506 1.0919932126998901 37.6117057800293 -11.696192741394043 -0.6534002423286438 1.8001503944396973
chess/seq-03/frame-000811.color.png 0.18883728981018066 -0.6332219839096069 1.0806154012680054 38.503055572509766 -11.422184944152832 -0.6423514485359192 1.771797776222229
chess/seq-03/frame-000812.color.png 0.19368702173233032 -0.6196190118789673 1.1031935214996338 38.34492111206055 -11.469886779785156 -0.4272508919239044 1.8202451467514038
chess/seq-03/frame-000813.color.png 0.18245884776115417 -0.6223762631416321 1.1031333208084106 38.17273712158203 -11.46051025390625 -0.17844855785369873 1.836211919784546
chess/seq-03/frame-000814.color.png 0.20895983278751373 -0.6318639516830444 1.103060007095337 37.58494186401367 -11.217076301574707 0.03321021795272827 1.8819835186004639
chess/seq-03/frame-000815.color.png 0.21789634227752686 -0.6312499046325684 1.1113569736480713 38.47229766845703 -11.168066024780273 -0.27508389949798584 1.747424602508545
chess/seq-03/frame-000816.color.png 0.20229995250701904 -0.6372848749160767 1.1067132949829102 39.35454559326172 -11.189577102661133 -0.007974311709403992 1.602125883102417
chess/seq-03/frame-000817.color.png 0.2168024629354477 -0.6442460417747498 1.0943682193756104 38.417518615722656 -11.44462776184082 -0.013685543090105057 1.663069486618042
chess/seq-03/frame-000818.color.png 0.2012723982334137 -0.6410452723503113 1.09945809841156 38.5651969909668 -11.093153953552246 0.31310635805130005 1.565596103668213
chess/seq-03/frame-000819.color.png 0.20283052325248718 -0.6384910941123962 1.1028672456741333 38.69976806640625 -10.823013305664062 0.7267228960990906 1.5281176567077637
chess/seq-03/frame-000820.color.png 0.2097497284412384 -0.6316763162612915 1.106829285621643 39.212154388427734 -10.668364524841309 0.876382052898407 1.5179301500320435
chess/seq-03/frame-000821.color.png 0.19796830415725708 -0.6323195099830627 1.0979286432266235 38.32977294921875 -10.606334686279297 1.2228080034255981 1.5518602132797241
chess/seq-03/frame-000822.color.png 0.19140827655792236 -0.6338428854942322 1.0967777967453003 38.74359130859375 -10.60976791381836 0.9880635142326355 1.4598650932312012
chess/seq-03/frame-000823.color.png 0.21734824776649475 -0.6245931386947632 1.087183952331543 39.70597457885742 -10.303771018981934 0.5329363346099854 1.5898313522338867
chess/seq-03/frame-000824.color.png 0.20113840699195862 -0.6253648400306702 1.0847666263580322 39.20262908935547 -10.035975456237793 1.0218689441680908 1.4363858699798584
chess/seq-03/frame-000825.color.png 0.21214710175991058 -0.61930251121521 1.0944726467132568 39.6217155456543 -10.187455177307129 1.1818795204162598 1.5997319221496582
chess/seq-03/frame-000826.color.png 0.2294638603925705 -0.6116730570793152 1.082039475440979 40.074920654296875 -10.297882080078125 0.9161248207092285 1.7063014507293701
chess/seq-03/frame-000827.color.png 0.21877416968345642 -0.620858907699585 1.0726768970489502 39.11560821533203 -10.008322715759277 1.177123785018921 1.2937370538711548
chess/seq-03/frame-000828.color.png 0.2113090604543686 -0.6156955361366272 1.078214168548584 39.53305435180664 -10.008132934570312 0.8883899450302124 1.453463077545166
chess/seq-03/frame-000829.color.png 0.20672708749771118 -0.6143007278442383 1.0607948303222656 38.5509033203125 -10.106840133666992 1.2411588430404663 1.371461033821106
chess/seq-03/frame-000830.color.png 0.22414426505565643 -0.6204122304916382 1.055016279220581 38.26617431640625 -9.43228530883789 1.3228240013122559 1.1655800342559814
chess/seq-03/frame-000831.color.png 0.24903452396392822 -0.6073225140571594 1.072990894317627 39.43665313720703 -9.351808547973633 0.3357766270637512 1.0250757932662964
chess/seq-03/frame-000832.color.png 0.2550862431526184 -0.5963808298110962 1.0744861364364624 40.03738021850586 -9.046890258789062 0.5369948744773865 1.0913126468658447
chess/seq-03/frame-000833.color.png 0.2562445104122162 -0.5941674113273621 1.0793870687484741 40.26646041870117 -9.388203620910645 0.5233007073402405 1.2038885354995728
chess/seq-03/frame-000834.color.png 0.2523707151412964 -0.5843639373779297 1.0873135328292847 40.09210968017578 -9.00146770477295 0.39479365944862366 1.0781558752059937
chess/seq-03/frame-000835.color.png 0.2611488997936249 -0.589466392993927 1.0818729400634766 39.946136474609375 -8.889158248901367 0.4864846169948578 0.9058287739753723
chess/seq-03/frame-000836.color.png 0.2695843577384949 -0.5839217305183411 1.0724974870681763 40.50072479248047 -8.722949981689453 0.4356340169906616 0.8269472718238831
chess/seq-03/frame-000837.color.png 0.2609764337539673 -0.5836370587348938 1.0659457445144653 40.746910095214844 -8.632702827453613 0.7748669981956482 0.7976191639900208
chess/seq-03/frame-000838.color.png 0.2784098982810974 -0.5867756009101868 1.0815736055374146 40.089561462402344 -9.081066131591797 1.1913468837738037 0.7130226492881775
chess/seq-03/frame-000839.color.png 0.2802917957305908 -0.5887802243232727 1.0829943418502808 40.175167083740234 -8.543502807617188 0.5871284604072571 0.5965338945388794
chess/seq-03/frame-000840.color.png 0.2933172285556793 -0.5838934779167175 1.098436951637268 38.9372444152832 -8.569062232971191 1.1072030067443848 0.6068518757820129
chess/seq-03/frame-000841.color.png 0.27634939551353455 -0.5884052515029907 1.1029002666473389 40.064666748046875 -8.476693153381348 0.42610400915145874 0.6781545877456665
chess/seq-03/frame-000842.color.png 0.27396535873413086 -0.5901971459388733 1.1008732318878174 40.054100036621094 -8.552990913391113 0.7176462411880493 0.6381440758705139
chess/seq-03/frame-000843.color.png 0.24577774107456207 -0.5953372716903687 1.0905925035476685 41.229671478271484 -8.477554321289062 0.9416789412498474 0.6134143471717834
chess/seq-03/frame-000844.color.png 0.2674744129180908 -0.5993921160697937 1.0803847312927246 41.4556999206543 -8.455181121826172 0.5060226917266846 0.5612244606018066
chess/seq-03/frame-000845.color.png 0.24166594445705414 -0.6107909679412842 1.0996921062469482 40.69251251220703 -8.77437686920166 0.20299722254276276 0.22528700530529022
chess/seq-03/frame-000846.color.png 0.23336319625377655 -0.6025065183639526 1.1006399393081665 40.100765228271484 -9.209217071533203 -0.15742479264736176 0.24797427654266357
chess/seq-03/frame-000847.color.png 0.2484016865491867 -0.606243371963501 1.0927096605300903 40.631160736083984 -8.946930885314941 -0.6044964790344238 0.2249373197555542
chess/seq-03/frame-000848.color.png 0.24788200855255127 -0.61199951171875 1.0864535570144653 40.907405853271484 -8.95505428314209 -0.6126421093940735 -0.23605920374393463
chess/seq-03/frame-000849.color.png 0.2628154456615448 -0.6075632572174072 1.085873007774353 40.75101089477539 -9.896933555603027 -1.2494620084762573 0.014186855405569077
chess/seq-03/frame-000850.color.png 0.27968883514404297 -0.6114563345909119 1.0850298404693604 40.72746658325195 -9.805195808410645 -2.0335278511047363 -0.0341683067381382
chess/seq-03/frame-000851.color.png 0.2837992310523987 -0.608106791973114 1.070849061012268 41.219879150390625 -9.849331855773926 -2.9334535598754883 -0.1623736470937729
chess/seq-03/frame-000852.color.png 0.2853107452392578 -0.6022233963012695 1.089065432548523 40.46439743041992 -9.873893737792969 -3.1235923767089844 -0.27391302585601807
chess/seq-03/frame-000853.color.png 0.2869153618812561 -0.6004415154457092 1.0948870182037354 39.31669616699219 -9.642468452453613 -3.4190051555633545 -0.373185932636261
chess/seq-03/frame-000854.color.png 0.31169646978378296 -0.5994356870651245 1.0934388637542725 39.78648376464844 -9.73139476776123 -3.386272668838501 -0.44098609685897827
chess/seq-03/frame-000855.color.png 0.3243693709373474 -0.5990744233131409 1.054440975189209 39.777809143066406 -9.29309368133545 -3.850900650024414 -0.5744502544403076
chess/seq-03/frame-000856.color.png 0.3229489326477051 -0.6007463932037354 1.0555930137634277 40.2097282409668 -9.688865661621094 -4.213531970977783 -0.6866655945777893
chess/seq-03/frame-000857.color.png 0.3278774321079254 -0.6158768534660339 1.0399657487869263 40.6366081237793 -9.682838439941406 -3.7648208141326904 -0.8785482048988342
chess/seq-03/frame-000858.color.png 0.3197820782661438 -0.6189047694206238 1.0479282140731812 40.449893951416016 -9.455036163330078 -4.233217716217041 -0.8171824812889099
chess/seq-03/frame-000859.color.png 0.346480131149292 -0.6142812967300415 1.0387624502182007 40.8598518371582 -9.598206520080566 -3.9050230979919434 -1.0151413679122925
chess/seq-03/frame-000860.color.png 0.3468078672885895 -0.6124851107597351 1.0256855487823486 39.77989196777344 -9.541715621948242 -3.785193920135498 -1.3856862783432007
chess/seq-03/frame-000861.color.png 0.35003185272216797 -0.6114205718040466 1.0312472581863403 39.305877685546875 -9.43521499633789 -3.511017322540283 -1.628221035003662
chess/seq-03/frame-000862.color.png 0.3462595045566559 -0.6131398677825928 1.0254255533218384 39.443241119384766 -9.449244499206543 -3.6232588291168213 -1.8673429489135742
chess/seq-03/frame-000863.color.png 0.3475358784198761 -0.6074416041374207 1.031458854675293 39.04787063598633 -9.409003257751465 -3.5223493576049805 -2.0726284980773926
chess/seq-03/frame-000864.color.png 0.34986305236816406 -0.6095741987228394 1.0350499153137207 39.3116340637207 -9.230358123779297 -4.113687992095947 -2.0555238723754883
chess/seq-03/frame-000865.color.png 0.3627746105194092 -0.6146451234817505 1.029872179031372 39.540382385253906 -8.921158790588379 -4.150484561920166 -2.2201988697052
chess/seq-03/frame-000866.color.png 0.3659508526325226 -0.6128624677658081 1.0241981744766235 40.00156784057617 -8.87099838256836 -4.52990198135376 -1.8112081289291382
chess/seq-03/frame-000867.color.png 0.3690210282802582 -0.6187280416488647 1.0274792909622192 40.63494110107422 -8.866771697998047 -4.427785873413086 -2.0378336906433105
chess/seq-03/frame-000868.color.png 0.3590685725212097 -0.622755229473114 1.021841049194336 39.845848083496094 -8.823164939880371 -4.620144844055176 -2.063257932662964
chess/seq-03/frame-000869.color.png 0.3567391335964203 -0.6329336762428284 1.0051082372665405 40.45518493652344 -9.279296875 -4.715486526489258 -2.172473192214966
chess/seq-03/frame-000870.color.png 0.35431984066963196 -0.6416766047477722 0.9990695118904114 40.12873458862305 -9.14906120300293 -4.734095573425293 -2.675091505050659
chess/seq-03/frame-000871.color.png 0.3605268895626068 -0.6425743103027344 0.9954590201377869 39.98357009887695 -8.758007049560547 -5.00841760635376 -2.571518898010254
chess/seq-03/frame-000872.color.png 0.3923546075820923 -0.6449527144432068 0.9898083806037903 40.53601837158203 -8.496699333190918 -5.162894248962402 -2.4797229766845703
chess/seq-03/frame-000873.color.png 0.37676048278808594 -0.648027241230011 0.9911484122276306 40.46980285644531 -8.65395450592041 -4.743013381958008 -2.828866958618164
chess/seq-03/frame-000874.color.png 0.38087496161460876 -0.6440519690513611 0.9976953864097595 40.219573974609375 -8.583094596862793 -5.272453308105469 -2.7190420627593994
chess/seq-03/frame-000875.color.png 0.40345343947410583 -0.6436634659767151 0.9917247891426086 40.30160903930664 -8.267090797424316 -5.1766228675842285 -2.7561824321746826
chess/seq-03/frame-000876.color.png 0.4067672789096832 -0.6487888097763062 0.980503261089325 40.15150451660156 -8.3844575881958 -4.896702289581299 -2.950286626815796
chess/seq-03/frame-000877.color.png 0.42712172865867615 -0.6661809682846069 0.9781711101531982 40.005645751953125 -8.678264617919922 -4.747284889221191 -2.887458086013794
chess/seq-03/frame-000878.color.png 0.43748724460601807 -0.6592268943786621 0.9667929410934448 40.41593551635742 -8.375055313110352 -4.925010681152344 -3.09848690032959
chess/seq-03/frame-000879.color.png 0.442470520734787 -0.662305474281311 0.9503688812255859 40.48040771484375 -8.372895240783691 -4.942824840545654 -3.126840353012085
chess/seq-03/frame-000880.color.png 0.43467941880226135 -0.6689804196357727 0.9450741410255432 40.945579528808594 -7.985344409942627 -4.970221042633057 -3.1638991832733154
chess/seq-03/frame-000881.color.png 0.4330379366874695 -0.6687889695167542 0.9483428597450256 40.42005920410156 -8.247535705566406 -5.1810150146484375 -3.0991628170013428
chess/seq-03/frame-000882.color.png 0.4480268359184265 -0.6680900454521179 0.9435903429985046 40.58991622924805 -8.334087371826172 -4.907257080078125 -3.0512804985046387
chess/seq-03/frame-000883.color.png 0.42434030771255493 -0.6687247157096863 0.9204883575439453 40.245662689208984 -8.34993839263916 -5.451128005981445 -3.3294754028320312
chess/seq-03/frame-000884.color.png 0.4451860785484314 -0.6702728867530823 0.9218923449516296 39.94882583618164 -8.11020278930664 -4.65786075592041 -3.541421413421631
chess/seq-03/frame-000885.color.png 0.44810667634010315 -0.6826909780502319 0.9096613526344299 40.49409866333008 -8.175202369689941 -4.466691970825195 -3.5538408756256104
chess/seq-03/frame-000886.color.png 0.4371737539768219 -0.6885073184967041 0.9056677222251892 39.78243637084961 -8.355364799499512 -5.0036845207214355 -3.6665456295013428
chess/seq-03/frame-000887.color.png 0.4629201591014862 -0.6868430972099304 0.8842687010765076 40.18513870239258 -8.287450790405273 -6.099536418914795 -3.4643476009368896
chess/seq-03/frame-000888.color.png 0.45226341485977173 -0.6987272500991821 0.8647492527961731 39.595149993896484 -8.152368545532227 -6.15488862991333 -3.520648956298828
chess/seq-03/frame-000889.color.png 0.43367958068847656 -0.7120489478111267 0.8637859225273132 39.811038970947266 -8.239533424377441 -5.708137512207031 -3.748558759689331
chess/seq-03/frame-000890.color.png 0.43976202607154846 -0.7129753232002258 0.8525384664535522 40.08428192138672 -8.567234992980957 -5.046111583709717 -3.57593035697937
chess/seq-03/frame-000891.color.png 0.4503988027572632 -0.6974033117294312 0.8656890988349915 40.17306137084961 -8.613372802734375 -5.6978373527526855 -3.351341485977173
chess/seq-03/frame-000892.color.png 0.44521844387054443 -0.7043861150741577 0.8516787886619568 40.28731918334961 -8.483896255493164 -5.430093288421631 -3.6574795246124268
chess/seq-03/frame-000893.color.png 0.4336901307106018 -0.709810197353363 0.8310235738754272 40.35597610473633 -8.611572265625 -5.185896873474121 -3.9274957180023193
chess/seq-03/frame-000894.color.png 0.4173251986503601 -0.7337095737457275 0.8068605661392212 39.58353805541992 -8.925886154174805 -4.661092758178711 -4.402482032775879
chess/seq-03/frame-000895.color.png 0.3999655544757843 -0.7453268766403198 0.7862775921821594 39.726619720458984 -8.642066955566406 -4.939219951629639 -4.537949085235596
chess/seq-03/frame-000896.color.png 0.38325536251068115 -0.771085798740387 0.7532945871353149 39.19989776611328 -8.910490036010742 -4.659211158752441 -4.223329067230225
chess/seq-03/frame-000897.color.png 0.3860122561454773 -0.7751562595367432 0.7366713881492615 40.06198501586914 -8.519608497619629 -4.7035393714904785 -4.269999027252197
chess/seq-03/frame-000898.color.png 0.3581417500972748 -0.773604154586792 0.7452558875083923 40.078338623046875 -8.8262939453125 -4.291322708129883 -4.481319904327393
chess/seq-03/frame-000899.color.png 0.36344197392463684 -0.7580887079238892 0.7471883893013 39.872196197509766 -8.958183288574219 -3.8936400413513184 -4.398451328277588
chess/seq-03/frame-000900.color.png 0.34508591890335083 -0.7815653681755066 0.7483436465263367 40.818634033203125 -8.06960391998291 -3.9534921646118164 -4.940403938293457
chess/seq-03/frame-000901.color.png 0.3479955494403839 -0.7755979895591736 0.7213079929351807 40.54309844970703 -7.957676887512207 -3.7603561878204346 -5.259113311767578
chess/seq-03/frame-000902.color.png 0.3550946116447449 -0.784493088722229 0.7022743821144104 40.588104248046875 -8.123738288879395 -4.416096210479736 -5.174699783325195
chess/seq-03/frame-000903.color.png 0.3360006511211395 -0.7767287492752075 0.6810087561607361 39.88114547729492 -8.444647789001465 -3.863335132598877 -5.519829750061035
chess/seq-03/frame-000904.color.png 0.35997453331947327 -0.7825698256492615 0.6754654049873352 40.32527542114258 -8.069098472595215 -3.761837959289551 -5.627739429473877
chess/seq-03/frame-000905.color.png 0.37231454253196716 -0.7859023809432983 0.668190598487854 40.730411529541016 -7.084069728851318 -3.809556007385254 -5.734118938446045
chess/seq-03/frame-000906.color.png 0.37708598375320435 -0.7858619093894958 0.6253557205200195 41.15455627441406 -7.0666399002075195 -3.5133919715881348 -4.7959980964660645
chess/seq-03/frame-000907.color.png 0.3286677896976471 -0.7896630167961121 0.6286695003509521 40.7536506652832 -7.7533183097839355 -3.52738356590271 -5.001182556152344
chess/seq-03/frame-000908.color.png 0.2700478434562683 -0.7991471886634827 0.5941429734230042 39.260860443115234 -8.095590591430664 -3.4569878578186035 -5.214763164520264
chess/seq-03/frame-000909.color.png 0.284210205078125 -0.8026865720748901 0.5751439929008484 40.49090576171875 -7.908419132232666 -4.9182281494140625 -5.241870403289795
chess/seq-03/frame-000910.color.png 0.2825799882411957 -0.8042877912521362 0.5536304116249084 39.23800277709961 -7.496934413909912 -4.302676677703857 -5.334126949310303
chess/seq-03/frame-000911.color.png 0.25603076815605164 -0.8262204527854919 0.520223081111908 38.3123779296875 -8.789798736572266 -6.703530788421631 -5.308034896850586
chess/seq-03/frame-000912.color.png 0.224339097738266 -0.8077833652496338 0.5370153188705444 37.90446472167969 -9.16549015045166 -7.423490047454834 -5.408717632293701
chess/seq-03/frame-000913.color.png 0.2150113731622696 -0.8166908621788025 0.4993968605995178 37.670780181884766 -8.943815231323242 -8.222930908203125 -5.47283935546875
chess/seq-03/frame-000914.color.png 0.22847473621368408 -0.8205490708351135 0.4796357750892639 36.944454193115234 -8.60020923614502 -6.942593097686768 -5.990366458892822
chess/seq-03/frame-000915.color.png 0.20798474550247192 -0.8269991278648376 0.4764725863933563 36.31737518310547 -9.417216300964355 -7.450135707855225 -5.822856426239014
chess/seq-03/frame-000916.color.png 0.19249330461025238 -0.826169490814209 0.4629402756690979 35.65983963012695 -8.99049186706543 -7.990268707275391 -5.54752779006958
chess/seq-03/frame-000917.color.png 0.1680941879749298 -0.8219150900840759 0.44826915860176086 35.745033264160156 -9.29254150390625 -8.280098915100098 -5.771252155303955
chess/seq-03/frame-000918.color.png 0.18745893239974976 -0.8293886184692383 0.4316113293170929 35.258724212646484 -8.542266845703125 -7.428237438201904 -6.12549352645874
chess/seq-03/frame-000919.color.png 0.19110587239265442 -0.846528947353363 0.39144018292427063 35.82933044433594 -7.544361114501953 -8.307741165161133 -6.136669635772705
chess/seq-03/frame-000920.color.png 0.1863706409931183 -0.8558759093284607 0.40042683482170105 34.37063217163086 -8.259902954101562 -8.621265411376953 -6.2574334144592285
chess/seq-03/frame-000921.color.png 0.1398785561323166 -0.8496156930923462 0.3995875120162964 35.24386978149414 -7.986659526824951 -10.385512351989746 -6.023311138153076
chess/seq-03/frame-000922.color.png 0.1578865498304367 -0.8605368733406067 0.42847761511802673 35.37987518310547 -7.894496917724609 -11.061064720153809 -6.567671298980713
chess/seq-03/frame-000923.color.png 0.14136691391468048 -0.8538069128990173 0.40841230750083923 34.27033233642578 -7.2519145011901855 -9.96463394165039 -6.6945905685424805
chess/seq-03/frame-000924.color.png 0.11396408081054688 -0.8647652864456177 0.38290587067604065 33.79960632324219 -7.9735846519470215 -10.710848808288574 -6.325183391571045
chess/seq-03/frame-000925.color.png 0.11566251516342163 -0.8633489012718201 0.3584221601486206 34.97461700439453 -7.906107425689697 -11.249677658081055 -6.620959281921387
chess/seq-03/frame-000926.color.png 0.09678958356380463 -0.8610195517539978 0.32963770627975464 33.723567962646484 -7.407483100891113 -10.745854377746582 -6.633152008056641
chess/seq-03/frame-000927.color.png 0.07223652303218842 -0.86361163854599 0.3675764799118042 32.57868194580078 -7.452066898345947 -10.908361434936523 -6.35066032409668
chess/seq-03/frame-000928.color.png 0.06781387329101562 -0.894339382648468 0.3193972110748291 35.04334259033203 -7.780309200286865 -11.764579772949219 -6.010809898376465
chess/seq-03/frame-000929.color.png 0.04135165363550186 -0.8764600157737732 0.3131788969039917 33.588417053222656 -7.904005527496338 -11.627400398254395 -6.018415927886963
chess/seq-03/frame-000930.color.png 0.02138485759496689 -0.8426262140274048 0.32024264335632324 31.607677459716797 -7.3391804695129395 -10.263688087463379 -6.266359329223633
chess/seq-03/frame-000931.color.png 0.009970206767320633 -0.8439465761184692 0.31595396995544434 34.811073303222656 -6.467651844024658 -10.786578178405762 -6.970849990844727
chess/seq-03/frame-000932.color.png -0.010195646435022354 -0.8410012722015381 0.3101489841938019 36.40667724609375 -6.795694351196289 -12.235818862915039 -7.183193683624268
chess/seq-03/frame-000933.color.png -0.024549130350351334 -0.8110514879226685 0.2827548682689667 35.44981384277344 -7.0366435050964355 -12.424469947814941 -7.106948375701904
chess/seq-03/frame-000934.color.png -0.040376607328653336 -0.8036805391311646 0.2566457688808441 33.11686706542969 -6.528844356536865 -10.903316497802734 -6.387868404388428
chess/seq-03/frame-000935.color.png -0.044339749962091446 -0.8010731339454651 0.23621469736099243 31.855831146240234 -5.827490329742432 -11.22509765625 -7.021070957183838
chess/seq-03/frame-000936.color.png -0.03657578304409981 -0.7700332403182983 0.17396825551986694 32.922298431396484 -4.946671485900879 -12.292359352111816 -7.07545280456543
chess/seq-03/frame-000937.color.png -0.08819118142127991 -0.742271900177002 0.20273497700691223 31.7222843170166 -4.806911945343018 -11.989802360534668 -6.988633632659912
chess/seq-03/frame-000938.color.png -0.10350577533245087 -0.7582458853721619 0.19213122129440308 32.046844482421875 -4.622264862060547 -12.64421272277832 -7.17744255065918
chess/seq-03/frame-000939.color.png -0.0791422575712204 -0.7633101940155029 0.19218727946281433 33.708091735839844 -4.738523960113525 -13.288296699523926 -7.2061991691589355
chess/seq-03/frame-000940.color.png -0.0888313353061676 -0.7469174265861511 0.18392086029052734 33.96770095825195 -4.886097431182861 -13.973076820373535 -7.464870929718018
chess/seq-03/frame-000941.color.png -0.10091985762119293 -0.7603116631507874 0.17252585291862488 32.870513916015625 -5.137747764587402 -13.000272750854492 -6.879179954528809
chess/seq-03/frame-000942.color.png -0.11201158165931702 -0.7425477504730225 0.1869494915008545 35.187400817871094 -6.10762882232666 -13.293803215026855 -6.698918342590332
chess/seq-03/frame-000943.color.png -0.11794386804103851 -0.7091203331947327 0.19292473793029785 34.147186279296875 -5.690523147583008 -12.777779579162598 -6.430504322052002
chess/seq-03/frame-000944.color.png -0.13311618566513062 -0.7192937731742859 0.16317123174667358 33.05400848388672 -5.435580253601074 -13.217208862304688 -6.395778179168701
chess/seq-03/frame-000945.color.png -0.13223616778850555 -0.7296844124794006 0.16717857122421265 33.22596740722656 -5.451347827911377 -13.692381858825684 -6.2444257736206055
chess/seq-03/frame-000946.color.png -0.13142134249210358 -0.7206866145133972 0.15608695149421692 32.37839126586914 -5.79269552230835 -13.003019332885742 -6.055746555328369
chess/seq-03/frame-000947.color.png -0.12528112530708313 -0.7185706496238708 0.1001957505941391 33.352455139160156 -5.345859527587891 -13.64837646484375 -5.866194725036621
chess/seq-03/frame-000948.color.png -0.13766896724700928 -0.7243701815605164 0.08369676023721695 34.82984161376953 -5.5736613273620605 -14.126630783081055 -5.496914386749268
chess/seq-03/frame-000949.color.png -0.12437927722930908 -0.7073714733123779 0.04423840343952179 35.089256286621094 -5.524218559265137 -14.780315399169922 -6.337088584899902
chess/seq-03/frame-000950.color.png -0.16974703967571259 -0.7364857792854309 -0.04288206994533539 36.14094161987305 -5.4237284660339355 -15.036420822143555 -6.041308879852295
chess/seq-03/frame-000951.color.png -0.14555604755878448 -0.7056254744529724 -0.021609922870993614 36.114376068115234 -5.3494486808776855 -14.544353485107422 -5.797126293182373
chess/seq-03/frame-000952.color.png -0.11364753544330597 -0.7490115165710449 -0.024387862533330917 37.576961517333984 -5.071536064147949 -14.35688304901123 -5.931814193725586
chess/seq-03/frame-000953.color.png -0.11576041579246521 -0.7660428881645203 -0.033827632665634155 38.02157211303711 -4.975439071655273 -14.708667755126953 -5.747437953948975
chess/seq-03/frame-000954.color.png -0.10305100679397583 -0.7785904407501221 -0.06030993163585663 37.71215057373047 -4.680995464324951 -13.85753345489502 -5.369750022888184
chess/seq-03/frame-000955.color.png -0.07015998661518097 -0.7574687600135803 -0.046995170414447784 38.89878845214844 -4.357971668243408 -12.819779396057129 -5.062845230102539
chess/seq-03/frame-000956.color.png -0.07483029365539551 -0.7272736430168152 -0.1047365590929985 38.380619049072266 -4.110874176025391 -13.047740936279297 -5.040257453918457
chess/seq-03/frame-000957.color.png -0.10090938210487366 -0.7400990724563599 -0.1005822941660881 38.58911895751953 -3.906613349914551 -12.71528434753418 -5.1096062660217285
chess/seq-03/frame-000958.color.png -0.08543305099010468 -0.7580166459083557 -0.12506946921348572 37.4817008972168 -3.9808785915374756 -12.590836524963379 -5.270147800445557
chess/seq-03/frame-000959.color.png -0.07981446385383606 -0.7400998473167419 -0.1709001064300537 38.0948600769043 -3.9486265182495117 -12.326469421386719 -4.95296049118042
chess/seq-03/frame-000960.color.png -0.09692724049091339 -0.7541245818138123 -0.12170474231243134 36.320465087890625 -3.6203765869140625 -12.247175216674805 -4.897037029266357
chess/seq-03/frame-000961.color.png -0.0988994687795639 -0.7534979581832886 -0.1492505967617035 37.9803352355957 -3.3444011211395264 -11.547187805175781 -4.066704750061035
chess/seq-03/frame-000962.color.png -0.057083871215581894 -0.7497424483299255 -0.1587536334991455 37.25380325317383 -3.463925838470459 -11.00936222076416 -3.6875061988830566
chess/seq-03/frame-000963.color.png -0.04896112158894539 -0.7685024738311768 -0.168300062417984 37.6192741394043 -3.2771942615509033 -10.824604988098145 -3.4598188400268555
chess/seq-03/frame-000964.color.png -0.0642685741186142 -0.7749013304710388 -0.1758391559123993 37.52659606933594 -3.5356433391571045 -12.142922401428223 -3.233961582183838
chess/seq-03/frame-000965.color.png -0.05367704853415489 -0.760959804058075 -0.18809062242507935 37.130210876464844 -3.077561616897583 -10.798614501953125 -3.1120617389678955
chess/seq-03/frame-000966.color.png -0.006949065253138542 -0.7685468196868896 -0.12427903711795807 36.081626892089844 -3.2731173038482666 -10.8814115524292 -3.1766438484191895
chess/seq-03/frame-000967.color.png 0.02468307688832283 -0.7812289595603943 -0.14832380414009094 36.19443893432617 -3.4639124870300293 -11.08867359161377 -3.1247718334198
chess/seq-03/frame-000968.color.png 0.028293512761592865 -0.7893725037574768 -0.18567001819610596 37.12207794189453 -3.511122941970825 -11.933405876159668 -3.2846786975860596
chess/seq-03/frame-000969.color.png 0.057752519845962524 -0.7343147397041321 -0.14388999342918396 36.016639709472656 -2.8573124408721924 -11.168173789978027 -2.6299660205841064
chess/seq-03/frame-000970.color.png 0.1440163552761078 -0.707499086856842 -0.037335775792598724 36.7208251953125 -2.3140664100646973 -10.449858665466309 -1.5748209953308105
chess/seq-03/frame-000971.color.png 0.19644755125045776 -0.7209390997886658 0.05338076502084732 36.61866760253906 -1.9169626235961914 -9.83887767791748 -0.9141234159469604
chess/seq-03/frame-000972.color.png 0.1860465258359909 -0.710558295249939 0.07669851928949356 35.93132400512695 -1.874072551727295 -7.948144912719727 -0.6262141466140747
chess/seq-03/frame-000973.color.png -0.1647460162639618 -0.7983447909355164 0.16601312160491943 33.495323181152344 -1.821101188659668 7.567327976226807 2.358079671859741
chess/seq-03/frame-000974.color.png -0.138875350356102 -0.7737559676170349 0.21228072047233582 32.480587005615234 -1.3423556089401245 9.890738487243652 2.779451847076416
chess/seq-03/frame-000975.color.png -0.1296330690383911 -0.8167557120323181 0.24930539727210999 34.1864013671875 -2.1985888481140137 9.271077156066895 2.6147091388702393
chess/seq-03/frame-000976.color.png -0.1163792759180069 -0.814979612827301 0.31586503982543945 34.30048751831055 -2.899930238723755 9.15734577178955 2.245997905731201
chess/seq-03/frame-000977.color.png -0.06420102715492249 -0.8656333684921265 0.3170793354511261 34.43428421020508 -3.796541452407837 9.501477241516113 2.0167713165283203
chess/seq-03/frame-000978.color.png 0.5013952255249023 -0.7448744177818298 0.3144434094429016 36.05042266845703 -1.8778398036956787 -4.606966018676758 -0.9385428428649902
chess/seq-03/frame-000979.color.png 0.530578076839447 -0.7252411246299744 0.274782657623291 37.506805419921875 -1.9812731742858887 -3.712374448776245 -0.8313307762145996
chess/seq-03/frame-000980.color.png 0.4493444561958313 -0.7106637358665466 0.2457122504711151 36.26678466796875 -1.9471514225006104 -3.163738489151001 -1.0152826309204102
chess/seq-03/frame-000981.color.png 0.4063248634338379 -0.7367042899131775 0.24584689736366272 37.33705139160156 -2.2744295597076416 -3.459118604660034 -0.8683184385299683
chess/seq-03/frame-000982.color.png 0.4579196572303772 -0.7732594609260559 0.2971128821372986 38.50543975830078 -2.599013566970825 -2.831658124923706 -0.4857674241065979
chess/seq-03/frame-000983.color.png 0.6117410063743591 -0.7352436780929565 0.43405309319496155 38.21037292480469 -2.5847811698913574 -3.2778573036193848 -0.5124698281288147
chess/seq-03/frame-000984.color.png 0.4318862855434418 -0.7024480104446411 0.29784834384918213 38.494937896728516 -2.0930492877960205 -3.040355682373047 -0.9996317028999329
chess/seq-03/frame-000985.color.png 0.3397323489189148 -0.7353211045265198 0.2869926989078522 38.483314514160156 -2.0126020908355713 -1.1999962329864502 0.03258397802710533
chess/seq-03/frame-000986.color.png 0.2545720636844635 -0.7389229536056519 0.22397762537002563 39.569766998291016 -2.389030694961548 -2.6022303104400635 -0.1655789166688919
chess/seq-03/frame-000987.color.png 0.15754112601280212 -0.728064775466919 0.20405524969100952 37.047088623046875 -1.4666917324066162 -0.27656131982803345 -0.6255558133125305
chess/seq-03/frame-000988.color.png -0.07982242107391357 -0.6979940533638 0.0447414293885231 36.11298370361328 -1.2814912796020508 -0.24937036633491516 -0.6910281181335449
chess/seq-03/frame-000989.color.png -0.16473737359046936 -0.6752681136131287 0.06307496875524521 36.719261169433594 -1.534785270690918 1.9979346990585327 0.14124102890491486
chess/seq-03/frame-000990.color.png -0.26019883155822754 -0.6808615326881409 0.014471571892499924 37.71786880493164 -1.5734758377075195 0.00522686168551445 -0.2969842553138733
chess/seq-03/frame-000991.color.png -0.2347412407398224 -0.6962546706199646 0.013005148619413376 37.29853820800781 -2.0136632919311523 0.39101120829582214 0.21600300073623657
chess/seq-03/frame-000992.color.png -0.21658393740653992 -0.7220417857170105 -0.01331687718629837 35.86631774902344 -1.362491250038147 1.1030299663543701 -0.30190062522888184
chess/seq-03/frame-000993.color.png -0.2523224651813507 -0.6988074779510498 -0.03640763461589813 35.81760025024414 -1.4257359504699707 2.3524630069732666 0.01958658918738365
chess/seq-03/frame-000994.color.png -0.26748690009117126 -0.7034199237823486 -0.08053480088710785 38.204994201660156 -2.0958025455474854 -0.9642149806022644 0.01697380468249321
chess/seq-03/frame-000995.color.png -0.28629443049430847 -0.7106603980064392 -0.05667427182197571 38.148170471191406 -1.7247653007507324 1.9062693119049072 0.5928054451942444
chess/seq-03/frame-000996.color.png -0.29802483320236206 -0.7032250165939331 -0.049502938985824585 39.18257522583008 -2.097766637802124 1.515728235244751 0.7865471243858337
chess/seq-03/frame-000997.color.png -0.295214980840683 -0.6748480200767517 -0.05099022015929222 40.92212677001953 -2.3448410034179688 -0.6798338294029236 0.6139938831329346
chess/seq-03/frame-000998.color.png -0.28466641902923584 -0.6952952742576599 -0.05553210526704788 41.13795471191406 -2.0630133152008057 -0.4233110547065735 0.603299081325531
chess/seq-03/frame-000999.color.png -0.3013477623462677 -0.7110299468040466 -0.06870797276496887 40.88488006591797 -2.11012601852417 0.4870695173740387 0.7192296981811523
chess/seq-05/frame-000000.color.png 1.480494737625122 -0.801909327507019 0.724109947681427 23.130661010742188 -7.411115646362305 -17.398670196533203 -7.301692485809326
chess/seq-05/frame-000001.color.png 1.4809668064117432 -0.8012509346008301 0.7208054065704346 22.945907592773438 -7.335304260253906 -17.35337257385254 -7.307071685791016
chess/seq-05/frame-000002.color.png 1.4782674312591553 -0.8049337267875671 0.7230818271636963 22.632421493530273 -7.418405532836914 -16.96424674987793 -7.472118854522705
chess/seq-05/frame-000003.color.png 1.4773920774459839 -0.8065211176872253 0.7208864688873291 23.24652099609375 -7.528378963470459 -17.099767684936523 -7.638901710510254
chess/seq-05/frame-000004.color.png 1.4843528270721436 -0.807953953742981 0.7297610640525818 23.203676223754883 -7.66811990737915 -17.037538528442383 -7.731409072875977
chess/seq-05/frame-000005.color.png 1.4852211475372314 -0.8040440082550049 0.7302868962287903 23.05525779724121 -7.58408260345459 -17.088912963867188 -7.637989521026611
chess/seq-05/frame-000006.color.png 1.483351469039917 -0.7984185218811035 0.7307753562927246 23.23727035522461 -7.849433422088623 -17.134538650512695 -7.974220275878906
chess/seq-05/frame-000007.color.png 1.490793228149414 -0.8050274848937988 0.7267594337463379 22.594898223876953 -7.889036178588867 -16.838146209716797 -7.794708728790283
chess/seq-05/frame-000008.color.png 1.4850016832351685 -0.7979141473770142 0.7248300909996033 22.913204193115234 -7.935978412628174 -16.93590545654297 -7.63095235824585
chess/seq-05/frame-000009.color.png 1.4965616464614868 -0.7946546673774719 0.7434965372085571 22.616756439208984 -7.894967079162598 -17.06231117248535 -7.1634721755981445
chess/seq-05/frame-000010.color.png 1.4770318269729614 -0.7969014644622803 0.7341313362121582 22.445951461791992 -7.793585300445557 -17.02345085144043 -6.9089179039001465
chess/seq-05/frame-000011.color.png 1.4776884317398071 -0.7786834239959717 0.7413012981414795 22.810047149658203 -7.784059047698975 -17.23801612854004 -6.869473457336426
chess/seq-05/frame-000012.color.png 1.489105224609375 -0.7584390640258789 0.7408241629600525 22.465185165405273 -7.713836193084717 -17.094865798950195 -6.606142520904541
chess/seq-05/frame-000013.color.png 1.5038764476776123 -0.7454130053520203 0.7320371270179749 21.866859436035156 -7.454477787017822 -17.511640548706055 -6.125363349914551
chess/seq-05/frame-000014.color.png 1.4855862855911255 -0.7462432980537415 0.723186194896698 22.11887550354004 -7.541356086730957 -17.635013580322266 -6.199864387512207
chess/seq-05/frame-000015.color.png 1.4950566291809082 -0.7425643801689148 0.7346740365028381 21.856746673583984 -7.3410258293151855 -17.692716598510742 -5.849465370178223
chess/seq-05/frame-000016.color.png 1.5058956146240234 -0.7411074042320251 0.7251513600349426 21.426555633544922 -7.484401702880859 -17.561086654663086 -5.596038818359375
chess/seq-05/frame-000017.color.png 1.5006628036499023 -0.7323489785194397 0.7334287762641907 21.33715057373047 -7.467207431793213 -17.454761505126953 -5.357311725616455
chess/seq-05/frame-000018.color.png 1.487199068069458 -0.7352148294448853 0.7111397385597229 21.306591033935547 -7.64403772354126 -17.5200138092041 -5.206958770751953
chess/seq-05/frame-000019.color.png 1.4953793287277222 -0.7247347831726074 0.710665225982666 22.981094360351562 -7.929174900054932 -17.617382049560547 -5.203033447265625
chess/seq-05/frame-000020.color.png 1.4872424602508545 -0.7079741954803467 0.6859397888183594 22.093692779541016 -8.379851341247559 -16.88184356689453 -5.258281230926514
chess/seq-05/frame-000021.color.png 1.479155421257019 -0.7045907974243164 0.6806802749633789 21.924161911010742 -8.232725143432617 -16.796247482299805 -4.852090358734131
chess/seq-05/frame-000022.color.png 1.476233959197998 -0.7122069001197815 0.6635867357254028 21.418317794799805 -8.104316711425781 -16.797243118286133 -4.7075629234313965
chess/seq-05/frame-000023.color.png 1.4721879959106445 -0.69975745677948 0.6570924520492554 21.71558380126953 -8.219342231750488 -16.936111450195312 -4.607367515563965
chess/seq-05/frame-000024.color.png 1.480849027633667 -0.7019839882850647 0.6389696002006531 21.4457950592041 -8.29212474822998 -16.524890899658203 -4.501575946807861
chess/seq-05/frame-000025.color.png 1.4973996877670288 -0.7209945917129517 0.6458913683891296 21.863920211791992 -8.280448913574219 -16.84772300720215 -4.387953281402588
chess/seq-05/frame-000026.color.png 1.5006917715072632 -0.7297463417053223 0.6190436482429504 23.449623107910156 -8.560287475585938 -16.83280372619629 -4.821099758148193
chess/seq-05/frame-000027.color.png 1.5049463510513306 -0.7406458258628845 0.6047208905220032 23.85260581970215 -8.702329635620117 -16.803564071655273 -4.479803562164307
chess/seq-05/frame-000028.color.png 1.4947141408920288 -0.7514621019363403 0.5770447254180908 22.757448196411133 -8.457113265991211 -16.49026107788086 -4.100811004638672
chess/seq-05/frame-000029.color.png 1.4892046451568604 -0.7529675364494324 0.5617471933364868 23.65566062927246 -8.68442153930664 -16.171947479248047 -4.007800102233887
chess/seq-05/frame-000030.color.png 1.4993202686309814 -0.7487914562225342 0.5744363069534302 23.438976287841797 -8.772640228271484 -15.787250518798828 -4.328416347503662
chess/seq-05/frame-000031.color.png 1.4958041906356812 -0.7611234188079834 0.5650683641433716 24.94916343688965 -8.727693557739258 -16.10633659362793 -4.333449840545654
chess/seq-05/frame-000032.color.png 1.4810048341751099 -0.7649751305580139 0.5676488280296326 25.299619674682617 -8.491094589233398 -16.382152557373047 -3.741687774658203
chess/seq-05/frame-000033.color.png 1.4777460098266602 -0.7410830855369568 0.5559576749801636 25.051971435546875 -8.566306114196777 -15.930691719055176 -3.591796875
chess/seq-05/frame-000034.color.png 1.4717378616333008 -0.7563790082931519 0.5335268378257751 27.190359115600586 -8.859658241271973 -16.458942413330078 -3.8061280250549316
chess/seq-05/frame-000035.color.png 1.4745075702667236 -0.7530930042266846 0.5348443388938904 26.984432220458984 -8.767234802246094 -16.469646453857422 -3.754345655441284
chess/seq-05/frame-000036.color.png 1.4591476917266846 -0.7514038681983948 0.4971534013748169 26.95030975341797 -8.717101097106934 -16.095439910888672 -3.49320125579834
chess/seq-05/frame-000037.color.png 1.4666705131530762 -0.775113582611084 0.52596515417099 27.09147834777832 -8.783446311950684 -16.35688591003418 -3.7317192554473877
chess/seq-05/frame-000038.color.png 1.457945466041565 -0.7686583995819092 0.5192955732345581 27.266447067260742 -8.626789093017578 -16.592275619506836 -3.699279546737671
chess/seq-05/frame-000039.color.png 1.4756277799606323 -0.766670286655426 0.5500364303588867 26.5689697265625 -8.348161697387695 -16.601085662841797 -4.022200584411621
chess/seq-05/frame-000040.color.png 1.4563617706298828 -0.769463837146759 0.5138335227966309 28.381122589111328 -7.594025135040283 -16.832244873046875 -3.169879674911499
chess/seq-05/frame-000041.color.png 1.4347790479660034 -0.8002435564994812 0.5230809450149536 29.019058227539062 -7.527726650238037 -17.340221405029297 -3.0517704486846924
chess/seq-05/frame-000042.color.png 1.3958019018173218 -0.784661054611206 0.5305924415588379 29.22649574279785 -7.428953647613525 -17.90056800842285 -3.17673397064209
chess/seq-05/frame-000043.color.png 1.3754079341888428 -0.795413076877594 0.5532385110855103 28.801237106323242 -7.222963809967041 -18.106813430786133 -3.2806613445281982
chess/seq-05/frame-000044.color.png 1.365034580230713 -0.8197430372238159 0.5343616604804993 29.380210876464844 -7.186500072479248 -18.39305877685547 -3.2117133140563965
chess/seq-05/frame-000045.color.png 1.3267407417297363 -0.7953193783760071 0.5620712041854858 28.319873809814453 -7.019998550415039 -18.54305648803711 -3.191751480102539
chess/seq-05/frame-000046.color.png 1.3246896266937256 -0.8307141661643982 0.5464463233947754 28.15113639831543 -6.792583465576172 -18.581602096557617 -3.592599868774414
chess/seq-05/frame-000047.color.png 1.3356009721755981 -0.827980637550354 0.536044716835022 29.37974739074707 -7.027772426605225 -17.528474807739258 -3.4773988723754883
chess/seq-05/frame-000048.color.png 1.3006694316864014 -0.8258492946624756 0.5742529630661011 27.77463722229004 -6.672654151916504 -18.349306106567383 -3.8091440200805664
chess/seq-05/frame-000049.color.png 1.32174813747406 -0.8464977145195007 0.612444281578064 28.408212661743164 -6.101602554321289 -18.61509132385254 -4.10250997543335
chess/seq-05/frame-000050.color.png 1.3113714456558228 -0.8487011790275574 0.6237187385559082 29.201448440551758 -6.046385765075684 -18.838470458984375 -4.240231037139893
chess/seq-05/frame-000051.color.png 1.290799856185913 -0.8813623189926147 0.6188343167304993 29.950193405151367 -5.4846673011779785 -18.748308181762695 -4.323767185211182
chess/seq-05/frame-000052.color.png 1.2947009801864624 -0.8832942247390747 0.6547654271125793 29.184877395629883 -5.286696434020996 -18.98625373840332 -4.468005657196045
chess/seq-05/frame-000053.color.png 1.2760871648788452 -0.9024045467376709 0.6648555994033813 29.772071838378906 -5.403383731842041 -19.054773330688477 -5.086177349090576
chess/seq-05/frame-000054.color.png 1.2975740432739258 -0.9097720980644226 0.6916798949241638 29.68712615966797 -5.75249719619751 -19.065725326538086 -5.3677592277526855
chess/seq-05/frame-000055.color.png 1.2658822536468506 -0.9168909788131714 0.6882420182228088 29.043489456176758 -5.856227874755859 -19.16620635986328 -6.027938365936279
chess/seq-05/frame-000056.color.png 1.274105429649353 -0.9257795810699463 0.724337637424469 27.99434471130371 -5.905466556549072 -19.140544891357422 -5.817311763763428
chess/seq-05/frame-000057.color.png 1.2853715419769287 -0.9409545063972473 0.7399659156799316 27.741308212280273 -6.187519550323486 -18.797025680541992 -6.383787631988525
chess/seq-05/frame-000058.color.png 1.251955270767212 -0.9486274123191833 0.7643445134162903 26.983366012573242 -6.093814849853516 -19.599088668823242 -6.660336971282959
chess/seq-05/frame-000059.color.png 1.2463033199310303 -0.9549458622932434 0.7600897550582886 26.255752563476562 -6.20508337020874 -19.479581832885742 -6.766443729400635
chess/seq-05/frame-000060.color.png 1.2578816413879395 -0.9554000496864319 0.7702506184577942 25.65056800842285 -6.174166202545166 -19.458839416503906 -6.81954288482666
chess/seq-05/frame-000061.color.png 1.2537544965744019 -0.9679418802261353 0.7883597016334534 25.831371307373047 -5.830074787139893 -19.75005531311035 -6.846113681793213
chess/seq-05/frame-000062.color.png 1.2508900165557861 -0.9631410241127014 0.7839078903198242 24.987272262573242 -6.083430767059326 -19.646514892578125 -7.084959983825684
chess/seq-05/frame-000063.color.png 1.2540560960769653 -0.965863049030304 0.7845412492752075 24.694311141967773 -6.111663341522217 -19.514829635620117 -7.649294376373291
chess/seq-05/frame-000064.color.png 1.220765233039856 -0.9714499711990356 0.8048446774482727 25.56120491027832 -6.108881950378418 -19.74171257019043 -7.829349994659424
chess/seq-05/frame-000065.color.png 1.2114216089248657 -0.9788236618041992 0.805065929889679 26.304548263549805 -5.896409511566162 -19.76621437072754 -8.213032722473145
chess/seq-05/frame-000066.color.png 1.208063006401062 -0.9893012046813965 0.8034932613372803 26.039897918701172 -5.846456050872803 -19.635358810424805 -8.432024002075195
chess/seq-05/frame-000067.color.png 1.191712737083435 -0.98499596118927 0.79561847448349 25.751583099365234 -5.933787822723389 -19.325307846069336 -8.70844554901123
chess/seq-05/frame-000068.color.png 1.2140662670135498 -0.9866725206375122 0.7981384992599487 26.13768768310547 -5.874331951141357 -19.515153884887695 -9.06060791015625
chess/seq-05/frame-000069.color.png 1.2020658254623413 -0.9897856712341309 0.7794094085693359 25.759597778320312 -5.701052188873291 -19.26555824279785 -9.095778465270996
chess/seq-05/frame-000070.color.png 1.201771855354309 -0.9858767986297607 0.7787525057792664 25.124399185180664 -5.817533016204834 -19.077716827392578 -8.909706115722656
chess/seq-05/frame-000071.color.png 1.1876473426818848 -0.9948701858520508 0.7551657557487488 25.56892204284668 -5.946834564208984 -18.98330307006836 -9.405839920043945
chess/seq-05/frame-000072.color.png 1.1757208108901978 -0.9995232820510864 0.7623689770698547 25.152738571166992 -5.931750297546387 -18.887826919555664 -9.556852340698242
chess/seq-05/frame-000073.color.png 1.1712626218795776 -1.0000677108764648 0.7564406394958496 25.397197723388672 -6.185924530029297 -18.2286319732666 -9.986517906188965
chess/seq-05/frame-000074.color.png 1.1565561294555664 -0.9987854957580566 0.7468100190162659 24.881351470947266 -6.307847023010254 -17.983123779296875 -9.828356742858887
chess/seq-05/frame-000075.color.png 1.141413927078247 -1.005445957183838 0.733142077922821 25.353927612304688 -6.279029846191406 -18.218618392944336 -9.872966766357422
chess/seq-05/frame-000076.color.png 1.1171903610229492 -1.0165122747421265 0.7187311053276062 24.766332626342773 -6.501088619232178 -17.803401947021484 -10.010954856872559
chess/seq-05/frame-000077.color.png 1.128448247909546 -1.0066629648208618 0.7290205955505371 24.594682693481445 -6.758280277252197 -17.54677391052246 -9.958168983459473
chess/seq-05/frame-000078.color.png 1.0963575839996338 -1.0134285688400269 0.7099475264549255 24.189165115356445 -6.747811317443848 -17.28066062927246 -9.930329322814941
chess/seq-05/frame-000079.color.png 1.0701090097427368 -1.019018292427063 0.701862633228302 24.071386337280273 -6.869953632354736 -17.01853370666504 -10.033257484436035
chess/seq-05/frame-000080.color.png 1.0256571769714355 -1.0315510034561157 0.702791154384613 24.024145126342773 -7.167303562164307 -16.694000244140625 -10.003920555114746
chess/seq-05/frame-000081.color.png 0.995806097984314 -1.0510526895523071 0.6847242116928101 24.651729583740234 -7.304488182067871 -16.778526306152344 -9.912428855895996
chess/seq-05/frame-000082.color.png 1.008942723274231 -1.0537827014923096 0.7075219750404358 24.43865394592285 -7.541143894195557 -16.662582397460938 -9.723811149597168
chess/seq-05/frame-000083.color.png 1.0144368410110474 -1.0412261486053467 0.7049862146377563 24.103147506713867 -7.417318344116211 -16.897045135498047 -9.740644454956055
chess/seq-05/frame-000084.color.png 0.9844806790351868 -1.029678225517273 0.7051050662994385 23.862937927246094 -7.693170070648193 -16.236371994018555 -9.673304557800293
chess/seq-05/frame-000085.color.png 0.9652512669563293 -1.0335966348648071 0.6898722648620605 24.066566467285156 -7.747110843658447 -16.525766372680664 -9.472967147827148
chess/seq-05/frame-000086.color.png 0.9724022746086121 -1.026459813117981 0.6939046382904053 24.348405838012695 -8.047152519226074 -16.411392211914062 -9.501837730407715
chess/seq-05/frame-000087.color.png 0.961590588092804 -1.0250078439712524 0.69305419921875 24.13675880432129 -8.17779541015625 -15.903753280639648 -9.36356258392334
chess/seq-05/frame-000088.color.png 0.9311507344245911 -1.0282546281814575 0.6713133454322815 24.273679733276367 -8.523606300354004 -15.642172813415527 -9.46918773651123
chess/seq-05/frame-000089.color.png 0.9250624775886536 -1.0154118537902832 0.6744591593742371 24.649276733398438 -8.624340057373047 -15.528858184814453 -9.390294075012207
chess/seq-05/frame-000090.color.png 0.9117843508720398 -1.0223225355148315 0.6529375910758972 25.17192268371582 -8.959952354431152 -15.404573440551758 -9.15638256072998
chess/seq-05/frame-000091.color.png 0.915323793888092 -0.9900871515274048 0.6572213172912598 25.12963104248047 -9.11147403717041 -14.933614730834961 -9.053112983703613
chess/seq-05/frame-000092.color.png 0.8866427540779114 -1.00432288646698 0.6510718464851379 25.256677627563477 -9.127148628234863 -14.959840774536133 -8.915197372436523
chess/seq-05/frame-000093.color.png 0.8760733604431152 -0.9938653707504272 0.6435909271240234 25.23114585876465 -9.254901885986328 -14.4722900390625 -8.630684852600098
chess/seq-05/frame-000094.color.png 0.8721993565559387 -0.9895374774932861 0.6461367607116699 25.20681381225586 -9.32376480102539 -14.405614852905273 -8.710946083068848
chess/seq-05/frame-000095.color.png 0.8608745336532593 -0.9805113673210144 0.6407909393310547 25.762056350708008 -9.33776569366455 -14.500676155090332 -8.467957496643066
chess/seq-05/frame-000096.color.png 0.8615725636482239 -0.97121262550354 0.6390471458435059 26.057388305664062 -9.339489936828613 -14.455069541931152 -8.3326997756958
chess/seq-05/frame-000097.color.png 0.8669167757034302 -0.9810806512832642 0.6258227229118347 26.774612426757812 -9.346169471740723 -14.807865142822266 -8.310754776000977
chess/seq-05/frame-000098.color.png 0.8466105461120605 -0.9624277353286743 0.6269252896308899 27.307397842407227 -9.521719932556152 -14.341839790344238 -7.962133407592773
chess/seq-05/frame-000099.color.png 0.8670293688774109 -0.9462587833404541 0.6288997530937195 27.7511043548584 -9.48044490814209 -14.859102249145508 -7.855781555175781
chess/seq-05/frame-000100.color.png 0.8431171774864197 -0.9495874047279358 0.6345434188842773 28.026533126831055 -9.455808639526367 -14.70472240447998 -7.5385518074035645
chess/seq-05/frame-000101.color.png 0.8442376255989075 -0.9524834156036377 0.6252174973487854 27.7581729888916 -9.4966459274292 -14.36444091796875 -7.392306804656982
chess/seq-05/frame-000102.color.png 0.8418470621109009 -0.9456141591072083 0.6181398034095764 28.049406051635742 -9.62355899810791 -14.376551628112793 -7.416016578674316
chess/seq-05/frame-000103.color.png 0.8286613821983337 -0.9473958015441895 0.6043991446495056 28.45493507385254 -9.591695785522461 -14.393731117248535 -7.314892292022705
chess/seq-05/frame-000104.color.png 0.794920027256012 -0.9722742438316345 0.583622932434082 29.56076431274414 -9.292939186096191 -14.530038833618164 -7.284282684326172
chess/seq-05/frame-000105.color.png 0.7968884706497192 -0.9797345995903015 0.5804145932197571 29.845232009887695 -9.3717679977417 -14.365397453308105 -7.339087009429932
chess/seq-05/frame-000106.color.png 0.7772324085235596 -0.9572438597679138 0.59966641664505 29.584627151489258 -9.346236228942871 -14.467113494873047 -7.48419713973999
chess/seq-05/frame-000107.color.png 0.7617259621620178 -0.9557884931564331 0.5947051048278809 29.99568748474121 -9.273184776306152 -14.43527889251709 -7.911529541015625
chess/seq-05/frame-000108.color.png 0.7390815615653992 -0.9871025085449219 0.5745396614074707 30.637706756591797 -9.24947738647461 -14.324617385864258 -7.690974235534668
chess/seq-05/frame-000109.color.png 0.7167887091636658 -0.9840421676635742 0.5607288479804993 30.661502838134766 -8.996042251586914 -14.232489585876465 -8.049056053161621
chess/seq-05/frame-000110.color.png 0.7277914881706238 -0.9686051607131958 0.5603542923927307 30.051441192626953 -8.896463394165039 -14.825410842895508 -8.232975959777832
chess/seq-05/frame-000111.color.png 0.7035337090492249 -0.975361168384552 0.5516381859779358 30.937210083007812 -9.138017654418945 -14.522956848144531 -8.041237831115723
chess/seq-05/frame-000112.color.png 0.6898694634437561 -0.9790219068527222 0.5507412552833557 30.364471435546875 -9.055360794067383 -14.574538230895996 -7.995617389678955
chess/seq-05/frame-000113.color.png 0.6854082942008972 -0.9724841117858887 0.5339917540550232 30.847766876220703 -9.034387588500977 -14.524140357971191 -7.852569580078125
chess/seq-05/frame-000114.color.png 0.6952043175697327 -0.9818419814109802 0.5376145243644714 30.827911376953125 -8.960623741149902 -14.805618286132812 -7.964580059051514
chess/seq-05/frame-000115.color.png 0.6773458123207092 -0.9811563491821289 0.5335646867752075 30.337854385375977 -8.775452613830566 -14.552756309509277 -7.940651893615723
chess/seq-05/frame-000116.color.png 0.6556054353713989 -0.9645349383354187 0.5238210558891296 30.767032623291016 -8.37973403930664 -15.420355796813965 -8.339127540588379
chess/seq-05/frame-000117.color.png 0.6376307606697083 -0.9755436182022095 0.5293896794319153 30.557249069213867 -8.493620872497559 -15.191288948059082 -8.191487312316895
chess/seq-05/frame-000118.color.png 0.6175908446311951 -0.9721543192863464 0.5220407247543335 31.136072158813477 -8.410428047180176 -14.98653793334961 -8.020556449890137
chess/seq-05/frame-000119.color.png 0.6268926858901978 -0.9768841862678528 0.520063579082489 31.11958122253418 -8.361101150512695 -15.140594482421875 -7.8978376388549805
chess/seq-05/frame-000120.color.png 0.6119027733802795 -0.9716360569000244 0.5229459404945374 31.418380737304688 -8.477907180786133 -14.845376968383789 -8.167205810546875
chess/seq-05/frame-000121.color.png 0.6177075505256653 -0.987600564956665 0.5182139873504639 31.659685134887695 -8.019000053405762 -15.172590255737305 -7.788688659667969
chess/seq-05/frame-000122.color.png 0.6116065979003906 -0.9841500520706177 0.5299651026725769 31.027372360229492 -8.123286247253418 -14.698355674743652 -7.77179479598999
chess/seq-05/frame-000123.color.png 0.5823338031768799 -0.9505317807197571 0.5258840322494507 32.751739501953125 -7.870258808135986 -14.980071067810059 -7.522606372833252
chess/seq-05/frame-000124.color.png 0.5706900954246521 -0.9499807357788086 0.5186680555343628 32.5308723449707 -8.073055267333984 -15.103889465332031 -7.526790618896484
chess/seq-05/frame-000125.color.png 0.5495027899742126 -0.9535351991653442 0.5096837878227234 32.25468444824219 -8.033061981201172 -14.893214225769043 -7.351952075958252
chess/seq-05/frame-000126.color.png 0.548062264919281 -0.951467752456665 0.4965716600418091 32.388607025146484 -7.893507957458496 -14.710954666137695 -7.077972888946533
chess/seq-05/frame-000127.color.png 0.5334599018096924 -0.9708859920501709 0.4852406978607178 33.19987106323242 -7.903963088989258 -14.641875267028809 -6.990585803985596
chess/seq-05/frame-000128.color.png 0.5467635989189148 -0.9689725041389465 0.47562822699546814 33.870731353759766 -7.360224723815918 -14.487428665161133 -6.6559014320373535
chess/seq-05/frame-000129.color.png 0.5178202986717224 -0.9828132390975952 0.4575447738170624 34.024635314941406 -7.844093322753906 -14.814872741699219 -6.540877342224121
chess/seq-05/frame-000130.color.png 0.5138918161392212 -0.9706573486328125 0.45170900225639343 34.97346878051758 -7.945972919464111 -14.848295211791992 -6.44310188293457
chess/seq-05/frame-000131.color.png 0.47345149517059326 -0.9562124013900757 0.4345420300960541 35.10859680175781 -8.06564712524414 -14.898432731628418 -6.374007225036621
chess/seq-05/frame-000132.color.png 0.45547887682914734 -0.9520675539970398 0.4355696737766266 35.56193161010742 -8.036993026733398 -14.100358009338379 -6.35226583480835
chess/seq-05/frame-000133.color.png 0.43306782841682434 -0.9506033062934875 0.4388654828071594 35.64997863769531 -8.039426803588867 -13.84655475616455 -6.148784637451172
chess/seq-05/frame-000134.color.png 0.4139915406703949 -0.9331352114677429 0.43269920349121094 35.92882537841797 -7.718380928039551 -14.218843460083008 -5.928403377532959
chess/seq-05/frame-000135.color.png 0.38773876428604126 -0.9378983974456787 0.42767539620399475 36.29463577270508 -7.794654846191406 -14.11032485961914 -5.572439670562744
chess/seq-05/frame-000136.color.png 0.40001657605171204 -0.930404543876648 0.4248868227005005 36.687255859375 -7.860223293304443 -13.763072967529297 -5.530642032623291
chess/seq-05/frame-000137.color.png 0.42299771308898926 -0.9279119968414307 0.41367703676223755 37.545379638671875 -7.840039253234863 -13.498689651489258 -5.6178717613220215
chess/seq-05/frame-000138.color.png 0.3865235447883606 -0.932618260383606 0.39856284856796265 38.2681884765625 -7.816365718841553 -13.510614395141602 -5.343461990356445
chess/seq-05/frame-000139.color.png 0.36266812682151794 -0.9249953031539917 0.3800870180130005 37.921119689941406 -7.599853992462158 -13.164875030517578 -5.165622711181641
chess/seq-05/frame-000140.color.png 0.34852364659309387 -0.9151139855384827 0.40043458342552185 38.53032684326172 -7.589707851409912 -12.98510456085205 -4.7523884773254395
chess/seq-05/frame-000141.color.png 0.3541438579559326 -0.9148852825164795 0.395945280790329 38.783790588378906 -7.654808521270752 -12.908992767333984 -4.640215873718262
chess/seq-05/frame-000142.color.png 0.34164661169052124 -0.9190381765365601 0.38286539912223816 38.60676956176758 -7.973659992218018 -13.182318687438965 -4.541080951690674
chess/seq-05/frame-000143.color.png 0.3234100341796875 -0.9150633811950684 0.38063281774520874 38.62456512451172 -7.91894006729126 -13.022909164428711 -4.496473789215088
chess/seq-05/frame-000144.color.png 0.3155893385410309 -0.9163109660148621 0.3708782494068146 38.89452362060547 -7.815998077392578 -12.769243240356445 -4.517183780670166
chess/seq-05/frame-000145.color.png 0.30716273188591003 -0.9164677858352661 0.38090091943740845 39.14027404785156 -7.580151081085205 -12.775394439697266 -4.42139196395874
chess/seq-05/frame-000146.color.png 0.2793639898300171 -0.9099470973014832 0.3711734116077423 38.92312240600586 -8.17650318145752 -12.734834671020508 -4.0160603523254395
chess/seq-05/frame-000147.color.png 0.2686749994754791 -0.9136438965797424 0.3616664409637451 38.880428314208984 -8.078230857849121 -12.252429962158203 -3.884477138519287
chess/seq-05/frame-000148.color.png 0.27275294065475464 -0.9200661778450012 0.36797574162483215 39.38874053955078 -8.391988754272461 -11.800599098205566 -3.581836223602295
chess/seq-05/frame-000149.color.png 0.2677261531352997 -0.9159801006317139 0.36290329694747925 39.43376541137695 -8.638789176940918 -11.591527938842773 -3.4859237670898438
chess/seq-05/frame-000150.color.png 0.2622264623641968 -0.9157312512397766 0.3690308630466461 39.70172119140625 -8.865934371948242 -11.637117385864258 -3.421522378921509
chess/seq-05/frame-000151.color.png 0.24707187712192535 -0.9157947897911072 0.3496851921081543 39.20857238769531 -8.769540786743164 -11.104951858520508 -3.396735191345215
chess/seq-05/frame-000152.color.png 0.25177931785583496 -0.9095162153244019 0.3538858890533447 39.643699645996094 -9.225400924682617 -11.142230987548828 -3.1142146587371826
chess/seq-05/frame-000153.color.png 0.2338661253452301 -0.9097086787223816 0.3565332889556885 39.88975524902344 -9.256759643554688 -11.213924407958984 -3.074838876724243
chess/seq-05/frame-000154.color.png 0.23583896458148956 -0.9165452718734741 0.35632866621017456 39.40955352783203 -9.460271835327148 -10.693153381347656 -2.6183016300201416
chess/seq-05/frame-000155.color.png 0.2260952591896057 -0.9153355956077576 0.3377860486507416 39.67616653442383 -9.83176040649414 -10.369149208068848 -2.6077334880828857
chess/seq-05/frame-000156.color.png 0.2277776598930359 -0.912670373916626 0.33921340107917786 39.949974060058594 -9.511953353881836 -9.768699645996094 -2.2734274864196777
chess/seq-05/frame-000157.color.png 0.2246694266796112 -0.9144451022148132 0.33634623885154724 40.25412368774414 -9.622846603393555 -9.611078262329102 -2.1714258193969727
chess/seq-05/frame-000158.color.png 0.2339235544204712 -0.9072970151901245 0.3398580253124237 39.730712890625 -9.704249382019043 -10.012418746948242 -1.9536113739013672
chess/seq-05/frame-000159.color.png 0.22079138457775116 -0.9059858322143555 0.32714903354644775 40.921363830566406 -9.672285079956055 -9.011059761047363 -1.9418524503707886
chess/seq-05/frame-000160.color.png 0.2145540863275528 -0.91057288646698 0.330739825963974 41.01827621459961 -9.645247459411621 -8.62710952758789 -1.8397687673568726
chess/seq-05/frame-000161.color.png 0.18767575919628143 -0.9038200974464417 0.34032168984413147 40.83763885498047 -9.74288558959961 -8.919984817504883 -1.4657591581344604
chess/seq-05/frame-000162.color.png 0.19036337733268738 -0.8974922299385071 0.3511573076248169 40.6652717590332 -9.976776123046875 -8.688301086425781 -1.0413732528686523
chess/seq-05/frame-000163.color.png 0.20620399713516235 -0.9014140963554382 0.35316532850265503 40.8693733215332 -9.855046272277832 -8.40481948852539 -0.9007567763328552
chess/seq-05/frame-000164.color.png 0.20452018082141876 -0.9016602039337158 0.35607224702835083 40.52885055541992 -9.727054595947266 -8.217154502868652 -0.758597731590271
chess/seq-05/frame-000165.color.png 0.19421681761741638 -0.9050367474555969 0.34606489539146423 40.53886795043945 -9.794624328613281 -8.069494247436523 -0.809234082698822
chess/seq-05/frame-000166.color.png 0.19348935782909393 -0.9058204889297485 0.3439789116382599 40.7940673828125 -9.660572052001953 -8.030664443969727 -0.5001813769340515
chess/seq-05/frame-000167.color.png 0.16927428543567657 -0.9100388288497925 0.3751390874385834 40.980079650878906 -9.997666358947754 -6.867992877960205 -0.5364089012145996
chess/seq-05/frame-000168.color.png 0.15384644269943237 -0.9049441814422607 0.3907127380371094 40.938758850097656 -10.310132026672363 -6.380281448364258 -0.517486035823822
chess/seq-05/frame-000169.color.png 0.15623366832733154 -0.9019461274147034 0.3883993923664093 41.17477798461914 -10.297059059143066 -5.738387584686279 -0.3503703474998474
chess/seq-05/frame-000170.color.png 0.166181743144989 -0.9004151225090027 0.37093260884284973 41.20392990112305 -10.24097728729248 -5.767577648162842 -0.18375061452388763
chess/seq-05/frame-000171.color.png 0.16783493757247925 -0.8972738981246948 0.3865625560283661 41.20362091064453 -10.050357818603516 -5.314342021942139 -0.15981163084506989
chess/seq-05/frame-000172.color.png 0.167500838637352 -0.8952098488807678 0.3975634276866913 41.09571075439453 -10.123664855957031 -5.337043285369873 -0.03858296945691109
chess/seq-05/frame-000173.color.png 0.1678386777639389 -0.902328372001648 0.44565948843955994 41.01466751098633 -10.625102043151855 -4.510171890258789 -0.00939783826470375
chess/seq-05/frame-000174.color.png 0.17025020718574524 -0.9006137251853943 0.4509434103965759 40.993934631347656 -10.619671821594238 -4.426568031311035 0.11865673959255219
chess/seq-05/frame-000175.color.png 0.17258718609809875 -0.8970544934272766 0.4489857852458954 40.444847106933594 -10.902305603027344 -3.991055727005005 0.21652156114578247
chess/seq-05/frame-000176.color.png 0.16305622458457947 -0.8848732113838196 0.48619967699050903 40.8905143737793 -10.544902801513672 -4.567789077758789 0.36380577087402344
chess/seq-05/frame-000177.color.png 0.1664212942123413 -0.8785605430603027 0.49844545125961304 40.84807586669922 -10.952333450317383 -3.5008063316345215 0.49277839064598083
chess/seq-05/frame-000178.color.png 0.16895651817321777 -0.8799260258674622 0.5130165815353394 40.77361297607422 -11.202061653137207 -3.226947546005249 0.4130131006240845
chess/seq-05/frame-000179.color.png 0.14892207086086273 -0.8674529790878296 0.550071120262146 41.19400405883789 -10.9647216796875 -3.301198720932007 0.5943835973739624
chess/seq-05/frame-000180.color.png 0.13867416977882385 -0.852766215801239 0.5663436055183411 41.610694885253906 -11.015484809875488 -3.098951816558838 0.5336970686912537
chess/seq-05/frame-000181.color.png 0.146166130900383 -0.8317452669143677 0.5928693413734436 41.34376525878906 -11.018477439880371 -3.181368827819824 0.8457668423652649
chess/seq-05/frame-000182.color.png 0.15122410655021667 -0.8262354135513306 0.6159164309501648 41.185768127441406 -11.334403991699219 -3.1888279914855957 0.7039897441864014
chess/seq-05/frame-000183.color.png 0.15526250004768372 -0.8118610382080078 0.6520720720291138 41.27060317993164 -11.407683372497559 -2.9248223304748535 0.8544342517852783
chess/seq-05/frame-000184.color.png 0.14918893575668335 -0.8106852173805237 0.6660489439964294 41.410926818847656 -11.304632186889648 -3.0654373168945312 0.8296417593955994
chess/seq-05/frame-000185.color.png 0.14546877145767212 -0.8045265674591064 0.6910898685455322 40.64906311035156 -11.278644561767578 -3.067406415939331 0.9986347556114197
chess/seq-05/frame-000186.color.png 0.1336248219013214 -0.8112920522689819 0.6921676397323608 40.89265441894531 -11.66878890991211 -2.427262783050537 0.9733032584190369
chess/seq-05/frame-000187.color.png 0.11917068064212799 -0.8072768449783325 0.6844354867935181 41.089111328125 -11.454829216003418 -2.706986904144287 1.0104162693023682
chess/seq-05/frame-000188.color.png 0.12415124475955963 -0.8053398728370667 0.7077832818031311 41.0185432434082 -11.569342613220215 -3.0013036727905273 0.9710461497306824
chess/seq-05/frame-000189.color.png 0.11730054020881653 -0.7901825904846191 0.756589949131012 40.36520767211914 -11.873543739318848 -2.6592230796813965 0.743636429309845
chess/seq-05/frame-000190.color.png 0.11976559460163116 -0.7848712205886841 0.7609504461288452 39.86587905883789 -11.712440490722656 -3.3555092811584473 0.8831227421760559
chess/seq-05/frame-000191.color.png 0.1184091567993164 -0.7735028266906738 0.7815495729446411 40.37760543823242 -11.781624794006348 -3.2439539432525635 0.8397474884986877
chess/seq-05/frame-000192.color.png 0.07170945405960083 -0.7797775268554688 0.791326105594635 39.79375457763672 -12.084317207336426 -2.9822287559509277 0.7436942458152771
chess/seq-05/frame-000193.color.png 0.09122264385223389 -0.7801703810691833 0.8042770028114319 39.488670349121094 -11.915779113769531 -3.59220552444458 0.8193982243537903
chess/seq-05/frame-000194.color.png 0.11887040734291077 -0.7732067704200745 0.8108021020889282 39.14198684692383 -12.253022193908691 -3.125706434249878 0.7569826245307922
chess/seq-05/frame-000195.color.png 0.12768113613128662 -0.7713670134544373 0.823630690574646 38.979976654052734 -12.358933448791504 -3.0943310260772705 0.5754755735397339
chess/seq-05/frame-000196.color.png 0.11665570735931396 -0.7721468806266785 0.8333775401115417 39.27022933959961 -12.54379940032959 -2.6986470222473145 0.6384313702583313
chess/seq-05/frame-000197.color.png 0.14214441180229187 -0.7659246325492859 0.8574777245521545 39.20951461791992 -12.187744140625 -2.95965313911438 0.7312423586845398
chess/seq-05/frame-000198.color.png 0.12167885899543762 -0.7741984724998474 0.8702029585838318 39.75925064086914 -12.318817138671875 -2.8928592205047607 0.5002009868621826
chess/seq-05/frame-000199.color.png 0.10933473706245422 -0.7730187773704529 0.8938506841659546 39.19121170043945 -12.34962272644043 -2.8609845638275146 0.5694568753242493
chess/seq-05/frame-000200.color.png 0.09645785391330719 -0.7697193026542664 0.9129177927970886 39.58714294433594 -12.388564109802246 -2.6607413291931152 0.7559821605682373
chess/seq-05/frame-000201.color.png 0.13121375441551208 -0.7517825365066528 0.9235011339187622 39.226905822753906 -12.430776596069336 -2.7866010665893555 0.7899886965751648
chess/seq-05/frame-000202.color.png 0.11764413118362427 -0.7413752675056458 0.9567152857780457 38.9698600769043 -12.447160720825195 -2.8079285621643066 0.6332588791847229
chess/seq-05/frame-000203.color.png 0.1098158061504364 -0.7423567771911621 0.9536358714103699 39.02143859863281 -12.5712308883667 -2.4957003593444824 0.49189120531082153
chess/seq-05/frame-000204.color.png 0.09876738488674164 -0.7485755085945129 0.9486790299415588 38.99116134643555 -12.498658180236816 -2.5792253017425537 0.5276109576225281
chess/seq-05/frame-000205.color.png 0.09570764005184174 -0.747105062007904 0.9607679843902588 38.778289794921875 -12.700074195861816 -2.24515962600708 0.4108574688434601
chess/seq-05/frame-000206.color.png 0.10363788902759552 -0.7364175319671631 0.9629044532775879 39.07736587524414 -12.714506149291992 -2.439572334289551 0.4569486081600189
chess/seq-05/frame-000207.color.png 0.1292983740568161 -0.7288143038749695 0.974873960018158 38.67244338989258 -12.81348991394043 -2.1466007232666016 0.3745306730270386
chess/seq-05/frame-000208.color.png 0.11648310720920563 -0.7238715291023254 0.9801489114761353 38.714969635009766 -12.70661735534668 -2.3395843505859375 0.4071284234523773
chess/seq-05/frame-000209.color.png 0.11375148594379425 -0.7292920351028442 0.9879375100135803 38.36587905883789 -12.856548309326172 -2.1043784618377686 0.34149518609046936
chess/seq-05/frame-000210.color.png 0.13314223289489746 -0.7159596085548401 0.9943543076515198 38.40214157104492 -12.77077579498291 -2.2134525775909424 0.31562507152557373
chess/seq-05/frame-000211.color.png 0.13922680914402008 -0.7060706615447998 1.0068875551223755 38.04624938964844 -12.99423599243164 -2.1751301288604736 0.23627671599388123
chess/seq-05/frame-000212.color.png 0.1352246254682541 -0.7120630741119385 1.0127849578857422 37.451698303222656 -13.092402458190918 -1.903732419013977 0.2295924425125122
chess/seq-05/frame-000213.color.png 0.1510474979877472 -0.6980703473091125 1.0218605995178223 37.06932067871094 -13.134286880493164 -1.9577041864395142 0.17026866972446442
chess/seq-05/frame-000214.color.png 0.168858602643013 -0.6929566264152527 1.0142383575439453 37.05884552001953 -13.189676284790039 -2.0695323944091797 0.1637020707130432
chess/seq-05/frame-000215.color.png 0.1662079393863678 -0.6881057024002075 1.0281356573104858 37.06667709350586 -13.136045455932617 -1.7175452709197998 0.06034582480788231
chess/seq-05/frame-000216.color.png 0.16516701877117157 -0.6918256878852844 1.0432181358337402 36.437034606933594 -13.205461502075195 -1.9733606576919556 0.15944507718086243
chess/seq-05/frame-000217.color.png 0.1769023984670639 -0.6872760653495789 1.0383431911468506 36.06930923461914 -13.201269149780273 -2.033916473388672 0.03177141770720482
chess/seq-05/frame-000218.color.png 0.16997909545898438 -0.6877394914627075 1.0329153537750244 35.69963455200195 -13.378196716308594 -1.775399923324585 -0.03141779080033302
chess/seq-05/frame-000219.color.png 0.1572827696800232 -0.6935492157936096 1.0360945463180542 35.32625198364258 -13.365949630737305 -1.8204435110092163 0.03661331161856651
chess/seq-05/frame-000220.color.png 0.15197378396987915 -0.6973044276237488 1.0263348817825317 35.20489501953125 -13.32479190826416 -1.6042373180389404 -0.04462941363453865
chess/seq-05/frame-000221.color.png 0.15877924859523773 -0.6891607046127319 1.0324287414550781 34.52881622314453 -13.552387237548828 -1.4209202527999878 -0.08758878707885742
chess/seq-05/frame-000222.color.png 0.15387584269046783 -0.6928024888038635 1.040871500968933 34.91497802734375 -13.434516906738281 -1.2955687046051025 -0.030202407389879227
chess/seq-05/frame-000223.color.png 0.17154699563980103 -0.6823652982711792 1.04128098487854 35.03654098510742 -13.43666934967041 -1.2083320617675781 -0.03838275745511055
chess/seq-05/frame-000224.color.png 0.18411758542060852 -0.6951805353164673 1.024524450302124 35.24774932861328 -13.46663761138916 -1.3844562768936157 -0.23386535048484802
chess/seq-05/frame-000225.color.png 0.20026123523712158 -0.690833568572998 1.0326160192489624 34.02619934082031 -13.515658378601074 -1.1478312015533447 -0.1555754542350769
chess/seq-05/frame-000226.color.png 0.21742691099643707 -0.67731112241745 1.0426647663116455 34.71107482910156 -13.517496109008789 -1.1573460102081299 -0.10060061514377594
chess/seq-05/frame-000227.color.png 0.2082785964012146 -0.6813857555389404 1.0426771640777588 35.586944580078125 -13.606149673461914 -1.1499656438827515 -0.07355636358261108
chess/seq-05/frame-000228.color.png 0.18181626498699188 -0.6835783123970032 1.0518332719802856 34.827980041503906 -13.626137733459473 -1.2413601875305176 -0.11211523413658142
chess/seq-05/frame-000229.color.png 0.17628861963748932 -0.6892968416213989 1.0502291917800903 34.573726654052734 -13.484564781188965 -0.912076473236084 -0.12566690146923065
chess/seq-05/frame-000230.color.png 0.20319682359695435 -0.6804285049438477 1.056083083152771 34.5743522644043 -13.608701705932617 -1.0302035808563232 -0.20906564593315125
chess/seq-05/frame-000231.color.png 0.21984586119651794 -0.6829820275306702 1.059150218963623 34.4522705078125 -13.54050064086914 -1.1298553943634033 -0.14888644218444824
chess/seq-05/frame-000232.color.png 0.21763154864311218 -0.6763696074485779 1.0822219848632812 35.22898483276367 -13.561663627624512 -0.867130696773529 -0.31871846318244934
chess/seq-05/frame-000233.color.png 0.23031046986579895 -0.673147976398468 1.074873447418213 34.28022384643555 -13.575058937072754 -0.8579017519950867 -0.17568330466747284
chess/seq-05/frame-000234.color.png 0.21297021210193634 -0.6757956147193909 1.0663143396377563 33.79974365234375 -13.477522850036621 -0.6954152584075928 -0.32624274492263794
chess/seq-05/frame-000235.color.png 0.20926788449287415 -0.6802673935890198 1.0738613605499268 34.44699478149414 -13.407278060913086 -0.8239285945892334 -0.37883347272872925
chess/seq-05/frame-000236.color.png 0.20538099110126495 -0.6844772696495056 1.0742318630218506 33.68851852416992 -13.337589263916016 -0.6349700689315796 -0.4770407974720001
chess/seq-05/frame-000237.color.png 0.20757612586021423 -0.6716928482055664 1.0732508897781372 34.04241943359375 -13.371679306030273 -0.7799809575080872 -0.402284175157547
chess/seq-05/frame-000238.color.png 0.21351835131645203 -0.6703771948814392 1.0582263469696045 34.004241943359375 -13.408407211303711 -0.6977587938308716 -0.5209407210350037
chess/seq-05/frame-000239.color.png 0.2019960731267929 -0.6806430816650391 1.0575817823410034 34.28614807128906 -13.325860023498535 -0.8617587685585022 -0.6198266744613647
chess/seq-05/frame-000240.color.png 0.19557517766952515 -0.6765404939651489 1.057350993156433 34.186195373535156 -13.139812469482422 -0.764145016670227 -0.48391038179397583
chess/seq-05/frame-000241.color.png 0.19819247722625732 -0.674624502658844 1.0701104402542114 33.31157684326172 -13.128677368164062 -0.704879641532898 -0.6089965105056763
chess/seq-05/frame-000242.color.png 0.20460385084152222 -0.6782011389732361 1.0517295598983765 33.85904312133789 -13.28364372253418 -0.5057580471038818 -0.42959150671958923
chess/seq-05/frame-000243.color.png 0.21558667719364166 -0.6790409088134766 1.0544631481170654 32.58243179321289 -13.196029663085938 -0.3446888327598572 -0.8229032158851624
chess/seq-05/frame-000244.color.png 0.22640615701675415 -0.6757906675338745 1.0519598722457886 33.77853775024414 -12.999859809875488 -0.32681411504745483 -0.754040002822876
chess/seq-05/frame-000245.color.png 0.21870508790016174 -0.6959705948829651 1.02513587474823 34.8726806640625 -12.389776229858398 -0.388667494058609 -1.01322603225708
chess/seq-05/frame-000246.color.png 0.24481351673603058 -0.7060807943344116 1.0277961492538452 32.80591583251953 -12.062898635864258 -0.550724446773529 -1.0872623920440674
chess/seq-05/frame-000247.color.png 0.24371673166751862 -0.7082089185714722 0.9965912699699402 32.54938888549805 -12.368947982788086 -0.6920346021652222 -0.7858986258506775
chess/seq-05/frame-000248.color.png 0.2348688840866089 -0.7073225975036621 0.995245635509491 33.82113265991211 -12.505763053894043 -0.46968162059783936 -0.7127962708473206
chess/seq-05/frame-000249.color.png 0.23040950298309326 -0.7055668830871582 1.0029544830322266 35.158287048339844 -12.25441837310791 -0.47384777665138245 -0.8772850036621094
chess/seq-05/frame-000250.color.png 0.21113485097885132 -0.7178747653961182 0.99391108751297 33.4930305480957 -11.682291030883789 -0.0888095498085022 -1.3438185453414917
chess/seq-05/frame-000251.color.png 0.1709131896495819 -0.7316003441810608 0.994579017162323 35.65009307861328 -11.612663269042969 -0.6925234794616699 -1.165878415107727
chess/seq-05/frame-000252.color.png 0.168304905295372 -0.7322410941123962 0.9757010340690613 34.456825256347656 -11.441967010498047 -0.03587992116808891 -1.3754677772521973
chess/seq-05/frame-000253.color.png 0.1484919786453247 -0.7374575138092041 0.976878821849823 34.14617156982422 -10.884876251220703 0.16572366654872894 -1.4783105850219727
chess/seq-05/frame-000254.color.png 0.1577703058719635 -0.735249400138855 0.9460017085075378 35.13331604003906 -10.959538459777832 0.5428182482719421 -1.5505757331848145
chess/seq-05/frame-000255.color.png 0.16081950068473816 -0.7177455425262451 0.9481334686279297 34.80538558959961 -10.918344497680664 0.3985976278781891 -1.3798171281814575
chess/seq-05/frame-000256.color.png 0.1282092183828354 -0.7174785733222961 0.9317699670791626 35.29628372192383 -10.268402099609375 0.602971613407135 -1.5454890727996826
chess/seq-05/frame-000257.color.png 0.11454696953296661 -0.7079405188560486 0.9403796792030334 35.158363342285156 -9.549712181091309 0.32264018058776855 -1.6817524433135986
chess/seq-05/frame-000258.color.png 0.12751109898090363 -0.6999760866165161 0.9191399216651917 35.37706756591797 -9.846684455871582 0.391133576631546 -1.6937777996063232
chess/seq-05/frame-000259.color.png 0.15005046129226685 -0.7042275667190552 0.8990761637687683 35.65826416015625 -9.302894592285156 0.5578510165214539 -2.088602304458618
chess/seq-05/frame-000260.color.png 0.1440812349319458 -0.7023016810417175 0.8991894721984863 36.389076232910156 -9.283637046813965 1.1652790307998657 -2.06390380859375
chess/seq-05/frame-000261.color.png 0.16441719233989716 -0.6932047605514526 0.8908048868179321 35.57419967651367 -8.603371620178223 0.6255319118499756 -2.178736686706543
chess/seq-05/frame-000262.color.png 0.1370825618505478 -0.6833386421203613 0.8871660828590393 34.87635040283203 -8.656558990478516 1.4186257123947144 -2.102750778198242
chess/seq-05/frame-000263.color.png 0.14792782068252563 -0.6927193403244019 0.8746108412742615 33.4552001953125 -8.580306053161621 0.5925284028053284 -2.1518373489379883
chess/seq-05/frame-000264.color.png 0.14217831194400787 -0.6987119317054749 0.8682841062545776 34.40951156616211 -8.912726402282715 0.6791225075721741 -2.2693564891815186
chess/seq-05/frame-000265.color.png 0.18780536949634552 -0.6920473575592041 0.8424325585365295 36.98041534423828 -8.832696914672852 0.2773444950580597 -2.4169230461120605
chess/seq-05/frame-000266.color.png 0.212333083152771 -0.6882061958312988 0.8365247845649719 35.65437698364258 -8.744417190551758 0.7032950520515442 -2.423625946044922
chess/seq-05/frame-000267.color.png 0.24329690635204315 -0.6893847584724426 0.7969773411750793 36.51169204711914 -8.532659530639648 0.20904669165611267 -2.5614850521087646
chess/seq-05/frame-000268.color.png 0.2578641474246979 -0.6823570132255554 0.7482917904853821 35.19300842285156 -8.448355674743652 0.30396369099617004 -2.688478946685791
chess/seq-05/frame-000269.color.png 0.2181289792060852 -0.682383120059967 0.777338981628418 34.085330963134766 -7.912142753601074 0.14046211540699005 -2.794569730758667
chess/seq-05/frame-000270.color.png 0.22705963253974915 -0.68117755651474 0.780018150806427 33.78216552734375 -7.774056434631348 0.4194866418838501 -2.933631658554077
chess/seq-05/frame-000271.color.png 0.24008454382419586 -0.6833940148353577 0.7651026248931885 34.724761962890625 -8.04930591583252 0.33414554595947266 -2.8887319564819336
chess/seq-05/frame-000272.color.png 0.24210721254348755 -0.6767547130584717 0.7725937366485596 35.279518127441406 -8.09825325012207 0.49139341711997986 -2.7403199672698975
chess/seq-05/frame-000273.color.png 0.25136783719062805 -0.6802457571029663 0.7755837440490723 35.40328598022461 -7.671541690826416 -0.23009668290615082 -3.2521450519561768
chess/seq-05/frame-000274.color.png 0.24120229482650757 -0.6908907294273376 0.7640576958656311 36.52083969116211 -7.911553382873535 -0.6966759562492371 -3.1602559089660645
chess/seq-05/frame-000275.color.png 0.2559962570667267 -0.6867144107818604 0.774058997631073 37.01335906982422 -8.046175003051758 -0.5817282199859619 -3.251538038253784
chess/seq-05/frame-000276.color.png 0.26848772168159485 -0.6818714737892151 0.7606348395347595 36.360496520996094 -7.798715114593506 -1.2358516454696655 -3.675152063369751
chess/seq-05/frame-000277.color.png 0.26110801100730896 -0.6948487758636475 0.7698600888252258 36.569637298583984 -7.9042181968688965 -0.7891309261322021 -3.433974504470825
chess/seq-05/frame-000278.color.png 0.2840363681316376 -0.6950914263725281 0.7738848924636841 37.05612564086914 -8.005687713623047 -1.3751392364501953 -3.4994986057281494
chess/seq-05/frame-000279.color.png 0.26605895161628723 -0.710397481918335 0.7710890769958496 37.000179290771484 -8.25212287902832 -0.5580828785896301 -3.291437864303589
chess/seq-05/frame-000280.color.png 0.29504695534706116 -0.7056533098220825 0.7538131475448608 37.03361511230469 -8.309331893920898 -0.7782382965087891 -3.3516170978546143
chess/seq-05/frame-000281.color.png 0.2594544291496277 -0.7135112285614014 0.7669790387153625 35.91387176513672 -8.808099746704102 -0.6715467572212219 -3.4492969512939453
chess/seq-05/frame-000282.color.png 0.2843939960002899 -0.7086483240127563 0.7500202059745789 36.69230651855469 -8.373547554016113 -0.5842651724815369 -3.59661865234375
chess/seq-05/frame-000283.color.png 0.29645219445228577 -0.7171163558959961 0.7473620772361755 36.7754020690918 -8.274230003356934 -0.7953738570213318 -3.6616053581237793
chess/seq-05/frame-000284.color.png 0.2941598892211914 -0.7236782312393188 0.7565441131591797 35.66284942626953 -8.320621490478516 0.07835130393505096 -3.820739269256592
chess/seq-05/frame-000285.color.png 0.27118679881095886 -0.7328148484230042 0.769894003868103 36.39435577392578 -8.794168472290039 -0.49708291888237 -3.942657709121704
chess/seq-05/frame-000286.color.png 0.31370577216148376 -0.738574206829071 0.7762706875801086 37.057952880859375 -8.513971328735352 -1.0716954469680786 -4.253773212432861
chess/seq-05/frame-000287.color.png 0.34617048501968384 -0.7364102005958557 0.7663290500640869 36.85956954956055 -8.099701881408691 -1.2521241903305054 -4.105791091918945
chess/seq-05/frame-000288.color.png 0.38735413551330566 -0.7366819381713867 0.7550362348556519 36.0062141418457 -7.861837863922119 -0.8114316463470459 -4.295268535614014
chess/seq-05/frame-000289.color.png 0.4331999123096466 -0.7417287230491638 0.732866644859314 35.541358947753906 -7.519047737121582 -0.6894550323486328 -4.429201126098633
chess/seq-05/frame-000290.color.png 0.48943451046943665 -0.7317792177200317 0.7190102338790894 35.672672271728516 -7.720384120941162 -1.3190194368362427 -4.613458633422852
chess/seq-05/frame-000291.color.png 0.4909714162349701 -0.739866316318512 0.7030780911445618 34.72976303100586 -7.88584566116333 -1.9648969173431396 -4.647454738616943
chess/seq-05/frame-000292.color.png 0.45119911432266235 -0.742644190788269 0.7573468685150146 35.09626770019531 -8.195725440979004 -2.5605387687683105 -4.532890796661377
chess/seq-05/frame-000293.color.png 0.44664275646209717 -0.7440054416656494 0.7777618765830994 34.26401138305664 -8.306805610656738 -2.420649766921997 -4.8821306228637695
chess/seq-05/frame-000294.color.png 0.5085391402244568 -0.7326914668083191 0.7599584460258484 34.313568115234375 -7.925276756286621 -1.8218777179718018 -4.98839807510376
chess/seq-05/frame-000295.color.png 0.5068274140357971 -0.7469334006309509 0.7518356442451477 34.34627914428711 -7.611517906188965 -2.2956161499023438 -5.076192855834961
chess/seq-05/frame-000296.color.png 0.49324554204940796 -0.7607012391090393 0.7497708797454834 35.44297409057617 -8.091062545776367 -3.9547197818756104 -5.093345642089844
chess/seq-05/frame-000297.color.png 0.4646945595741272 -0.7626134753227234 0.7366378307342529 35.995521545410156 -8.854050636291504 -4.700925350189209 -4.967826843261719
chess/seq-05/frame-000298.color.png 0.4866671860218048 -0.7600796818733215 0.7539005875587463 35.8748664855957 -9.063478469848633 -4.589700698852539 -4.61106014251709
chess/seq-05/frame-000299.color.png 0.5035139918327332 -0.7696405053138733 0.7538825869560242 34.890846252441406 -9.179695129394531 -4.061899662017822 -4.925368785858154
chess/seq-05/frame-000300.color.png 0.5023258924484253 -0.7867283821105957 0.7499211430549622 34.69744110107422 -9.772298812866211 -3.6663758754730225 -4.583763122558594
chess/seq-05/frame-000301.color.png 0.49097442626953125 -0.790138840675354 0.7236239314079285 35.84159469604492 -9.828434944152832 -4.502941608428955 -4.5406293869018555
chess/seq-05/frame-000302.color.png 0.5015923976898193 -0.7957535982131958 0.7118251323699951 35.03202819824219 -9.62568187713623 -4.576768398284912 -4.775529384613037
chess/seq-05/frame-000303.color.png 0.49257296323776245 -0.8131102919578552 0.7059725522994995 34.45203399658203 -9.420795440673828 -4.616375923156738 -4.764530658721924
chess/seq-05/frame-000304.color.png 0.5642698407173157 -0.7995408773422241 0.6789407730102539 34.79322052001953 -9.112651824951172 -4.48096227645874 -4.922494888305664
chess/seq-05/frame-000305.color.png 0.5473411083221436 -0.8013487458229065 0.7189036011695862 35.03353500366211 -9.46257209777832 -5.965503692626953 -4.544416427612305
chess/seq-05/frame-000306.color.png 0.5247257947921753 -0.8047989010810852 0.7397825717926025 34.6865234375 -10.319066047668457 -5.564401626586914 -4.404128074645996
chess/seq-05/frame-000307.color.png 0.5620327591896057 -0.809262216091156 0.7138524651527405 34.506324768066406 -10.44296646118164 -5.16782808303833 -4.5388970375061035
chess/seq-05/frame-000308.color.png 0.5914787650108337 -0.8105686902999878 0.7103782892227173 34.96464157104492 -10.20903205871582 -6.236879825592041 -4.345057964324951
chess/seq-05/frame-000309.color.png 0.641488254070282 -0.8162410855293274 0.7037711143493652 34.060707092285156 -10.020800590515137 -6.370372772216797 -4.215628623962402
chess/seq-05/frame-000310.color.png 0.6461455225944519 -0.8104559183120728 0.7204234004020691 34.98613739013672 -10.463415145874023 -7.248966217041016 -4.121087074279785
chess/seq-05/frame-000311.color.png 0.613968014717102 -0.7960918545722961 0.7407066822052002 35.8210334777832 -10.466745376586914 -7.244052886962891 -4.103332042694092
chess/seq-05/frame-000312.color.png 0.5826385021209717 -0.8161752223968506 0.73054438829422 35.95158386230469 -10.35235595703125 -7.8017778396606445 -4.049588680267334
chess/seq-05/frame-000313.color.png 0.5948066115379333 -0.8250306248664856 0.7167544364929199 35.40886306762695 -10.014215469360352 -8.275988578796387 -4.0754828453063965
chess/seq-05/frame-000314.color.png 0.6379191279411316 -0.822813868522644 0.7111544013023376 36.28692626953125 -10.204351425170898 -8.845634460449219 -4.315029144287109
chess/seq-05/frame-000315.color.png 0.6509478688240051 -0.8236890435218811 0.7113850116729736 36.28009796142578 -10.100907325744629 -8.617475509643555 -4.420180320739746
chess/seq-05/frame-000316.color.png 0.6489572525024414 -0.8223699331283569 0.706828236579895 35.16286849975586 -9.934064865112305 -9.131399154663086 -4.335032939910889
chess/seq-05/frame-000317.color.png 0.6806282997131348 -0.8203274011611938 0.6998211145401001 35.98548889160156 -10.235042572021484 -9.719452857971191 -4.2747416496276855
chess/seq-05/frame-000318.color.png 0.6767649054527283 -0.8265611529350281 0.6949323415756226 35.626564025878906 -9.928869247436523 -9.275192260742188 -4.412981033325195
chess/seq-05/frame-000319.color.png 0.7056336402893066 -0.84257572889328 0.7455958724021912 34.436553955078125 -9.284313201904297 -10.101217269897461 -4.631343841552734
chess/seq-05/frame-000320.color.png 0.749265730381012 -0.8262009620666504 0.7294368147850037 34.544776916503906 -9.600857734680176 -10.3790922164917 -4.538264274597168
chess/seq-05/frame-000321.color.png 0.7338131070137024 -0.8328787088394165 0.7350538372993469 34.555667877197266 -9.680656433105469 -9.831201553344727 -4.506283283233643
chess/seq-05/frame-000322.color.png 0.743476152420044 -0.8498116135597229 0.7209542989730835 34.27111053466797 -9.487366676330566 -10.162362098693848 -4.711650848388672
chess/seq-05/frame-000323.color.png 0.7790971398353577 -0.8435729742050171 0.7102368474006653 34.711734771728516 -9.57029914855957 -11.025041580200195 -4.382456302642822
chess/seq-05/frame-000324.color.png 0.7649548053741455 -0.8612084984779358 0.7133731842041016 34.330596923828125 -9.923237800598145 -10.58948802947998 -4.655725955963135
chess/seq-05/frame-000325.color.png 0.7777747511863708 -0.8564223647117615 0.7285142540931702 34.32535934448242 -9.366025924682617 -11.025582313537598 -4.935581207275391
chess/seq-05/frame-000326.color.png 0.7857844233512878 -0.8572560548782349 0.7054332494735718 33.85222244262695 -9.137161254882812 -11.48519515991211 -4.723598957061768
chess/seq-05/frame-000327.color.png 0.7528152465820312 -0.8694401979446411 0.7246972322463989 33.03193283081055 -9.527728080749512 -11.317124366760254 -4.844708442687988
chess/seq-05/frame-000328.color.png 0.7909623980522156 -0.8552234768867493 0.7158054709434509 32.48944854736328 -9.72451400756836 -11.812774658203125 -5.287879467010498
chess/seq-05/frame-000329.color.png 0.7515912652015686 -0.8597314357757568 0.7067952752113342 32.96091842651367 -9.721908569335938 -11.853078842163086 -5.416590690612793
chess/seq-05/frame-000330.color.png 0.7574683427810669 -0.8877989649772644 0.7133300304412842 31.55357551574707 -9.29708194732666 -11.148948669433594 -5.404054164886475
chess/seq-05/frame-000331.color.png 0.7986036539077759 -0.878166139125824 0.7323858737945557 32.79164123535156 -9.444941520690918 -11.792020797729492 -5.64565372467041
chess/seq-05/frame-000332.color.png 0.8511234521865845 -0.8857333064079285 0.7229248285293579 31.583980560302734 -9.575760841369629 -11.937719345092773 -5.966403007507324
chess/seq-05/frame-000333.color.png 0.8869577646255493 -0.9192834496498108 0.6974388957023621 31.03691291809082 -9.234447479248047 -12.059660911560059 -6.085638999938965
chess/seq-05/frame-000334.color.png 0.8891454339027405 -0.9181292653083801 0.7271324992179871 31.755817413330078 -9.580513000488281 -12.849574089050293 -6.018725395202637
chess/seq-05/frame-000335.color.png 0.9098780751228333 -0.9233018159866333 0.7104615569114685 30.212356567382812 -9.678791999816895 -12.316418647766113 -6.196627616882324
chess/seq-05/frame-000336.color.png 0.9686135053634644 -0.937994658946991 0.6846030950546265 30.843978881835938 -9.486115455627441 -12.905243873596191 -6.395293712615967
chess/seq-05/frame-000337.color.png 0.948836624622345 -0.9414785504341125 0.6961631774902344 30.076236724853516 -9.777174949645996 -13.878347396850586 -6.5684967041015625
chess/seq-05/frame-000338.color.png 0.9558281898498535 -0.9564420580863953 0.6900543570518494 29.71468162536621 -9.4967041015625 -13.430659294128418 -6.555016040802002
chess/seq-05/frame-000339.color.png 0.9202995896339417 -0.9549066424369812 0.7107168436050415 27.246816635131836 -8.723271369934082 -11.029218673706055 -6.645817279815674
chess/seq-05/frame-000340.color.png 0.955762505531311 -0.9666792154312134 0.7258638739585876 27.64034652709961 -9.367612838745117 -12.304854393005371 -7.214008331298828
chess/seq-05/frame-000341.color.png 0.9762612581253052 -0.9721681475639343 0.7395939230918884 28.069822311401367 -9.56999397277832 -13.408154487609863 -6.895420074462891
chess/seq-05/frame-000342.color.png 0.9794477224349976 -0.989020586013794 0.7237136363983154 28.18644905090332 -9.678040504455566 -13.672313690185547 -7.3151021003723145
chess/seq-05/frame-000343.color.png 0.9634138941764832 -1.0098800659179688 0.6810654997825623 28.310091018676758 -9.47541618347168 -13.82097053527832 -7.392432689666748
chess/seq-05/frame-000344.color.png 0.9947128295898438 -0.9939522743225098 0.7118608355522156 27.502073287963867 -9.268863677978516 -14.20474624633789 -7.520817756652832
chess/seq-05/frame-000345.color.png 1.002957820892334 -1.000512719154358 0.7056925892829895 27.85578155517578 -9.248085021972656 -14.453277587890625 -7.9527106285095215
chess/seq-05/frame-000346.color.png 1.0033271312713623 -1.0187150239944458 0.703559398651123 27.452234268188477 -9.186776161193848 -14.63592529296875 -8.090399742126465
chess/seq-05/frame-000347.color.png 0.9650756120681763 -1.0500502586364746 0.6546300053596497 28.10207748413086 -9.29967212677002 -14.972009658813477 -8.063798904418945
chess/seq-05/frame-000348.color.png 0.9739212393760681 -1.0449481010437012 0.6594849228858948 26.794565200805664 -9.221406936645508 -14.477165222167969 -8.332847595214844
chess/seq-05/frame-000349.color.png 1.0135679244995117 -1.0404971837997437 0.6799119114875793 27.00822639465332 -9.32189655303955 -14.99875545501709 -8.326652526855469
chess/seq-05/frame-000350.color.png 1.030487060546875 -1.0505261421203613 0.6748797297477722 26.74000358581543 -9.025630950927734 -15.082930564880371 -8.755711555480957
chess/seq-05/frame-000351.color.png 1.0204894542694092 -1.0549750328063965 0.6694409251213074 26.194992065429688 -9.089463233947754 -15.02829360961914 -8.869729042053223
chess/seq-05/frame-000352.color.png 1.0344997644424438 -1.054548978805542 0.666893482208252 25.899629592895508 -9.021195411682129 -15.053881645202637 -9.044816017150879
chess/seq-05/frame-000353.color.png 1.0323445796966553 -1.0694137811660767 0.6609193682670593 25.74290657043457 -8.800248146057129 -14.990314483642578 -9.2119722366333
chess/seq-05/frame-000354.color.png 1.0461457967758179 -1.0657036304473877 0.6530357003211975 25.309661865234375 -8.63475227355957 -15.453716278076172 -9.516475677490234
chess/seq-05/frame-000355.color.png 1.0432581901550293 -1.0655783414840698 0.6482043862342834 25.3586483001709 -8.629931449890137 -15.522201538085938 -9.615581512451172
chess/seq-05/frame-000356.color.png 1.0334793329238892 -1.0859593152999878 0.6255970001220703 25.635887145996094 -8.698381423950195 -15.69386100769043 -9.43525218963623
chess/seq-05/frame-000357.color.png 1.0487158298492432 -1.0911757946014404 0.6055033802986145 26.044727325439453 -8.635740280151367 -15.898780822753906 -9.52501392364502
chess/seq-05/frame-000358.color.png 1.0679166316986084 -1.0853983163833618 0.6340956091880798 26.027559280395508 -8.567034721374512 -16.057344436645508 -9.815971374511719
chess/seq-05/frame-000359.color.png 1.06088387966156 -1.0808244943618774 0.6060426831245422 26.179529190063477 -8.310466766357422 -16.2314453125 -9.898406982421875
chess/seq-05/frame-000360.color.png 1.0851765871047974 -1.079630732536316 0.61162269115448 26.0434513092041 -8.288167953491211 -16.50630760192871 -9.691635131835938
chess/seq-05/frame-000361.color.png 1.0365139245986938 -1.0931007862091064 0.5952515006065369 26.42892074584961 -7.893921375274658 -17.4749755859375 -9.398819923400879
chess/seq-05/frame-000362.color.png 1.0812431573867798 -1.0727170705795288 0.6148055195808411 25.34912109375 -7.728613376617432 -17.31949806213379 -9.975275993347168
chess/seq-05/frame-000363.color.png 1.1089816093444824 -1.0662634372711182 0.626713752746582 25.630447387695312 -7.82952880859375 -17.144241333007812 -10.097403526306152
chess/seq-05/frame-000364.color.png 1.1128796339035034 -1.0594134330749512 0.6146244406700134 25.83448028564453 -7.710691452026367 -17.326784133911133 -9.994701385498047
chess/seq-05/frame-000365.color.png 1.1204183101654053 -1.0739197731018066 0.6266659498214722 24.950090408325195 -7.196354389190674 -17.77651023864746 -9.566178321838379
chess/seq-05/frame-000366.color.png 1.1520460844039917 -1.0613641738891602 0.6505731344223022 24.898874282836914 -6.983827590942383 -18.382198333740234 -9.258395195007324
chess/seq-05/frame-000367.color.png 1.1627036333084106 -1.0644233226776123 0.6575302481651306 24.803869247436523 -7.07940149307251 -18.153736114501953 -9.44783878326416
chess/seq-05/frame-000368.color.png 1.1745527982711792 -1.0648705959320068 0.6509698033332825 24.537647247314453 -6.975111961364746 -18.19862174987793 -9.275300979614258
chess/seq-05/frame-000369.color.png 1.2131599187850952 -1.0442523956298828 0.6529470086097717 24.767288208007812 -7.1626129150390625 -18.2879638671875 -9.120174407958984
chess/seq-05/frame-000370.color.png 1.2112370729446411 -1.0473839044570923 0.6803534626960754 25.3809757232666 -6.762741565704346 -18.731306076049805 -9.1873197555542
chess/seq-05/frame-000371.color.png 1.2335554361343384 -1.0385197401046753 0.6950955390930176 25.218673706054688 -6.7366461753845215 -18.709688186645508 -9.463445663452148
chess/seq-05/frame-000372.color.png 1.2196872234344482 -1.0424164533615112 0.6819050312042236 25.4086856842041 -6.780213832855225 -18.993505477905273 -9.484204292297363
chess/seq-05/frame-000373.color.png 1.24551522731781 -1.0325629711151123 0.6748785972595215 25.551040649414062 -5.898097515106201 -19.507659912109375 -9.166152000427246
chess/seq-05/frame-000374.color.png 1.2760868072509766 -1.0244189500808716 0.6907570958137512 26.098249435424805 -5.930684566497803 -18.981094360351562 -9.603496551513672
chess/seq-05/frame-000375.color.png 1.2753746509552002 -1.0137953758239746 0.6691097617149353 25.62009620666504 -5.406693458557129 -19.53050994873047 -9.074724197387695
chess/seq-05/frame-000376.color.png 1.2706406116485596 -1.024314284324646 0.6831675171852112 26.703014373779297 -5.285432815551758 -19.967748641967773 -9.280057907104492
chess/seq-05/frame-000377.color.png 1.2349050045013428 -1.0233410596847534 0.6486656665802002 25.788484573364258 -5.162334442138672 -19.98772621154785 -8.696227073669434
chess/seq-05/frame-000378.color.png 1.2942167520523071 -1.0129172801971436 0.6557677388191223 26.518373489379883 -4.8688249588012695 -20.455720901489258 -8.78781509399414
chess/seq-05/frame-000379.color.png 1.3743715286254883 -1.0162004232406616 0.7190298438072205 25.250181198120117 -4.55110502243042 -21.457134246826172 -7.686030387878418
chess/seq-05/frame-000380.color.png 1.349556565284729 -1.0105056762695312 0.7229084968566895 25.654560089111328 -4.167822360992432 -21.29599952697754 -7.611595153808594
chess/seq-05/frame-000381.color.png 1.2939043045043945 -1.030732274055481 0.6692853569984436 26.15626335144043 -4.088651657104492 -21.052955627441406 -7.110386848449707
chess/seq-05/frame-000382.color.png 1.3616716861724854 -1.0046966075897217 0.6943576335906982 26.479204177856445 -3.9366161823272705 -21.32785415649414 -6.911495685577393
chess/seq-05/frame-000383.color.png 1.354505181312561 -1.0074583292007446 0.701656699180603 27.13312530517578 -4.18213415145874 -20.98692512512207 -6.8614420890808105
chess/seq-05/frame-000384.color.png 1.3901704549789429 -1.0030866861343384 0.7335989475250244 27.0172176361084 -4.153218746185303 -21.03705406188965 -6.657248497009277
chess/seq-05/frame-000385.color.png 1.4018893241882324 -0.9921556711196899 0.7273531556129456 27.113428115844727 -4.143619537353516 -21.225603103637695 -6.925295352935791
chess/seq-05/frame-000386.color.png 1.3980377912521362 -1.00108802318573 0.7089541554450989 28.80336570739746 -4.222400665283203 -20.545907974243164 -7.067098140716553
chess/seq-05/frame-000387.color.png 1.430966854095459 -0.9800722002983093 0.7439852356910706 28.51799774169922 -4.29531717300415 -20.660694122314453 -7.177011013031006
chess/seq-05/frame-000388.color.png 1.4344666004180908 -0.9905564785003662 0.7316625714302063 29.355850219726562 -4.0110249519348145 -20.38494300842285 -6.936384677886963
chess/seq-05/frame-000389.color.png 1.4297242164611816 -0.9894702434539795 0.7257282733917236 30.0495662689209 -4.035043716430664 -19.753849029541016 -6.765976428985596
chess/seq-05/frame-000390.color.png 1.4239530563354492 -0.9794486165046692 0.7086219191551208 32.04118728637695 -4.060952663421631 -19.540372848510742 -7.1030592918396
chess/seq-05/frame-000391.color.png 1.424070119857788 -0.9756636619567871 0.7122203707695007 31.4867000579834 -3.7748780250549316 -19.460268020629883 -6.5638532638549805
chess/seq-05/frame-000392.color.png 1.4452424049377441 -0.9785312414169312 0.6789962649345398 32.46671676635742 -4.425184726715088 -19.016511917114258 -6.697513580322266
chess/seq-05/frame-000393.color.png 1.4353963136672974 -0.9699693322181702 0.7103418111801147 30.939266204833984 -4.57041597366333 -19.281654357910156 -6.062299728393555
chess/seq-05/frame-000394.color.png 1.455701470375061 -0.9601767063140869 0.7110610008239746 31.183977127075195 -4.447574615478516 -19.35343360900879 -5.976617813110352
chess/seq-05/frame-000395.color.png 1.4691197872161865 -0.9566027522087097 0.7100818157196045 32.482643127441406 -4.316981792449951 -19.175426483154297 -6.110122203826904
chess/seq-05/frame-000396.color.png 1.4574309587478638 -0.9598001837730408 0.6888641715049744 32.59531784057617 -4.409183025360107 -18.99395751953125 -6.351801872253418
chess/seq-05/frame-000397.color.png 1.4640052318572998 -0.9599930047988892 0.6801143884658813 31.744647979736328 -4.689150810241699 -18.88942527770996 -5.823482990264893
chess/seq-05/frame-000398.color.png 1.4693461656570435 -0.9507707953453064 0.6562448740005493 32.78418731689453 -4.813276767730713 -19.12748908996582 -5.91534948348999
chess/seq-05/frame-000399.color.png 1.4668186902999878 -0.9638096690177917 0.6455491781234741 33.1998291015625 -5.059751987457275 -18.765512466430664 -6.223503112792969
chess/seq-05/frame-000400.color.png 1.4737739562988281 -0.947520911693573 0.6788468360900879 32.738277435302734 -4.99685525894165 -18.83124542236328 -5.746715545654297
chess/seq-05/frame-000401.color.png 1.4860234260559082 -0.937865674495697 0.6658648252487183 32.758731842041016 -4.78800106048584 -18.65898323059082 -5.752553462982178
chess/seq-05/frame-000402.color.png 1.4682503938674927 -0.9394460916519165 0.6642587780952454 33.48184585571289 -4.7616190910339355 -18.32802391052246 -5.759342670440674
chess/seq-05/frame-000403.color.png 1.4684581756591797 -0.9421010613441467 0.6353044509887695 33.85919952392578 -5.175926208496094 -18.597822189331055 -5.6947174072265625
chess/seq-05/frame-000404.color.png 1.4480129480361938 -0.9384452700614929 0.6483238339424133 33.65195083618164 -5.476282596588135 -18.129133224487305 -5.454597473144531
chess/seq-05/frame-000405.color.png 1.4431709051132202 -0.9509544372558594 0.6182881593704224 34.88291931152344 -5.1411004066467285 -18.256887435913086 -5.477407455444336
chess/seq-05/frame-000406.color.png 1.4283097982406616 -0.9340195655822754 0.6086087226867676 34.951568603515625 -5.111687660217285 -17.846548080444336 -5.229507923126221
chess/seq-05/frame-000407.color.png 1.4376014471054077 -0.9122675061225891 0.6017597913742065 34.9403076171875 -5.078768253326416 -18.002988815307617 -4.907051086425781
chess/seq-05/frame-000408.color.png 1.4251104593276978 -0.9196727871894836 0.6087926626205444 35.30271911621094 -5.140312671661377 -17.76107406616211 -4.7711896896362305
chess/seq-05/frame-000409.color.png 1.4065392017364502 -0.9059046506881714 0.6093016266822815 35.64244842529297 -5.281088352203369 -17.398662567138672 -5.00317907333374
chess/seq-05/frame-000410.color.png 1.3953945636749268 -0.89158034324646 0.593935489654541 35.94593048095703 -5.264500617980957 -17.488426208496094 -4.628410339355469
chess/seq-05/frame-000411.color.png 1.3767964839935303 -0.8913940787315369 0.5904056429862976 35.59114456176758 -5.569337368011475 -17.38443374633789 -4.3643903732299805
chess/seq-05/frame-000412.color.png 1.365289330482483 -0.8648032546043396 0.5537340641021729 36.800994873046875 -5.334835529327393 -17.433555603027344 -4.404803276062012
chess/seq-05/frame-000413.color.png 1.3443007469177246 -0.8615941405296326 0.5816352367401123 36.73258972167969 -5.732457637786865 -17.077444076538086 -4.345665454864502
chess/seq-05/frame-000414.color.png 1.3359342813491821 -0.8547070622444153 0.5738068222999573 37.0648307800293 -5.829928398132324 -16.83260154724121 -4.186254024505615
chess/seq-05/frame-000415.color.png 1.3091944456100464 -0.8465077877044678 0.5458624362945557 36.740970611572266 -5.901402473449707 -16.71253776550293 -3.6376163959503174
chess/seq-05/frame-000416.color.png 1.284698247909546 -0.8367509841918945 0.5596498847007751 36.36259460449219 -6.446430206298828 -16.17386245727539 -3.4682044982910156
chess/seq-05/frame-000417.color.png 1.2765127420425415 -0.8273720741271973 0.5732987523078918 36.19746017456055 -6.421844005584717 -16.211566925048828 -3.4525866508483887
chess/seq-05/frame-000418.color.png 1.2387797832489014 -0.8304338455200195 0.5546469688415527 35.79049301147461 -6.371978282928467 -16.37731170654297 -3.4053432941436768
chess/seq-05/frame-000419.color.png 1.2339726686477661 -0.8289821743965149 0.54006028175354 35.83885192871094 -6.292078971862793 -16.01112174987793 -3.090162754058838
chess/seq-05/frame-000420.color.png 1.2289055585861206 -0.8298362493515015 0.5461704730987549 36.749698638916016 -6.486123561859131 -15.827739715576172 -3.046039342880249
chess/seq-05/frame-000421.color.png 1.1965391635894775 -0.8129125833511353 0.5435471534729004 36.01235580444336 -6.56988525390625 -15.796184539794922 -2.8105316162109375
chess/seq-05/frame-000422.color.png 1.188887596130371 -0.8122757077217102 0.5515285134315491 36.78155517578125 -6.005389213562012 -15.454699516296387 -2.5568768978118896
chess/seq-05/frame-000423.color.png 1.1840144395828247 -0.8079128265380859 0.5171552300453186 37.57855987548828 -6.287528991699219 -15.103842735290527 -2.4760360717773438
chess/seq-05/frame-000424.color.png 1.1783459186553955 -0.8134822845458984 0.5016182065010071 37.37337875366211 -6.303109169006348 -14.918390274047852 -2.5849783420562744
chess/seq-05/frame-000425.color.png 1.1582660675048828 -0.8127378225326538 0.48172727227211 37.61748504638672 -6.314159870147705 -14.785033226013184 -2.5779049396514893
chess/seq-05/frame-000426.color.png 1.1509946584701538 -0.809257984161377 0.4733991324901581 37.78279495239258 -6.278968334197998 -14.935577392578125 -2.502987861633301
chess/seq-05/frame-000427.color.png 1.150996446609497 -0.7983006834983826 0.4713733494281769 37.613468170166016 -6.394972801208496 -14.885007858276367 -2.59655499458313
chess/seq-05/frame-000428.color.png 1.1411765813827515 -0.7945258021354675 0.46363502740859985 38.084312438964844 -6.417255401611328 -14.654398918151855 -2.6618597507476807
chess/seq-05/frame-000429.color.png 1.1345617771148682 -0.7847232222557068 0.43211790919303894 38.43179702758789 -6.358826160430908 -14.260604858398438 -2.454740285873413
chess/seq-05/frame-000430.color.png 1.1271378993988037 -0.7877362966537476 0.41791898012161255 38.76089859008789 -6.421404838562012 -14.150629043579102 -2.468705654144287
chess/seq-05/frame-000431.color.png 1.1219819784164429 -0.7689406871795654 0.4034159183502197 39.60601806640625 -6.528890132904053 -13.605992317199707 -2.506958246231079
chess/seq-05/frame-000432.color.png 1.1019357442855835 -0.7730413675308228 0.37663090229034424 39.43539047241211 -6.551819324493408 -13.462443351745605 -2.28387451171875
chess/seq-05/frame-000433.color.png 1.100921630859375 -0.7582054734230042 0.3592022657394409 39.93791580200195 -6.627427577972412 -13.150487899780273 -2.103349208831787
chess/seq-05/frame-000434.color.png 1.0976184606552124 -0.7659832835197449 0.3217185437679291 40.219932556152344 -6.961552143096924 -13.024767875671387 -2.073277711868286
chess/seq-05/frame-000435.color.png 1.1052136421203613 -0.7641069889068604 0.3075680732727051 40.21099090576172 -6.98310661315918 -13.243518829345703 -1.962932825088501
chess/seq-05/frame-000436.color.png 1.0924336910247803 -0.7428947687149048 0.2714001536369324 40.14714431762695 -6.671448230743408 -13.11894416809082 -1.5625269412994385
chess/seq-05/frame-000437.color.png 1.087562918663025 -0.744559109210968 0.2652931809425354 40.047264099121094 -6.545589447021484 -12.929391860961914 -1.2698336839675903
chess/seq-05/frame-000438.color.png 1.064128041267395 -0.7444687485694885 0.21198666095733643 41.39874267578125 -6.937575817108154 -12.227335929870605 -1.501888632774353
chess/seq-05/frame-000439.color.png 1.0314671993255615 -0.7457212209701538 0.1918104887008667 41.26895523071289 -6.940475940704346 -11.896852493286133 -1.5467700958251953
chess/seq-05/frame-000440.color.png 1.0228033065795898 -0.7366650700569153 0.18325060606002808 41.02961730957031 -7.161309719085693 -12.018059730529785 -1.8293346166610718
chess/seq-05/frame-000441.color.png 1.0125389099121094 -0.7344962954521179 0.15700975060462952 41.901065826416016 -7.19891881942749 -11.938132286071777 -1.8701269626617432
chess/seq-05/frame-000442.color.png 1.0054956674575806 -0.7384284138679504 0.14252367615699768 42.000816345214844 -7.1011857986450195 -11.939733505249023 -1.802616834640503
chess/seq-05/frame-000443.color.png 1.0002732276916504 -0.7280621528625488 0.12899616360664368 41.99306106567383 -7.123577117919922 -11.792245864868164 -1.688037395477295
chess/seq-05/frame-000444.color.png 1.0073176622390747 -0.7191512584686279 0.10168919712305069 41.866973876953125 -6.951633930206299 -11.85551929473877 -1.4864118099212646
chess/seq-05/frame-000445.color.png 1.0113773345947266 -0.71456378698349 0.08040907979011536 41.99311065673828 -6.894223690032959 -11.88820743560791 -1.484188199043274
chess/seq-05/frame-000446.color.png 1.0080084800720215 -0.7031813859939575 0.06254766881465912 42.0332145690918 -7.1585564613342285 -11.788739204406738 -1.5544068813323975
chess/seq-05/frame-000447.color.png 0.9991891980171204 -0.6927208304405212 0.052926093339920044 41.88042449951172 -7.005555152893066 -11.924123764038086 -1.4188793897628784
chess/seq-05/frame-000448.color.png 0.9894748330116272 -0.7022010684013367 0.0395105741918087 42.104339599609375 -7.141841411590576 -11.409423828125 -1.4796682596206665
chess/seq-05/frame-000449.color.png 0.9776804447174072 -0.7069051265716553 0.02188091352581978 42.099525451660156 -6.92486047744751 -11.341736793518066 -1.3665717840194702
chess/seq-05/frame-000450.color.png 0.9496422410011292 -0.705715537071228 0.0010036909952759743 41.557579040527344 -6.821545600891113 -11.595425605773926 -1.2838962078094482
chess/seq-05/frame-000451.color.png 0.9466210007667542 -0.6956326365470886 -0.01658490300178528 41.685455322265625 -7.177603721618652 -11.46785831451416 -1.4696037769317627
chess/seq-05/frame-000452.color.png 0.9368161559104919 -0.6831178665161133 -0.024209627881646156 41.37793731689453 -6.946136951446533 -11.50273609161377 -1.2848474979400635
chess/seq-05/frame-000453.color.png 0.9214180111885071 -0.702246904373169 -0.04203915596008301 41.29322814941406 -6.595111846923828 -11.229982376098633 -1.253470778465271
chess/seq-05/frame-000454.color.png 0.9206692576408386 -0.7009682059288025 -0.0493072047829628 41.35896682739258 -6.731199741363525 -11.105547904968262 -1.4321078062057495
chess/seq-05/frame-000455.color.png 0.9131415486335754 -0.6927046775817871 -0.05480683594942093 40.96005630493164 -7.160519599914551 -11.62483024597168 -1.4231500625610352
chess/seq-05/frame-000456.color.png 0.907696545124054 -0.7002330422401428 -0.06029840186238289 41.10359191894531 -7.125517845153809 -11.515168190002441 -1.4598411321640015
chess/seq-05/frame-000457.color.png 0.8896183967590332 -0.6938759088516235 -0.08011684566736221 41.71857833862305 -6.824662685394287 -11.335894584655762 -1.6012625694274902
chess/seq-05/frame-000458.color.png 0.8775526881217957 -0.6981428265571594 -0.09140709787607193 41.747920989990234 -7.317485332489014 -11.246328353881836 -1.7151463031768799
chess/seq-05/frame-000459.color.png 0.8736256957054138 -0.6954039335250854 -0.10603348165750504 41.48371124267578 -7.0234551429748535 -12.039356231689453 -1.6139636039733887
chess/seq-05/frame-000460.color.png 0.8231469988822937 -0.7072665095329285 -0.10730404406785965 41.18413543701172 -7.679707050323486 -11.174298286437988 -1.577912449836731
chess/seq-05/frame-000461.color.png 0.815091073513031 -0.7107471227645874 -0.11374987661838531 41.253631591796875 -7.712884426116943 -11.03220272064209 -1.6660255193710327
chess/seq-05/frame-000462.color.png 0.7886393070220947 -0.7279378175735474 -0.12767484784126282 41.171321868896484 -7.763107776641846 -10.8240966796875 -1.433426856994629
chess/seq-05/frame-000463.color.png 0.7899529933929443 -0.7227088809013367 -0.14027544856071472 41.6949577331543 -7.50730562210083 -10.60598373413086 -1.3338114023208618
chess/seq-05/frame-000464.color.png 0.7825028896331787 -0.7119117379188538 -0.16673174500465393 42.094112396240234 -7.417961120605469 -10.827364921569824 -1.349394679069519
chess/seq-05/frame-000465.color.png 0.7786293625831604 -0.7099117636680603 -0.18036586046218872 42.102195739746094 -7.639475345611572 -10.700397491455078 -2.0173470973968506
chess/seq-05/frame-000466.color.png 0.7596818804740906 -0.7139983177185059 -0.18206629157066345 41.70052719116211 -7.372563362121582 -11.075700759887695 -2.121461868286133
chess/seq-05/frame-000467.color.png 0.7327781319618225 -0.716869056224823 -0.2000737488269806 41.76176834106445 -7.168743133544922 -11.545543670654297 -2.282615900039673
chess/seq-05/frame-000468.color.png 0.7458930015563965 -0.7222661375999451 -0.20838090777397156 42.433441162109375 -7.144308090209961 -10.878308296203613 -2.3932502269744873
chess/seq-05/frame-000469.color.png 0.7376226186752319 -0.7313440442085266 -0.21933919191360474 42.69205093383789 -7.146297931671143 -10.195490837097168 -2.415951728820801
chess/seq-05/frame-000470.color.png 0.7381418943405151 -0.722509503364563 -0.22792541980743408 42.39126968383789 -7.284803867340088 -10.351386070251465 -1.9105048179626465
chess/seq-05/frame-000471.color.png 0.740616500377655 -0.7179044485092163 -0.23724329471588135 42.41399002075195 -7.376187324523926 -9.997601509094238 -1.6187328100204468
chess/seq-05/frame-000472.color.png 0.754173755645752 -0.7100496292114258 -0.2671446204185486 41.92388916015625 -7.180549144744873 -10.422228813171387 -1.6102734804153442
chess/seq-05/frame-000473.color.png 0.763247549533844 -0.7119318246841431 -0.2989348769187927 41.68631362915039 -6.981089115142822 -10.890856742858887 -1.458389401435852
chess/seq-05/frame-000474.color.png 0.7535766363143921 -0.7069671750068665 -0.29432952404022217 41.002166748046875 -7.100050449371338 -11.036178588867188 -1.4102308750152588
chess/seq-05/frame-000475.color.png 0.7700438499450684 -0.7015987634658813 -0.30398988723754883 41.21238327026367 -6.941969394683838 -10.963262557983398 -1.3212294578552246
chess/seq-05/frame-000476.color.png 0.7693414092063904 -0.6932092905044556 -0.31822627782821655 40.64930725097656 -6.686671733856201 -10.731799125671387 -1.0699602365493774
chess/seq-05/frame-000477.color.png 0.7872791290283203 -0.6915721893310547 -0.30502185225486755 41.772804260253906 -6.992387771606445 -10.40818977355957 -1.1365735530853271
chess/seq-05/frame-000478.color.png 0.7943331003189087 -0.7010828256607056 -0.32375824451446533 41.741939544677734 -7.457590579986572 -9.785380363464355 -0.9952661395072937
chess/seq-05/frame-000479.color.png 0.7775374054908752 -0.7024226188659668 -0.3276797831058502 42.65959930419922 -7.524908542633057 -9.388401985168457 -1.0284645557403564
chess/seq-05/frame-000480.color.png 0.7671312689781189 -0.7037429809570312 -0.34039106965065 42.087947845458984 -7.424005031585693 -9.248090744018555 -0.5620009899139404
chess/seq-05/frame-000481.color.png 0.7659484148025513 -0.7223925590515137 -0.3834371864795685 41.742706298828125 -7.3042311668396 -9.020838737487793 -0.48865556716918945
chess/seq-05/frame-000482.color.png 0.7622343897819519 -0.7053626775741577 -0.3873332738876343 42.524925231933594 -7.328497409820557 -8.739911079406738 -0.35184812545776367
chess/seq-05/frame-000483.color.png 0.7647645473480225 -0.7060309052467346 -0.4060892164707184 40.52410125732422 -7.15045166015625 -9.07210636138916 0.04617505893111229
chess/seq-05/frame-000484.color.png 0.7674456238746643 -0.6935096383094788 -0.40195879340171814 41.29383850097656 -7.084545135498047 -9.130193710327148 0.1912076771259308
chess/seq-05/frame-000485.color.png 0.7751582860946655 -0.700578510761261 -0.4500400722026825 41.918704986572266 -7.129356861114502 -8.259724617004395 0.3502248525619507
chess/seq-05/frame-000486.color.png 0.7573493123054504 -0.6981202960014343 -0.44802236557006836 41.52255630493164 -6.471188545227051 -8.802597999572754 0.5510631203651428
chess/seq-05/frame-000487.color.png 0.7281087040901184 -0.7104892134666443 -0.47375985980033875 41.840248107910156 -6.780289649963379 -7.701508045196533 0.30828243494033813
chess/seq-05/frame-000488.color.png 0.7586358785629272 -0.7011106610298157 -0.45762190222740173 42.27272415161133 -6.9368157386779785 -7.795468807220459 0.37460097670555115
chess/seq-05/frame-000489.color.png 0.7223268747329712 -0.6921119689941406 -0.48911741375923157 42.47829055786133 -6.2406463623046875 -7.923947811126709 0.16864542663097382
chess/seq-05/frame-000490.color.png 0.7268866896629333 -0.6829959154129028 -0.5080650448799133 43.6796875 -6.564082145690918 -7.704838275909424 -0.015253309160470963
chess/seq-05/frame-000491.color.png 0.733920156955719 -0.6766491532325745 -0.5102297067642212 44.09975814819336 -6.215049743652344 -7.48072624206543 -0.4630206525325775
chess/seq-05/frame-000492.color.png 0.7377843260765076 -0.6764363050460815 -0.5103670954704285 44.72072982788086 -6.359480381011963 -7.2514328956604 -0.40941888093948364
chess/seq-05/frame-000493.color.png 0.7407342195510864 -0.6980832815170288 -0.5139346718788147 43.57408905029297 -6.476516246795654 -7.84797477722168 -0.30152836441993713
chess/seq-05/frame-000494.color.png 0.7354084849357605 -0.6896452903747559 -0.505971372127533 44.29342269897461 -6.263730525970459 -7.688538074493408 -0.10544168949127197
chess/seq-05/frame-000495.color.png 0.738541305065155 -0.6897255182266235 -0.5238252282142639 44.52919006347656 -6.443432331085205 -6.806201457977295 -0.019889477640390396
chess/seq-05/frame-000496.color.png 0.7353987097740173 -0.6879245042800903 -0.5358932614326477 44.0196647644043 -6.586097717285156 -7.172979831695557 0.04888489469885826
chess/seq-05/frame-000497.color.png 0.7429935932159424 -0.6785690784454346 -0.5262144804000854 43.350616455078125 -6.7032318115234375 -7.505574703216553 0.2785602807998657
chess/seq-05/frame-000498.color.png 0.7350444197654724 -0.6860896944999695 -0.5458037853240967 43.7703971862793 -6.620431900024414 -7.278125286102295 0.137544646859169
chess/seq-05/frame-000499.color.png 0.7347287535667419 -0.6781337857246399 -0.5363683700561523 44.12202835083008 -6.1072306632995605 -7.100175857543945 -0.008617889136075974
chess/seq-05/frame-000500.color.png 0.7333325147628784 -0.6772756576538086 -0.5374354720115662 44.27827835083008 -6.233946800231934 -6.935576438903809 0.006077144294977188
chess/seq-05/frame-000501.color.png 0.7035504579544067 -0.6876449584960938 -0.5605882406234741 43.79861831665039 -6.306477069854736 -7.738536357879639 -0.14901766180992126
chess/seq-05/frame-000502.color.png 0.6886873245239258 -0.6830939054489136 -0.5595699548721313 43.63230895996094 -6.372206687927246 -7.615305423736572 -0.10510891675949097
chess/seq-05/frame-000503.color.png 0.6865550875663757 -0.6805124282836914 -0.562609851360321 43.94610595703125 -6.407688617706299 -7.213817119598389 0.05760754272341728
chess/seq-05/frame-000504.color.png 0.6833439469337463 -0.68379145860672 -0.5574169158935547 43.809043884277344 -6.518835067749023 -7.184266567230225 0.1832812875509262
chess/seq-05/frame-000505.color.png 0.6530447006225586 -0.6825172305107117 -0.5841999650001526 43.640506744384766 -6.47710657119751 -6.7412919998168945 0.48062700033187866
chess/seq-05/frame-000506.color.png 0.6595012545585632 -0.6858876347541809 -0.6007660031318665 44.880104064941406 -6.403557777404785 -5.8443145751953125 0.4402005672454834
chess/seq-05/frame-000507.color.png 0.6218833327293396 -0.6798067688941956 -0.6198007464408875 44.535804748535156 -6.24714994430542 -5.718141078948975 0.9838008284568787
chess/seq-05/frame-000508.color.png 0.6038925051689148 -0.6910657286643982 -0.6414052248001099 44.623870849609375 -6.285937309265137 -6.035370349884033 1.0669525861740112
chess/seq-05/frame-000509.color.png 0.6021811962127686 -0.6929221153259277 -0.6468843817710876 44.767738342285156 -5.896328926086426 -6.161502361297607 1.0424975156784058
chess/seq-05/frame-000510.color.png 0.5937174558639526 -0.6860883235931396 -0.6508057713508606 44.9389533996582 -6.048262119293213 -5.749027252197266 1.0223230123519897
chess/seq-05/frame-000511.color.png 0.5647292137145996 -0.6856613159179688 -0.6470364928245544 45.11984634399414 -6.0123138427734375 -5.829529285430908 0.9744121432304382
chess/seq-05/frame-000512.color.png 0.5513235330581665 -0.6777889728546143 -0.6574980020523071 44.75188446044922 -5.707278251647949 -5.732110500335693 1.165776014328003
chess/seq-05/frame-000513.color.png 0.5421627163887024 -0.6808536648750305 -0.671988844871521 44.640235900878906 -5.682945251464844 -5.53300142288208 1.2814100980758667
chess/seq-05/frame-000514.color.png 0.5320472717285156 -0.6869251132011414 -0.6873455047607422 45.226287841796875 -5.425361156463623 -5.401505947113037 1.1126503944396973
chess/seq-05/frame-000515.color.png 0.505858838558197 -0.6888810992240906 -0.6906986236572266 46.49531173706055 -5.439768314361572 -4.783992767333984 0.6829504370689392
chess/seq-05/frame-000516.color.png 0.48281869292259216 -0.6761235594749451 -0.6735959053039551 46.40884017944336 -5.290318489074707 -5.38090705871582 0.8166990876197815
chess/seq-05/frame-000517.color.png 0.4840465188026428 -0.6462030410766602 -0.6745181083679199 46.79723358154297 -5.678112030029297 -4.345719337463379 0.6869927048683167
chess/seq-05/frame-000518.color.png 0.48857900500297546 -0.6607236862182617 -0.6844713091850281 47.07382583618164 -5.692616939544678 -4.219661235809326 0.6883231401443481
chess/seq-05/frame-000519.color.png 0.4525626003742218 -0.6619334816932678 -0.6979559659957886 47.079620361328125 -5.085772514343262 -4.215765953063965 0.8686189651489258
chess/seq-05/frame-000520.color.png 0.4314941465854645 -0.6605877876281738 -0.7143492698669434 47.24424743652344 -5.225908279418945 -3.950118064880371 0.7973834872245789
chess/seq-05/frame-000521.color.png 0.4219927191734314 -0.6706207990646362 -0.7146856784820557 47.195167541503906 -4.959848880767822 -4.403780937194824 0.9413211345672607
chess/seq-05/frame-000522.color.png 0.39895930886268616 -0.6750662326812744 -0.7242807745933533 47.0458984375 -5.0271315574646 -3.981710910797119 0.9226273894309998
chess/seq-05/frame-000523.color.png 0.3805215060710907 -0.6596364378929138 -0.7305429577827454 46.5924072265625 -5.041368007659912 -5.08778190612793 0.9456812739372253
chess/seq-05/frame-000524.color.png 0.3599260449409485 -0.6575507521629333 -0.7404061555862427 46.7040901184082 -4.51001501083374 -4.619894027709961 0.9561429619789124
chess/seq-05/frame-000525.color.png 0.3342871367931366 -0.6624223589897156 -0.7350841760635376 47.28801345825195 -4.276340961456299 -4.348010540008545 0.7809126973152161
chess/seq-05/frame-000526.color.png 0.34748539328575134 -0.658547043800354 -0.7458987236022949 46.88316345214844 -4.352524280548096 -4.606356620788574 0.7491021752357483
chess/seq-05/frame-000527.color.png 0.33806300163269043 -0.6527510285377502 -0.74833744764328 46.909942626953125 -4.20480489730835 -5.146798133850098 0.4452863931655884
chess/seq-05/frame-000528.color.png 0.33705273270606995 -0.6485000848770142 -0.7393803596496582 46.65106964111328 -4.260897636413574 -5.465076446533203 0.4464832544326782
chess/seq-05/frame-000529.color.png 0.3325518071651459 -0.6477363109588623 -0.7362845540046692 46.83678436279297 -3.8948278427124023 -5.222312927246094 0.33405640721321106
chess/seq-05/frame-000530.color.png 0.3140259087085724 -0.6375797986984253 -0.7428767085075378 46.88590621948242 -4.309206008911133 -4.635814666748047 0.575557291507721
chess/seq-05/frame-000531.color.png 0.3114165663719177 -0.629506528377533 -0.746491014957428 46.55059051513672 -4.160305023193359 -4.718552112579346 0.6562749147415161
chess/seq-05/frame-000532.color.png 0.29410505294799805 -0.629719078540802 -0.7329955697059631 46.77054977416992 -4.288812637329102 -4.423205375671387 0.5500373840332031
chess/seq-05/frame-000533.color.png 0.2756286859512329 -0.6300775408744812 -0.7345537543296814 47.16203308105469 -4.040314674377441 -4.576696395874023 0.4532228708267212
chess/seq-05/frame-000534.color.png 0.2641172409057617 -0.6344247460365295 -0.7271245121955872 46.69516372680664 -4.533236026763916 -4.98503303527832 0.7927770614624023
chess/seq-05/frame-000535.color.png 0.2509550154209137 -0.6435205340385437 -0.7172130942344666 46.234405517578125 -4.35623025894165 -5.120526313781738 0.9938859939575195
chess/seq-05/frame-000536.color.png 0.22806094586849213 -0.6436668634414673 -0.7259578704833984 46.43659591674805 -4.512601852416992 -4.658209323883057 1.0611507892608643
chess/seq-05/frame-000537.color.png 0.22207550704479218 -0.6340363025665283 -0.7074424028396606 46.495147705078125 -4.2262420654296875 -4.833895683288574 0.9441191554069519
chess/seq-05/frame-000538.color.png 0.20363903045654297 -0.6480860710144043 -0.724312961101532 46.67924880981445 -4.212496280670166 -4.29378080368042 1.214654564857483
chess/seq-05/frame-000539.color.png 0.2197270393371582 -0.632593035697937 -0.7081212997436523 46.4617805480957 -4.18497371673584 -4.00126838684082 1.2736502885818481
chess/seq-05/frame-000540.color.png 0.2031460702419281 -0.6278642416000366 -0.6890376210212708 46.59489059448242 -4.149406909942627 -3.989851951599121 1.5195930004119873
chess/seq-05/frame-000541.color.png 0.20729099214076996 -0.6430004239082336 -0.6893259882926941 46.2411003112793 -4.093398571014404 -3.8766767978668213 1.5455492734909058
chess/seq-05/frame-000542.color.png 0.18861588835716248 -0.6337945461273193 -0.7060889005661011 46.532928466796875 -4.486401557922363 -3.3719606399536133 1.5569283962249756
chess/seq-05/frame-000543.color.png 0.1630232036113739 -0.618171215057373 -0.6967922449111938 46.37168884277344 -4.482056617736816 -3.8834962844848633 1.7735161781311035
chess/seq-05/frame-000544.color.png 0.14177483320236206 -0.6269831657409668 -0.6862924695014954 46.29930877685547 -4.576462268829346 -3.648127555847168 1.5628478527069092
chess/seq-05/frame-000545.color.png 0.12837587296962738 -0.6309994459152222 -0.6705238819122314 47.19879150390625 -4.944616317749023 -2.54192852973938 1.3117122650146484
chess/seq-05/frame-000546.color.png 0.11606055498123169 -0.6276295185089111 -0.6624428033828735 46.78528594970703 -5.166585445404053 -2.698291301727295 1.4767450094223022
chess/seq-05/frame-000547.color.png 0.10763436555862427 -0.6271838545799255 -0.6666944622993469 46.76887130737305 -4.8314900398254395 -2.850151300430298 1.3583389520645142
chess/seq-05/frame-000548.color.png 0.10601916909217834 -0.6397476196289062 -0.6545934677124023 46.88858413696289 -5.158587455749512 -2.5859391689300537 1.3419965505599976
chess/seq-05/frame-000549.color.png 0.10647605359554291 -0.638985276222229 -0.6440643668174744 46.685523986816406 -5.176614761352539 -2.5541882514953613 1.2764018774032593
chess/seq-05/frame-000550.color.png 0.09524121880531311 -0.6326663494110107 -0.6500657200813293 46.459171295166016 -4.834182262420654 -3.0487754344940186 1.4207290410995483
chess/seq-05/frame-000551.color.png 0.09716811776161194 -0.6274735331535339 -0.6467230319976807 46.75265884399414 -4.635056972503662 -2.870283365249634 1.5352619886398315
chess/seq-05/frame-000552.color.png 0.08394515514373779 -0.6237536072731018 -0.6364743709564209 47.0658073425293 -4.7103352546691895 -2.4291765689849854 1.513107419013977
chess/seq-05/frame-000553.color.png 0.07307939231395721 -0.6322661638259888 -0.6411656141281128 46.604583740234375 -5.327709197998047 -2.621882200241089 1.5941919088363647
chess/seq-05/frame-000554.color.png 0.059881940484046936 -0.6217206120491028 -0.6213736534118652 47.46406936645508 -5.554978847503662 -1.698785424232483 1.2876005172729492
chess/seq-05/frame-000555.color.png 0.0484590008854866 -0.6173880100250244 -0.6091142892837524 47.14771270751953 -5.4785075187683105 -1.5775233507156372 1.5215283632278442
chess/seq-05/frame-000556.color.png 0.040033649653196335 -0.6202079057693481 -0.6237117052078247 47.45188903808594 -5.548311233520508 -1.4797158241271973 1.3603479862213135
chess/seq-05/frame-000557.color.png 0.029147658497095108 -0.6064824461936951 -0.6168816685676575 47.003150939941406 -6.341475009918213 -1.3070636987686157 1.3470007181167603
chess/seq-05/frame-000558.color.png 0.015953373163938522 -0.6108412146568298 -0.6030025482177734 47.204246520996094 -6.266376495361328 -1.1259092092514038 1.4254833459854126
chess/seq-05/frame-000559.color.png 0.013224009424448013 -0.6063519716262817 -0.5832270383834839 47.3009033203125 -6.24012565612793 -0.4441194236278534 1.554964542388916
chess/seq-05/frame-000560.color.png 0.009511776268482208 -0.6067507266998291 -0.5822300910949707 47.45569610595703 -6.026003837585449 -0.36133524775505066 1.4804540872573853
chess/seq-05/frame-000561.color.png 0.009159184992313385 -0.6136897802352905 -0.5784372687339783 46.494712829589844 -6.246413230895996 -0.163522869348526 1.860761284828186
chess/seq-05/frame-000562.color.png -0.015560545027256012 -0.6212241649627686 -0.5670339465141296 46.7454833984375 -6.342249870300293 0.22591134905815125 1.9771850109100342
chess/seq-05/frame-000563.color.png -0.02863183617591858 -0.6220828294754028 -0.5767843127250671 46.84965133666992 -6.3004279136657715 0.570280909538269 2.0473384857177734
chess/seq-05/frame-000564.color.png -0.04361316189169884 -0.6170954704284668 -0.5583950877189636 46.59476852416992 -6.188976764678955 0.34662678837776184 2.286125421524048
chess/seq-05/frame-000565.color.png -0.05274490639567375 -0.6309016942977905 -0.5445109605789185 46.24200439453125 -6.457212448120117 0.700954258441925 2.1589012145996094
chess/seq-05/frame-000566.color.png -0.06543859839439392 -0.6203690767288208 -0.545832633972168 46.258583068847656 -6.515249729156494 0.5790503621101379 2.429581642150879
chess/seq-05/frame-000567.color.png -0.08222337067127228 -0.6127316355705261 -0.5336790084838867 46.33870315551758 -6.557087421417236 0.6402178406715393 2.5092525482177734
chess/seq-05/frame-000568.color.png -0.0927579253911972 -0.623370885848999 -0.5246607661247253 46.040809631347656 -6.145760536193848 0.08894874155521393 2.586132526397705
chess/seq-05/frame-000569.color.png -0.10563209652900696 -0.6132601499557495 -0.5223972797393799 46.3061408996582 -6.275475978851318 0.41768357157707214 2.4333443641662598
chess/seq-05/frame-000570.color.png -0.11803695559501648 -0.6032825708389282 -0.5064420104026794 46.04446029663086 -6.337183952331543 0.25533759593963623 2.588494062423706
chess/seq-05/frame-000571.color.png -0.11462940275669098 -0.5984328985214233 -0.49782493710517883 45.94679260253906 -6.448251724243164 0.10948055982589722 2.644906520843506
chess/seq-05/frame-000572.color.png -0.12545117735862732 -0.5990917086601257 -0.4912815988063812 46.2498779296875 -6.657798767089844 0.7590356469154358 2.491042375564575
chess/seq-05/frame-000573.color.png -0.12978550791740417 -0.5918176770210266 -0.48219457268714905 46.4564094543457 -6.5359416007995605 0.528020977973938 2.280836343765259
chess/seq-05/frame-000574.color.png -0.16183990240097046 -0.5951159000396729 -0.44319117069244385 46.04994583129883 -6.71759557723999 0.6455098390579224 2.3143186569213867
chess/seq-05/frame-000575.color.png -0.16500188410282135 -0.5809429287910461 -0.4538991451263428 45.95661926269531 -6.834078311920166 0.6309249997138977 2.2208077907562256
chess/seq-05/frame-000576.color.png -0.1652260720729828 -0.5945866703987122 -0.4609457850456238 45.82417297363281 -6.972833633422852 1.0890804529190063 2.3738901615142822
chess/seq-05/frame-000577.color.png -0.1881275773048401 -0.5899040699005127 -0.4475812017917633 45.42898941040039 -7.4000773429870605 1.1996266841888428 2.467097520828247
chess/seq-05/frame-000578.color.png -0.2001979798078537 -0.5981385111808777 -0.42962944507598877 44.76228713989258 -7.476185321807861 0.7541989088058472 2.6926651000976562
chess/seq-05/frame-000579.color.png -0.19753587245941162 -0.603822648525238 -0.4271233081817627 44.76308059692383 -7.402397632598877 0.7606102824211121 2.6504786014556885
chess/seq-05/frame-000580.color.png -0.22256428003311157 -0.5881631970405579 -0.40635865926742554 44.61913299560547 -7.185620307922363 1.1589252948760986 2.8393819332122803
chess/seq-05/frame-000581.color.png -0.22649632394313812 -0.5835666060447693 -0.39536815881729126 44.62840270996094 -7.28745174407959 0.9635809063911438 2.805144786834717
chess/seq-05/frame-000582.color.png -0.23175424337387085 -0.5963343977928162 -0.37728673219680786 44.20250701904297 -7.4989399909973145 1.1531533002853394 3.040177822113037
chess/seq-05/frame-000583.color.png -0.2193719744682312 -0.5993038415908813 -0.37396731972694397 43.632957458496094 -7.79166316986084 1.3740450143814087 3.0598573684692383
chess/seq-05/frame-000584.color.png -0.25189831852912903 -0.5767714977264404 -0.34297510981559753 43.509300231933594 -7.645895957946777 1.7474665641784668 3.3331003189086914
chess/seq-05/frame-000585.color.png -0.24152463674545288 -0.5871763229370117 -0.3342478275299072 43.6778450012207 -7.77682638168335 1.3814915418624878 3.0839285850524902
chess/seq-05/frame-000586.color.png -0.2569240629673004 -0.5905187726020813 -0.3078526258468628 42.89248275756836 -7.775481700897217 1.8388632535934448 3.2057979106903076
chess/seq-05/frame-000587.color.png -0.280848890542984 -0.5807597637176514 -0.2911614179611206 42.951229095458984 -7.792641639709473 1.966234803199768 3.2280001640319824
chess/seq-05/frame-000588.color.png -0.2833622097969055 -0.5820474624633789 -0.2783477008342743 43.16668701171875 -7.700270652770996 1.8369282484054565 3.331589698791504
chess/seq-05/frame-000589.color.png -0.30487990379333496 -0.5718978047370911 -0.2617237865924835 42.82865524291992 -7.574721813201904 1.4860255718231201 3.4454660415649414
chess/seq-05/frame-000590.color.png -0.32120904326438904 -0.5760564208030701 -0.2538287043571472 42.726539611816406 -7.432544231414795 1.742761492729187 3.5632786750793457
chess/seq-05/frame-000591.color.png -0.3250991106033325 -0.5845539569854736 -0.23200887441635132 42.75849533081055 -7.865423202514648 2.2753584384918213 3.6056008338928223
chess/seq-05/frame-000592.color.png -0.33331841230392456 -0.5722336769104004 -0.22266310453414917 42.85974884033203 -7.807441234588623 2.456141710281372 3.5124895572662354
chess/seq-05/frame-000593.color.png -0.3367624580860138 -0.5880081057548523 -0.20769140124320984 42.598575592041016 -7.861231803894043 2.5163164138793945 3.643543243408203
chess/seq-05/frame-000594.color.png -0.3400578796863556 -0.5826085805892944 -0.20016774535179138 43.06909942626953 -7.627784252166748 1.8759918212890625 3.628387928009033
chess/seq-05/frame-000595.color.png -0.3424449861049652 -0.56820148229599 -0.1876913607120514 43.28683090209961 -7.541375160217285 2.0809288024902344 3.6117746829986572
chess/seq-05/frame-000596.color.png -0.3514532446861267 -0.5667064189910889 -0.17801663279533386 43.55147933959961 -7.5698370933532715 2.0305027961730957 3.369882583618164
chess/seq-05/frame-000597.color.png -0.3401125967502594 -0.5725557208061218 -0.163298100233078 43.199153900146484 -7.602096080780029 2.410630226135254 3.4426279067993164
chess/seq-05/frame-000598.color.png -0.3450695872306824 -0.5664608478546143 -0.15838545560836792 43.49516296386719 -7.7113037109375 2.3755581378936768 3.2059664726257324
chess/seq-05/frame-000599.color.png -0.3636362552642822 -0.5613983869552612 -0.14265629649162292 43.7879524230957 -7.795315742492676 2.797581434249878 2.991973876953125
chess/seq-05/frame-000600.color.png -0.36219942569732666 -0.5668814182281494 -0.13767051696777344 43.881874084472656 -7.500295639038086 2.4372832775115967 3.0580520629882812
chess/seq-05/frame-000601.color.png -0.3815874457359314 -0.5601102113723755 -0.11599104851484299 43.64710235595703 -7.865991592407227 2.9185869693756104 2.8854928016662598
chess/seq-05/frame-000602.color.png -0.3989230692386627 -0.5584917664527893 -0.09998050332069397 43.69923400878906 -7.869284629821777 3.210221767425537 2.9522993564605713
chess/seq-05/frame-000603.color.png -0.40141168236732483 -0.5593392252922058 -0.09743831306695938 43.48191452026367 -8.031497955322266 3.112382173538208 3.0404677391052246
chess/seq-05/frame-000604.color.png -0.4218704104423523 -0.5648854374885559 -0.08471418172121048 43.4667854309082 -8.078113555908203 3.4754278659820557 2.8001036643981934
chess/seq-05/frame-000605.color.png -0.42063334584236145 -0.5620893239974976 -0.07746931165456772 42.98587417602539 -8.449928283691406 3.46211314201355 2.610140323638916
chess/seq-05/frame-000606.color.png -0.4224378168582916 -0.5544640421867371 -0.06959396600723267 42.649356842041016 -8.409354209899902 4.035852909088135 2.607499122619629
chess/seq-05/frame-000607.color.png -0.4398505389690399 -0.5490142703056335 -0.05960840731859207 43.01103591918945 -8.351841926574707 4.331773281097412 2.4602880477905273
chess/seq-05/frame-000608.color.png -0.4226638078689575 -0.5476617813110352 -0.039710670709609985 41.779972076416016 -8.538681030273438 5.1296281814575195 2.7556231021881104
chess/seq-05/frame-000609.color.png -0.4353511333465576 -0.5438753962516785 -0.03319289907813072 41.81128692626953 -8.537375450134277 4.987493515014648 2.832845687866211
chess/seq-05/frame-000610.color.png -0.44582194089889526 -0.5277519822120667 -0.025439471006393433 42.0368766784668 -8.563365936279297 5.082332611083984 2.8066189289093018
chess/seq-05/frame-000611.color.png -0.4385973811149597 -0.537651777267456 -0.014054995030164719 41.75653839111328 -8.674372673034668 5.137477397918701 2.8740720748901367
chess/seq-05/frame-000612.color.png -0.44877389073371887 -0.5439763069152832 -0.01390749216079712 41.180198669433594 -8.623920440673828 5.617260932922363 2.7574334144592285
chess/seq-05/frame-000613.color.png -0.46063876152038574 -0.5347998142242432 -0.007110849022865295 41.039180755615234 -8.519888877868652 5.887650966644287 2.7378053665161133
chess/seq-05/frame-000614.color.png -0.4635010361671448 -0.5322631001472473 -0.000268399715423584 41.13841247558594 -8.557001113891602 5.597553253173828 2.853553295135498
chess/seq-05/frame-000615.color.png -0.48561373353004456 -0.5456706285476685 0.004263002425432205 40.430450439453125 -8.73573112487793 5.855101585388184 3.0391201972961426
chess/seq-05/frame-000616.color.png -0.4770570695400238 -0.545027494430542 0.011024504899978638 40.305335998535156 -8.75913143157959 6.011083126068115 3.024773120880127
chess/seq-05/frame-000617.color.png -0.4985520541667938 -0.5491841435432434 0.038140542805194855 40.14323425292969 -8.919083595275879 5.782171726226807 3.0105860233306885
chess/seq-05/frame-000618.color.png -0.5084738731384277 -0.5436476469039917 0.04980503022670746 40.133914947509766 -8.84439754486084 5.941645622253418 2.9394137859344482
chess/seq-05/frame-000619.color.png -0.5180457234382629 -0.5383093357086182 0.05071399360895157 40.257137298583984 -9.002874374389648 5.480989456176758 3.1645288467407227
chess/seq-05/frame-000620.color.png -0.50743567943573 -0.5440442562103271 0.04615503549575806 39.867645263671875 -9.015073776245117 5.4929327964782715 3.1869285106658936
chess/seq-05/frame-000621.color.png -0.533500075340271 -0.543604850769043 0.05506492406129837 38.746734619140625 -9.145331382751465 5.984155178070068 3.0800020694732666
chess/seq-05/frame-000622.color.png -0.5238109827041626 -0.5455724000930786 0.056491196155548096 38.75762939453125 -9.07056713104248 5.8754987716674805 3.184926986694336
chess/seq-05/frame-000623.color.png -0.5326024889945984 -0.5523709654808044 0.07319357246160507 37.948402404785156 -9.119962692260742 6.322475433349609 3.160977602005005
chess/seq-05/frame-000624.color.png -0.5367222428321838 -0.5596281886100769 0.0765814408659935 38.18429946899414 -9.016356468200684 6.6046247482299805 3.1231448650360107
chess/seq-05/frame-000625.color.png -0.539932131767273 -0.5523356795310974 0.081863172352314 38.55318069458008 -9.087081909179688 6.423529148101807 3.1439855098724365
chess/seq-05/frame-000626.color.png -0.5436136722564697 -0.5547263622283936 0.09660274535417557 38.036277770996094 -8.930789947509766 6.675982475280762 3.098942756652832
chess/seq-05/frame-000627.color.png -0.5514960289001465 -0.5522619485855103 0.09548991918563843 38.31583023071289 -8.987696647644043 6.587168216705322 3.080329418182373
chess/seq-05/frame-000628.color.png -0.5545713305473328 -0.5510331392288208 0.1071905866265297 38.574867248535156 -9.024690628051758 6.377993106842041 3.1804251670837402
chess/seq-05/frame-000629.color.png -0.5532811284065247 -0.5600746870040894 0.10921073704957962 38.45127868652344 -9.381509780883789 5.901038646697998 3.057356357574463
chess/seq-05/frame-000630.color.png -0.5426031947135925 -0.5671496391296387 0.11935044080018997 38.62733459472656 -9.0167236328125 6.398879051208496 2.9948456287384033
chess/seq-05/frame-000631.color.png -0.54388028383255 -0.5628801584243774 0.11924480646848679 38.23492431640625 -8.90905475616455 6.4507317543029785 3.0243051052093506
chess/seq-05/frame-000632.color.png -0.5299050211906433 -0.5678454041481018 0.1245582178235054 38.05454635620117 -8.862473487854004 6.176807403564453 3.0637428760528564
chess/seq-05/frame-000633.color.png -0.5299129486083984 -0.5707871913909912 0.13691863417625427 37.848846435546875 -8.945381164550781 6.046870708465576 2.898089647293091
chess/seq-05/frame-000634.color.png -0.5256717801094055 -0.5709583759307861 0.14623558521270752 37.61738586425781 -9.126420974731445 6.098150253295898 2.7874958515167236
chess/seq-05/frame-000635.color.png -0.5171107053756714 -0.578004777431488 0.1496906280517578 38.284873962402344 -9.157827377319336 4.418454647064209 2.6636245250701904
chess/seq-05/frame-000636.color.png -0.5195239186286926 -0.5783361196517944 0.15838336944580078 37.607696533203125 -8.979429244995117 4.65138053894043 2.751349449157715
chess/seq-05/frame-000637.color.png -0.5182830691337585 -0.5803744196891785 0.15954971313476562 37.81685256958008 -9.161617279052734 4.7490763664245605 2.8460090160369873
chess/seq-05/frame-000638.color.png -0.5148000121116638 -0.588826596736908 0.16878467798233032 38.49049758911133 -9.262823104858398 4.051003932952881 2.723663330078125
chess/seq-05/frame-000639.color.png -0.5093833804130554 -0.6101897358894348 0.19161877036094666 38.44291305541992 -9.149540901184082 4.005627632141113 2.6599483489990234
chess/seq-05/frame-000640.color.png -0.5044559240341187 -0.6130766868591309 0.18930870294570923 37.51579284667969 -9.0870361328125 4.9428887367248535 2.705997943878174
chess/seq-05/frame-000641.color.png -0.5025294423103333 -0.6197824478149414 0.19670340418815613 37.6889762878418 -9.449905395507812 4.56979513168335 2.581374168395996
chess/seq-05/frame-000642.color.png -0.4834986627101898 -0.6234318017959595 0.20096391439437866 37.06155014038086 -9.251588821411133 4.959856986999512 2.4689884185791016
chess/seq-05/frame-000643.color.png -0.4858294427394867 -0.627758264541626 0.2018057405948639 37.16537857055664 -9.28102970123291 5.034360408782959 2.477822780609131
chess/seq-05/frame-000644.color.png -0.4772949516773224 -0.6305424571037292 0.2083110213279724 37.52444839477539 -9.172904014587402 5.87324333190918 2.6189587116241455
chess/seq-05/frame-000645.color.png -0.47363758087158203 -0.638108491897583 0.20759505033493042 38.33957290649414 -9.373246192932129 4.772617340087891 2.578794002532959
chess/seq-05/frame-000646.color.png -0.46778222918510437 -0.6339541673660278 0.20776477456092834 38.2663459777832 -9.349170684814453 4.014074802398682 2.4313957691192627
chess/seq-05/frame-000647.color.png -0.4689575731754303 -0.6306048631668091 0.22230908274650574 36.511085510253906 -9.228202819824219 3.9541304111480713 2.6667730808258057
chess/seq-05/frame-000648.color.png -0.46590277552604675 -0.62284255027771 0.23089012503623962 36.16550827026367 -9.151874542236328 4.611355781555176 2.8550338745117188
chess/seq-05/frame-000649.color.png -0.47352030873298645 -0.6235735416412354 0.21914297342300415 36.322208404541016 -9.00662612915039 4.818057060241699 2.898258924484253
chess/seq-05/frame-000650.color.png -0.4707978665828705 -0.6147812008857727 0.2196611762046814 36.01232147216797 -8.6085844039917 4.073536396026611 2.995793104171753
chess/seq-05/frame-000651.color.png -0.4542953372001648 -0.6352975368499756 0.24169310927391052 37.37000274658203 -9.351561546325684 3.5734736919403076 2.901289224624634
chess/seq-05/frame-000652.color.png -0.44338807463645935 -0.6393235325813293 0.2599831819534302 36.43949890136719 -9.035317420959473 3.8714983463287354 2.8989644050598145
chess/seq-05/frame-000653.color.png -0.4454280436038971 -0.6424026489257812 0.25165846943855286 36.72390365600586 -9.12446403503418 3.346459150314331 2.6465957164764404
chess/seq-05/frame-000654.color.png -0.45751580595970154 -0.6504964232444763 0.25857433676719666 37.38706588745117 -9.15903377532959 3.138766050338745 2.7963225841522217
chess/seq-05/frame-000655.color.png -0.43985724449157715 -0.653191328048706 0.271152526140213 37.69557189941406 -9.269648551940918 3.606793165206909 3.016326904296875
chess/seq-05/frame-000656.color.png -0.4541900157928467 -0.6488844156265259 0.27694883942604065 38.36191940307617 -9.370478630065918 4.201373100280762 2.738368511199951
chess/seq-05/frame-000657.color.png -0.4555601179599762 -0.6446738243103027 0.2800545394420624 36.095977783203125 -8.895310401916504 4.725442886352539 2.984680414199829
chess/seq-05/frame-000658.color.png -0.45897918939590454 -0.6579703092575073 0.2853567600250244 36.46732711791992 -9.163714408874512 4.812600612640381 2.8609509468078613
chess/seq-05/frame-000659.color.png -0.47514891624450684 -0.6569079756736755 0.2988181710243225 35.8294792175293 -8.982202529907227 5.537858963012695 2.939009428024292
chess/seq-05/frame-000660.color.png -0.4652266204357147 -0.6501314640045166 0.29845452308654785 35.77873229980469 -9.025749206542969 5.770557880401611 3.0319807529449463
chess/seq-05/frame-000661.color.png -0.46476659178733826 -0.6516937613487244 0.31398314237594604 37.18539047241211 -9.25761604309082 4.494775772094727 2.8288931846618652
chess/seq-05/frame-000662.color.png -0.44184496998786926 -0.6740378141403198 0.30667856335639954 37.187477111816406 -8.91023063659668 5.516219615936279 3.0633161067962646
chess/seq-05/frame-000663.color.png -0.4461897611618042 -0.6750078201293945 0.3151666224002838 36.683841705322266 -9.067031860351562 5.845663547515869 2.9013328552246094
chess/seq-05/frame-000664.color.png -0.4647461771965027 -0.673469066619873 0.30927062034606934 36.7097282409668 -8.934776306152344 6.91894006729126 3.339170455932617
chess/seq-05/frame-000665.color.png -0.46387627720832825 -0.6717052459716797 0.31972837448120117 37.1581916809082 -9.048784255981445 6.8464179039001465 3.110759973526001
chess/seq-05/frame-000666.color.png -0.471637487411499 -0.6689858436584473 0.3267557919025421 37.290714263916016 -8.891220092773438 7.126628398895264 3.211198329925537
chess/seq-05/frame-000667.color.png -0.47604262828826904 -0.6611535549163818 0.33752739429473877 37.16044998168945 -9.154081344604492 7.067050933837891 3.325493574142456
chess/seq-05/frame-000668.color.png -0.4677180349826813 -0.659194827079773 0.3659266233444214 36.986785888671875 -8.855356216430664 7.4523162841796875 3.455749034881592
chess/seq-05/frame-000669.color.png -0.469959557056427 -0.6529970169067383 0.36212626099586487 36.216793060302734 -8.62978744506836 7.992697238922119 3.7572455406188965
chess/seq-05/frame-000670.color.png -0.4661779999732971 -0.6511052846908569 0.3857562243938446 36.27922821044922 -8.580848693847656 8.050588607788086 3.6974692344665527
chess/seq-05/frame-000671.color.png -0.4748888313770294 -0.6594586968421936 0.394039511680603 35.476768493652344 -8.597482681274414 8.319971084594727 3.6814727783203125
chess/seq-05/frame-000672.color.png -0.46475183963775635 -0.6590089201927185 0.434181809425354 35.93365478515625 -8.18539810180664 9.205947875976562 3.622519016265869
chess/seq-05/frame-000673.color.png -0.46315276622772217 -0.6622154712677002 0.4438897669315338 35.64339065551758 -8.239127159118652 9.101036071777344 3.4197211265563965
chess/seq-05/frame-000674.color.png -0.4692695140838623 -0.6649396419525146 0.4591454267501831 36.017906188964844 -8.429140090942383 9.128429412841797 3.1416966915130615
chess/seq-05/frame-000675.color.png -0.4610036611557007 -0.6665088534355164 0.46115782856941223 35.366817474365234 -8.222597122192383 9.376199722290039 3.3529815673828125
chess/seq-05/frame-000676.color.png -0.47295209765434265 -0.659784734249115 0.4643283784389496 35.09189224243164 -8.121504783630371 9.62170696258545 3.38533878326416
chess/seq-05/frame-000677.color.png -0.4698343873023987 -0.6660486459732056 0.4602304697036743 34.79300308227539 -7.78866720199585 9.714825630187988 3.708935022354126
chess/seq-05/frame-000678.color.png -0.44907692074775696 -0.6742493510246277 0.4578668475151062 34.518463134765625 -7.8280348777771 9.31220817565918 3.657109498977661
chess/seq-05/frame-000679.color.png -0.455522358417511 -0.6830519437789917 0.4623316526412964 33.8040771484375 -7.857318878173828 9.775972366333008 3.6458990573883057
chess/seq-05/frame-000680.color.png -0.44999945163726807 -0.6810054779052734 0.4673803746700287 33.94413757324219 -7.652948379516602 10.153695106506348 3.6405282020568848
chess/seq-05/frame-000681.color.png -0.4486621916294098 -0.6815478801727295 0.479164719581604 33.5646858215332 -7.342392921447754 10.707108497619629 3.7034502029418945
chess/seq-05/frame-000682.color.png -0.4519794285297394 -0.686469316482544 0.47905296087265015 33.629859924316406 -7.25546407699585 10.539175987243652 3.776845932006836
chess/seq-05/frame-000683.color.png -0.4533545672893524 -0.7023893594741821 0.48427900671958923 33.31643295288086 -7.28533411026001 10.339543342590332 3.7010092735290527
chess/seq-05/frame-000684.color.png -0.45480430126190186 -0.7126761674880981 0.5127904415130615 33.744346618652344 -7.068182468414307 10.569635391235352 3.6262168884277344
chess/seq-05/frame-000685.color.png -0.45090970396995544 -0.7049611806869507 0.5209954380989075 33.719581604003906 -7.256855010986328 10.454828262329102 3.6875967979431152
chess/seq-05/frame-000686.color.png -0.45148539543151855 -0.7019802331924438 0.5289192795753479 34.1756477355957 -6.956568241119385 10.387436866760254 3.8359053134918213
chess/seq-05/frame-000687.color.png -0.42308667302131653 -0.709676206111908 0.5297725200653076 33.97068786621094 -6.832668781280518 10.314528465270996 3.7526962757110596
chess/seq-05/frame-000688.color.png -0.40734776854515076 -0.7128787040710449 0.5230150818824768 33.72352600097656 -6.896330833435059 10.590950965881348 3.467780113220215
chess/seq-05/frame-000689.color.png -0.41933512687683105 -0.7238749861717224 0.5289660096168518 35.46148681640625 -6.613913536071777 9.652878761291504 3.455195188522339
chess/seq-05/frame-000690.color.png -0.41689029335975647 -0.7200710773468018 0.5463034510612488 35.54832458496094 -6.730928421020508 10.09793472290039 3.2406740188598633
chess/seq-05/frame-000691.color.png -0.41204869747161865 -0.7257055640220642 0.5996044874191284 34.89905548095703 -6.431753158569336 10.441719055175781 3.397953510284424
chess/seq-05/frame-000692.color.png -0.39029139280319214 -0.7324014902114868 0.580973207950592 35.22226333618164 -5.880607604980469 10.925736427307129 3.1906158924102783
chess/seq-05/frame-000693.color.png -0.3925836384296417 -0.7412949800491333 0.5663580298423767 35.389713287353516 -5.960111618041992 10.845335960388184 3.122138500213623
chess/seq-05/frame-000694.color.png -0.3984661400318146 -0.7553096413612366 0.5897936820983887 33.886993408203125 -5.67100191116333 11.473896026611328 2.7876808643341064
chess/seq-05/frame-000695.color.png -0.3855045735836029 -0.7578651905059814 0.6111657619476318 34.45582962036133 -5.571691989898682 11.123486518859863 2.8626413345336914
chess/seq-05/frame-000696.color.png -0.37180882692337036 -0.761684775352478 0.6236929297447205 33.86653137207031 -5.067275047302246 11.08139705657959 2.8975186347961426
chess/seq-05/frame-000697.color.png -0.3759981691837311 -0.7619032263755798 0.6264239549636841 34.130123138427734 -5.0830583572387695 11.025975227355957 2.885885238647461
chess/seq-05/frame-000698.color.png -0.3583110272884369 -0.7680753469467163 0.6158308982849121 34.88372802734375 -4.9521684646606445 10.908136367797852 3.094815969467163
chess/seq-05/frame-000699.color.png -0.3782300651073456 -0.7751988768577576 0.621071994304657 34.7144775390625 -5.049985408782959 11.386454582214355 3.084273338317871
chess/seq-05/frame-000700.color.png -0.37262120842933655 -0.7698043584823608 0.6719281077384949 34.70402145385742 -4.662151336669922 11.26771354675293 2.965055227279663
chess/seq-05/frame-000701.color.png -0.38803574442863464 -0.772343635559082 0.6805384755134583 34.204410552978516 -4.643092155456543 11.481348037719727 3.0048329830169678
chess/seq-05/frame-000702.color.png -0.3937382996082306 -0.7672082185745239 0.6903020143508911 34.11033630371094 -4.596153259277344 11.223548889160156 3.081860065460205
chess/seq-05/frame-000703.color.png -0.39658835530281067 -0.7827286124229431 0.7157302498817444 33.794708251953125 -4.530222415924072 11.671845436096191 2.9969630241394043
chess/seq-05/frame-000704.color.png -0.40768060088157654 -0.774176299571991 0.7225991487503052 33.76646423339844 -4.50715970993042 11.630727767944336 2.9951586723327637
chess/seq-05/frame-000705.color.png -0.3959837257862091 -0.7753055095672607 0.7138915061950684 33.60637664794922 -4.368661880493164 11.933307647705078 2.9412097930908203
chess/seq-05/frame-000706.color.png -0.39624878764152527 -0.7775411009788513 0.7318629622459412 33.934261322021484 -4.227348804473877 11.731205940246582 2.975320339202881
chess/seq-05/frame-000707.color.png -0.39069655537605286 -0.7838046550750732 0.7132408618927002 34.158050537109375 -4.311196327209473 11.530769348144531 3.059117555618286
chess/seq-05/frame-000708.color.png -0.39044085144996643 -0.7910350561141968 0.7194942235946655 33.92887878417969 -4.270246505737305 11.408602714538574 2.9439573287963867
chess/seq-05/frame-000709.color.png -0.39420807361602783 -0.7949011921882629 0.725519597530365 33.55570983886719 -4.3740715980529785 11.62431812286377 2.8279035091400146
chess/seq-05/frame-000710.color.png -0.39191582798957825 -0.798643946647644 0.7297157049179077 34.06571578979492 -4.061055660247803 11.691808700561523 2.7377028465270996
chess/seq-05/frame-000711.color.png -0.3786037266254425 -0.8053362965583801 0.7414448261260986 34.0284423828125 -3.9770469665527344 11.642634391784668 2.6442794799804688
chess/seq-05/frame-000712.color.png -0.3784773051738739 -0.8086073398590088 0.7507505416870117 32.954463958740234 -4.03284215927124 12.05992317199707 2.7644081115722656
chess/seq-05/frame-000713.color.png -0.38632258772850037 -0.8074836730957031 0.7550966739654541 33.13166046142578 -4.1135029792785645 11.76973819732666 2.7518603801727295
chess/seq-05/frame-000714.color.png -0.3886522948741913 -0.7975693941116333 0.7499514818191528 33.322505950927734 -3.9493448734283447 12.185271263122559 2.719261884689331
chess/seq-05/frame-000715.color.png -0.38473162055015564 -0.8029186129570007 0.7755245566368103 33.31195831298828 -3.8411662578582764 12.186817169189453 2.6298179626464844
chess/seq-05/frame-000716.color.png -0.39878520369529724 -0.8002021908760071 0.77586829662323 33.0770378112793 -3.8004887104034424 12.205248832702637 2.650585651397705
chess/seq-05/frame-000717.color.png -0.397343248128891 -0.7976033091545105 0.7962176203727722 32.593563079833984 -3.6692140102386475 12.693198204040527 2.766517162322998
chess/seq-05/frame-000718.color.png -0.40299415588378906 -0.7907872796058655 0.7985914349555969 32.505672454833984 -3.4352715015411377 12.666308403015137 2.9139657020568848
chess/seq-05/frame-000719.color.png -0.40600141882896423 -0.7885025143623352 0.8041159510612488 32.37894058227539 -3.503283739089966 12.832318305969238 2.756040334701538
chess/seq-05/frame-000720.color.png -0.41496971249580383 -0.7971596717834473 0.8283082842826843 32.56255340576172 -3.3254857063293457 12.529908180236816 2.7974507808685303
chess/seq-05/frame-000721.color.png -0.41010114550590515 -0.7967622876167297 0.8120343089103699 32.28225326538086 -3.4421610832214355 12.635263442993164 3.054032802581787
chess/seq-05/frame-000722.color.png -0.4144308865070343 -0.7961673736572266 0.8242838978767395 32.401004791259766 -3.4004006385803223 12.721989631652832 3.090528964996338
chess/seq-05/frame-000723.color.png -0.4199588894844055 -0.8025406002998352 0.841860294342041 31.621749877929688 -3.251053810119629 13.039748191833496 2.929996967315674
chess/seq-05/frame-000724.color.png -0.4314979016780853 -0.8042739629745483 0.8386967778205872 31.67394256591797 -3.4214422702789307 13.054758071899414 3.0670671463012695
chess/seq-05/frame-000725.color.png -0.42607739567756653 -0.7868165373802185 0.8366876840591431 31.94549560546875 -3.1596665382385254 12.95759391784668 3.073497772216797
chess/seq-05/frame-000726.color.png -0.42446330189704895 -0.7865341901779175 0.8374381065368652 31.569162368774414 -3.059030771255493 13.247077941894531 3.165513515472412
chess/seq-05/frame-000727.color.png -0.42608413100242615 -0.7834060788154602 0.8795310258865356 30.776748657226562 -3.303260087966919 13.31639575958252 3.1923325061798096
chess/seq-05/frame-000728.color.png -0.42645758390426636 -0.7740004062652588 0.8729301691055298 30.66543960571289 -3.313791036605835 13.444272994995117 3.3026609420776367
chess/seq-05/frame-000729.color.png -0.43277356028556824 -0.7861061692237854 0.8759279847145081 30.826440811157227 -3.2865829467773438 13.435227394104004 3.173253059387207
chess/seq-05/frame-000730.color.png -0.4373515546321869 -0.7805044651031494 0.8991156220436096 31.129255294799805 -3.3395652770996094 13.368428230285645 3.26737117767334
chess/seq-05/frame-000731.color.png -0.444698691368103 -0.7927101254463196 0.910044252872467 30.647418975830078 -3.3576202392578125 13.43804931640625 3.3313698768615723
chess/seq-05/frame-000732.color.png -0.45480114221572876 -0.7836270332336426 0.8876468539237976 30.159765243530273 -3.7929461002349854 13.60877799987793 3.335045099258423
chess/seq-05/frame-000733.color.png -0.44959017634391785 -0.778713583946228 0.8840338587760925 29.964696884155273 -3.521387815475464 13.329174041748047 3.4942593574523926
chess/seq-05/frame-000734.color.png -0.44450604915618896 -0.7756630182266235 0.8906019330024719 30.319446563720703 -3.469195604324341 13.407480239868164 3.6100480556488037
chess/seq-05/frame-000735.color.png -0.4491640329360962 -0.7732160091400146 0.8910819888114929 29.68830108642578 -3.563234806060791 13.582090377807617 3.6380882263183594
chess/seq-05/frame-000736.color.png -0.4437165856361389 -0.7639985084533691 0.8931599259376526 29.9730167388916 -3.642561435699463 13.626705169677734 3.7420337200164795
chess/seq-05/frame-000737.color.png -0.44899800419807434 -0.7666339874267578 0.9070631265640259 30.05738639831543 -3.742351531982422 13.657083511352539 3.6664061546325684
chess/seq-05/frame-000738.color.png -0.4489729106426239 -0.764286458492279 0.9236947894096375 29.442461013793945 -3.559250593185425 13.695484161376953 3.6701653003692627
chess/seq-05/frame-000739.color.png -0.4504360258579254 -0.7641465067863464 0.9197507500648499 30.033111572265625 -3.6539881229400635 13.360244750976562 3.839987277984619
chess/seq-05/frame-000740.color.png -0.44540756940841675 -0.7657896280288696 0.9337605237960815 29.935882568359375 -3.697300434112549 13.567992210388184 3.792827844619751
chess/seq-05/frame-000741.color.png -0.44423773884773254 -0.7623993158340454 0.9242345094680786 29.840566635131836 -3.7845561504364014 13.689216613769531 3.7720744609832764
chess/seq-05/frame-000742.color.png -0.4425206780433655 -0.757642388343811 0.9263164401054382 29.641185760498047 -3.7437174320220947 13.38620662689209 3.763408899307251
chess/seq-05/frame-000743.color.png -0.44595280289649963 -0.7640132904052734 0.9590381383895874 29.258989334106445 -3.778207778930664 13.714437484741211 3.659531593322754
chess/seq-05/frame-000744.color.png -0.4468497335910797 -0.7624831795692444 0.9558826684951782 29.284271240234375 -3.812389612197876 13.655292510986328 3.7328264713287354
chess/seq-05/frame-000745.color.png -0.44815948605537415 -0.7657135128974915 0.9640352725982666 29.45914649963379 -3.7245728969573975 13.420502662658691 3.7077391147613525
chess/seq-05/frame-000746.color.png -0.4469314217567444 -0.7675280570983887 0.9693606495857239 29.763690948486328 -3.6343331336975098 13.659822463989258 3.6512346267700195
chess/seq-05/frame-000747.color.png -0.44749847054481506 -0.7661494612693787 0.9666181206703186 29.994062423706055 -3.7415664196014404 13.652525901794434 3.595900297164917
chess/seq-05/frame-000748.color.png -0.4446271061897278 -0.7667428255081177 0.9779102206230164 29.972803115844727 -3.7428178787231445 13.923691749572754 3.5717546939849854
chess/seq-05/frame-000749.color.png -0.4465920627117157 -0.7612817287445068 0.9817326068878174 30.12883186340332 -3.689453601837158 13.692456245422363 3.592068672180176
chess/seq-05/frame-000750.color.png -0.44152024388313293 -0.7679608464241028 0.9879187941551208 30.315271377563477 -3.6580398082733154 13.60051441192627 3.5524370670318604
chess/seq-05/frame-000751.color.png -0.4319201409816742 -0.75994873046875 0.9821455478668213 30.906644821166992 -3.592303514480591 13.462714195251465 3.5788989067077637
chess/seq-05/frame-000752.color.png -0.43578770756721497 -0.7680310010910034 0.9871819615364075 30.686504364013672 -3.5427939891815186 13.581988334655762 3.4795000553131104
chess/seq-05/frame-000753.color.png -0.4280225336551666 -0.7670783996582031 0.9895249009132385 30.489990234375 -3.5582661628723145 13.795854568481445 3.4275424480438232
chess/seq-05/frame-000754.color.png -0.42680394649505615 -0.7617290616035461 1.0027954578399658 30.49738121032715 -3.740107774734497 13.588274002075195 3.374966859817505
chess/seq-05/frame-000755.color.png -0.43525514006614685 -0.7654278874397278 1.012076735496521 30.813087463378906 -3.458538770675659 13.399721145629883 3.338846206665039
chess/seq-05/frame-000756.color.png -0.4234071373939514 -0.7659710645675659 1.0127233266830444 30.742361068725586 -3.631948709487915 13.695174217224121 3.3885817527770996
chess/seq-05/frame-000757.color.png -0.4206242859363556 -0.7664130330085754 1.01394784450531 30.826305389404297 -3.559471368789673 13.829109191894531 3.3041093349456787
chess/seq-05/frame-000758.color.png -0.4232284426689148 -0.7707731127738953 1.0090901851654053 30.80607795715332 -3.739156723022461 13.865416526794434 3.248274564743042
chess/seq-05/frame-000759.color.png -0.4192648231983185 -0.7683982849121094 1.0344899892807007 31.15724754333496 -3.690243721008301 13.301807403564453 3.057506799697876
chess/seq-05/frame-000760.color.png -0.4212937355041504 -0.7632296681404114 1.0440219640731812 30.781558990478516 -3.8818647861480713 13.557387351989746 2.9086222648620605
chess/seq-05/frame-000761.color.png -0.41737234592437744 -0.758501410484314 1.0492972135543823 30.46024513244629 -3.830859422683716 13.747410774230957 2.810107707977295
chess/seq-05/frame-000762.color.png -0.4156511425971985 -0.7657796144485474 1.0564154386520386 30.645841598510742 -3.9989187717437744 13.596149444580078 2.600508451461792
chess/seq-05/frame-000763.color.png -0.4139506220817566 -0.7632123827934265 1.0593100786209106 30.68852424621582 -3.9351885318756104 13.419939041137695 2.5658884048461914
chess/seq-05/frame-000764.color.png -0.4206293523311615 -0.7612890601158142 1.0593088865280151 30.475561141967773 -3.996281385421753 13.495746612548828 2.5950732231140137
chess/seq-05/frame-000765.color.png -0.39735227823257446 -0.7629989981651306 1.069953441619873 30.87551498413086 -4.500061988830566 13.308159828186035 2.6666736602783203
chess/seq-05/frame-000766.color.png -0.3834936022758484 -0.7634826898574829 1.0652962923049927 30.864103317260742 -4.488713264465332 13.254131317138672 2.5146195888519287
chess/seq-05/frame-000767.color.png -0.3848470449447632 -0.7633236050605774 1.0675853490829468 31.053539276123047 -4.797997951507568 13.311184883117676 2.3812754154205322
chess/seq-05/frame-000768.color.png -0.378677099943161 -0.7700048089027405 1.074851155281067 31.946443557739258 -4.721919536590576 12.990190505981445 2.34405517578125
chess/seq-05/frame-000769.color.png -0.37481606006622314 -0.7658908367156982 1.0962321758270264 31.902135848999023 -4.878089904785156 12.903508186340332 2.1127443313598633
chess/seq-05/frame-000770.color.png -0.37572866678237915 -0.7678184509277344 1.0938812494277954 32.60071563720703 -4.839985370635986 12.697270393371582 2.208468437194824
chess/seq-05/frame-000771.color.png -0.3546314239501953 -0.7639968395233154 1.0873254537582397 32.52930450439453 -5.052584648132324 12.290236473083496 1.8659329414367676
chess/seq-05/frame-000772.color.png -0.3496571481227875 -0.7617641687393188 1.0911697149276733 32.751312255859375 -5.277490139007568 12.095685005187988 1.7659432888031006
chess/seq-05/frame-000773.color.png -0.3436618745326996 -0.7623694539070129 1.0926998853683472 33.321990966796875 -5.6203389167785645 11.925907135009766 1.752220869064331
chess/seq-05/frame-000774.color.png -0.33914732933044434 -0.7667707800865173 1.095369577407837 33.37504577636719 -5.58858060836792 11.7999267578125 1.5834888219833374
chess/seq-05/frame-000775.color.png -0.34158089756965637 -0.7698392868041992 1.0965461730957031 33.19073486328125 -5.633105754852295 11.882584571838379 1.5914311408996582
chess/seq-05/frame-000776.color.png -0.3329499363899231 -0.7688939571380615 1.0957731008529663 33.118507385253906 -5.76528787612915 11.799694061279297 1.48087477684021
chess/seq-05/frame-000777.color.png -0.3245942294597626 -0.761547327041626 1.089365839958191 33.327457427978516 -5.724576950073242 11.596321105957031 1.367708444595337
chess/seq-05/frame-000778.color.png -0.3206773102283478 -0.7623292207717896 1.097366213798523 33.32837677001953 -5.674839496612549 11.50135612487793 1.3859000205993652
chess/seq-05/frame-000779.color.png -0.3141193985939026 -0.7646554112434387 1.096260666847229 33.46205139160156 -5.803731441497803 11.283255577087402 1.2441351413726807
chess/seq-05/frame-000780.color.png -0.3124881386756897 -0.7683335542678833 1.0899029970169067 33.539154052734375 -5.8114848136901855 11.318058013916016 1.0503041744232178
chess/seq-05/frame-000781.color.png -0.3134031891822815 -0.7723674178123474 1.083227515220642 33.56399154663086 -5.851127624511719 11.242491722106934 1.0285511016845703
chess/seq-05/frame-000782.color.png -0.31466349959373474 -0.771248459815979 1.081747055053711 33.241722106933594 -5.722122669219971 11.352883338928223 0.9658436179161072
chess/seq-05/frame-000783.color.png -0.30664393305778503 -0.7668072581291199 1.0827107429504395 33.57238006591797 -5.952492713928223 11.101595878601074 1.033252477645874
chess/seq-05/frame-000784.color.png -0.30439335107803345 -0.7682303786277771 1.0888649225234985 33.964725494384766 -6.086543560028076 10.897823333740234 0.9995039701461792
chess/seq-05/frame-000785.color.png -0.31188514828681946 -0.7711132764816284 1.0882216691970825 34.275108337402344 -6.2744364738464355 10.287931442260742 0.9012945890426636
chess/seq-05/frame-000786.color.png -0.3023150563240051 -0.7710442543029785 1.1033204793930054 34.10942840576172 -6.516285419464111 10.12356948852539 0.7556031942367554
chess/seq-05/frame-000787.color.png -0.2992391288280487 -0.7791925072669983 1.0819904804229736 33.57143783569336 -6.649657726287842 9.773805618286133 0.6133412718772888
chess/seq-05/frame-000788.color.png -0.2982620298862457 -0.7758581042289734 1.097598671913147 33.794620513916016 -7.030651569366455 9.741629600524902 0.593693196773529
chess/seq-05/frame-000789.color.png -0.2906626760959625 -0.7731842994689941 1.098787784576416 33.56803512573242 -7.069461345672607 9.793876647949219 0.4618898928165436
chess/seq-05/frame-000790.color.png -0.2998577952384949 -0.7794998288154602 1.1061553955078125 34.09951400756836 -7.295303821563721 9.043449401855469 0.2673092782497406
chess/seq-05/frame-000791.color.png -0.2878013849258423 -0.7807753682136536 1.1072301864624023 34.0865592956543 -7.219012260437012 9.17227554321289 0.13302326202392578
chess/seq-05/frame-000792.color.png -0.2681892216205597 -0.7786064147949219 1.101036787033081 33.483829498291016 -6.848261833190918 9.728048324584961 0.024805482476949692
chess/seq-05/frame-000793.color.png -0.2619483172893524 -0.7722101807594299 1.1121629476547241 33.77130126953125 -7.021286964416504 9.432518005371094 0.12558399140834808
chess/seq-05/frame-000794.color.png -0.248239666223526 -0.76468425989151 1.1270419359207153 33.76083755493164 -7.6055474281311035 8.851104736328125 -0.08912283182144165
chess/seq-05/frame-000795.color.png -0.2322406768798828 -0.7696675062179565 1.1127244234085083 34.3851318359375 -7.877859115600586 8.29399299621582 -0.13279691338539124
chess/seq-05/frame-000796.color.png -0.22272485494613647 -0.7628170847892761 1.1142752170562744 35.00735855102539 -7.9811577796936035 8.05627727508545 -0.07432827353477478
chess/seq-05/frame-000797.color.png -0.19755955040454865 -0.7691242694854736 1.0880703926086426 35.68000411987305 -8.070282936096191 7.534054756164551 0.004103284329175949
chess/seq-05/frame-000798.color.png -0.1920720636844635 -0.7612024545669556 1.0991616249084473 36.056575775146484 -8.284510612487793 7.326733589172363 0.1664523035287857
chess/seq-05/frame-000799.color.png -0.17550711333751678 -0.7557588815689087 1.0961871147155762 35.342506408691406 -8.170855522155762 7.522706508636475 0.11674083769321442
chess/seq-05/frame-000800.color.png -0.17583787441253662 -0.7525017261505127 1.0902011394500732 35.1828727722168 -8.335543632507324 7.3447136878967285 -0.04292220249772072
chess/seq-05/frame-000801.color.png -0.1804024577140808 -0.7520455121994019 1.1063257455825806 36.33203125 -8.50741195678711 6.817795276641846 0.11635930836200714
chess/seq-05/frame-000802.color.png -0.17316043376922607 -0.7417784929275513 1.111048936843872 35.97936248779297 -8.560084342956543 6.8636603355407715 0.08589097857475281
chess/seq-05/frame-000803.color.png -0.17612969875335693 -0.7437567114830017 1.1082748174667358 35.40599822998047 -8.517650604248047 6.680685520172119 -0.13937067985534668
chess/seq-05/frame-000804.color.png -0.160108745098114 -0.754536509513855 1.1002037525177002 35.717918395996094 -8.2385892868042 6.361748218536377 -0.15302792191505432
chess/seq-05/frame-000805.color.png -0.1557680368423462 -0.761108934879303 1.0961459875106812 36.797664642333984 -8.446112632751465 5.599390506744385 0.14317592978477478
chess/seq-05/frame-000806.color.png -0.13014626502990723 -0.7568466067314148 1.0732169151306152 35.38234329223633 -8.61839771270752 6.0645432472229 0.031929027289152145
chess/seq-05/frame-000807.color.png -0.12693411111831665 -0.7522957921028137 1.0721336603164673 36.978267669677734 -8.702164649963379 5.515305995941162 0.04085668548941612
chess/seq-05/frame-000808.color.png -0.1254272609949112 -0.7620116472244263 1.055983543395996 37.229373931884766 -9.028727531433105 5.2486114501953125 0.2431408315896988
chess/seq-05/frame-000809.color.png -0.12495970726013184 -0.7475958466529846 1.0723435878753662 36.62897872924805 -9.14659309387207 5.677814483642578 -0.024548474699258804
chess/seq-05/frame-000810.color.png -0.12278169393539429 -0.7457284927368164 1.0665372610092163 36.942508697509766 -9.1367769241333 5.378628730773926 -0.04106861725449562
chess/seq-05/frame-000811.color.png -0.08658717572689056 -0.7667366862297058 1.0126910209655762 37.53538131713867 -8.95176887512207 4.6494832038879395 0.06306105852127075
chess/seq-05/frame-000812.color.png -0.0741264820098877 -0.775283932685852 1.0275771617889404 38.86109924316406 -9.121882438659668 3.985665798187256 -0.1847027838230133
chess/seq-05/frame-000813.color.png -0.06412099301815033 -0.7866480350494385 1.0078232288360596 38.618194580078125 -9.219278335571289 3.8898909091949463 -0.13513222336769104
chess/seq-05/frame-000814.color.png -0.06250940263271332 -0.7844212651252747 0.9625339508056641 37.82023620605469 -10.032669067382812 2.702084541320801 -0.23010078072547913
chess/seq-05/frame-000815.color.png -0.04947798326611519 -0.7795743346214294 0.9405273795127869 38.07498550415039 -10.023972511291504 2.654546022415161 -0.2368261218070984
chess/seq-05/frame-000816.color.png -0.05196240916848183 -0.7817566990852356 0.9393773674964905 39.053070068359375 -10.647602081298828 2.1941726207733154 -0.19039911031723022
chess/seq-05/frame-000817.color.png -0.05423548445105553 -0.7827625274658203 0.9322704076766968 38.76744079589844 -11.20327377319336 1.8070704936981201 -0.4420749247074127
chess/seq-05/frame-000818.color.png -0.05748150125145912 -0.7819938659667969 0.9563027024269104 37.67283248901367 -11.401023864746094 1.9591007232666016 -0.637736976146698
chess/seq-05/frame-000819.color.png -0.04232094809412956 -0.7828252911567688 0.955263614654541 39.48933792114258 -11.51992416381836 1.4279601573944092 -0.7464713454246521
chess/seq-05/frame-000820.color.png -0.03587630018591881 -0.7816815376281738 0.9459609389305115 39.07033157348633 -12.072190284729004 0.9291609525680542 -0.5236583948135376
chess/seq-05/frame-000821.color.png -0.009323392063379288 -0.7780163288116455 0.9200988411903381 39.36560821533203 -11.858219146728516 0.5531793236732483 -0.4754786193370819
chess/seq-05/frame-000822.color.png 0.006540510803461075 -0.7724385857582092 0.90889972448349 39.589561462402344 -12.07802677154541 0.3914829194545746 -0.7077415585517883
chess/seq-05/frame-000823.color.png -0.02232014760375023 -0.7660815715789795 0.8958432674407959 39.88665771484375 -12.024365425109863 0.5991566181182861 -0.8319193720817566
chess/seq-05/frame-000824.color.png -0.0002614818513393402 -0.7758816480636597 0.8630688786506653 40.12840270996094 -12.369047164916992 -0.5809375047683716 -0.6399314999580383
chess/seq-05/frame-000825.color.png 0.022439513355493546 -0.772495687007904 0.867752730846405 39.5037841796875 -12.162836074829102 -0.6489723920822144 -0.6811317801475525
chess/seq-05/frame-000826.color.png 0.024157866835594177 -0.7599925994873047 0.8954216837882996 40.034549713134766 -12.367585182189941 -0.8274303078651428 -0.7759429216384888
chess/seq-05/frame-000827.color.png 0.04829337075352669 -0.7537662386894226 0.8917509913444519 39.597023010253906 -12.633747100830078 -0.42905399203300476 -0.8485719561576843
chess/seq-05/frame-000828.color.png 0.024530824273824692 -0.7506232857704163 0.8856796026229858 39.325218200683594 -12.688177108764648 -0.9025275111198425 -0.7443148493766785
chess/seq-05/frame-000829.color.png 0.021334882825613022 -0.7465574145317078 0.8638886213302612 38.52732849121094 -12.78689956665039 -0.5833566188812256 -0.8900270462036133
chess/seq-05/frame-000830.color.png 0.02865961566567421 -0.7355808615684509 0.8644546866416931 39.173492431640625 -12.753490447998047 -0.8071786165237427 -0.7803720831871033
chess/seq-05/frame-000831.color.png 0.02389352396130562 -0.7417632937431335 0.8480003476142883 37.7642822265625 -12.972807884216309 -0.9436160922050476 -1.1338852643966675
chess/seq-05/frame-000832.color.png 0.0380207858979702 -0.7381858229637146 0.8242672085762024 38.00347137451172 -12.712469100952148 -0.7279201745986938 -1.20630943775177
chess/seq-05/frame-000833.color.png 0.02970074862241745 -0.7393733263015747 0.8151779174804688 37.46903991699219 -12.958524703979492 -0.9929222464561462 -1.3163665533065796
chess/seq-05/frame-000834.color.png 0.048489656299352646 -0.7502856850624084 0.8100543022155762 36.71966552734375 -13.102255821228027 -1.478971242904663 -0.9750185012817383
chess/seq-05/frame-000835.color.png 0.04351933300495148 -0.7538350820541382 0.8014804720878601 36.342079162597656 -13.040684700012207 -1.4180960655212402 -0.9507151246070862
chess/seq-05/frame-000836.color.png 0.027085863053798676 -0.730867326259613 0.788457989692688 36.60751724243164 -13.137056350708008 -0.8233190178871155 -1.2212884426116943
chess/seq-05/frame-000837.color.png 0.04153221473097801 -0.7315819263458252 0.783997118473053 37.06574249267578 -13.026615142822266 -0.8055311441421509 -1.3403794765472412
chess/seq-05/frame-000838.color.png 0.021876603364944458 -0.732702374458313 0.789712131023407 36.32452392578125 -13.00692367553711 -0.47792214155197144 -1.3747780323028564
chess/seq-05/frame-000839.color.png 0.015965629369020462 -0.7317721247673035 0.7923271059989929 36.63199234008789 -13.002994537353516 -0.7797267436981201 -1.3994172811508179
chess/seq-05/frame-000840.color.png 0.021867606788873672 -0.7347118258476257 0.7909034490585327 36.820838928222656 -13.054763793945312 -0.8402261734008789 -1.1004869937896729
chess/seq-05/frame-000841.color.png 0.03303702175617218 -0.7337085008621216 0.7984750866889954 37.02131652832031 -13.11789608001709 -1.3651041984558105 -0.7478282451629639
chess/seq-05/frame-000842.color.png 0.04994853585958481 -0.7444544434547424 0.7798306941986084 37.222774505615234 -13.046987533569336 -1.4821475744247437 -0.9497341513633728
chess/seq-05/frame-000843.color.png 0.04459010437130928 -0.7533397674560547 0.7866514921188354 38.004920959472656 -12.850831985473633 -1.4932938814163208 -1.1730679273605347
chess/seq-05/frame-000844.color.png 0.05199962481856346 -0.7449076175689697 0.7806625962257385 38.40791320800781 -12.738434791564941 -1.764644742012024 -1.001261591911316
chess/seq-05/frame-000845.color.png 0.04346796125173569 -0.7435458898544312 0.7761105298995972 38.36872482299805 -12.35024642944336 -2.276571035385132 -0.9736222624778748
chess/seq-05/frame-000846.color.png 0.016512300819158554 -0.7401126027107239 0.7922762036323547 38.08804702758789 -12.67437744140625 -1.604721188545227 -0.9676102995872498
chess/seq-05/frame-000847.color.png 0.04284131899476051 -0.7376434206962585 0.7737686634063721 39.63909912109375 -12.286367416381836 -2.444465398788452 -0.9319663643836975
chess/seq-05/frame-000848.color.png 0.022595807909965515 -0.7477861642837524 0.7592292428016663 39.177852630615234 -12.089934349060059 -1.5862476825714111 -1.1663322448730469
chess/seq-05/frame-000849.color.png 0.027625955641269684 -0.7453343868255615 0.7608320116996765 39.81507110595703 -12.010767936706543 -1.9707064628601074 -1.2879958152770996
chess/seq-05/frame-000850.color.png 0.036160752177238464 -0.7513302564620972 0.7649856805801392 39.53795623779297 -12.155552864074707 -1.904486060142517 -1.120812177658081
chess/seq-05/frame-000851.color.png 0.045041490346193314 -0.7500954270362854 0.754646360874176 39.14791488647461 -12.301802635192871 -1.7905552387237549 -1.2235933542251587
chess/seq-05/frame-000852.color.png 0.03393654525279999 -0.7616950869560242 0.7290025949478149 40.03456497192383 -12.219978332519531 -1.7879289388656616 -1.2796372175216675
chess/seq-05/frame-000853.color.png 0.0558011457324028 -0.755638062953949 0.7322446703910828 39.690799713134766 -12.154157638549805 -2.546278238296509 -1.323137640953064
chess/seq-05/frame-000854.color.png 0.054527804255485535 -0.7504241466522217 0.7323988676071167 40.27728271484375 -12.014256477355957 -2.7168819904327393 -1.2075796127319336
chess/seq-05/frame-000855.color.png 0.0553373359143734 -0.751377522945404 0.7122576832771301 40.07789611816406 -11.948722839355469 -2.894141435623169 -1.2995432615280151
chess/seq-05/frame-000856.color.png 0.052780937403440475 -0.7582460045814514 0.6909036040306091 40.071319580078125 -12.141792297363281 -2.5385029315948486 -1.6003971099853516
chess/seq-05/frame-000857.color.png 0.059821486473083496 -0.7624462246894836 0.667762041091919 40.22540283203125 -11.667511940002441 -2.7231366634368896 -1.9366804361343384
chess/seq-05/frame-000858.color.png 0.07140861451625824 -0.748759388923645 0.6458868980407715 39.65409851074219 -11.901022911071777 -2.4617764949798584 -2.0557854175567627
chess/seq-05/frame-000859.color.png 0.06780081987380981 -0.7636123299598694 0.6489525437355042 39.07292938232422 -12.329865455627441 -2.0705833435058594 -1.8453845977783203
chess/seq-05/frame-000860.color.png 0.0778721421957016 -0.7635782361030579 0.6190751791000366 38.83859634399414 -12.22156810760498 -2.488769054412842 -1.9812344312667847
chess/seq-05/frame-000861.color.png 0.10399223864078522 -0.7579843401908875 0.5861244201660156 39.83180236816406 -11.869241714477539 -3.353780508041382 -1.580544114112854
chess/seq-05/frame-000862.color.png 0.10050556063652039 -0.7835796475410461 0.5842181444168091 38.78509521484375 -12.588081359863281 -2.975872278213501 -1.4986299276351929
chess/seq-05/frame-000863.color.png 0.10017971694469452 -0.7784010767936707 0.5891073942184448 38.6464958190918 -12.559776306152344 -3.2094693183898926 -1.4340204000473022
chess/seq-05/frame-000864.color.png 0.10031338036060333 -0.7621482014656067 0.5931507349014282 37.84880065917969 -12.791311264038086 -3.288565158843994 -1.0012750625610352
chess/seq-05/frame-000865.color.png 0.11141510307788849 -0.7601736783981323 0.5694770216941833 36.94187545776367 -12.9368896484375 -2.8430721759796143 -1.3283573389053345
chess/seq-05/frame-000866.color.png 0.11516609787940979 -0.7766128182411194 0.579399824142456 35.761573791503906 -12.369708061218262 -3.99556040763855 -0.7967725992202759
chess/seq-05/frame-000867.color.png 0.11809250712394714 -0.7719869017601013 0.5975772142410278 34.89213943481445 -13.273775100708008 -3.1343226432800293 -0.8464229702949524
chess/seq-05/frame-000868.color.png 0.11381445825099945 -0.7588537931442261 0.601438045501709 35.91879653930664 -13.325637817382812 -3.053584575653076 -1.1154475212097168
chess/seq-05/frame-000869.color.png 0.11286333203315735 -0.760678231716156 0.5825300812721252 35.71858596801758 -13.317413330078125 -3.0752203464508057 -1.0247256755828857
chess/seq-05/frame-000870.color.png 0.121790811419487 -0.7644572257995605 0.5798712968826294 35.33592224121094 -13.332772254943848 -2.6758029460906982 -1.0976380109786987
chess/seq-05/frame-000871.color.png 0.10420195758342743 -0.7684723734855652 0.5611220598220825 35.4539794921875 -13.407403945922852 -2.974884271621704 -1.0880061388015747
chess/seq-05/frame-000872.color.png 0.12424331903457642 -0.769222617149353 0.5569610595703125 34.70094680786133 -13.51655387878418 -2.852958917617798 -1.1698434352874756
chess/seq-05/frame-000873.color.png 0.13625279068946838 -0.7738063335418701 0.562544584274292 34.04507827758789 -13.525705337524414 -2.3452813625335693 -1.064879059791565
chess/seq-05/frame-000874.color.png 0.12253901362419128 -0.7789462804794312 0.5486211180686951 34.89680480957031 -13.536648750305176 -2.5223610401153564 -1.1214491128921509
chess/seq-05/frame-000875.color.png 0.1168990284204483 -0.7769228219985962 0.5487316846847534 34.93556594848633 -13.53293514251709 -2.7383439540863037 -1.0402053594589233
chess/seq-05/frame-000876.color.png 0.11770738661289215 -0.7823429703712463 0.5310069918632507 34.25355529785156 -13.412610054016113 -2.66542911529541 -1.084421157836914
chess/seq-05/frame-000877.color.png 0.11793920397758484 -0.789814829826355 0.5251386761665344 34.490970611572266 -13.401387214660645 -2.3201184272766113 -1.2475570440292358
chess/seq-05/frame-000878.color.png 0.11928810179233551 -0.7925928235054016 0.5147882103919983 34.32305908203125 -13.500699043273926 -2.482316493988037 -1.3386850357055664
chess/seq-05/frame-000879.color.png 0.09932005405426025 -0.7987120151519775 0.5054628252983093 34.523868560791016 -13.365832328796387 -3.1611433029174805 -1.0718637704849243
chess/seq-05/frame-000880.color.png 0.1000572144985199 -0.7989626526832581 0.4995843172073364 34.466209411621094 -13.367391586303711 -2.89688777923584 -0.9463048577308655
chess/seq-05/frame-000881.color.png 0.11123612523078918 -0.8030745983123779 0.4969577193260193 34.39408874511719 -13.23498249053955 -3.2871389389038086 -0.965556800365448
chess/seq-05/frame-000882.color.png 0.10424673557281494 -0.8088446855545044 0.4934923052787781 34.377376556396484 -13.28983211517334 -3.058957099914551 -1.1208276748657227
chess/seq-05/frame-000883.color.png 0.10494057834148407 -0.8135863542556763 0.48594069480895996 34.25366973876953 -13.398509979248047 -2.882063865661621 -1.1506909132003784
chess/seq-05/frame-000884.color.png 0.10479362308979034 -0.8210622072219849 0.4863895773887634 34.847900390625 -13.349444389343262 -3.1868865489959717 -1.1107364892959595
chess/seq-05/frame-000885.color.png 0.1081676036119461 -0.818247377872467 0.484513521194458 35.22672653198242 -13.370979309082031 -3.1790034770965576 -1.1918060779571533
chess/seq-05/frame-000886.color.png 0.12204357981681824 -0.8224143385887146 0.4778834581375122 34.54062271118164 -13.345296859741211 -3.017268419265747 -1.2382028102874756
chess/seq-05/frame-000887.color.png 0.11526301503181458 -0.8385968804359436 0.4639608860015869 33.93501281738281 -13.408671379089355 -2.8427069187164307 -1.6426277160644531
chess/seq-05/frame-000888.color.png 0.09752359986305237 -0.8444154262542725 0.46430402994155884 34.59869384765625 -13.3280668258667 -2.954927682876587 -1.6400225162506104
chess/seq-05/frame-000889.color.png 0.08283922076225281 -0.8533191084861755 0.443733811378479 35.311683654785156 -13.155694007873535 -3.6444778442382812 -1.412056565284729
chess/seq-05/frame-000890.color.png 0.08607424795627594 -0.8529559373855591 0.4446680247783661 34.49054718017578 -13.110549926757812 -3.4549520015716553 -1.5559566020965576
chess/seq-05/frame-000891.color.png 0.09869588911533356 -0.8604494333267212 0.4470759332180023 34.40520477294922 -13.268266677856445 -3.3427200317382812 -1.551668405532837
chess/seq-05/frame-000892.color.png 0.08934460580348969 -0.8606358766555786 0.44106799364089966 35.05369186401367 -13.205181121826172 -3.3357207775115967 -1.6066639423370361
chess/seq-05/frame-000893.color.png 0.08930672705173492 -0.8632838129997253 0.4374266564846039 34.71952819824219 -13.099483489990234 -3.5841166973114014 -1.4328360557556152
chess/seq-05/frame-000894.color.png 0.09310886263847351 -0.85936039686203 0.4300832450389862 34.84231185913086 -13.12399673461914 -3.190432071685791 -1.5524203777313232
chess/seq-05/frame-000895.color.png 0.06626611948013306 -0.8579026460647583 0.4181559681892395 35.257102966308594 -13.067634582519531 -3.5749294757843018 -1.4743242263793945
chess/seq-05/frame-000896.color.png 0.06946244835853577 -0.8610873222351074 0.40887361764907837 35.6003532409668 -13.018094062805176 -3.9009716510772705 -1.5016127824783325
chess/seq-05/frame-000897.color.png 0.09236696362495422 -0.872167706489563 0.3858111500740051 34.04103469848633 -12.924491882324219 -4.033320426940918 -1.2484267950057983
chess/seq-05/frame-000898.color.png 0.09964992105960846 -0.8755819797515869 0.3903287351131439 33.99885559082031 -13.129012107849121 -3.4228591918945312 -1.7680577039718628
chess/seq-05/frame-000899.color.png 0.09649725258350372 -0.8698641061782837 0.3812539577484131 34.12079620361328 -13.262718200683594 -3.0445685386657715 -1.4862693548202515
chess/seq-05/frame-000900.color.png 0.09176397323608398 -0.8756088018417358 0.3675658106803894 33.911373138427734 -13.163284301757812 -2.9282994270324707 -1.6671568155288696
chess/seq-05/frame-000901.color.png 0.0754299908876419 -0.8759536743164062 0.3698156476020813 34.5063591003418 -12.928404808044434 -3.961831569671631 -1.2614349126815796
chess/seq-05/frame-000902.color.png 0.07216868549585342 -0.879173219203949 0.35069769620895386 34.9890022277832 -12.93245792388916 -4.274040699005127 -1.2414134740829468
chess/seq-05/frame-000903.color.png 0.07501821219921112 -0.8795072436332703 0.34309226274490356 34.0815544128418 -13.069494247436523 -4.089763164520264 -1.142445683479309
chess/seq-05/frame-000904.color.png 0.06698041409254074 -0.876721203327179 0.3429853916168213 34.10441207885742 -13.177072525024414 -3.900330066680908 -1.1722959280014038
chess/seq-05/frame-000905.color.png 0.059432502835989 -0.8788026571273804 0.33361712098121643 34.902103424072266 -13.127202987670898 -3.7815747261047363 -1.394076943397522
chess/seq-05/frame-000906.color.png 0.0639018565416336 -0.888739287853241 0.33849775791168213 34.62916564941406 -13.136591911315918 -3.8357086181640625 -1.2162812948226929
chess/seq-05/frame-000907.color.png 0.06377267837524414 -0.8825553059577942 0.3290795087814331 34.13359832763672 -13.005508422851562 -3.8994550704956055 -1.142268180847168
chess/seq-05/frame-000908.color.png 0.08145788311958313 -0.8871362209320068 0.330727756023407 33.733882904052734 -13.002432823181152 -3.7199931144714355 -1.435046911239624
chess/seq-05/frame-000909.color.png 0.06976012885570526 -0.8858281373977661 0.3107875883579254 33.05312728881836 -12.993508338928223 -3.424839973449707 -1.6658575534820557
chess/seq-05/frame-000910.color.png 0.0635782778263092 -0.8791718482971191 0.3002185821533203 33.798492431640625 -12.716541290283203 -3.4022395610809326 -2.021716833114624
chess/seq-05/frame-000911.color.png 0.06494592130184174 -0.8914342522621155 0.2935106158256531 33.89607620239258 -12.80672550201416 -3.094942569732666 -2.186739683151245
chess/seq-05/frame-000912.color.png 0.07378661632537842 -0.8878862261772156 0.289364755153656 33.737998962402344 -12.755145072937012 -4.069199562072754 -2.015658378601074
chess/seq-05/frame-000913.color.png 0.0726943090558052 -0.9013453125953674 0.270163893699646 33.83841323852539 -12.768351554870605 -3.6960902214050293 -2.275648593902588
chess/seq-05/frame-000914.color.png 0.07316161692142487 -0.8950612545013428 0.2674376666545868 33.3480110168457 -12.556167602539062 -4.098489284515381 -2.4969325065612793
chess/seq-05/frame-000915.color.png 0.06383070349693298 -0.894058108329773 0.2622583508491516 35.306827545166016 -12.393941879272461 -5.530839443206787 -2.3878116607666016
chess/seq-05/frame-000916.color.png 0.056451648473739624 -0.898939847946167 0.24622038006782532 34.531986236572266 -12.181750297546387 -5.283959865570068 -2.465594530105591
chess/seq-05/frame-000917.color.png 0.03223922476172447 -0.8851355910301208 0.2133561670780182 33.6148567199707 -11.692177772521973 -5.774454116821289 -2.5800211429595947
chess/seq-05/frame-000918.color.png 0.04404159635305405 -0.8968349695205688 0.19768384099006653 34.07463836669922 -11.652130126953125 -5.765512466430664 -2.666820526123047
chess/seq-05/frame-000919.color.png 0.03778887912631035 -0.8830479383468628 0.19138231873512268 34.377159118652344 -11.623010635375977 -6.240092754364014 -2.600252389907837
chess/seq-05/frame-000920.color.png 0.04915029555559158 -0.8916676640510559 0.16754522919654846 33.77782440185547 -11.294222831726074 -6.075615406036377 -3.179628372192383
chess/seq-05/frame-000921.color.png 0.048919178545475006 -0.9034608602523804 0.15036457777023315 34.988101959228516 -11.334027290344238 -6.770759105682373 -3.1170239448547363
chess/seq-05/frame-000922.color.png 0.029002662748098373 -0.9019295573234558 0.1413314938545227 35.27560806274414 -11.04102897644043 -7.474710464477539 -3.5162880420684814
chess/seq-05/frame-000923.color.png 0.03193782642483711 -0.899387538433075 0.13417598605155945 34.808467864990234 -10.820730209350586 -7.405869960784912 -3.6876003742218018
chess/seq-05/frame-000924.color.png 0.03967484459280968 -0.900493860244751 0.12055686861276627 34.546607971191406 -11.0700044631958 -7.4972639083862305 -3.7878100872039795
chess/seq-05/frame-000925.color.png 0.04002639651298523 -0.9019290208816528 0.11412269622087479 35.627811431884766 -10.74345874786377 -8.182839393615723 -3.6003291606903076
chess/seq-05/frame-000926.color.png 0.04536125063896179 -0.8991780281066895 0.10467061400413513 36.39395523071289 -10.369894981384277 -8.719740867614746 -3.5293266773223877
chess/seq-05/frame-000927.color.png 0.051666781306266785 -0.8964284062385559 0.10788979381322861 36.146636962890625 -10.219926834106445 -9.18593978881836 -3.5336153507232666
chess/seq-05/frame-000928.color.png 0.04937899857759476 -0.8914699554443359 0.1066255047917366 36.54682159423828 -10.039536476135254 -8.991789817810059 -3.8904194831848145
chess/seq-05/frame-000929.color.png 0.038332920521497726 -0.8870139718055725 0.09368688613176346 35.96780776977539 -9.553877830505371 -8.863633155822754 -3.432112455368042
chess/seq-05/frame-000930.color.png 0.04137275740504265 -0.8834473490715027 0.08220753818750381 36.38972091674805 -9.532705307006836 -9.666184425354004 -3.5471248626708984
chess/seq-05/frame-000931.color.png 0.03941381350159645 -0.8716122508049011 0.09920548647642136 36.909488677978516 -9.283612251281738 -10.154041290283203 -3.9216480255126953
chess/seq-05/frame-000932.color.png 0.025074437260627747 -0.8608610033988953 0.05938268452882767 36.67973327636719 -9.442800521850586 -10.702139854431152 -3.727125406265259
chess/seq-05/frame-000933.color.png 0.034406837075948715 -0.8595685958862305 0.05094101279973984 37.43281555175781 -9.073074340820312 -10.328594207763672 -3.688896894454956
chess/seq-05/frame-000934.color.png 0.020813897252082825 -0.8500155806541443 0.06163305789232254 37.349273681640625 -8.432799339294434 -10.692113876342773 -3.898684024810791
chess/seq-05/frame-000935.color.png 0.009105164557695389 -0.8387637138366699 0.04708286374807358 37.149330139160156 -8.10630989074707 -11.246522903442383 -4.136512279510498
chess/seq-05/frame-000936.color.png -0.002138674259185791 -0.843536376953125 0.03811946511268616 37.916481018066406 -8.294795036315918 -10.948981285095215 -4.609026908874512
chess/seq-05/frame-000937.color.png -0.02152533456683159 -0.8118089437484741 0.055731214582920074 37.29713821411133 -7.562485218048096 -11.079265594482422 -4.410051345825195
chess/seq-05/frame-000938.color.png -0.015858948230743408 -0.7983673214912415 -0.0059859175235033035 37.37471008300781 -7.494577884674072 -12.095542907714844 -5.015247344970703
chess/seq-05/frame-000939.color.png -0.03375738859176636 -0.8008553385734558 -0.008725959807634354 37.660926818847656 -7.715506553649902 -12.308279037475586 -4.888397693634033
chess/seq-05/frame-000940.color.png -0.036211591213941574 -0.7728360891342163 0.02062205970287323 36.85202407836914 -7.2313947677612305 -12.221649169921875 -5.1479620933532715
chess/seq-05/frame-000941.color.png -0.06685078144073486 -0.7540846467018127 0.015476960688829422 36.83949661254883 -7.009424209594727 -12.238542556762695 -5.0733489990234375
chess/seq-05/frame-000942.color.png -0.06994263827800751 -0.7502388954162598 7.398612797260284e-05 37.30171585083008 -7.14918851852417 -12.818455696105957 -5.399659156799316
chess/seq-05/frame-000943.color.png -0.07625001668930054 -0.7375115156173706 -0.021561507135629654 37.0539665222168 -6.81555700302124 -13.322256088256836 -5.613343238830566
chess/seq-05/frame-000944.color.png -0.07319512963294983 -0.744535505771637 -0.02843932807445526 37.04935073852539 -6.848489284515381 -13.627368927001953 -5.283934593200684
chess/seq-05/frame-000945.color.png -0.08444643020629883 -0.7323757410049438 -0.045227326452732086 36.57072067260742 -7.06182861328125 -13.512842178344727 -5.147831439971924
chess/seq-05/frame-000946.color.png -0.08280225098133087 -0.7402751445770264 -0.06702379882335663 36.974815368652344 -7.105312824249268 -13.315677642822266 -5.214206218719482
chess/seq-05/frame-000947.color.png -0.09479831159114838 -0.7614519596099854 -0.0697510689496994 36.908241271972656 -6.775253772735596 -13.964285850524902 -5.3485026359558105
chess/seq-05/frame-000948.color.png -0.07252699136734009 -0.7390056848526001 -0.09620911628007889 36.63680648803711 -6.861125469207764 -13.952108383178711 -5.200395107269287
chess/seq-05/frame-000949.color.png -0.07074050605297089 -0.7342284321784973 -0.1042725071310997 36.625701904296875 -6.9949517250061035 -14.533722877502441 -4.917762279510498
chess/seq-05/frame-000950.color.png -0.09379759430885315 -0.7593212127685547 -0.11337166279554367 37.34951400756836 -6.564604759216309 -14.641946792602539 -5.379459857940674
chess/seq-05/frame-000951.color.png -0.09633024036884308 -0.7602012753486633 -0.13580968976020813 37.380470275878906 -6.344742298126221 -14.673545837402344 -5.151555061340332
chess/seq-05/frame-000952.color.png -0.09808626770973206 -0.7808998823165894 -0.15364181995391846 37.53850555419922 -6.143637657165527 -14.738401412963867 -5.430482387542725
chess/seq-05/frame-000953.color.png -0.10251832008361816 -0.8026120066642761 -0.17809957265853882 38.00994110107422 -6.123314380645752 -14.686097145080566 -5.349202632904053
chess/seq-05/frame-000954.color.png -0.10180287063121796 -0.7889375686645508 -0.19364917278289795 37.93795394897461 -5.85974645614624 -14.731319427490234 -5.683783531188965
chess/seq-05/frame-000955.color.png -0.09924468398094177 -0.7904245257377625 -0.1659579575061798 38.570350646972656 -5.97744607925415 -14.400815963745117 -5.405804634094238
chess/seq-05/frame-000956.color.png -0.08874273300170898 -0.7816084623336792 -0.20107027888298035 38.55390930175781 -5.918185234069824 -14.395404815673828 -5.341215133666992
chess/seq-05/frame-000957.color.png -0.10005667805671692 -0.7603495121002197 -0.19119423627853394 38.82451248168945 -5.848112106323242 -13.90638542175293 -5.54170560836792
chess/seq-05/frame-000958.color.png -0.10715743899345398 -0.7579978704452515 -0.180681973695755 38.89459991455078 -5.908207893371582 -14.119385719299316 -5.233889579772949
chess/seq-05/frame-000959.color.png -0.10679906606674194 -0.7476680874824524 -0.15911227464675903 38.92396545410156 -6.023810863494873 -14.000927925109863 -5.306077480316162
chess/seq-05/frame-000960.color.png -0.11024989187717438 -0.7509424686431885 -0.17139747738838196 38.03688430786133 -5.991224765777588 -14.013544082641602 -5.033479690551758
chess/seq-05/frame-000961.color.png -0.10352495312690735 -0.7407883405685425 -0.15399891138076782 37.785484313964844 -5.917730808258057 -13.920754432678223 -5.155627250671387
chess/seq-05/frame-000962.color.png -0.1110745221376419 -0.7337947487831116 -0.18618682026863098 37.674434661865234 -5.743204593658447 -13.601252555847168 -5.061894416809082
chess/seq-05/frame-000963.color.png -0.11534737050533295 -0.7415894269943237 -0.17829954624176025 37.14497375488281 -5.621415138244629 -13.686619758605957 -5.178652763366699
chess/seq-05/frame-000964.color.png -0.1039610356092453 -0.740355908870697 -0.1968088150024414 38.06196212768555 -5.875926494598389 -13.497138023376465 -5.132626533508301
chess/seq-05/frame-000965.color.png -0.09754244983196259 -0.745026707649231 -0.21043506264686584 37.601722717285156 -5.771106243133545 -14.067259788513184 -5.544728755950928
chess/seq-05/frame-000966.color.png -0.09763339161872864 -0.7404665350914001 -0.2202293574810028 37.44626235961914 -5.6690826416015625 -14.097439765930176 -5.6410603523254395
chess/seq-05/frame-000967.color.png -0.11102259159088135 -0.7327351570129395 -0.2069913148880005 37.122955322265625 -5.831775188446045 -13.836921691894531 -5.411682605743408
chess/seq-05/frame-000968.color.png -0.1114615797996521 -0.7352938652038574 -0.20984461903572083 36.85969161987305 -5.72387170791626 -13.63722038269043 -5.115674018859863
chess/seq-05/frame-000969.color.png -0.10426124930381775 -0.7351406216621399 -0.2242458462715149 36.937339782714844 -5.944899559020996 -13.420855522155762 -5.264967918395996
chess/seq-05/frame-000970.color.png -0.0884549468755722 -0.72098308801651 -0.24011510610580444 37.46933364868164 -5.867030620574951 -13.82028865814209 -5.323258399963379
chess/seq-05/frame-000971.color.png -0.08163018524646759 -0.6975353360176086 -0.2708764672279358 37.0366325378418 -6.3959174156188965 -13.958846092224121 -4.986568450927734
chess/seq-05/frame-000972.color.png -0.09139466285705566 -0.6906136870384216 -0.26197969913482666 37.535247802734375 -6.141447067260742 -13.630699157714844 -5.361691951751709
chess/seq-05/frame-000973.color.png -0.0821075290441513 -0.678676426410675 -0.28984758257865906 37.857933044433594 -6.251478672027588 -13.242765426635742 -4.965487957000732
chess/seq-05/frame-000974.color.png -0.08291667699813843 -0.675710141658783 -0.32850775122642517 37.598751068115234 -6.575835227966309 -12.24968147277832 -4.713872909545898
chess/seq-05/frame-000975.color.png -0.08344948291778564 -0.6607272624969482 -0.32939019799232483 38.68325424194336 -6.4544196128845215 -12.095359802246094 -4.584895133972168
chess/seq-05/frame-000976.color.png -0.07223492860794067 -0.6555284261703491 -0.36439400911331177 39.12077713012695 -6.542969703674316 -11.958965301513672 -4.54857063293457
chess/seq-05/frame-000977.color.png -0.06576436758041382 -0.6416192650794983 -0.3865785300731659 39.0684814453125 -6.662137031555176 -10.940467834472656 -4.442580223083496
chess/seq-05/frame-000978.color.png -0.08505743741989136 -0.6329703330993652 -0.3646257221698761 40.05756759643555 -6.305115699768066 -11.613734245300293 -4.129571914672852
chess/seq-05/frame-000979.color.png -0.07702745497226715 -0.6167982220649719 -0.36611005663871765 40.96669387817383 -6.202220916748047 -11.318877220153809 -4.1514892578125
chess/seq-05/frame-000980.color.png -0.06173643842339516 -0.621915876865387 -0.37672337889671326 42.279823303222656 -6.228349685668945 -10.817663192749023 -4.079673767089844
chess/seq-05/frame-000981.color.png -0.05154283717274666 -0.631128191947937 -0.3849574625492096 43.38677978515625 -5.945645332336426 -10.685077667236328 -3.8735101222991943
chess/seq-05/frame-000982.color.png -0.0553903691470623 -0.6295371651649475 -0.38538074493408203 42.68263244628906 -6.090856552124023 -11.05162239074707 -3.884675979614258
chess/seq-05/frame-000983.color.png -0.05801241472363472 -0.6093249917030334 -0.4086712896823883 42.63541030883789 -5.945567607879639 -10.527106285095215 -3.612794876098633
chess/seq-05/frame-000984.color.png -0.05620241537690163 -0.6166788935661316 -0.3903611898422241 43.17162322998047 -6.3085551261901855 -10.306005477905273 -3.4423344135284424
chess/seq-05/frame-000985.color.png -0.06422200798988342 -0.6106075644493103 -0.38130515813827515 43.0052604675293 -6.0150251388549805 -10.020066261291504 -3.3600716590881348
chess/seq-05/frame-000986.color.png -0.06090601161122322 -0.6080125570297241 -0.3919217884540558 43.05956268310547 -5.993514537811279 -9.695791244506836 -3.268082857131958
chess/seq-05/frame-000987.color.png -0.0846957266330719 -0.5980367660522461 -0.3861006796360016 42.94683074951172 -5.981533050537109 -9.96778392791748 -3.0617823600769043
chess/seq-05/frame-000988.color.png -0.08638036251068115 -0.5984275937080383 -0.3798171579837799 42.931846618652344 -5.921276569366455 -9.817621231079102 -2.853820562362671
chess/seq-05/frame-000989.color.png -0.09415745735168457 -0.5957421660423279 -0.39157184958457947 42.987464904785156 -5.811368465423584 -9.874876022338867 -2.9839203357696533
chess/seq-05/frame-000990.color.png -0.08930058777332306 -0.6025506258010864 -0.4032204747200012 43.296966552734375 -5.700732231140137 -9.833218574523926 -3.0606722831726074
chess/seq-05/frame-000991.color.png -0.10336558520793915 -0.5924047231674194 -0.41519227623939514 43.069515228271484 -5.999670505523682 -9.233251571655273 -2.7085511684417725
chess/seq-05/frame-000992.color.png -0.11936260759830475 -0.5865839123725891 -0.39834123849868774 43.079471588134766 -5.985598564147949 -9.062407493591309 -2.7178544998168945
chess/seq-05/frame-000993.color.png -0.11900472640991211 -0.5849929451942444 -0.3933936357498169 44.25560760498047 -6.0540313720703125 -8.504422187805176 -2.1237077713012695
chess/seq-05/frame-000994.color.png -0.1245231032371521 -0.5823189616203308 -0.373526930809021 44.12093734741211 -5.835772514343262 -8.850669860839844 -2.015134811401367
chess/seq-05/frame-000995.color.png -0.1258130967617035 -0.5800719261169434 -0.4011351764202118 43.71944046020508 -6.090485572814941 -8.626715660095215 -2.0496621131896973
chess/seq-05/frame-000996.color.png -0.133515402674675 -0.567660927772522 -0.4175833463668823 44.11416244506836 -6.065967082977295 -8.104623794555664 -1.8207299709320068
chess/seq-05/frame-000997.color.png -0.11445394158363342 -0.5695574879646301 -0.43740659952163696 44.451560974121094 -6.271107196807861 -7.518045902252197 -1.7753491401672363
chess/seq-05/frame-000998.color.png -0.1349862813949585 -0.5565285086631775 -0.4252239167690277 44.57305145263672 -5.99953556060791 -7.0103325843811035 -1.419756531715393
chess/seq-05/frame-000999.color.png -0.1452648788690567 -0.5473366975784302 -0.42167341709136963 44.031368255615234 -5.849552631378174 -6.688558578491211 -1.441999912261963
